customer_id,country_code,region,acquisition_channel,signup_date,first_order_date,last_order_date,total_orders,total_net_revenue_eur,avg_order_value_eur,customer_lifespan_days,lifecycle_stage
CUST003602,GB,Western Europe,paid_search,2023-06-20,2024-01-01,2025-11-26,10,1244.87,124.49,695,active
CUST003976,IT,Southern Europe,social_media,2023-08-03,2024-01-02,2025-04-28,4,937.63,234.41,482,churned
CUST001269,GB,Western Europe,organic_search,2025-03-26,2024-01-02,2025-12-29,7,1936.93,276.7,727,active
CUST003654,DE,Western Europe,direct,2024-09-04,2024-01-04,2025-10-21,12,2164.56,180.38,656,active
CUST002391,FR,Western Europe,social_media,2025-11-30,2024-01-05,2025-08-17,9,3586.22,398.47,590,at_risk
CUST000064,FR,Western Europe,paid_search,2023-06-23,2024-01-06,2025-12-16,7,1363.32,194.76,710,active
CUST000542,GB,Western Europe,organic_search,2023-11-02,2024-01-06,2025-05-30,9,3962.08,440.23,510,churned
CUST002580,GB,Western Europe,paid_search,2024-05-23,2024-01-06,2025-05-23,8,2993.18,374.15,503,churned
CUST000132,DE,Western Europe,email,2025-04-21,2024-01-07,2025-08-31,7,1734.20,247.74,602,at_risk
CUST000029,GB,Western Europe,paid_search,2023-05-05,2024-01-08,2025-12-28,9,3871.46,430.16,720,active
CUST001166,ES,Southern Europe,email,2024-10-03,2024-01-08,2025-05-16,6,1899.56,316.59,494,churned
CUST001267,FR,Western Europe,direct,2025-10-22,2024-01-10,2025-12-18,7,2528.42,361.2,708,active
CUST002640,NL,Western Europe,referral,2023-12-20,2024-01-11,2025-11-10,6,1007.11,167.85,669,active
CUST002660,NL,Western Europe,social_media,2023-02-15,2024-01-11,2025-12-30,7,4056.57,579.51,719,active
CUST003928,NL,Western Europe,email,2023-05-06,2024-01-11,2025-12-31,7,2571.84,367.41,720,active
CUST002584,FR,Western Europe,social_media,2024-09-10,2024-01-12,2025-11-30,5,1295.91,259.18,688,active
CUST000950,GB,Western Europe,direct,2024-06-15,2024-01-13,2025-12-20,6,2989.66,498.28,707,active
CUST003051,DE,Western Europe,paid_search,2023-01-29,2024-01-14,2025-12-26,7,1655.96,236.57,712,active
CUST002514,GB,Western Europe,email,2025-06-02,2024-01-15,2025-09-22,5,3130.61,626.12,616,at_risk
CUST003592,DE,Western Europe,direct,2023-01-24,2024-01-15,2025-12-15,10,3436.37,343.64,700,active
CUST002772,FR,Western Europe,referral,2024-11-18,2024-01-15,2025-09-01,7,1770.89,252.98,595,at_risk
CUST000268,NL,Western Europe,social_media,2025-04-05,2024-01-15,2024-01-15,1,22.79,22.79,0,churned
CUST003231,GB,Western Europe,social_media,2023-09-26,2024-01-16,2025-12-14,8,1598.45,199.81,698,active
CUST002277,NL,Western Europe,social_media,2024-07-05,2024-01-16,2025-12-09,6,1164.72,194.12,693,active
CUST003232,GB,Western Europe,referral,2023-08-13,2024-01-16,2025-09-13,5,1382.87,276.57,606,at_risk
CUST000523,SE,Nordic,social_media,2025-04-26,2024-01-18,2025-11-19,8,2028.50,253.56,671,active
CUST002906,DE,Western Europe,direct,2023-11-12,2024-01-18,2025-09-22,5,1107.73,221.55,613,at_risk
CUST000862,GB,Western Europe,direct,2023-04-27,2024-01-20,2024-12-22,4,1225.98,306.5,337,churned
CUST000160,NL,Western Europe,organic_search,2025-01-28,2024-01-21,2025-11-16,6,2979.14,496.52,665,active
CUST002780,DE,Western Europe,social_media,2024-02-05,2024-01-21,2025-12-30,8,3735.19,466.9,709,active
CUST002649,FR,Western Europe,referral,2023-01-08,2024-01-21,2025-11-01,8,1226.54,153.32,650,active
CUST000062,FR,Western Europe,referral,2025-04-11,2024-01-21,2025-03-04,6,2083.20,347.2,408,churned
CUST003249,IT,Southern Europe,paid_search,2024-05-18,2024-01-22,2024-11-15,4,479.90,119.98,298,churned
CUST003920,ES,Southern Europe,referral,2025-03-30,2024-01-23,2024-12-14,4,898.83,224.71,326,churned
CUST001566,FR,Western Europe,organic_search,2023-08-01,2024-01-24,2024-10-12,4,411.20,102.8,262,churned
CUST003616,DE,Western Europe,organic_search,2023-12-13,2024-01-26,2025-02-24,7,1003.63,143.38,395,churned
CUST003191,FR,Western Europe,paid_search,2024-02-29,2024-01-27,2025-12-21,5,1952.84,390.57,694,active
CUST002986,SE,Nordic,direct,2023-06-20,2024-01-28,2025-12-15,6,2280.10,380.02,687,active
CUST002593,GB,Western Europe,email,2023-04-30,2024-01-30,2025-12-27,8,2853.04,356.63,697,active
CUST003712,NL,Western Europe,paid_search,2024-02-15,2024-02-03,2025-08-23,6,1037.99,173.0,567,at_risk
CUST001048,DE,Western Europe,referral,2024-08-04,2024-02-03,2025-09-05,6,2090.92,348.49,580,at_risk
CUST000409,IT,Southern Europe,paid_search,2023-09-04,2024-02-03,2025-11-28,10,1895.46,189.55,664,active
CUST003031,DE,Western Europe,social_media,2024-07-08,2024-02-04,2025-12-19,8,1581.07,197.63,684,active
CUST001311,DE,Western Europe,email,2025-03-23,2024-02-04,2025-02-20,5,2873.62,574.72,382,churned
CUST002678,DE,Western Europe,direct,2023-06-26,2024-02-07,2025-10-26,12,8104.78,675.4,627,active
CUST000394,ES,Southern Europe,referral,2023-12-06,2024-02-08,2024-02-08,1,488.35,488.35,0,churned
CUST002434,FR,Western Europe,referral,2023-09-17,2024-02-09,2025-03-09,3,883.23,294.41,394,churned
CUST001770,FR,Western Europe,direct,2024-05-24,2024-02-11,2025-10-07,4,1169.86,292.46,604,active
CUST002632,NL,Western Europe,paid_search,2023-08-08,2024-02-12,2025-12-17,4,1066.20,266.55,674,active
CUST000983,DE,Western Europe,organic_search,2023-09-01,2024-02-17,2025-10-28,3,494.61,164.87,619,active
CUST000992,NL,Western Europe,organic_search,2025-11-20,2024-02-18,2025-08-20,7,2061.25,294.46,549,at_risk
CUST003850,DE,Western Europe,organic_search,2024-08-22,2024-02-18,2025-12-28,10,4014.60,401.46,679,active
CUST000609,GB,Western Europe,paid_search,2023-11-09,2024-02-18,2025-08-23,7,2256.47,322.35,552,at_risk
CUST001459,DE,Western Europe,direct,2024-10-25,2024-02-19,2025-11-18,7,1491.87,213.12,638,active
CUST002589,DE,Western Europe,social_media,2024-10-30,2024-02-20,2025-10-03,5,2181.58,436.32,591,active
CUST001170,FR,Western Europe,referral,2025-07-18,2024-02-21,2025-12-24,8,1545.86,193.23,672,active
CUST002384,FR,Western Europe,referral,2025-02-08,2024-02-21,2025-11-29,4,766.83,191.71,647,active
CUST002301,ES,Southern Europe,referral,2025-08-14,2024-02-22,2025-10-20,3,1872.14,624.05,606,active
CUST001143,NL,Western Europe,social_media,2024-09-07,2024-02-22,2025-11-18,9,3711.89,412.43,635,active
CUST002045,ES,Southern Europe,referral,2024-12-24,2024-02-25,2025-07-25,7,1273.63,181.95,516,at_risk
CUST000795,DE,Western Europe,paid_search,2025-04-29,2024-03-01,2024-03-01,1,25.67,25.67,0,churned
CUST002651,DE,Western Europe,social_media,2025-05-14,2024-03-01,2024-03-01,1,84.23,84.23,0,churned
CUST002591,ES,Southern Europe,referral,2025-11-03,2024-03-02,2025-07-21,5,635.93,127.19,506,at_risk
CUST003550,GB,Western Europe,organic_search,2023-04-17,2024-03-02,2025-09-17,13,6631.51,510.12,564,at_risk
CUST002389,NL,Western Europe,email,2023-02-17,2024-03-03,2025-12-19,9,3246.87,360.76,656,active
CUST001995,ES,Southern Europe,paid_search,2025-03-27,2024-03-03,2025-10-13,6,2080.39,346.73,589,active
CUST002380,ES,Southern Europe,organic_search,2025-04-14,2024-03-04,2025-08-19,7,1135.74,162.25,533,at_risk
CUST000339,GB,Western Europe,paid_search,2024-08-10,2024-03-04,2025-11-08,4,1782.18,445.55,614,active
CUST000400,ES,Southern Europe,direct,2025-01-25,2024-03-07,2025-12-19,8,1894.45,236.81,652,active
CUST002823,GB,Western Europe,direct,2023-11-03,2024-03-07,2025-12-23,9,1965.98,218.44,656,active
CUST000371,DE,Western Europe,paid_search,2024-11-10,2024-03-08,2025-01-20,6,1818.39,303.07,318,churned
CUST001923,GB,Western Europe,direct,2025-10-15,2024-03-09,2025-11-21,6,1085.31,180.89,622,active
CUST000133,DE,Western Europe,social_media,2023-11-08,2024-03-09,2025-08-08,3,1611.24,537.08,517,at_risk
CUST002212,ES,Southern Europe,paid_search,2024-10-04,2024-03-14,2025-12-30,12,3723.48,310.29,656,active
CUST002714,FR,Western Europe,referral,2023-02-09,2024-03-15,2025-11-15,11,3183.99,289.45,610,active
CUST002630,FR,Western Europe,organic_search,2024-06-04,2024-03-16,2025-08-07,5,1167.99,233.6,509,at_risk
CUST003184,DE,Western Europe,referral,2025-06-12,2024-03-17,2024-08-11,3,1295.01,431.67,147,churned
CUST002793,GB,Western Europe,paid_search,2023-09-20,2024-03-20,2025-10-17,4,1028.35,257.09,576,active
CUST001221,SE,Nordic,email,2025-07-26,2024-03-21,2024-12-08,5,2868.75,573.75,262,churned
CUST000822,DE,Western Europe,direct,2024-12-14,2024-03-21,2025-07-19,6,2316.30,386.05,485,at_risk
CUST000625,GB,Western Europe,social_media,2025-01-11,2024-03-22,2025-12-13,3,320.83,106.94,631,active
CUST001038,NL,Western Europe,referral,2024-04-25,2024-03-24,2025-12-19,11,1672.16,152.01,635,active
CUST000210,DE,Western Europe,paid_search,2025-05-17,2024-03-25,2025-11-29,6,2361.28,393.55,614,active
CUST002290,DE,Western Europe,paid_search,2023-11-25,2024-03-26,2025-11-17,5,1494.76,298.95,601,active
CUST001381,DE,Western Europe,paid_search,2025-03-25,2024-03-26,2025-12-06,5,862.27,172.45,620,active
CUST001810,DE,Western Europe,direct,2025-08-31,2024-03-27,2025-12-31,7,3039.85,434.26,644,active
CUST002701,GB,Western Europe,organic_search,2024-07-02,2024-03-30,2025-10-01,8,4820.94,602.62,550,at_risk
CUST003303,GB,Western Europe,organic_search,2025-11-12,2024-03-30,2025-06-07,9,3491.11,387.9,434,churned
CUST000149,DE,Western Europe,email,2025-01-17,2024-03-30,2025-12-13,10,1430.69,143.07,623,active
CUST002895,DE,Western Europe,referral,2024-08-16,2024-03-31,2025-11-30,3,858.42,286.14,609,active
CUST000321,GB,Western Europe,email,2025-05-02,2024-03-31,2025-07-09,6,1428.11,238.02,465,at_risk
CUST003536,DE,Western Europe,paid_search,2024-07-19,2024-03-31,2024-12-31,7,2100.40,300.06,275,churned
CUST003040,GB,Western Europe,social_media,2024-04-24,2024-04-03,2025-01-07,4,564.38,141.1,279,churned
CUST003926,DE,Western Europe,social_media,2024-04-08,2024-04-04,2025-05-30,3,827.70,275.9,421,churned
CUST003996,FR,Western Europe,organic_search,2025-05-23,2024-04-05,2025-11-03,9,1592.54,176.95,577,active
CUST003101,DE,Western Europe,referral,2024-08-26,2024-04-05,2025-10-29,3,1605.58,535.19,572,active
CUST000864,FR,Western Europe,organic_search,2023-08-16,2024-04-06,2025-10-02,3,206.38,68.79,544,active
CUST001073,DE,Western Europe,direct,2024-03-04,2024-04-07,2025-04-29,3,2192.32,730.77,387,churned
CUST003114,DE,Western Europe,referral,2025-07-28,2024-04-08,2025-12-13,9,3318.28,368.7,614,active
CUST001639,SE,Nordic,direct,2025-01-11,2024-04-09,2025-12-29,5,1529.07,305.81,629,active
CUST000407,FR,Western Europe,email,2024-04-24,2024-04-17,2025-09-23,4,672.85,168.21,524,at_risk
CUST003892,GB,Western Europe,direct,2024-12-06,2024-04-20,2024-09-19,3,1364.85,454.95,152,churned
CUST002965,ES,Southern Europe,email,2025-09-18,2024-04-20,2025-08-26,8,2073.02,259.13,493,at_risk
CUST000936,FR,Western Europe,organic_search,2023-02-16,2024-04-21,2024-11-17,6,1215.86,202.64,210,churned
CUST003883,SE,Nordic,direct,2024-08-09,2024-04-21,2025-10-04,6,1278.03,213.01,531,active
CUST003852,DE,Western Europe,direct,2023-11-18,2024-04-25,2025-10-04,5,1039.84,207.97,527,active
CUST002633,DE,Western Europe,referral,2023-10-29,2024-04-27,2025-08-31,4,2145.11,536.28,491,at_risk
CUST002842,ES,Southern Europe,social_media,2024-12-15,2024-04-29,2025-11-08,9,5351.71,594.63,558,active
CUST000742,FR,Western Europe,direct,2023-09-25,2024-05-04,2025-04-14,8,1995.95,249.49,345,churned
CUST000607,DE,Western Europe,organic_search,2025-09-24,2024-05-04,2025-11-18,7,1938.45,276.92,563,active
CUST002074,IT,Southern Europe,email,2023-05-20,2024-05-05,2025-09-24,8,2378.58,297.32,507,at_risk
CUST001058,FR,Western Europe,email,2025-01-05,2024-05-08,2025-04-07,4,2076.85,519.21,334,churned
CUST003032,FR,Western Europe,email,2023-02-14,2024-05-10,2025-12-12,6,1341.72,223.62,581,active
CUST001570,GB,Western Europe,email,2025-09-02,2024-05-12,2025-04-12,4,1271.84,317.96,335,churned
CUST002917,NL,Western Europe,referral,2025-06-10,2024-05-14,2025-12-18,7,1886.25,269.46,583,active
CUST003251,GB,Western Europe,direct,2025-05-09,2024-05-16,2025-12-31,3,1065.31,355.1,594,active
CUST002784,ES,Southern Europe,paid_search,2025-01-24,2024-05-17,2025-12-20,4,594.10,148.53,582,active
CUST001237,ES,Southern Europe,paid_search,2024-02-29,2024-05-20,2025-11-27,4,1581.07,395.27,556,active
CUST003355,DE,Western Europe,direct,2024-10-20,2024-05-22,2024-12-24,5,1822.95,364.59,216,churned
CUST003915,SE,Nordic,social_media,2024-01-13,2024-05-22,2025-10-03,5,2145.09,429.02,499,active
CUST003260,IT,Southern Europe,paid_search,2023-03-06,2024-05-23,2025-07-12,2,293.63,146.82,415,at_risk
CUST003790,SE,Nordic,social_media,2024-02-03,2024-05-25,2025-12-19,7,2632.32,376.05,573,active
CUST003479,GB,Western Europe,direct,2025-04-05,2024-05-25,2024-05-25,1,140.31,140.31,0,churned
CUST002314,NL,Western Europe,email,2023-06-23,2024-05-27,2025-10-20,5,1528.59,305.72,511,active
CUST002046,NL,Western Europe,organic_search,2023-10-17,2024-05-28,2025-09-16,6,2307.30,384.55,476,at_risk
CUST003608,FR,Western Europe,email,2024-02-25,2024-05-30,2025-05-28,3,1012.34,337.45,363,churned
CUST001382,FR,Western Europe,paid_search,2025-11-09,2024-06-01,2025-12-04,4,2501.81,625.45,551,active
CUST003278,GB,Western Europe,organic_search,2025-07-16,2024-06-02,2025-04-15,4,1807.87,451.97,317,churned
CUST001047,DE,Western Europe,organic_search,2025-07-26,2024-06-02,2025-04-22,3,3348.53,1116.18,324,churned
CUST001669,DE,Western Europe,email,2023-07-17,2024-06-05,2025-11-04,5,873.24,174.65,517,active
CUST000305,NL,Western Europe,referral,2023-07-06,2024-06-05,2025-11-16,3,132.76,44.25,529,active
CUST000151,IT,Southern Europe,social_media,2024-06-10,2024-06-06,2025-07-24,5,1585.89,317.18,413,at_risk
CUST001239,SE,Nordic,social_media,2025-07-28,2024-06-07,2025-10-01,5,777.52,155.5,481,at_risk
CUST003788,GB,Western Europe,email,2023-02-20,2024-06-07,2025-12-19,5,1984.53,396.91,560,active
CUST001464,NL,Western Europe,organic_search,2025-01-28,2024-06-07,2024-08-27,3,178.78,59.59,81,churned
CUST002372,ES,Southern Europe,organic_search,2025-05-23,2024-06-08,2025-11-23,6,1031.04,171.84,533,active
CUST001316,GB,Western Europe,direct,2023-07-23,2024-06-13,2025-12-01,8,1275.62,159.45,536,active
CUST000859,GB,Western Europe,direct,2024-05-10,2024-06-15,2025-12-17,4,403.24,100.81,550,active
CUST003240,GB,Western Europe,paid_search,2023-06-14,2024-06-19,2025-08-17,5,1328.09,265.62,424,at_risk
CUST003033,ES,Southern Europe,social_media,2023-01-08,2024-06-20,2025-10-16,4,571.27,142.82,483,active
CUST002997,DE,Western Europe,paid_search,2025-12-24,2024-06-22,2025-11-29,5,631.41,126.28,525,active
CUST003552,DE,Western Europe,organic_search,2024-04-13,2024-06-22,2025-12-03,4,2603.68,650.92,529,active
CUST003898,ES,Southern Europe,organic_search,2025-09-04,2024-06-23,2024-12-06,3,1334.65,444.88,166,churned
CUST001253,DE,Western Europe,direct,2025-05-18,2024-06-25,2025-12-21,6,980.20,163.37,544,active
CUST003744,DE,Western Europe,paid_search,2023-09-14,2024-06-28,2025-08-09,4,2221.35,555.34,407,at_risk
CUST002288,FR,Western Europe,social_media,2023-01-29,2024-06-28,2025-12-08,3,1058.45,352.82,528,active
CUST001868,DE,Western Europe,social_media,2025-02-17,2024-06-28,2024-09-27,3,778.75,259.58,91,churned
CUST003611,GB,Western Europe,paid_search,2025-12-02,2024-06-30,2025-12-28,7,3826.13,546.59,546,active
CUST002904,FR,Western Europe,paid_search,2023-05-27,2024-07-02,2025-10-04,7,2207.63,315.38,459,active
CUST000140,SE,Nordic,paid_search,2023-10-26,2024-07-08,2024-12-03,4,709.16,177.29,148,churned
CUST002927,ES,Southern Europe,referral,2024-12-28,2024-07-14,2025-07-16,5,4273.65,854.73,367,at_risk
CUST003410,DE,Western Europe,organic_search,2025-08-28,2024-07-21,2025-09-27,10,1640.02,164.0,433,at_risk
CUST003583,FR,Western Europe,organic_search,2024-04-29,2024-07-21,2025-11-24,4,1640.59,410.15,491,active
CUST002403,FR,Western Europe,social_media,2023-05-16,2024-07-21,2025-12-16,6,1878.87,313.15,513,active
CUST003956,ES,Southern Europe,direct,2023-02-23,2024-07-25,2025-09-28,7,1931.24,275.89,430,at_risk
CUST002143,NL,Western Europe,direct,2024-09-23,2024-07-27,2024-11-24,2,120.77,60.39,120,churned
CUST003061,FR,Western Europe,social_media,2023-06-04,2024-07-27,2025-12-19,6,2155.26,359.21,510,active
CUST000279,NL,Western Europe,direct,2023-05-08,2024-07-30,2025-11-27,7,1486.09,212.3,485,active
CUST002661,GB,Western Europe,social_media,2025-12-05,2024-07-30,2025-10-29,4,967.49,241.87,456,active
CUST002501,ES,Southern Europe,paid_search,2025-11-28,2024-08-02,2025-07-06,3,1292.19,430.73,338,at_risk
CUST000131,FR,Western Europe,email,2025-07-21,2024-08-04,2025-12-25,5,2887.65,577.53,508,active
CUST003189,ES,Southern Europe,referral,2023-11-19,2024-08-05,2025-08-20,3,766.58,255.53,380,at_risk
CUST003598,GB,Western Europe,direct,2024-07-10,2024-08-08,2025-08-03,7,2201.84,314.55,360,at_risk
CUST000337,ES,Southern Europe,referral,2024-03-23,2024-08-09,2025-02-11,4,1656.83,414.21,186,churned
CUST001308,ES,Southern Europe,organic_search,2023-10-30,2024-08-10,2025-12-12,3,1025.03,341.68,489,active
CUST001294,NL,Western Europe,organic_search,2025-01-23,2024-08-11,2025-07-17,4,404.48,101.12,340,at_risk
CUST000161,FR,Western Europe,email,2025-01-04,2024-08-13,2025-11-23,3,1105.26,368.42,467,active
CUST001422,GB,Western Europe,direct,2023-10-14,2024-08-13,2025-12-18,5,967.94,193.59,492,active
CUST003049,FR,Western Europe,paid_search,2023-11-06,2024-08-13,2025-08-26,3,356.06,118.69,378,at_risk
CUST003193,SE,Nordic,organic_search,2025-10-11,2024-08-19,2025-02-01,3,559.28,186.43,166,churned
CUST000952,NL,Western Europe,direct,2024-08-16,2024-08-20,2025-12-10,8,3414.19,426.77,477,active
CUST001354,NL,Western Europe,social_media,2023-11-15,2024-08-21,2025-09-21,5,2792.73,558.55,396,at_risk
CUST002499,SE,Nordic,paid_search,2025-01-16,2024-08-25,2025-10-06,5,2071.74,414.35,407,active
CUST002393,FR,Western Europe,direct,2024-12-06,2024-08-29,2025-12-28,8,1045.94,130.74,486,active
CUST002166,SE,Nordic,organic_search,2024-02-25,2024-09-02,2024-09-11,2,905.05,452.53,9,churned
CUST000130,GB,Western Europe,referral,2023-11-01,2024-09-03,2025-07-22,6,2733.80,455.63,322,at_risk
CUST003030,GB,Western Europe,social_media,2024-03-03,2024-09-03,2025-04-18,4,1415.95,353.99,227,churned
CUST000600,DE,Western Europe,organic_search,2024-07-30,2024-09-05,2025-12-10,2,287.56,143.78,461,active
CUST001766,FR,Western Europe,email,2025-06-09,2024-09-08,2025-08-31,6,1433.97,239.0,357,at_risk
CUST000353,NL,Western Europe,direct,2024-05-19,2024-09-09,2025-11-21,7,1875.79,267.97,438,active
CUST001605,DE,Western Europe,paid_search,2024-01-05,2024-09-12,2025-10-05,3,755.78,251.93,388,active
CUST002244,SE,Nordic,referral,2023-02-03,2024-09-15,2025-08-28,2,542.87,271.44,347,at_risk
CUST002791,NL,Western Europe,social_media,2023-11-09,2024-09-16,2025-06-21,5,1405.34,281.07,278,churned
CUST000998,DE,Western Europe,social_media,2024-03-05,2024-09-20,2025-11-22,5,2509.92,501.98,428,active
CUST001671,FR,Western Europe,email,2024-12-12,2024-09-25,2025-12-12,5,1053.97,210.79,443,active
CUST000425,DE,Western Europe,direct,2025-07-17,2024-10-01,2025-01-17,3,368.93,122.98,108,churned
CUST000059,DE,Western Europe,direct,2025-01-15,2024-10-03,2025-11-02,6,2389.93,398.32,395,active
CUST003724,DE,Western Europe,paid_search,2024-12-14,2024-10-06,2025-02-01,3,1606.92,535.64,118,churned
CUST001653,FR,Western Europe,social_media,2025-05-31,2024-10-18,2025-12-03,6,2168.41,361.4,411,active
CUST003172,FR,Western Europe,email,2024-01-06,2024-10-22,2025-12-11,8,1461.82,182.73,415,active
CUST001035,DE,Western Europe,organic_search,2025-07-12,2024-10-24,2025-11-03,3,1133.18,377.73,375,active
CUST001879,FR,Western Europe,email,2025-06-20,2024-10-25,2025-11-30,4,1557.04,389.26,401,active
CUST001667,DE,Western Europe,paid_search,2024-12-15,2024-11-02,2025-12-12,3,1166.59,388.86,405,active
CUST003078,DE,Western Europe,social_media,2025-03-15,2024-11-02,2025-04-24,3,525.24,175.08,173,churned
CUST003334,DE,Western Europe,organic_search,2023-11-13,2024-11-03,2025-11-16,9,1319.35,146.59,378,active
CUST001205,GB,Western Europe,direct,2024-11-28,2024-11-03,2025-11-30,3,94.22,31.41,392,active
CUST000413,SE,Nordic,organic_search,2023-11-07,2024-11-03,2025-10-09,4,1329.35,332.34,340,active
CUST003060,SE,Nordic,direct,2023-07-11,2024-11-06,2025-02-04,3,870.49,290.16,90,churned
CUST000829,NL,Western Europe,direct,2023-07-05,2024-11-08,2025-10-17,3,888.65,296.22,343,active
CUST000595,IT,Southern Europe,organic_search,2023-05-28,2024-11-12,2025-12-29,4,703.94,175.99,412,active
CUST001621,GB,Western Europe,direct,2023-03-21,2024-11-13,2025-02-16,2,423.44,211.72,95,churned
CUST001942,FR,Western Europe,referral,2024-04-21,2024-11-14,2025-12-26,4,690.92,172.73,407,active
CUST002224,DE,Western Europe,direct,2025-08-26,2024-11-26,2025-07-15,2,131.51,65.76,231,at_risk
CUST000367,SE,Nordic,direct,2025-04-17,2024-11-27,2024-11-27,1,429.62,429.62,0,churned
CUST000613,GB,Western Europe,organic_search,2024-02-07,2024-11-30,2025-10-10,3,1211.65,403.88,314,active
CUST003233,DE,Western Europe,paid_search,2025-10-05,2024-12-02,2025-12-10,4,1007.45,251.86,373,active
CUST003682,DE,Western Europe,direct,2023-09-14,2024-12-02,2025-12-22,4,1327.19,331.8,385,active
CUST001271,NL,Western Europe,paid_search,2023-12-16,2024-12-02,2025-12-16,2,54.22,27.11,379,active
CUST003681,ES,Southern Europe,email,2024-11-27,2024-12-03,2025-08-28,2,239.01,119.51,268,at_risk
CUST002041,ES,Southern Europe,paid_search,2025-03-29,2024-12-07,2025-10-13,2,189.72,94.86,310,active
CUST003468,NL,Western Europe,social_media,2023-10-15,2024-12-07,2025-12-12,8,3218.63,402.33,370,active
CUST000178,FR,Western Europe,paid_search,2024-08-12,2024-12-10,2025-05-28,3,175.68,58.56,169,churned
CUST003836,FR,Western Europe,paid_search,2023-10-05,2024-12-10,2025-11-02,5,792.93,158.59,327,active
CUST000022,DE,Western Europe,referral,2023-12-05,2024-12-21,2025-01-30,2,251.88,125.94,40,churned
CUST002170,FR,Western Europe,email,2024-05-14,2024-12-24,2025-04-06,4,1104.54,276.14,103,churned
CUST002919,FR,Western Europe,organic_search,2023-04-04,2024-12-31,2025-12-14,3,552.89,184.3,348,active
CUST002572,IT,Southern Europe,direct,2024-01-08,2025-01-01,2025-08-31,4,589.48,147.37,242,at_risk
CUST003230,DE,Western Europe,direct,2023-10-14,2025-01-01,2025-09-26,3,149.60,49.87,268,at_risk
CUST000369,DE,Western Europe,organic_search,2023-03-17,2025-01-13,2025-05-17,5,2000.67,400.13,124,churned
CUST001543,GB,Western Europe,email,2025-12-15,2025-01-25,2025-10-08,3,2188.71,729.57,256,active
CUST001637,FR,Western Europe,social_media,2024-10-11,2025-02-06,2025-12-02,4,1266.10,316.52,299,active
CUST003363,NL,Western Europe,email,2023-12-31,2025-02-20,2025-12-27,9,2501.20,277.91,310,active
CUST001057,ES,Southern Europe,social_media,2023-09-04,2025-02-25,2025-11-27,7,2286.58,326.65,275,active
CUST003777,ES,Southern Europe,email,2023-04-12,2025-02-28,2025-11-03,5,2811.97,562.39,248,active
CUST000723,DE,Western Europe,email,2024-03-18,2025-03-02,2025-03-02,1,430.82,430.82,0,churned
CUST001087,GB,Western Europe,organic_search,2023-11-21,2025-03-03,2025-09-29,3,783.00,261.0,210,at_risk
CUST002463,GB,Western Europe,organic_search,2024-12-25,2025-03-04,2025-12-20,4,897.32,224.33,291,active
CUST001429,GB,Western Europe,referral,2023-02-27,2025-03-17,2025-12-22,2,472.83,236.42,280,active
CUST001302,IT,Southern Europe,paid_search,2025-09-25,2025-03-19,2025-12-11,3,491.37,163.79,267,active
CUST002985,GB,Western Europe,paid_search,2025-09-27,2025-03-22,2025-09-06,3,400.04,133.35,168,at_risk
CUST002918,ES,Southern Europe,social_media,2025-06-12,2025-03-24,2025-10-11,3,164.11,54.7,201,active
CUST002455,GB,Western Europe,social_media,2024-10-26,2025-04-08,2025-10-02,3,3108.88,1036.29,177,active
CUST002789,SE,Nordic,email,2025-08-05,2025-04-08,2025-07-14,3,1601.10,533.7,97,at_risk
CUST002631,GB,Western Europe,paid_search,2025-12-31,2025-05-02,2025-12-30,2,1873.77,936.89,242,active
CUST003399,DE,Western Europe,social_media,2025-04-11,2025-05-03,2025-05-28,2,274.24,137.12,25,churned
CUST001075,SE,Nordic,email,2023-11-09,2025-06-23,2025-12-04,5,1715.54,343.11,164,active
CUST003180,NL,Western Europe,referral,2025-12-10,2025-07-13,2025-07-13,1,297.98,297.98,0,at_risk
CUST003261,DE,Western Europe,social_media,2024-07-22,2025-09-03,2025-09-03,1,107.19,107.19,0,at_risk
CUST001462,NL,Western Europe,referral,2023-07-19,2025-11-15,2025-11-15,1,19.94,19.94,0,active
CUST001743,ES,Southern Europe,email,2025-01-03,2025-11-27,2025-11-27,1,335.04,335.04,0,active
CUST002048,NL,Western Europe,social_media,2025-12-20,2024-01-01,2024-09-20,3,2900.06,966.69,263,churned
CUST002883,DE,Western Europe,social_media,2025-08-18,2024-01-02,2025-10-25,6,2049.23,341.54,662,active
CUST001710,NL,Western Europe,organic_search,2025-08-27,2024-01-03,2025-03-14,8,2311.26,288.91,436,churned
CUST000640,FR,Western Europe,social_media,2025-05-22,2024-01-04,2025-10-17,9,2510.36,278.93,652,active
CUST000055,GB,Western Europe,organic_search,2025-11-09,2024-01-05,2025-11-22,6,1877.45,312.91,687,active
CUST000798,GB,Western Europe,email,2023-12-26,2024-01-05,2025-12-21,8,1786.85,223.36,716,active
CUST002168,DE,Western Europe,email,2025-02-12,2024-01-06,2025-10-29,9,4243.05,471.45,662,active
CUST003615,FR,Western Europe,referral,2024-09-09,2024-01-08,2025-06-04,6,4545.89,757.65,513,churned
CUST002898,FR,Western Europe,email,2023-05-27,2024-01-10,2025-11-07,8,2399.40,299.93,667,active
CUST002771,DE,Western Europe,direct,2025-10-19,2024-01-10,2025-10-09,4,947.97,236.99,638,active
CUST003704,ES,Southern Europe,direct,2023-10-11,2024-01-11,2025-06-30,8,1483.58,185.45,536,churned
CUST000632,IT,Southern Europe,referral,2025-02-13,2024-01-12,2025-12-04,5,657.10,131.42,692,active
CUST000803,GB,Western Europe,social_media,2024-01-19,2024-01-13,2025-09-06,7,3359.56,479.94,602,at_risk
CUST002337,GB,Western Europe,referral,2025-08-20,2024-01-13,2025-12-21,7,1414.58,202.08,708,active
CUST000393,FR,Western Europe,social_media,2023-08-29,2024-01-14,2024-11-11,5,1170.72,234.14,302,churned
CUST001045,IT,Southern Europe,social_media,2023-04-19,2024-01-16,2025-12-02,5,817.23,163.45,686,active
CUST001936,ES,Southern Europe,direct,2023-08-03,2024-01-18,2025-12-31,5,1129.18,225.84,713,active
CUST002977,ES,Southern Europe,referral,2024-10-19,2024-01-19,2025-12-03,8,3896.75,487.09,684,active
CUST000750,GB,Western Europe,organic_search,2025-02-10,2024-01-19,2025-12-12,7,4570.41,652.92,693,active
CUST003595,GB,Western Europe,email,2024-03-23,2024-01-20,2025-11-07,9,1273.21,141.47,657,active
CUST000099,DE,Western Europe,paid_search,2024-10-08,2024-01-20,2025-12-14,7,1838.27,262.61,694,active
CUST002537,NL,Western Europe,social_media,2025-08-04,2024-01-20,2025-11-30,7,736.98,105.28,680,active
CUST002567,DE,Western Europe,direct,2025-10-30,2024-01-22,2025-11-04,3,591.76,197.25,652,active
CUST001579,GB,Western Europe,organic_search,2025-04-06,2024-01-22,2025-07-25,4,757.65,189.41,550,at_risk
CUST003981,ES,Southern Europe,social_media,2025-10-12,2024-01-23,2025-11-26,10,2170.40,217.04,673,active
CUST002075,IT,Southern Europe,paid_search,2024-12-16,2024-01-24,2025-08-30,9,3039.15,337.68,584,at_risk
CUST003717,FR,Western Europe,referral,2024-06-02,2024-01-26,2025-02-13,5,420.02,84.0,384,churned
CUST003322,DE,Western Europe,social_media,2024-07-11,2024-01-26,2025-11-11,5,1695.55,339.11,655,active
CUST000107,FR,Western Europe,email,2025-12-06,2024-01-27,2025-07-28,9,3059.55,339.95,548,at_risk
CUST003364,FR,Western Europe,social_media,2023-11-25,2024-01-27,2025-12-07,11,3912.59,355.69,680,active
CUST000380,FR,Western Europe,email,2023-07-28,2024-01-27,2025-12-04,8,2440.06,305.01,677,active
CUST001866,IT,Southern Europe,paid_search,2025-09-28,2024-01-28,2025-08-13,7,2238.42,319.77,563,at_risk
CUST000243,IT,Southern Europe,paid_search,2024-10-05,2024-01-28,2025-01-14,3,1419.10,473.03,352,churned
CUST002737,SE,Nordic,paid_search,2024-11-26,2024-01-28,2025-09-13,3,255.59,85.2,594,at_risk
CUST003171,NL,Western Europe,direct,2024-08-30,2024-01-28,2025-10-27,5,1282.43,256.49,638,active
CUST003194,FR,Western Europe,organic_search,2025-08-09,2024-01-29,2025-12-17,11,3838.76,348.98,688,active
CUST001614,FR,Western Europe,email,2023-02-08,2024-01-30,2025-03-15,4,1052.39,263.1,410,churned
CUST002609,NL,Western Europe,social_media,2023-07-09,2024-02-01,2025-12-16,14,2540.68,181.48,684,active
CUST002613,DE,Western Europe,direct,2023-10-04,2024-02-02,2025-04-10,5,2074.75,414.95,433,churned
CUST000461,DE,Western Europe,paid_search,2024-03-25,2024-02-02,2025-12-30,3,840.56,280.19,697,active
CUST003719,FR,Western Europe,organic_search,2023-08-21,2024-02-03,2025-12-06,8,2460.72,307.59,672,active
CUST003842,DE,Western Europe,organic_search,2023-06-01,2024-02-07,2025-11-04,7,3370.61,481.52,636,active
CUST002429,FR,Western Europe,direct,2024-12-16,2024-02-07,2025-12-08,6,860.29,143.38,670,active
CUST003137,NL,Western Europe,direct,2023-04-15,2024-02-08,2025-11-29,8,1519.42,189.93,660,active
CUST003207,ES,Southern Europe,paid_search,2023-07-31,2024-02-09,2025-12-25,7,1775.70,253.67,685,active
CUST000440,DE,Western Europe,paid_search,2025-12-21,2024-02-09,2025-11-23,6,1544.99,257.5,653,active
CUST002988,GB,Western Europe,social_media,2024-12-23,2024-02-10,2025-05-19,4,741.22,185.31,464,churned
CUST000792,GB,Western Europe,referral,2024-06-15,2024-02-10,2025-12-30,5,1379.48,275.9,689,active
CUST003542,ES,Southern Europe,paid_search,2023-02-23,2024-02-10,2025-08-19,5,700.07,140.01,556,at_risk
CUST002794,FR,Western Europe,organic_search,2025-05-21,2024-02-10,2025-10-09,5,4215.88,843.18,607,active
CUST002265,GB,Western Europe,social_media,2023-06-03,2024-02-11,2025-06-15,2,806.12,403.06,490,churned
CUST001510,ES,Southern Europe,organic_search,2025-02-04,2024-02-12,2025-12-31,6,1248.78,208.13,688,active
CUST003105,FR,Western Europe,organic_search,2023-06-24,2024-02-13,2025-10-21,3,706.04,235.35,616,active
CUST002073,DE,Western Europe,direct,2023-02-09,2024-02-14,2025-11-20,6,2819.63,469.94,645,active
CUST001843,FR,Western Europe,organic_search,2025-09-24,2024-02-14,2025-05-14,3,2691.11,897.04,455,churned
CUST000372,DE,Western Europe,referral,2025-07-01,2024-02-17,2025-11-25,7,2260.66,322.95,647,active
CUST002058,FR,Western Europe,organic_search,2024-01-21,2024-02-18,2025-11-30,6,768.47,128.08,651,active
CUST001041,GB,Western Europe,email,2024-11-25,2024-02-20,2025-03-17,5,1367.22,273.44,391,churned
CUST000863,GB,Western Europe,direct,2023-09-03,2024-02-20,2025-11-20,10,2036.84,203.68,639,active
CUST001463,DE,Western Europe,referral,2025-02-12,2024-02-21,2024-11-16,4,956.42,239.11,269,churned
CUST003626,FR,Western Europe,direct,2025-04-09,2024-02-21,2025-12-29,9,2809.01,312.11,677,active
CUST003797,GB,Western Europe,social_media,2023-05-24,2024-02-22,2025-12-28,8,1338.25,167.28,675,active
CUST002836,IT,Southern Europe,organic_search,2025-04-12,2024-02-22,2025-08-02,4,479.09,119.77,527,at_risk
CUST000550,ES,Southern Europe,direct,2025-06-16,2024-02-24,2025-12-14,10,1585.79,158.58,659,active
CUST003359,ES,Southern Europe,referral,2024-10-19,2024-02-24,2025-09-28,9,2295.32,255.04,582,at_risk
CUST002892,NL,Western Europe,organic_search,2024-01-08,2024-02-25,2025-11-19,7,1034.56,147.79,633,active
CUST001403,DE,Western Europe,paid_search,2023-10-18,2024-02-25,2025-09-02,6,1993.69,332.28,555,at_risk
CUST000301,DE,Western Europe,direct,2025-09-06,2024-02-25,2025-12-25,4,902.46,225.62,669,active
CUST001992,DE,Western Europe,direct,2023-02-12,2024-02-27,2025-10-14,12,3993.77,332.81,595,active
CUST000270,FR,Western Europe,social_media,2023-09-21,2024-02-28,2025-12-08,7,1341.30,191.61,649,active
CUST003025,DE,Western Europe,organic_search,2025-04-19,2024-03-02,2025-06-12,8,4422.85,552.86,467,churned
CUST001289,DE,Western Europe,direct,2024-07-28,2024-03-03,2025-12-19,6,1556.38,259.4,656,active
CUST002553,ES,Southern Europe,referral,2025-06-13,2024-03-03,2025-12-08,6,427.38,71.23,645,active
CUST001356,IT,Southern Europe,direct,2023-11-28,2024-03-05,2024-03-05,1,103.88,103.88,0,churned
CUST002218,FR,Western Europe,direct,2025-08-23,2024-03-07,2025-12-28,8,3771.56,471.45,661,active
CUST002607,DE,Western Europe,email,2025-05-26,2024-03-07,2024-08-11,2,361.77,180.89,157,churned
CUST002944,NL,Western Europe,organic_search,2025-06-29,2024-03-09,2025-11-16,5,1443.26,288.65,617,active
CUST003727,DE,Western Europe,email,2023-07-31,2024-03-09,2025-08-02,6,2013.04,335.51,511,at_risk
CUST000430,DE,Western Europe,organic_search,2023-11-19,2024-03-10,2025-12-27,9,1263.39,140.38,657,active
CUST002217,ES,Southern Europe,organic_search,2025-10-05,2024-03-12,2025-11-16,6,861.71,143.62,614,active
CUST003121,FR,Western Europe,direct,2025-02-13,2024-03-13,2025-12-27,8,1203.96,150.5,654,active
CUST000034,IT,Southern Europe,referral,2023-11-14,2024-03-15,2025-11-01,7,2211.07,315.87,596,active
CUST001291,FR,Western Europe,social_media,2024-04-03,2024-03-16,2025-04-10,5,608.72,121.74,390,churned
CUST002038,DE,Western Europe,social_media,2023-12-16,2024-03-17,2025-12-07,5,1577.94,315.59,630,active
CUST000451,ES,Southern Europe,organic_search,2023-06-22,2024-03-20,2025-12-07,3,1464.24,488.08,627,active
CUST001320,DE,Western Europe,organic_search,2023-11-27,2024-03-20,2025-12-15,2,921.09,460.55,635,active
CUST002769,GB,Western Europe,email,2023-06-11,2024-03-20,2025-05-20,5,949.84,189.97,426,churned
CUST002739,SE,Nordic,referral,2024-11-10,2024-03-20,2025-12-24,8,2901.08,362.64,644,active
CUST000834,DE,Western Europe,referral,2023-08-13,2024-03-21,2025-03-29,5,1367.69,273.54,373,churned
CUST002110,SE,Nordic,direct,2023-02-03,2024-03-23,2025-02-17,6,2752.87,458.81,331,churned
CUST002625,FR,Western Europe,direct,2025-03-03,2024-03-23,2025-03-09,4,523.08,130.77,351,churned
CUST003656,DE,Western Europe,paid_search,2024-08-28,2024-03-23,2024-08-21,3,245.45,81.82,151,churned
CUST000630,FR,Western Europe,paid_search,2024-03-25,2024-03-24,2025-12-24,8,1470.07,183.76,640,active
CUST000109,DE,Western Europe,email,2023-11-18,2024-03-25,2025-06-21,6,3735.08,622.51,453,churned
CUST000125,DE,Western Europe,organic_search,2025-04-15,2024-03-27,2025-12-10,7,4200.15,600.02,623,active
CUST002505,DE,Western Europe,direct,2023-02-16,2024-03-29,2025-12-07,5,1714.16,342.83,618,active
CUST000660,GB,Western Europe,paid_search,2025-10-18,2024-04-01,2025-11-19,9,2586.17,287.35,597,active
CUST002462,IT,Southern Europe,organic_search,2023-11-03,2024-04-03,2025-05-11,6,1804.86,300.81,403,churned
CUST003902,FR,Western Europe,organic_search,2025-04-12,2024-04-04,2025-10-27,5,1782.01,356.4,571,active
CUST002035,GB,Western Europe,referral,2024-10-14,2024-04-07,2025-12-13,9,1820.45,202.27,615,active
CUST002321,IT,Southern Europe,referral,2024-04-19,2024-04-08,2025-09-06,6,1389.92,231.65,516,at_risk
CUST003009,NL,Western Europe,referral,2023-08-04,2024-04-09,2025-12-17,6,941.81,156.97,617,active
CUST000651,DE,Western Europe,referral,2023-05-21,2024-04-09,2025-12-04,4,941.14,235.29,604,active
CUST000449,FR,Western Europe,email,2025-04-08,2024-04-10,2024-08-21,3,1224.23,408.08,133,churned
CUST001376,IT,Southern Europe,email,2023-07-22,2024-04-11,2025-10-03,5,374.13,74.83,540,active
CUST001284,DE,Western Europe,direct,2024-12-14,2024-04-15,2025-03-03,3,2732.01,910.67,322,churned
CUST000432,ES,Southern Europe,direct,2025-02-23,2024-04-16,2025-12-06,6,3280.93,546.82,599,active
CUST000661,FR,Western Europe,organic_search,2024-02-20,2024-04-17,2025-12-07,5,142.79,28.56,599,active
CUST000942,GB,Western Europe,email,2023-05-16,2024-04-17,2025-12-03,7,1678.83,239.83,595,active
CUST002227,FR,Western Europe,social_media,2023-08-09,2024-04-21,2025-07-09,9,1879.69,208.85,444,at_risk
CUST003786,DE,Western Europe,referral,2025-11-08,2024-04-23,2025-11-04,3,615.47,205.16,560,active
CUST001214,ES,Southern Europe,organic_search,2025-11-27,2024-04-23,2024-12-06,4,1685.81,421.45,227,churned
CUST000431,DE,Western Europe,email,2025-11-08,2024-04-24,2024-10-26,2,316.00,158.0,185,churned
CUST003628,IT,Southern Europe,social_media,2025-02-13,2024-04-25,2025-11-21,7,2983.25,426.18,575,active
CUST000384,IT,Southern Europe,email,2023-10-17,2024-04-27,2025-12-23,4,706.55,176.64,605,active
CUST001998,DE,Western Europe,referral,2023-04-15,2024-04-29,2025-04-27,3,1742.63,580.88,363,churned
CUST003329,DE,Western Europe,paid_search,2024-12-07,2024-04-30,2025-10-20,5,1746.85,349.37,538,active
CUST000678,FR,Western Europe,direct,2025-02-19,2024-05-01,2025-11-15,8,1435.49,179.44,563,active
CUST001689,GB,Western Europe,email,2025-07-15,2024-05-06,2025-06-25,4,1327.58,331.9,415,churned
CUST003213,DE,Western Europe,referral,2023-03-10,2024-05-08,2025-05-26,4,480.27,120.07,383,churned
CUST001046,GB,Western Europe,social_media,2025-08-14,2024-05-08,2025-12-01,4,348.85,87.21,572,active
CUST001455,DE,Western Europe,organic_search,2025-05-09,2024-05-08,2025-12-25,8,2174.82,271.85,596,active
CUST002057,GB,Western Europe,referral,2024-07-12,2024-05-08,2025-11-16,2,952.26,476.13,557,active
CUST000899,DE,Western Europe,referral,2025-08-22,2024-05-10,2025-12-15,4,1331.79,332.95,584,active
CUST002369,FR,Western Europe,referral,2023-03-16,2024-05-12,2025-12-22,3,938.35,312.78,589,active
CUST003785,ES,Southern Europe,direct,2023-02-28,2024-05-14,2025-06-09,4,2237.86,559.47,391,churned
CUST001952,DE,Western Europe,social_media,2024-01-22,2024-05-14,2025-07-11,5,743.62,148.72,423,at_risk
CUST001280,GB,Western Europe,direct,2023-10-12,2024-05-15,2025-12-19,5,3488.29,697.66,583,active
CUST001983,GB,Western Europe,paid_search,2024-11-18,2024-05-18,2025-12-28,6,381.52,63.59,589,active
CUST001499,FR,Western Europe,social_media,2024-05-17,2024-05-18,2024-11-04,3,787.68,262.56,170,churned
CUST001074,DE,Western Europe,organic_search,2023-06-26,2024-05-23,2025-11-26,7,2807.87,401.12,552,active
CUST002219,IT,Southern Europe,referral,2023-06-29,2024-05-27,2025-12-29,5,2234.98,447.0,581,active
CUST003167,IT,Southern Europe,organic_search,2024-07-27,2024-05-27,2025-12-05,6,1142.33,190.39,557,active
CUST002569,ES,Southern Europe,direct,2025-05-17,2024-05-29,2025-05-21,3,1395.19,465.06,357,churned
CUST000783,FR,Western Europe,organic_search,2024-05-02,2024-06-05,2025-06-09,4,404.46,101.12,369,churned
CUST003895,NL,Western Europe,email,2023-06-17,2024-06-08,2025-12-28,6,1097.72,182.95,568,active
CUST000552,ES,Southern Europe,referral,2024-10-05,2024-06-13,2025-11-15,7,2275.71,325.1,520,active
CUST001691,DE,Western Europe,organic_search,2023-07-15,2024-06-14,2025-12-10,6,2086.31,347.72,544,active
CUST002990,ES,Southern Europe,email,2025-04-16,2024-06-14,2025-12-28,7,3837.48,548.21,562,active
CUST002339,DE,Western Europe,email,2023-09-15,2024-06-17,2025-12-27,7,801.60,114.51,558,active
CUST000266,NL,Western Europe,referral,2024-05-08,2024-06-18,2025-10-29,3,986.26,328.75,498,active
CUST000583,GB,Western Europe,email,2024-06-25,2024-06-19,2025-12-17,6,960.15,160.03,546,active
CUST000391,SE,Nordic,direct,2025-06-22,2024-06-20,2025-12-07,4,1693.75,423.44,535,active
CUST003982,ES,Southern Europe,paid_search,2024-08-07,2024-06-23,2025-12-29,6,1764.89,294.15,554,active
CUST003765,GB,Western Europe,direct,2023-07-07,2024-06-27,2025-12-19,4,2042.50,510.63,540,active
CUST002767,GB,Western Europe,social_media,2025-08-01,2024-06-30,2025-11-15,9,1443.94,160.44,503,active
CUST000855,DE,Western Europe,email,2025-02-16,2024-07-02,2025-10-11,6,4824.53,804.09,466,active
CUST003523,FR,Western Europe,paid_search,2025-05-19,2024-07-04,2025-06-25,6,1046.60,174.43,356,churned
CUST002087,DE,Western Europe,direct,2023-07-19,2024-07-05,2025-03-04,4,328.21,82.05,242,churned
CUST001672,IT,Southern Europe,email,2024-04-25,2024-07-07,2025-09-07,5,2053.09,410.62,427,at_risk
CUST003916,FR,Western Europe,paid_search,2025-05-12,2024-07-09,2025-12-13,8,2335.28,291.91,522,active
CUST002305,IT,Southern Europe,direct,2023-04-01,2024-07-13,2025-11-28,8,1852.61,231.58,503,active
CUST002047,DE,Western Europe,organic_search,2023-11-21,2024-07-16,2025-08-21,2,455.41,227.71,401,at_risk
CUST003000,IT,Southern Europe,email,2025-01-29,2024-07-20,2025-12-25,8,2608.95,326.12,523,active
CUST002539,ES,Southern Europe,referral,2024-02-07,2024-07-20,2025-11-11,3,1111.04,370.35,479,active
CUST000478,GB,Western Europe,organic_search,2023-08-03,2024-07-20,2025-12-23,5,1129.67,225.93,521,active
CUST002852,DE,Western Europe,paid_search,2025-01-28,2024-07-26,2025-12-23,5,1689.40,337.88,515,active
CUST000460,DE,Western Europe,direct,2023-11-23,2024-07-28,2025-12-02,6,3043.67,507.28,492,active
CUST000100,DE,Western Europe,organic_search,2024-07-20,2024-08-11,2025-12-06,8,2565.52,320.69,482,active
CUST000598,DE,Western Europe,referral,2025-12-31,2024-08-12,2025-11-25,7,4522.21,646.03,470,active
CUST000433,GB,Western Europe,organic_search,2024-04-04,2024-08-13,2025-11-29,7,1669.60,238.51,473,active
CUST002206,IT,Southern Europe,direct,2024-10-30,2024-08-14,2025-11-26,5,848.35,169.67,469,active
CUST003706,IT,Southern Europe,paid_search,2024-08-10,2024-08-15,2025-12-11,11,5106.23,464.2,483,active
CUST002297,DE,Western Europe,direct,2024-05-29,2024-08-17,2025-08-29,4,1542.37,385.59,377,at_risk
CUST003209,FR,Western Europe,paid_search,2024-07-26,2024-08-17,2025-08-16,6,989.11,164.85,364,at_risk
CUST002371,NL,Western Europe,organic_search,2025-06-10,2024-08-20,2025-11-10,4,844.07,211.02,447,active
CUST000995,FR,Western Europe,organic_search,2025-01-14,2024-08-30,2025-11-30,5,1068.56,213.71,457,active
CUST003954,DE,Western Europe,direct,2025-07-24,2024-09-01,2025-10-19,5,2429.23,485.85,413,active
CUST000113,IT,Southern Europe,email,2023-12-06,2024-09-05,2025-12-15,8,2648.35,331.04,466,active
CUST002285,DE,Western Europe,email,2025-09-30,2024-09-06,2025-10-14,4,670.96,167.74,403,active
CUST003007,IT,Southern Europe,referral,2025-06-08,2024-09-12,2025-01-08,3,1292.55,430.85,118,churned
CUST003718,DE,Western Europe,direct,2023-02-19,2024-09-14,2025-12-07,4,1163.60,290.9,449,active
CUST003153,NL,Western Europe,organic_search,2023-05-29,2024-09-15,2025-12-27,4,2205.03,551.26,468,active
CUST001950,FR,Western Europe,referral,2023-05-02,2024-09-16,2025-10-30,7,1014.03,144.86,409,active
CUST001315,GB,Western Europe,referral,2024-01-06,2024-09-17,2025-12-30,5,2745.50,549.1,469,active
CUST003225,DE,Western Europe,referral,2023-09-04,2024-09-19,2025-05-20,4,1219.36,304.84,243,churned
CUST002353,GB,Western Europe,referral,2024-02-24,2024-09-22,2025-08-28,3,341.20,113.73,340,at_risk
CUST003696,DE,Western Europe,social_media,2023-05-11,2024-09-24,2025-12-01,5,1489.44,297.89,433,active
CUST002594,GB,Western Europe,organic_search,2024-12-20,2024-09-28,2025-11-12,6,1601.13,266.86,410,active
CUST003013,FR,Western Europe,referral,2024-05-08,2024-09-30,2025-05-16,3,1452.62,484.21,228,churned
CUST003443,DE,Western Europe,referral,2025-10-29,2024-10-06,2025-12-15,3,1846.52,615.51,435,active
CUST003908,FR,Western Europe,organic_search,2023-08-24,2024-10-07,2025-04-02,2,645.87,322.94,177,churned
CUST000003,NL,Western Europe,paid_search,2025-05-09,2024-10-11,2024-10-28,2,100.30,50.15,17,churned
CUST001110,DE,Western Europe,referral,2025-07-17,2024-10-11,2025-04-22,6,988.87,164.81,193,churned
CUST000752,IT,Southern Europe,organic_search,2025-03-06,2024-10-16,2025-12-30,8,2389.77,298.72,440,active
CUST001870,NL,Western Europe,social_media,2025-08-23,2024-10-22,2025-09-29,5,936.81,187.36,342,at_risk
CUST001326,FR,Western Europe,email,2023-06-02,2024-10-27,2025-12-20,3,608.69,202.9,419,active
CUST003676,FR,Western Europe,social_media,2025-07-09,2024-10-28,2025-08-16,3,601.03,200.34,292,at_risk
CUST003620,DE,Western Europe,direct,2023-10-12,2024-11-04,2024-12-31,2,98.23,49.12,57,churned
CUST002464,GB,Western Europe,social_media,2023-05-04,2024-11-09,2025-12-31,3,1151.52,383.84,417,active
CUST001272,ES,Southern Europe,paid_search,2025-07-11,2024-11-10,2025-12-29,4,1347.54,336.89,414,active
CUST002367,DE,Western Europe,referral,2025-04-14,2024-11-11,2025-10-23,8,2343.86,292.98,346,active
CUST000063,ES,Southern Europe,direct,2025-08-10,2024-11-13,2024-11-13,1,33.77,33.77,0,churned
CUST002286,FR,Western Europe,referral,2023-11-21,2024-11-13,2025-08-08,5,1088.06,217.61,268,at_risk
CUST002924,DE,Western Europe,referral,2023-01-05,2024-11-16,2025-09-20,4,2104.39,526.1,308,at_risk
CUST001293,GB,Western Europe,paid_search,2023-08-25,2024-11-18,2025-12-29,4,171.42,42.86,406,active
CUST002571,FR,Western Europe,direct,2025-02-11,2024-11-19,2025-05-13,3,137.65,45.88,175,churned
CUST001693,FR,Western Europe,organic_search,2025-10-07,2024-11-22,2025-08-19,3,642.73,214.24,270,at_risk
CUST000314,SE,Nordic,organic_search,2023-08-20,2024-11-22,2025-09-06,3,496.48,165.49,288,at_risk
CUST002753,FR,Western Europe,social_media,2023-03-01,2024-11-26,2025-01-10,2,591.87,295.94,45,churned
CUST003200,FR,Western Europe,email,2023-08-11,2024-11-27,2025-12-29,4,493.04,123.26,397,active
CUST001168,GB,Western Europe,paid_search,2024-08-26,2024-11-29,2025-09-22,3,392.10,130.7,297,at_risk
CUST001768,GB,Western Europe,email,2023-02-18,2024-11-30,2025-12-11,3,870.23,290.08,376,active
CUST001396,ES,Southern Europe,email,2023-05-23,2024-12-03,2025-07-19,3,2171.79,723.93,228,at_risk
CUST002394,DE,Western Europe,social_media,2024-11-30,2024-12-05,2025-11-25,4,980.34,245.09,355,active
CUST002459,GB,Western Europe,paid_search,2024-10-28,2024-12-09,2025-04-25,3,663.40,221.13,137,churned
CUST003169,ES,Southern Europe,email,2024-06-23,2024-12-10,2025-11-03,5,2949.35,589.87,328,active
CUST000633,GB,Western Europe,referral,2023-11-03,2024-12-11,2025-12-13,6,1546.52,257.75,367,active
CUST001680,NL,Western Europe,email,2023-01-28,2024-12-12,2025-10-17,6,4653.42,775.57,309,active
CUST003139,GB,Western Europe,organic_search,2025-06-15,2024-12-12,2025-09-01,5,2490.95,498.19,263,at_risk
CUST002600,DE,Western Europe,social_media,2025-04-20,2024-12-12,2025-06-22,2,989.89,494.95,192,churned
CUST003466,NL,Western Europe,email,2025-10-04,2024-12-14,2025-10-01,4,1068.68,267.17,291,at_risk
CUST000923,IT,Southern Europe,referral,2023-02-13,2024-12-14,2025-06-09,2,610.14,305.07,177,churned
CUST001779,FR,Western Europe,paid_search,2025-08-05,2024-12-24,2025-12-19,7,1618.03,231.15,360,active
CUST000592,GB,Western Europe,organic_search,2025-09-23,2024-12-25,2025-11-06,3,187.87,62.62,316,active
CUST000631,NL,Western Europe,organic_search,2023-12-10,2024-12-28,2025-09-05,4,1025.54,256.39,251,at_risk
CUST002721,IT,Southern Europe,organic_search,2023-11-03,2024-12-31,2025-11-29,2,887.17,443.59,333,active
CUST000736,IT,Southern Europe,social_media,2023-03-18,2024-12-31,2025-11-30,4,264.96,66.24,334,active
CUST002422,DE,Western Europe,direct,2025-11-29,2025-01-04,2025-03-31,2,547.07,273.54,86,churned
CUST003470,DE,Western Europe,referral,2025-12-22,2025-01-16,2025-04-09,4,918.49,229.62,83,churned
CUST003362,FR,Western Europe,paid_search,2024-10-15,2025-01-22,2025-12-06,4,900.37,225.09,318,active
CUST002912,DE,Western Europe,organic_search,2025-05-04,2025-02-14,2025-06-17,2,833.40,416.7,123,churned
CUST002705,ES,Southern Europe,organic_search,2025-06-20,2025-02-18,2025-11-18,3,1799.85,599.95,273,active
CUST000649,ES,Southern Europe,paid_search,2023-12-14,2025-03-03,2025-10-20,2,570.80,285.4,231,active
CUST003911,DE,Western Europe,direct,2024-08-28,2025-03-05,2025-12-19,6,3698.68,616.45,289,active
CUST002521,NL,Western Europe,social_media,2025-05-18,2025-03-12,2025-03-12,1,167.35,167.35,0,churned
CUST001434,NL,Western Europe,paid_search,2025-02-21,2025-05-05,2025-07-26,2,180.00,90.0,82,at_risk
CUST001179,ES,Southern Europe,referral,2024-03-25,2025-06-08,2025-11-16,3,640.21,213.4,161,active
CUST000536,IT,Southern Europe,direct,2023-09-11,2025-06-13,2025-12-28,3,358.84,119.61,198,active
CUST001201,ES,Southern Europe,social_media,2024-01-26,2025-06-23,2025-07-15,2,268.39,134.2,22,at_risk
CUST001328,ES,Southern Europe,referral,2024-07-05,2025-07-19,2025-11-30,2,766.20,383.1,134,active
CUST001684,ES,Southern Europe,referral,2023-01-31,2025-07-26,2025-07-26,1,363.82,363.82,0,at_risk
CUST001601,DE,Western Europe,email,2023-04-17,2025-10-22,2025-10-22,1,41.48,41.48,0,active
CUST003823,ES,Southern Europe,social_media,2023-10-18,2025-11-22,2025-12-23,2,541.37,270.69,31,active
CUST000389,ES,Southern Europe,email,2024-03-27,2025-11-27,2025-12-05,2,147.56,73.78,8,active
CUST000506,DE,Western Europe,organic_search,2024-12-06,2024-01-01,2025-12-23,6,2286.62,381.1,722,active
CUST003577,DE,Western Europe,social_media,2023-09-18,2024-01-01,2025-12-27,8,2194.00,274.25,726,active
CUST000043,DE,Western Europe,direct,2023-08-01,2024-01-02,2025-10-01,11,4424.77,402.25,638,at_risk
CUST002381,ES,Southern Europe,organic_search,2023-07-29,2024-01-03,2025-11-08,6,1020.15,170.03,675,active
CUST002702,SE,Nordic,organic_search,2024-01-09,2024-01-04,2025-11-20,9,5129.21,569.91,686,active
CUST002646,FR,Western Europe,referral,2023-06-24,2024-01-06,2025-12-13,3,219.50,73.17,707,active
CUST002479,DE,Western Europe,direct,2023-10-01,2024-01-06,2025-12-17,13,2529.73,194.59,711,active
CUST000657,FR,Western Europe,social_media,2024-10-08,2024-01-07,2025-12-31,6,1960.54,326.76,724,active
CUST000786,IT,Southern Europe,paid_search,2024-11-09,2024-01-09,2025-12-05,8,2065.73,258.22,696,active
CUST001562,DE,Western Europe,direct,2023-09-06,2024-01-11,2025-07-19,9,1688.42,187.6,555,at_risk
CUST001443,NL,Western Europe,paid_search,2025-01-14,2024-01-11,2025-11-16,7,2955.05,422.15,675,active
CUST000924,ES,Southern Europe,direct,2025-04-23,2024-01-12,2025-06-07,7,1489.69,212.81,512,churned
CUST000326,NL,Western Europe,organic_search,2025-09-08,2024-01-13,2025-12-08,4,1023.64,255.91,695,active
CUST002354,IT,Southern Europe,paid_search,2024-10-07,2024-01-15,2025-10-15,9,3090.75,343.42,639,active
CUST001564,FR,Western Europe,referral,2024-09-08,2024-01-16,2025-10-18,5,669.65,133.93,641,active
CUST001391,DE,Western Europe,referral,2025-02-21,2024-01-17,2025-07-05,5,1535.07,307.01,535,at_risk
CUST003102,NL,Western Europe,direct,2023-08-08,2024-01-19,2025-09-21,5,821.26,164.25,611,at_risk
CUST002382,ES,Southern Europe,direct,2023-05-13,2024-01-20,2025-12-17,5,1999.58,399.92,697,active
CUST001615,FR,Western Europe,social_media,2025-06-01,2024-01-20,2025-12-04,7,2216.92,316.7,684,active
CUST002754,FR,Western Europe,paid_search,2025-03-03,2024-01-20,2025-11-24,4,1440.74,360.19,674,active
CUST003463,GB,Western Europe,paid_search,2025-09-01,2024-01-21,2025-12-23,12,2215.42,184.62,702,active
CUST002942,GB,Western Europe,referral,2023-07-12,2024-01-22,2024-01-22,1,204.87,204.87,0,churned
CUST000648,NL,Western Europe,organic_search,2025-06-18,2024-01-26,2025-12-13,4,1089.80,272.45,687,active
CUST002865,FR,Western Europe,direct,2024-07-28,2024-01-26,2025-04-21,2,1426.48,713.24,451,churned
CUST001918,GB,Western Europe,paid_search,2025-07-24,2024-01-27,2024-12-18,3,756.39,252.13,326,churned
CUST003888,GB,Western Europe,social_media,2024-02-29,2024-01-28,2025-11-23,6,1269.85,211.64,665,active
CUST003588,ES,Southern Europe,email,2024-07-17,2024-01-29,2025-12-13,7,1544.49,220.64,684,active
CUST001759,DE,Western Europe,email,2025-09-11,2024-01-30,2025-12-12,8,2846.38,355.8,682,active
CUST002283,GB,Western Europe,social_media,2025-01-25,2024-02-01,2025-08-22,5,810.48,162.1,568,at_risk
CUST000727,DE,Western Europe,referral,2025-12-29,2024-02-01,2025-09-09,8,4557.51,569.69,586,at_risk
CUST003844,FR,Western Europe,paid_search,2024-04-11,2024-02-02,2025-05-20,7,4432.23,633.18,473,churned
CUST002818,DE,Western Europe,organic_search,2023-05-18,2024-02-02,2025-05-10,4,1406.72,351.68,463,churned
CUST001764,GB,Western Europe,direct,2023-08-17,2024-02-02,2025-10-06,4,506.25,126.56,612,active
CUST000356,GB,Western Europe,social_media,2023-07-31,2024-02-02,2025-11-23,5,1282.64,256.53,660,active
CUST001159,IT,Southern Europe,social_media,2025-01-10,2024-02-03,2025-12-31,7,3266.52,466.65,697,active
CUST000504,ES,Southern Europe,direct,2025-01-08,2024-02-04,2025-11-02,10,2577.24,257.72,637,active
CUST001917,IT,Southern Europe,email,2024-01-06,2024-02-04,2025-12-26,7,1876.24,268.03,691,active
CUST001656,IT,Southern Europe,organic_search,2024-02-28,2024-02-06,2025-12-04,5,1121.47,224.29,667,active
CUST000070,SE,Nordic,referral,2025-06-25,2024-02-06,2025-11-19,5,2057.03,411.41,652,active
CUST001696,DE,Western Europe,paid_search,2023-08-04,2024-02-07,2025-10-08,3,384.32,128.11,609,active
CUST000141,SE,Nordic,referral,2023-06-11,2024-02-07,2025-08-24,6,642.16,107.03,564,at_risk
CUST000647,GB,Western Europe,paid_search,2025-12-03,2024-02-09,2024-11-06,2,90.49,45.25,271,churned
CUST003971,SE,Nordic,social_media,2023-06-22,2024-02-09,2025-11-30,5,2842.25,568.45,660,active
CUST003736,GB,Western Europe,organic_search,2025-11-08,2024-02-10,2025-02-06,2,419.31,209.66,362,churned
CUST003969,GB,Western Europe,organic_search,2024-02-06,2024-02-10,2025-10-10,9,3104.84,344.98,608,active
CUST000586,DE,Western Europe,referral,2024-01-12,2024-02-10,2025-12-30,10,3119.14,311.91,689,active
CUST001372,DE,Western Europe,paid_search,2024-11-15,2024-02-10,2025-12-21,4,1651.37,412.84,680,active
CUST002817,GB,Western Europe,organic_search,2024-07-20,2024-02-10,2025-11-01,5,931.96,186.39,630,active
CUST002716,FR,Western Europe,social_media,2023-09-14,2024-02-12,2025-03-03,6,1334.07,222.35,385,churned
CUST003792,DE,Western Europe,organic_search,2025-08-07,2024-02-12,2025-08-30,5,1941.15,388.23,565,at_risk
CUST003544,FR,Western Europe,referral,2024-06-07,2024-02-12,2025-10-06,4,673.99,168.5,602,active
CUST003499,DE,Western Europe,email,2024-04-18,2024-02-13,2025-11-28,7,2688.81,384.12,654,active
CUST001013,IT,Southern Europe,organic_search,2024-03-14,2024-02-13,2025-12-14,4,2368.13,592.03,670,active
CUST003890,FR,Western Europe,social_media,2024-03-19,2024-02-14,2025-09-15,3,381.16,127.05,579,at_risk
CUST002508,FR,Western Europe,paid_search,2024-03-06,2024-02-14,2025-12-26,8,2082.68,260.33,681,active
CUST003824,FR,Western Europe,referral,2024-05-09,2024-02-14,2024-05-03,2,403.16,201.58,79,churned
CUST001626,NL,Western Europe,paid_search,2024-04-10,2024-02-16,2025-11-22,6,1593.70,265.62,645,active
CUST000785,DE,Western Europe,organic_search,2024-01-14,2024-02-17,2025-03-01,5,2545.30,509.06,378,churned
CUST002159,GB,Western Europe,social_media,2024-04-17,2024-02-17,2025-10-15,5,1454.63,290.93,606,active
CUST002995,DE,Western Europe,referral,2024-06-20,2024-02-21,2025-08-17,6,2940.97,490.16,543,at_risk
CUST002292,FR,Western Europe,direct,2024-07-02,2024-02-23,2025-04-21,4,1961.30,490.33,423,churned
CUST000675,FR,Western Europe,email,2024-06-16,2024-02-24,2025-11-04,6,1796.83,299.47,619,active
CUST003680,FR,Western Europe,email,2023-08-02,2024-02-24,2025-12-10,7,1976.74,282.39,655,active
CUST001470,ES,Southern Europe,organic_search,2024-08-16,2024-02-24,2025-12-26,3,2121.74,707.25,671,active
CUST000315,ES,Southern Europe,direct,2024-02-27,2024-02-25,2025-12-21,8,1320.13,165.02,665,active
CUST001628,GB,Western Europe,social_media,2023-05-05,2024-02-26,2025-11-15,6,982.95,163.83,628,active
CUST001676,FR,Western Europe,email,2024-11-06,2024-03-01,2025-12-08,6,2337.32,389.55,647,active
CUST001301,DE,Western Europe,organic_search,2024-03-07,2024-03-03,2025-12-03,6,675.79,112.63,640,active
CUST003241,FR,Western Europe,direct,2023-01-18,2024-03-03,2025-12-22,9,2792.79,310.31,659,active
CUST001863,DE,Western Europe,email,2025-06-28,2024-03-03,2024-03-03,1,169.56,169.56,0,churned
CUST001722,DE,Western Europe,organic_search,2025-08-27,2024-03-04,2025-12-03,9,2473.69,274.85,639,active
CUST000448,ES,Southern Europe,paid_search,2025-03-22,2024-03-06,2025-11-20,5,1335.86,267.17,624,active
CUST000447,SE,Nordic,paid_search,2023-03-24,2024-03-08,2025-10-14,6,1311.15,218.53,585,active
CUST001007,NL,Western Europe,email,2024-07-22,2024-03-09,2025-11-16,10,3655.51,365.55,617,active
CUST003041,DE,Western Europe,social_media,2024-04-21,2024-03-11,2025-12-22,5,2087.69,417.54,651,active
CUST002781,DE,Western Europe,paid_search,2024-09-24,2024-03-11,2025-12-11,8,3685.31,460.66,640,active
CUST001256,FR,Western Europe,paid_search,2025-02-20,2024-03-13,2025-09-17,7,4701.80,671.69,553,at_risk
CUST001965,GB,Western Europe,direct,2024-12-21,2024-03-13,2025-12-14,5,630.15,126.03,641,active
CUST001122,SE,Nordic,referral,2025-07-15,2024-03-14,2025-11-28,6,1766.74,294.46,624,active
CUST003967,FR,Western Europe,paid_search,2025-11-19,2024-03-14,2025-12-20,3,1666.04,555.35,646,active
CUST003111,GB,Western Europe,direct,2023-06-30,2024-03-16,2025-11-02,4,793.59,198.4,596,active
CUST003953,SE,Nordic,referral,2025-04-03,2024-03-16,2025-06-20,6,1022.72,170.45,461,churned
CUST002511,DE,Western Europe,organic_search,2023-08-26,2024-03-18,2025-11-12,8,2052.48,256.56,604,active
CUST001906,DE,Western Europe,social_media,2023-11-11,2024-03-20,2025-11-08,4,928.08,232.02,598,active
CUST000673,DE,Western Europe,organic_search,2025-09-23,2024-03-21,2025-09-26,4,2453.17,613.29,554,at_risk
CUST002827,NL,Western Europe,direct,2025-05-10,2024-03-28,2025-12-29,7,3009.68,429.95,641,active
CUST000977,GB,Western Europe,referral,2025-03-30,2024-03-29,2025-11-15,3,665.94,221.98,596,active
CUST000396,IT,Southern Europe,paid_search,2024-07-01,2024-03-30,2025-08-24,5,1340.08,268.02,512,at_risk
CUST001559,ES,Southern Europe,organic_search,2024-08-23,2024-04-02,2025-12-15,6,1733.58,288.93,622,active
CUST000435,DE,Western Europe,social_media,2025-04-01,2024-04-04,2025-12-27,9,2204.87,244.99,632,active
CUST002516,IT,Southern Europe,social_media,2023-02-16,2024-04-04,2025-10-07,3,515.14,171.71,551,active
CUST000146,DE,Western Europe,referral,2024-07-16,2024-04-04,2025-05-19,5,2520.12,504.02,410,churned
CUST000320,FR,Western Europe,referral,2025-10-12,2024-04-08,2025-11-21,5,2687.82,537.56,592,active
CUST001226,GB,Western Europe,organic_search,2025-02-19,2024-04-09,2025-12-05,6,1527.23,254.54,605,active
CUST000203,DE,Western Europe,social_media,2024-10-20,2024-04-11,2025-12-20,4,620.01,155.0,618,active
CUST000473,DE,Western Europe,email,2023-07-01,2024-04-13,2025-12-02,4,2804.80,701.2,598,active
CUST001620,NL,Western Europe,referral,2024-07-15,2024-04-13,2024-11-23,3,667.27,222.42,224,churned
CUST003877,DE,Western Europe,email,2024-06-26,2024-04-14,2025-11-21,7,1778.44,254.06,586,active
CUST000706,SE,Nordic,social_media,2023-08-20,2024-04-15,2025-03-30,2,679.53,339.77,349,churned
CUST002308,GB,Western Europe,organic_search,2024-12-31,2024-04-17,2025-12-14,9,2431.70,270.19,606,active
CUST002236,GB,Western Europe,social_media,2025-09-15,2024-04-17,2025-07-03,4,1117.27,279.32,442,churned
CUST001529,ES,Southern Europe,referral,2024-06-29,2024-04-18,2025-01-17,4,373.75,93.44,274,churned
CUST001228,FR,Western Europe,paid_search,2023-05-20,2024-04-19,2025-12-27,5,3213.21,642.64,617,active
CUST003379,DE,Western Europe,email,2024-05-14,2024-04-20,2025-11-26,8,3636.33,454.54,585,active
CUST003245,NL,Western Europe,direct,2023-01-28,2024-04-20,2025-11-10,5,952.74,190.55,569,active
CUST002468,DE,Western Europe,social_media,2024-07-26,2024-04-23,2024-10-12,4,2205.84,551.46,172,churned
CUST002782,ES,Southern Europe,direct,2024-04-07,2024-04-24,2025-12-20,5,1669.99,334.0,605,active
CUST002554,IT,Southern Europe,social_media,2023-08-22,2024-04-25,2025-12-28,8,4138.23,517.28,612,active
CUST003368,FR,Western Europe,social_media,2023-09-28,2024-04-29,2025-11-11,8,2518.67,314.83,561,active
CUST000912,FR,Western Europe,email,2023-05-25,2024-05-01,2025-06-29,4,796.60,199.15,424,churned
CUST003181,DE,Western Europe,social_media,2023-06-21,2024-05-04,2025-10-27,3,1311.53,437.18,541,active
CUST000988,FR,Western Europe,direct,2023-09-20,2024-05-05,2025-05-11,4,1851.67,462.92,371,churned
CUST002032,GB,Western Europe,organic_search,2024-03-22,2024-05-05,2025-10-23,5,880.21,176.04,536,active
CUST001380,GB,Western Europe,direct,2023-09-22,2024-05-05,2025-12-19,2,649.34,324.67,593,active
CUST001904,DE,Western Europe,referral,2024-07-18,2024-05-06,2025-08-08,4,416.95,104.24,459,at_risk
CUST002316,DE,Western Europe,paid_search,2025-07-16,2024-05-07,2025-12-28,5,1992.50,398.5,600,active
CUST000376,FR,Western Europe,direct,2023-02-16,2024-05-09,2025-09-27,11,2490.38,226.4,506,at_risk
CUST003512,DE,Western Europe,paid_search,2024-06-23,2024-05-09,2025-09-20,4,903.53,225.88,499,at_risk
CUST002819,DE,Western Europe,direct,2024-11-06,2024-05-09,2025-09-07,6,2040.21,340.04,486,at_risk
CUST002078,GB,Western Europe,email,2024-02-05,2024-05-10,2025-11-30,7,2970.65,424.38,569,active
CUST001919,FR,Western Europe,social_media,2025-07-02,2024-05-10,2025-12-24,6,1155.41,192.57,593,active
CUST002581,DE,Western Europe,organic_search,2025-04-14,2024-05-11,2025-12-05,4,1323.49,330.87,573,active
CUST000475,GB,Western Europe,email,2023-04-09,2024-05-12,2025-03-12,5,1231.78,246.36,304,churned
CUST001986,DE,Western Europe,organic_search,2023-03-20,2024-05-13,2025-05-03,7,3026.45,432.35,355,churned
CUST003693,ES,Southern Europe,referral,2025-10-14,2024-05-14,2025-11-12,3,379.28,126.43,547,active
CUST003689,DE,Western Europe,social_media,2024-01-30,2024-05-17,2025-12-26,3,556.74,185.58,588,active
CUST002164,ES,Southern Europe,email,2025-03-02,2024-05-20,2025-11-23,6,1719.64,286.61,552,active
CUST002030,NL,Western Europe,paid_search,2023-09-11,2024-05-25,2025-02-23,6,1590.27,265.05,274,churned
CUST002806,SE,Nordic,social_media,2025-10-06,2024-05-25,2025-12-14,6,1760.78,293.46,568,active
CUST001393,DE,Western Europe,email,2025-07-02,2024-05-26,2025-12-21,7,1229.93,175.7,574,active
CUST001927,GB,Western Europe,email,2024-06-23,2024-05-27,2025-09-04,3,2201.10,733.7,465,at_risk
CUST001899,FR,Western Europe,social_media,2025-09-02,2024-06-01,2025-12-22,6,814.55,135.76,569,active
CUST002252,IT,Southern Europe,social_media,2025-11-12,2024-06-01,2025-08-24,3,1717.48,572.49,449,at_risk
CUST003937,FR,Western Europe,paid_search,2023-02-25,2024-06-02,2025-12-17,6,2879.04,479.84,563,active
CUST000870,IT,Southern Europe,organic_search,2025-07-02,2024-06-05,2025-12-25,6,717.92,119.65,568,active
CUST001729,ES,Southern Europe,paid_search,2025-06-27,2024-06-05,2025-11-11,4,744.52,186.13,524,active
CUST003045,NL,Western Europe,direct,2023-10-02,2024-06-06,2024-08-03,3,185.95,61.98,58,churned
CUST002674,DE,Western Europe,direct,2023-04-30,2024-06-07,2025-02-02,2,175.17,87.59,240,churned
CUST002298,DE,Western Europe,social_media,2023-07-16,2024-06-07,2025-11-26,9,3233.56,359.28,537,active
CUST000438,ES,Southern Europe,direct,2023-11-05,2024-06-09,2025-11-09,5,3284.44,656.89,518,active
CUST002311,GB,Western Europe,paid_search,2024-04-07,2024-06-09,2024-10-24,4,2720.84,680.21,137,churned
CUST001009,DE,Western Europe,direct,2025-01-14,2024-06-11,2025-06-16,4,814.60,203.65,370,churned
CUST001466,DE,Western Europe,referral,2023-12-27,2024-06-14,2025-12-25,6,975.73,162.62,559,active
CUST002031,DE,Western Europe,direct,2025-03-19,2024-06-16,2025-09-07,5,591.88,118.38,448,at_risk
CUST003921,IT,Southern Europe,direct,2024-09-18,2024-06-19,2025-12-19,4,2319.47,579.87,548,active
CUST003752,IT,Southern Europe,organic_search,2024-12-17,2024-06-22,2025-09-24,4,275.73,68.93,459,at_risk
CUST002708,FR,Western Europe,social_media,2023-04-09,2024-06-23,2025-10-19,7,2308.46,329.78,483,active
CUST001389,SE,Nordic,paid_search,2024-10-26,2024-06-23,2025-06-24,6,1721.38,286.9,366,churned
CUST000635,DE,Western Europe,paid_search,2025-12-05,2024-06-25,2024-08-01,2,115.12,57.56,37,churned
CUST000717,ES,Southern Europe,organic_search,2023-11-12,2024-06-25,2025-12-07,6,3769.44,628.24,530,active
CUST000299,GB,Western Europe,direct,2024-04-28,2024-06-25,2025-12-28,8,1634.86,204.36,551,active
CUST001000,FR,Western Europe,paid_search,2023-02-08,2024-06-26,2025-12-04,4,327.88,81.97,526,active
CUST002582,IT,Southern Europe,referral,2024-01-18,2024-06-29,2025-10-30,4,954.57,238.64,488,active
CUST001162,DE,Western Europe,email,2024-11-05,2024-07-02,2025-11-13,7,4618.39,659.77,499,active
CUST002033,GB,Western Europe,direct,2024-07-30,2024-07-02,2025-12-28,7,495.61,70.8,544,active
CUST000234,GB,Western Europe,email,2024-07-13,2024-07-04,2025-12-13,7,4390.51,627.22,527,active
CUST002711,ES,Southern Europe,direct,2023-05-28,2024-07-07,2025-06-18,3,262.78,87.59,346,churned
CUST001025,IT,Southern Europe,referral,2023-11-20,2024-07-09,2025-09-29,6,1100.89,183.48,447,at_risk
CUST003182,FR,Western Europe,organic_search,2024-10-05,2024-07-12,2025-09-09,2,410.13,205.07,424,at_risk
CUST003274,GB,Western Europe,direct,2023-04-15,2024-07-12,2025-12-26,7,1604.78,229.25,532,active
CUST000704,DE,Western Europe,referral,2024-10-01,2024-07-17,2025-12-04,6,1672.67,278.78,505,active
CUST002302,GB,Western Europe,social_media,2023-10-05,2024-07-19,2025-12-15,6,1870.84,311.81,514,active
CUST002250,DE,Western Europe,organic_search,2023-06-06,2024-07-19,2025-06-29,8,2230.81,278.85,345,churned
CUST003994,DE,Western Europe,organic_search,2025-10-24,2024-07-20,2025-11-06,4,1322.50,330.63,474,active
CUST000944,ES,Southern Europe,social_media,2024-01-16,2024-07-21,2025-12-24,5,1781.32,356.26,521,active
CUST002645,DE,Western Europe,social_media,2024-08-14,2024-07-26,2025-12-10,6,2834.19,472.37,502,active
CUST002060,GB,Western Europe,email,2024-06-18,2024-07-27,2025-12-23,7,1351.82,193.12,514,active
CUST002122,GB,Western Europe,paid_search,2023-11-30,2024-07-29,2025-12-08,4,668.44,167.11,497,active
CUST003116,IT,Southern Europe,email,2023-09-24,2024-08-02,2025-07-24,5,3622.46,724.49,356,at_risk
CUST000328,GB,Western Europe,referral,2025-03-23,2024-08-04,2025-09-12,7,2099.33,299.9,404,at_risk
CUST000565,FR,Western Europe,email,2025-07-25,2024-08-04,2025-12-11,3,1222.68,407.56,494,active
CUST000145,FR,Western Europe,direct,2025-02-20,2024-08-07,2025-06-25,5,1075.98,215.2,322,churned
CUST001276,DE,Western Europe,referral,2023-03-27,2024-08-07,2025-12-17,5,1959.22,391.84,497,active
CUST000765,DE,Western Europe,direct,2024-04-17,2024-08-08,2025-12-02,5,2555.10,511.02,481,active
CUST002129,IT,Southern Europe,paid_search,2023-10-09,2024-08-08,2024-12-13,3,773.83,257.94,127,churned
CUST003614,ES,Southern Europe,direct,2023-05-27,2024-08-09,2025-10-24,4,1060.66,265.17,441,active
CUST001522,IT,Southern Europe,referral,2023-05-21,2024-08-15,2025-12-01,5,1198.39,239.68,473,active
CUST002061,DE,Western Europe,email,2025-01-24,2024-08-15,2025-11-18,7,1841.45,263.06,460,active
CUST002804,SE,Nordic,organic_search,2025-02-19,2024-08-19,2025-12-19,4,770.48,192.62,487,active
CUST001220,FR,Western Europe,paid_search,2024-09-01,2024-08-21,2025-11-16,4,174.42,43.61,452,active
CUST003310,GB,Western Europe,paid_search,2025-02-27,2024-08-25,2024-12-04,2,323.38,161.69,101,churned
CUST001803,FR,Western Europe,email,2025-01-14,2024-08-26,2024-10-09,3,194.15,64.72,44,churned
CUST003601,DE,Western Europe,organic_search,2023-06-01,2024-09-01,2025-12-10,7,2177.44,311.06,465,active
CUST001164,NL,Western Europe,referral,2024-11-14,2024-09-09,2025-11-10,7,3830.80,547.26,427,active
CUST003672,DE,Western Europe,referral,2024-03-09,2024-09-09,2025-11-19,5,1280.03,256.01,436,active
CUST000866,GB,Western Europe,social_media,2023-11-28,2024-09-11,2025-12-22,4,949.82,237.46,467,active
CUST002040,FR,Western Europe,direct,2023-02-20,2024-09-16,2025-10-11,4,1208.80,302.2,390,active
CUST003590,DE,Western Europe,paid_search,2023-12-03,2024-09-16,2025-11-09,3,480.65,160.22,419,active
CUST000066,GB,Western Europe,email,2025-07-21,2024-09-21,2025-11-29,6,1686.21,281.04,434,active
CUST000585,GB,Western Europe,social_media,2025-10-01,2024-09-23,2025-11-26,5,1308.05,261.61,429,active
CUST000990,ES,Southern Europe,organic_search,2024-05-22,2024-09-25,2025-10-04,4,1423.59,355.9,374,active
CUST000718,SE,Nordic,email,2023-03-31,2024-09-28,2025-12-25,3,338.02,112.67,453,active
CUST003750,IT,Southern Europe,direct,2025-07-04,2024-09-30,2024-12-17,4,247.68,61.92,78,churned
CUST002049,GB,Western Europe,social_media,2023-05-10,2024-10-04,2025-12-31,6,2098.43,349.74,453,active
CUST000843,DE,Western Europe,email,2025-08-10,2024-10-05,2024-11-07,3,214.34,71.45,33,churned
CUST002897,GB,Western Europe,direct,2023-01-22,2024-10-07,2025-06-26,4,2736.12,684.03,262,churned
CUST000487,DE,Western Europe,referral,2023-06-25,2024-10-08,2025-10-30,6,3191.75,531.96,387,active
CUST001834,NL,Western Europe,paid_search,2023-11-13,2024-10-18,2025-10-15,6,1884.27,314.05,362,active
CUST002923,ES,Southern Europe,direct,2023-04-27,2024-10-20,2025-11-22,5,952.05,190.41,398,active
CUST000263,DE,Western Europe,email,2023-10-16,2024-10-24,2025-12-23,3,143.57,47.86,425,active
CUST001985,DE,Western Europe,social_media,2025-11-26,2024-10-25,2025-05-25,4,219.63,54.91,212,churned
CUST000638,DE,Western Europe,organic_search,2024-06-11,2024-10-27,2025-02-10,3,791.30,263.77,106,churned
CUST002885,DE,Western Europe,organic_search,2024-05-21,2024-10-27,2025-10-28,7,2856.96,408.14,366,active
CUST001314,ES,Southern Europe,direct,2023-02-17,2024-11-02,2025-05-29,2,260.84,130.42,208,churned
CUST003798,DE,Western Europe,social_media,2025-12-30,2024-11-02,2025-01-13,4,921.35,230.34,72,churned
CUST002410,GB,Western Europe,organic_search,2024-06-23,2024-11-08,2025-09-18,5,1046.74,209.35,314,at_risk
CUST003246,DE,Western Europe,social_media,2023-03-23,2024-11-08,2025-01-16,2,1064.80,532.4,69,churned
CUST001129,FR,Western Europe,referral,2024-07-17,2024-11-10,2025-11-26,7,2641.72,377.39,381,active
CUST003046,NL,Western Europe,paid_search,2024-07-11,2024-11-13,2025-12-16,4,658.29,164.57,398,active
CUST003939,DE,Western Europe,paid_search,2025-05-17,2024-11-13,2025-08-16,3,1881.27,627.09,276,at_risk
CUST000719,DE,Western Europe,referral,2023-07-22,2024-11-16,2025-06-28,3,429.82,143.27,224,churned
CUST001296,DE,Western Europe,organic_search,2023-09-16,2024-11-17,2025-01-01,3,650.80,216.93,45,churned
CUST000597,NL,Western Europe,email,2025-04-14,2024-11-20,2025-12-27,6,1461.97,243.66,402,active
CUST002641,FR,Western Europe,paid_search,2023-12-10,2024-12-09,2025-12-21,4,3853.38,963.35,377,active
CUST000518,ES,Southern Europe,social_media,2025-12-30,2024-12-10,2025-10-05,3,1369.41,456.47,299,active
CUST000519,SE,Nordic,referral,2024-01-06,2024-12-12,2025-12-28,4,1621.70,405.43,381,active
CUST003691,ES,Southern Europe,paid_search,2024-12-06,2024-12-18,2025-11-14,4,1240.52,310.13,331,active
CUST001855,IT,Southern Europe,direct,2024-11-07,2024-12-20,2025-01-12,2,780.31,390.16,23,churned
CUST003783,DE,Western Europe,organic_search,2025-10-28,2024-12-21,2025-11-30,5,622.73,124.55,344,active
CUST000797,IT,Southern Europe,referral,2023-01-13,2025-01-11,2025-11-25,3,983.88,327.96,318,active
CUST003154,FR,Western Europe,referral,2023-11-17,2025-01-20,2025-01-20,1,719.68,719.68,0,churned
CUST000517,FR,Western Europe,direct,2023-03-14,2025-01-26,2025-12-07,6,1606.16,267.69,315,active
CUST002162,GB,Western Europe,referral,2023-09-13,2025-01-26,2025-11-30,4,2306.22,576.55,308,active
CUST000457,DE,Western Europe,email,2023-02-09,2025-01-28,2025-12-24,4,1273.71,318.43,330,active
CUST003434,FR,Western Europe,referral,2023-08-02,2025-02-03,2025-11-14,3,1880.69,626.9,284,active
CUST000174,DE,Western Europe,direct,2024-10-02,2025-02-09,2025-11-26,3,354.04,118.01,290,active
CUST003684,DE,Western Europe,direct,2023-11-16,2025-02-09,2025-12-30,5,1101.57,220.31,324,active
CUST000527,FR,Western Europe,paid_search,2025-04-06,2025-02-13,2025-10-02,3,2989.93,996.64,231,active
CUST003455,IT,Southern Europe,paid_search,2025-01-01,2025-02-23,2025-12-17,6,1867.10,311.18,297,active
CUST003524,DE,Western Europe,social_media,2025-11-17,2025-02-25,2025-12-24,3,2028.45,676.15,302,active
CUST001384,FR,Western Europe,social_media,2025-10-28,2025-02-27,2025-08-28,3,2205.38,735.13,182,at_risk
CUST000687,GB,Western Europe,referral,2024-10-28,2025-03-10,2025-12-25,8,2451.16,306.4,290,active
CUST001997,SE,Nordic,referral,2025-03-15,2025-03-22,2025-03-22,1,108.69,108.69,0,churned
CUST002502,ES,Southern Europe,organic_search,2025-11-19,2025-03-22,2025-12-30,4,1572.63,393.16,283,active
CUST000458,GB,Western Europe,paid_search,2025-10-25,2025-03-27,2025-10-25,4,2398.62,599.66,212,active
CUST000658,FR,Western Europe,paid_search,2024-08-11,2025-04-04,2025-07-20,2,230.83,115.42,107,at_risk
CUST002886,IT,Southern Europe,email,2023-07-24,2025-04-07,2025-11-04,3,226.90,75.63,211,active
CUST002051,GB,Western Europe,referral,2024-11-09,2025-05-03,2025-05-04,2,227.03,113.52,1,churned
CUST001215,NL,Western Europe,paid_search,2025-05-06,2025-05-07,2025-05-07,1,576.38,576.38,0,churned
CUST003403,SE,Nordic,social_media,2024-09-21,2025-05-09,2025-09-30,2,435.23,217.62,144,at_risk
CUST003812,GB,Western Europe,referral,2024-06-04,2025-05-12,2025-06-12,2,483.58,241.79,31,churned
CUST003108,DE,Western Europe,direct,2023-01-24,2025-05-20,2025-09-29,2,107.74,53.87,132,at_risk
CUST000255,DE,Western Europe,direct,2023-06-11,2025-06-29,2025-12-08,5,1702.66,340.53,162,active
CUST001762,ES,Southern Europe,direct,2025-04-02,2025-07-27,2025-07-27,1,848.30,848.3,0,at_risk
CUST003905,ES,Southern Europe,direct,2023-07-01,2025-11-11,2025-11-11,1,80.80,80.8,0,active
CUST003074,FR,Western Europe,social_media,2025-08-07,2025-11-12,2025-11-12,1,597.29,597.29,0,active
CUST001138,GB,Western Europe,email,2023-07-27,2024-01-04,2025-12-14,4,1106.35,276.59,710,active
CUST002884,DE,Western Europe,referral,2024-12-03,2024-01-05,2025-12-12,3,1533.04,511.01,707,active
CUST002795,FR,Western Europe,paid_search,2025-03-26,2024-01-07,2025-12-08,7,3065.28,437.9,701,active
CUST003924,FR,Western Europe,referral,2025-03-31,2024-01-07,2025-07-27,6,2177.64,362.94,567,at_risk
CUST000584,FR,Western Europe,direct,2023-03-23,2024-01-07,2025-12-29,4,1310.35,327.59,722,active
CUST002889,ES,Southern Europe,direct,2023-11-06,2024-01-07,2025-12-28,7,3021.68,431.67,721,active
CUST000622,DE,Western Europe,social_media,2025-11-24,2024-01-10,2025-10-18,7,565.73,80.82,647,active
CUST003990,IT,Southern Europe,paid_search,2025-01-18,2024-01-10,2025-12-30,4,1829.08,457.27,720,active
CUST001984,GB,Western Europe,organic_search,2023-11-26,2024-01-10,2025-12-29,3,471.99,157.33,719,active
CUST001385,NL,Western Europe,direct,2023-09-01,2024-01-11,2024-12-05,3,525.76,175.25,329,churned
CUST001173,GB,Western Europe,referral,2025-11-16,2024-01-12,2025-12-27,8,2421.41,302.68,715,active
CUST001283,GB,Western Europe,referral,2024-10-28,2024-01-13,2025-11-17,3,2183.50,727.83,674,active
CUST002891,FR,Western Europe,paid_search,2023-10-19,2024-01-13,2025-07-29,4,922.63,230.66,563,at_risk
CUST003063,GB,Western Europe,organic_search,2025-08-28,2024-01-15,2025-08-29,5,1487.14,297.43,592,at_risk
CUST002220,DE,Western Europe,email,2023-03-22,2024-01-16,2025-05-28,6,569.19,94.87,498,churned
CUST003537,FR,Western Europe,email,2024-05-17,2024-01-16,2025-11-21,6,1541.62,256.94,675,active
CUST003618,ES,Southern Europe,social_media,2024-01-15,2024-01-17,2025-10-27,3,574.42,191.47,649,active
CUST003123,DE,Western Europe,direct,2023-02-05,2024-01-18,2025-12-26,8,2582.45,322.81,708,active
CUST002440,DE,Western Europe,direct,2024-07-16,2024-01-19,2025-10-23,5,886.75,177.35,643,active
CUST001773,IT,Southern Europe,direct,2025-02-21,2024-01-20,2024-10-27,3,409.11,136.37,281,churned
CUST003446,GB,Western Europe,referral,2024-06-07,2024-01-22,2025-11-13,2,167.16,83.58,661,active
CUST002982,DE,Western Europe,direct,2024-12-31,2024-01-22,2025-12-04,7,1267.49,181.07,682,active
CUST003361,ES,Southern Europe,organic_search,2023-01-06,2024-01-22,2025-10-14,8,2712.93,339.12,631,active
CUST001386,FR,Western Europe,paid_search,2024-07-22,2024-01-23,2025-12-31,8,2964.14,370.52,708,active
CUST003505,IT,Southern Europe,direct,2023-09-18,2024-01-24,2025-09-18,5,2265.83,453.17,603,at_risk
CUST003867,FR,Western Europe,paid_search,2025-07-03,2024-01-24,2025-11-18,6,2911.74,485.29,664,active
CUST003594,GB,Western Europe,direct,2023-07-01,2024-01-25,2025-10-05,6,1011.10,168.52,619,active
CUST002228,GB,Western Europe,direct,2024-05-04,2024-01-26,2025-12-14,5,1402.00,280.4,688,active
CUST002902,ES,Southern Europe,paid_search,2023-02-05,2024-01-26,2025-04-05,4,713.13,178.28,435,churned
CUST001548,GB,Western Europe,email,2024-08-02,2024-01-26,2025-02-12,2,1205.02,602.51,383,churned
CUST002723,ES,Southern Europe,email,2024-05-15,2024-01-27,2025-06-30,4,1010.08,252.52,520,churned
CUST001557,GB,Western Europe,email,2025-05-11,2024-01-28,2025-12-20,6,1989.79,331.63,692,active
CUST002911,DE,Western Europe,paid_search,2025-11-13,2024-01-29,2025-09-17,4,2157.51,539.38,597,at_risk
CUST000793,GB,Western Europe,paid_search,2025-11-30,2024-01-29,2025-11-04,8,1785.27,223.16,645,active
CUST002138,NL,Western Europe,referral,2023-02-26,2024-01-29,2025-12-05,5,3192.34,638.47,676,active
CUST003839,IT,Southern Europe,social_media,2025-05-21,2024-01-30,2025-11-02,6,2384.00,397.33,642,active
CUST001535,FR,Western Europe,email,2023-12-16,2024-01-30,2025-12-07,5,1224.13,244.83,677,active
CUST002814,DE,Western Europe,organic_search,2023-09-07,2024-01-31,2025-12-24,7,4554.03,650.58,693,active
CUST003627,DE,Western Europe,paid_search,2023-06-19,2024-01-31,2025-09-10,4,1306.48,326.62,588,at_risk
CUST001573,NL,Western Europe,direct,2025-06-29,2024-02-04,2025-08-09,5,589.88,117.98,552,at_risk
CUST000274,IT,Southern Europe,email,2024-09-05,2024-02-05,2025-12-24,8,1582.33,197.79,688,active
CUST003333,DE,Western Europe,referral,2024-11-01,2024-02-06,2025-12-02,8,1271.32,158.92,665,active
CUST002908,DE,Western Europe,referral,2024-11-26,2024-02-07,2025-04-13,5,1513.27,302.65,431,churned
CUST002173,DE,Western Europe,referral,2023-11-20,2024-02-08,2025-11-09,7,3666.30,523.76,640,active
CUST001252,GB,Western Europe,paid_search,2025-11-05,2024-02-10,2025-09-07,4,1645.80,411.45,575,at_risk
CUST001292,DE,Western Europe,paid_search,2025-02-20,2024-02-10,2025-12-17,6,957.78,159.63,676,active
CUST003821,FR,Western Europe,social_media,2025-08-07,2024-02-10,2025-09-15,4,506.98,126.75,583,at_risk
CUST003606,DE,Western Europe,paid_search,2024-09-11,2024-02-12,2025-10-18,6,2812.39,468.73,614,active
CUST003203,DE,Western Europe,paid_search,2025-05-31,2024-02-12,2025-09-09,6,3727.85,621.31,575,at_risk
CUST001175,GB,Western Europe,email,2023-04-28,2024-02-14,2025-11-04,8,2339.14,292.39,629,active
CUST003619,ES,Southern Europe,organic_search,2024-10-23,2024-02-14,2025-12-25,4,485.33,121.33,680,active
CUST002916,NL,Western Europe,direct,2025-04-02,2024-02-14,2025-08-28,5,1876.13,375.23,561,at_risk
CUST002215,NL,Western Europe,referral,2024-05-13,2024-02-15,2025-11-08,9,3689.10,409.9,632,active
CUST002147,GB,Western Europe,direct,2025-11-26,2024-02-15,2025-11-16,8,2640.46,330.06,640,active
CUST003894,FR,Western Europe,paid_search,2023-03-31,2024-02-16,2025-02-02,6,2237.99,373.0,352,churned
CUST001148,NL,Western Europe,organic_search,2023-06-08,2024-02-17,2025-12-07,4,446.07,111.52,659,active
CUST000772,ES,Southern Europe,paid_search,2023-03-22,2024-02-18,2025-11-25,4,1612.19,403.05,646,active
CUST003715,SE,Nordic,direct,2025-07-13,2024-02-18,2025-11-19,6,2100.53,350.09,640,active
CUST000572,ES,Southern Europe,direct,2024-03-21,2024-02-18,2025-11-07,8,3251.77,406.47,628,active
CUST003299,FR,Western Europe,direct,2025-11-15,2024-02-18,2025-07-21,2,193.07,96.54,519,at_risk
CUST002880,DE,Western Europe,social_media,2023-07-28,2024-02-21,2025-10-20,6,781.67,130.28,607,active
CUST001070,FR,Western Europe,email,2025-07-31,2024-02-22,2025-08-17,4,2362.95,590.74,542,at_risk
CUST002256,GB,Western Europe,paid_search,2023-08-01,2024-02-24,2025-10-27,6,2396.90,399.48,611,active
CUST001989,FR,Western Europe,social_media,2025-07-09,2024-02-24,2025-12-21,4,1079.47,269.87,666,active
CUST001587,NL,Western Europe,email,2024-11-28,2024-02-24,2025-12-08,8,2838.80,354.85,653,active
CUST001738,DE,Western Europe,direct,2025-06-07,2024-02-25,2025-11-21,3,633.24,211.08,635,active
CUST000398,FR,Western Europe,paid_search,2023-10-27,2024-02-25,2025-12-21,5,1203.97,240.79,665,active
CUST001775,ES,Southern Europe,social_media,2025-06-06,2024-02-26,2025-06-25,6,1989.64,331.61,485,churned
CUST001652,FR,Western Europe,organic_search,2024-08-07,2024-02-26,2025-08-17,3,721.10,240.37,538,at_risk
CUST001698,DE,Western Europe,referral,2023-12-16,2024-02-28,2025-10-24,5,2015.68,403.14,604,active
CUST002433,SE,Nordic,organic_search,2024-04-26,2024-02-29,2025-12-31,5,2154.19,430.84,671,active
CUST002431,GB,Western Europe,paid_search,2025-04-09,2024-02-29,2025-02-08,3,614.37,204.79,345,churned
CUST002655,ES,Southern Europe,referral,2024-02-19,2024-03-02,2025-11-22,8,1958.47,244.81,630,active
CUST001317,GB,Western Europe,referral,2025-03-17,2024-03-03,2025-12-17,6,3910.71,651.79,654,active
CUST003360,NL,Western Europe,email,2025-01-19,2024-03-05,2025-12-06,4,771.92,192.98,641,active
CUST003331,GB,Western Europe,organic_search,2025-10-11,2024-03-13,2024-11-04,4,687.56,171.89,236,churned
CUST001980,ES,Southern Europe,organic_search,2025-10-28,2024-03-14,2025-12-10,7,1420.62,202.95,636,active
CUST001692,GB,Western Europe,paid_search,2025-04-05,2024-03-15,2025-05-16,7,2589.88,369.98,427,churned
CUST000464,GB,Western Europe,organic_search,2023-12-26,2024-03-15,2025-12-30,6,1384.08,230.68,655,active
CUST003034,DE,Western Europe,direct,2024-07-06,2024-03-15,2025-09-24,6,1582.64,263.77,558,at_risk
CUST000352,ES,Southern Europe,referral,2025-06-03,2024-03-17,2025-10-10,5,2600.79,520.16,572,active
CUST000969,GB,Western Europe,social_media,2025-02-16,2024-03-17,2025-05-31,3,380.28,126.76,440,churned
CUST001747,DE,Western Europe,referral,2025-11-14,2024-03-19,2025-01-31,4,2938.54,734.64,318,churned
CUST001547,ES,Southern Europe,organic_search,2024-09-13,2024-03-21,2025-12-23,9,1356.65,150.74,642,active
CUST001250,GB,Western Europe,paid_search,2024-01-11,2024-03-21,2025-02-12,5,1541.09,308.22,328,churned
CUST000009,GB,Western Europe,paid_search,2024-06-30,2024-03-24,2025-11-21,7,961.21,137.32,607,active
CUST001845,IT,Southern Europe,referral,2024-10-26,2024-03-24,2025-06-25,2,66.91,33.46,458,churned
CUST002010,GB,Western Europe,referral,2024-01-08,2024-03-25,2025-08-05,6,2342.00,390.33,498,at_risk
CUST001757,SE,Nordic,social_media,2023-06-08,2024-03-25,2025-10-29,6,2030.99,338.5,583,active
CUST000336,DE,Western Europe,paid_search,2023-01-14,2024-03-26,2025-10-12,9,4318.72,479.86,565,active
CUST001319,DE,Western Europe,referral,2023-01-11,2024-03-31,2025-07-18,5,1389.95,277.99,474,at_risk
CUST001735,DE,Western Europe,social_media,2025-04-27,2024-04-02,2025-12-22,3,247.37,82.46,629,active
CUST000971,NL,Western Europe,direct,2023-06-18,2024-04-05,2025-12-12,7,1311.42,187.35,616,active
CUST002296,DE,Western Europe,direct,2024-11-29,2024-04-05,2025-04-12,4,1023.84,255.96,372,churned
CUST003521,DE,Western Europe,referral,2024-06-05,2024-04-06,2025-11-14,4,1454.42,363.61,587,active
CUST001413,FR,Western Europe,referral,2023-10-11,2024-04-06,2025-09-17,8,1185.58,148.2,529,at_risk
CUST003445,SE,Nordic,direct,2024-08-17,2024-04-07,2025-09-12,7,2678.21,382.6,523,at_risk
CUST001236,FR,Western Europe,direct,2023-12-09,2024-04-09,2025-09-17,7,1757.16,251.02,526,at_risk
CUST000593,DE,Western Europe,organic_search,2023-12-09,2024-04-12,2025-09-29,6,1938.70,323.12,535,at_risk
CUST003728,DE,Western Europe,referral,2025-09-24,2024-04-12,2025-08-16,7,1648.19,235.46,491,at_risk
CUST001298,DE,Western Europe,social_media,2024-08-03,2024-04-13,2025-10-06,3,1666.18,555.39,541,active
CUST003853,GB,Western Europe,direct,2024-10-18,2024-04-14,2025-09-06,7,3213.14,459.02,510,at_risk
CUST000791,DE,Western Europe,referral,2025-09-17,2024-04-17,2025-11-08,5,1474.48,294.9,570,active
CUST000007,DE,Western Europe,paid_search,2023-05-23,2024-04-19,2025-12-22,6,1183.71,197.29,612,active
CUST000939,DE,Western Europe,direct,2024-12-07,2024-04-20,2025-06-28,4,1060.42,265.11,434,churned
CUST001407,ES,Southern Europe,paid_search,2023-12-31,2024-04-20,2025-06-24,4,801.54,200.39,430,churned
CUST000967,NL,Western Europe,paid_search,2023-12-18,2024-04-20,2025-12-06,11,3916.92,356.08,595,active
CUST001135,NL,Western Europe,paid_search,2024-06-12,2024-04-20,2025-11-12,5,2965.47,593.09,571,active
CUST002460,FR,Western Europe,referral,2025-01-19,2024-04-22,2024-11-13,4,2474.45,618.61,205,churned
CUST000392,FR,Western Europe,organic_search,2024-09-01,2024-04-25,2025-11-18,4,1596.90,399.23,572,active
CUST001066,NL,Western Europe,direct,2024-01-03,2024-04-26,2024-04-26,1,180.46,180.46,0,churned
CUST003330,NL,Western Europe,email,2024-03-17,2024-04-26,2025-10-25,7,3103.82,443.4,547,active
CUST002157,DE,Western Europe,direct,2023-07-16,2024-04-30,2025-11-11,4,441.48,110.37,560,active
CUST000134,FR,Western Europe,email,2025-06-20,2024-05-01,2025-11-03,6,1454.38,242.4,551,active
CUST001409,GB,Western Europe,paid_search,2023-01-05,2024-05-01,2025-11-21,7,1184.23,169.18,569,active
CUST003263,FR,Western Europe,paid_search,2023-12-20,2024-05-04,2025-11-16,6,2405.61,400.94,561,active
CUST000103,FR,Western Europe,social_media,2023-07-30,2024-05-04,2025-12-13,5,350.18,70.04,588,active
CUST002276,GB,Western Europe,referral,2025-12-16,2024-05-05,2025-10-21,4,835.63,208.91,534,active
CUST000589,DE,Western Europe,referral,2023-08-23,2024-05-09,2025-11-15,6,1831.25,305.21,555,active
CUST001425,SE,Nordic,organic_search,2025-10-24,2024-05-09,2025-04-28,7,4867.81,695.4,354,churned
CUST001991,ES,Southern Europe,paid_search,2024-08-10,2024-05-09,2025-02-23,4,2714.41,678.6,290,churned
CUST002135,NL,Western Europe,organic_search,2023-10-27,2024-05-10,2025-07-17,7,2178.45,311.21,433,at_risk
CUST003685,NL,Western Europe,social_media,2023-02-19,2024-05-11,2025-11-01,3,767.64,255.88,539,active
CUST001901,GB,Western Europe,paid_search,2023-10-22,2024-05-11,2025-12-21,5,4346.49,869.3,589,active
CUST000825,GB,Western Europe,paid_search,2025-06-01,2024-05-13,2025-12-13,4,243.10,60.78,579,active
CUST002451,FR,Western Europe,social_media,2025-12-27,2024-05-13,2025-09-24,2,102.34,51.17,499,at_risk
CUST001318,NL,Western Europe,direct,2024-02-29,2024-05-13,2025-12-11,3,1598.34,532.78,577,active
CUST002981,FR,Western Europe,social_media,2024-06-13,2024-05-18,2025-11-09,8,1419.01,177.38,540,active
CUST000459,DE,Western Europe,referral,2024-07-29,2024-05-18,2025-09-17,10,3151.11,315.11,487,at_risk
CUST001575,DE,Western Europe,direct,2024-12-15,2024-05-18,2025-12-26,4,1260.44,315.11,587,active
CUST003869,NL,Western Europe,direct,2023-12-13,2024-05-21,2025-06-24,2,690.68,345.34,399,churned
CUST003805,FR,Western Europe,organic_search,2024-01-23,2024-05-21,2025-12-22,8,2050.74,256.34,580,active
CUST003340,NL,Western Europe,organic_search,2024-08-30,2024-05-21,2025-12-21,6,2089.68,348.28,579,active
CUST003912,FR,Western Europe,organic_search,2024-04-25,2024-05-22,2025-09-15,5,2768.44,553.69,481,at_risk
CUST002461,SE,Nordic,referral,2024-05-02,2024-05-28,2025-11-27,5,1123.42,224.68,548,active
CUST000246,IT,Southern Europe,social_media,2025-07-14,2024-05-28,2025-09-22,6,2710.92,451.82,482,at_risk
CUST002478,ES,Southern Europe,paid_search,2025-01-25,2024-05-30,2025-06-14,3,859.14,286.38,380,churned
CUST002158,FR,Western Europe,email,2023-01-21,2024-06-07,2025-04-05,5,724.60,144.92,302,churned
CUST003553,GB,Western Europe,direct,2023-06-08,2024-06-08,2025-08-09,8,4047.56,505.95,427,at_risk
CUST002542,ES,Southern Europe,organic_search,2024-06-04,2024-06-08,2025-12-28,3,859.62,286.54,568,active
CUST001972,ES,Southern Europe,paid_search,2025-04-18,2024-06-09,2025-08-17,5,789.23,157.85,434,at_risk
CUST000422,ES,Southern Europe,paid_search,2023-11-09,2024-06-13,2025-02-07,5,2628.63,525.73,239,churned
CUST000800,IT,Southern Europe,referral,2023-04-25,2024-06-14,2025-11-16,6,815.60,135.93,520,active
CUST003349,FR,Western Europe,organic_search,2023-05-31,2024-06-14,2025-11-29,9,2843.86,315.98,533,active
CUST003686,GB,Western Europe,referral,2023-10-05,2024-06-16,2025-06-27,6,2031.13,338.52,376,churned
CUST000784,FR,Western Europe,paid_search,2024-05-16,2024-06-22,2025-12-02,5,1256.53,251.31,528,active
CUST003796,NL,Western Europe,referral,2025-06-21,2024-06-23,2025-12-14,3,273.26,91.09,539,active
CUST000937,DE,Western Europe,direct,2024-02-03,2024-06-24,2025-04-04,4,1218.17,304.54,284,churned
CUST001157,DE,Western Europe,organic_search,2025-07-18,2024-06-27,2025-12-22,7,617.14,88.16,543,active
CUST003776,IT,Southern Europe,organic_search,2024-11-17,2024-06-27,2025-11-09,8,5557.63,694.7,500,active
CUST002603,NL,Western Europe,email,2025-05-20,2024-06-28,2025-12-09,3,594.32,198.11,529,active
CUST001650,NL,Western Europe,organic_search,2024-10-18,2024-06-30,2025-12-04,8,1441.79,180.22,522,active
CUST003726,IT,Southern Europe,referral,2024-09-27,2024-06-30,2025-11-16,10,2661.08,266.11,504,active
CUST002595,DE,Western Europe,direct,2025-03-19,2024-06-30,2025-12-24,3,365.89,121.96,542,active
CUST001914,FR,Western Europe,direct,2023-07-21,2024-07-03,2025-12-13,8,3896.03,487.0,528,active
CUST000350,GB,Western Europe,referral,2023-04-20,2024-07-05,2025-03-16,2,436.24,218.12,254,churned
CUST001846,DE,Western Europe,direct,2024-02-14,2024-07-11,2025-12-01,4,2067.24,516.81,508,active
CUST003234,DE,Western Europe,organic_search,2024-04-25,2024-07-13,2025-12-29,5,481.48,96.3,534,active
CUST001538,NL,Western Europe,email,2024-11-18,2024-07-14,2025-11-22,7,1256.57,179.51,496,active
CUST002187,IT,Southern Europe,organic_search,2023-03-16,2024-07-15,2025-10-11,4,257.63,64.41,453,active
CUST000994,GB,Western Europe,referral,2024-11-19,2024-07-18,2025-09-17,4,1644.72,411.18,426,at_risk
CUST000580,FR,Western Europe,direct,2023-01-27,2024-07-22,2025-10-18,4,1191.53,297.88,453,active
CUST002742,DE,Western Europe,direct,2024-05-31,2024-07-31,2025-11-18,5,769.95,153.99,475,active
CUST002801,ES,Southern Europe,organic_search,2024-03-30,2024-08-01,2025-12-21,5,3252.78,650.56,507,active
CUST003944,FR,Western Europe,direct,2024-05-02,2024-08-07,2025-11-05,5,1150.32,230.06,455,active
CUST003378,DE,Western Europe,organic_search,2024-02-07,2024-08-09,2025-12-12,7,1867.19,266.74,490,active
CUST003665,GB,Western Europe,email,2025-03-14,2024-08-13,2025-08-14,2,177.44,88.72,366,at_risk
CUST002148,FR,Western Europe,social_media,2023-10-13,2024-08-19,2025-09-09,5,739.42,147.88,386,at_risk
CUST001187,NL,Western Europe,paid_search,2023-05-14,2024-08-24,2025-12-26,7,2432.20,347.46,489,active
CUST002226,GB,Western Europe,organic_search,2025-08-02,2024-08-26,2025-12-18,6,4779.59,796.6,479,active
CUST003055,NL,Western Europe,email,2023-03-07,2024-08-27,2025-03-07,3,1376.94,458.98,192,churned
CUST000662,SE,Nordic,referral,2023-06-10,2024-08-29,2025-12-22,4,1330.96,332.74,480,active
CUST003142,IT,Southern Europe,referral,2025-04-30,2024-08-30,2025-09-14,5,1065.33,213.07,380,at_risk
CUST000664,DE,Western Europe,referral,2025-11-12,2024-09-02,2025-11-21,9,2899.17,322.13,445,active
CUST000921,ES,Southern Europe,paid_search,2023-12-04,2024-09-04,2025-10-10,7,1587.48,226.78,401,active
CUST003871,FR,Western Europe,direct,2024-03-31,2024-09-06,2025-11-20,4,596.60,149.15,440,active
CUST003003,FR,Western Europe,email,2023-10-09,2024-09-11,2025-05-22,2,216.53,108.27,253,churned
CUST002954,GB,Western Europe,paid_search,2024-07-08,2024-09-15,2025-12-26,5,724.68,144.94,467,active
CUST003571,FR,Western Europe,organic_search,2025-01-08,2024-09-17,2025-11-06,4,1268.14,317.04,415,active
CUST000813,DE,Western Europe,direct,2024-02-28,2024-09-21,2025-12-20,4,1133.84,283.46,455,active
CUST003756,DE,Western Europe,direct,2023-06-30,2024-09-22,2025-11-03,4,2138.81,534.7,407,active
CUST003604,FR,Western Europe,paid_search,2023-03-09,2024-09-22,2025-05-22,3,75.69,25.23,242,churned
CUST000199,IT,Southern Europe,email,2024-10-23,2024-09-28,2025-12-28,5,888.80,177.76,456,active
CUST000789,GB,Western Europe,email,2024-08-22,2024-09-30,2025-11-19,2,1316.43,658.22,415,active
CUST002893,ES,Southern Europe,direct,2023-12-27,2024-10-03,2025-12-30,4,988.26,247.07,453,active
CUST003569,ES,Southern Europe,social_media,2024-01-31,2024-10-07,2025-12-18,6,1428.14,238.02,437,active
CUST001365,NL,Western Europe,organic_search,2024-01-22,2024-10-10,2025-12-26,5,929.85,185.97,442,active
CUST001993,GB,Western Europe,email,2025-04-03,2024-10-10,2025-09-19,7,1492.07,213.15,344,at_risk
CUST003195,FR,Western Europe,organic_search,2024-02-02,2024-10-13,2025-12-29,3,726.29,242.1,442,active
CUST000013,ES,Southern Europe,referral,2024-05-20,2024-10-16,2025-11-14,4,1340.65,335.16,394,active
CUST000953,DE,Western Europe,direct,2023-07-13,2024-10-17,2025-12-16,4,1501.37,375.34,425,active
CUST001748,FR,Western Europe,social_media,2023-10-13,2024-10-18,2025-05-20,3,312.03,104.01,214,churned
CUST000501,NL,Western Europe,organic_search,2025-11-23,2024-10-19,2025-03-11,2,759.42,379.71,143,churned
CUST002068,FR,Western Europe,referral,2024-11-23,2024-10-22,2025-08-20,3,347.27,115.76,302,at_risk
CUST001400,NL,Western Europe,referral,2024-11-24,2024-10-23,2025-11-13,3,514.57,171.52,386,active
CUST003255,FR,Western Europe,direct,2023-07-04,2024-10-28,2025-12-21,6,1337.33,222.89,419,active
CUST000163,GB,Western Europe,paid_search,2023-09-15,2024-11-02,2025-10-23,3,501.89,167.3,355,active
CUST000905,FR,Western Europe,referral,2024-05-22,2024-11-02,2025-07-09,4,696.40,174.1,249,at_risk
CUST000462,GB,Western Europe,referral,2024-04-29,2024-11-03,2025-12-08,5,296.44,59.29,400,active
CUST003539,NL,Western Europe,referral,2024-05-19,2024-11-06,2025-09-01,4,909.14,227.29,299,at_risk
CUST000629,DE,Western Europe,email,2024-08-03,2024-11-07,2025-12-15,4,4081.66,1020.42,403,active
CUST001841,FR,Western Europe,paid_search,2024-03-16,2024-11-08,2025-12-29,4,510.55,127.64,416,active
CUST003697,SE,Nordic,email,2024-05-24,2024-11-08,2025-07-09,4,1319.13,329.78,243,at_risk
CUST000714,FR,Western Europe,email,2023-05-22,2024-11-09,2025-12-02,3,1295.25,431.75,388,active
CUST003567,GB,Western Europe,social_media,2024-08-03,2024-11-10,2024-12-30,2,242.17,121.09,50,churned
CUST000429,FR,Western Europe,paid_search,2025-10-13,2024-11-14,2025-09-08,5,675.26,135.05,298,at_risk
CUST001147,ES,Southern Europe,email,2023-12-22,2024-11-16,2025-10-14,4,961.01,240.25,332,active
CUST000514,ES,Southern Europe,paid_search,2024-07-21,2024-11-19,2025-05-27,2,321.52,160.76,189,churned
CUST001636,DE,Western Europe,direct,2023-09-06,2024-11-22,2024-12-09,2,505.82,252.91,17,churned
CUST000241,IT,Southern Europe,direct,2025-01-20,2024-11-24,2025-12-26,8,1855.45,231.93,397,active
CUST000809,GB,Western Europe,social_media,2024-09-28,2024-11-24,2025-11-08,5,1299.74,259.95,349,active
CUST001306,IT,Southern Europe,social_media,2025-07-26,2024-11-26,2025-12-04,3,839.55,279.85,373,active
CUST001787,GB,Western Europe,organic_search,2025-02-07,2024-11-27,2025-05-25,4,1457.02,364.26,179,churned
CUST003988,GB,Western Europe,paid_search,2023-03-10,2024-11-29,2025-12-28,7,1007.92,143.99,394,active
CUST001874,ES,Southern Europe,paid_search,2024-01-07,2024-11-30,2025-12-06,3,1770.12,590.04,371,active
CUST000155,SE,Nordic,paid_search,2023-02-21,2024-11-30,2025-12-18,5,2119.14,423.83,383,active
CUST000025,GB,Western Europe,organic_search,2023-01-15,2024-11-30,2025-11-25,4,688.10,172.03,360,active
CUST002634,DE,Western Europe,direct,2025-05-21,2024-12-01,2025-11-24,6,862.99,143.83,358,active
CUST000807,IT,Southern Europe,referral,2025-12-08,2024-12-08,2025-05-13,4,385.38,96.35,156,churned
CUST000659,GB,Western Europe,direct,2024-10-04,2024-12-18,2025-08-29,2,1522.86,761.43,254,at_risk
CUST002175,DE,Western Europe,social_media,2023-04-13,2024-12-21,2025-11-01,2,92.93,46.47,315,active
CUST003977,FR,Western Europe,email,2025-05-13,2024-12-27,2025-12-15,7,1292.86,184.69,353,active
CUST002430,IT,Southern Europe,direct,2023-01-31,2024-12-28,2025-12-08,5,1199.78,239.96,345,active
CUST003099,DE,Western Europe,paid_search,2023-10-06,2024-12-28,2025-11-20,5,1275.99,255.2,327,active
CUST000780,GB,Western Europe,social_media,2023-11-04,2024-12-29,2025-07-08,2,119.57,59.79,191,at_risk
CUST002523,FR,Western Europe,referral,2023-10-16,2024-12-29,2025-12-28,9,1215.14,135.02,364,active
CUST001327,DE,Western Europe,paid_search,2023-06-20,2025-01-01,2025-04-17,2,73.05,36.53,106,churned
CUST000701,GB,Western Europe,organic_search,2025-08-20,2025-01-07,2025-09-18,2,51.33,25.67,254,at_risk
CUST000245,DE,Western Europe,paid_search,2024-03-15,2025-01-21,2025-07-22,5,596.92,119.38,182,at_risk
CUST001304,GB,Western Europe,referral,2025-12-17,2025-02-01,2025-11-25,3,1483.46,494.49,297,active
CUST001683,GB,Western Europe,email,2023-06-23,2025-02-02,2025-08-09,2,238.54,119.27,188,at_risk
CUST002342,DE,Western Europe,organic_search,2025-12-18,2025-02-13,2025-11-08,3,118.59,39.53,268,active
CUST002079,SE,Nordic,paid_search,2025-07-01,2025-02-13,2025-02-13,1,47.04,47.04,0,churned
CUST001158,IT,Southern Europe,email,2025-06-04,2025-02-17,2025-02-17,1,138.13,138.13,0,churned
CUST002872,IT,Southern Europe,email,2025-06-22,2025-02-18,2025-12-07,2,724.55,362.28,292,active
CUST000383,GB,Western Europe,paid_search,2023-06-23,2025-02-24,2025-12-16,3,1044.29,348.1,295,active
CUST002663,DE,Western Europe,email,2025-08-02,2025-02-25,2025-12-10,3,1316.64,438.88,288,active
CUST002449,DE,Western Europe,paid_search,2023-09-30,2025-03-02,2025-09-23,5,509.20,101.84,205,at_risk
CUST001043,FR,Western Europe,social_media,2025-05-30,2025-03-04,2025-07-06,2,2732.42,1366.21,124,at_risk
CUST001758,GB,Western Europe,social_media,2023-07-10,2025-04-05,2025-04-05,1,1185.79,1185.79,0,churned
CUST000591,DE,Western Europe,referral,2023-02-20,2025-04-08,2025-12-26,2,355.85,177.93,262,active
CUST003351,DE,Western Europe,social_media,2024-02-11,2025-04-12,2025-12-17,2,978.41,489.21,249,active
CUST002323,GB,Western Europe,paid_search,2024-11-11,2025-04-14,2025-06-27,2,797.22,398.61,74,churned
CUST003837,IT,Southern Europe,direct,2025-06-24,2025-04-20,2025-12-15,2,951.22,475.61,239,active
CUST002395,IT,Southern Europe,email,2025-06-08,2025-06-05,2025-12-27,3,859.82,286.61,205,active
CUST003332,NL,Western Europe,paid_search,2024-06-05,2025-06-19,2025-12-14,3,531.96,177.32,178,active
CUST001558,FR,Western Europe,social_media,2023-10-15,2025-06-24,2025-11-23,2,510.71,255.36,152,active
CUST003474,NL,Western Europe,referral,2024-02-17,2025-06-25,2025-11-23,3,835.36,278.45,151,active
CUST003441,FR,Western Europe,direct,2023-12-01,2025-07-09,2025-12-11,5,1370.15,274.03,155,active
CUST001397,FR,Western Europe,email,2025-12-14,2025-07-14,2025-12-21,2,384.91,192.46,160,active
CUST002432,ES,Southern Europe,organic_search,2023-10-12,2025-07-23,2025-12-28,4,1075.82,268.96,158,active
CUST002699,ES,Southern Europe,organic_search,2023-10-19,2025-09-18,2025-10-28,3,1153.36,384.45,40,active
CUST003617,GB,Western Europe,referral,2024-05-01,2025-09-28,2025-12-13,2,85.25,42.63,76,active
CUST000576,IT,Southern Europe,direct,2023-11-26,2024-01-01,2025-07-01,7,1610.85,230.12,547,churned
CUST002435,SE,Nordic,social_media,2025-06-06,2024-01-01,2025-11-21,3,2264.25,754.75,690,active
CUST002161,NL,Western Europe,social_media,2023-02-05,2024-01-03,2025-08-18,5,1575.13,315.03,593,at_risk
CUST003516,IT,Southern Europe,paid_search,2025-06-18,2024-01-04,2025-07-06,4,1453.08,363.27,549,at_risk
CUST000610,NL,Western Europe,social_media,2024-10-03,2024-01-04,2025-09-01,6,1643.27,273.88,606,at_risk
CUST001151,NL,Western Europe,referral,2024-07-29,2024-01-05,2025-12-25,11,2148.84,195.35,720,active
CUST002291,GB,Western Europe,paid_search,2025-02-26,2024-01-06,2025-12-07,4,870.15,217.54,701,active
CUST003882,NL,Western Europe,referral,2023-02-21,2024-01-06,2025-11-30,7,2011.90,287.41,694,active
CUST001217,DE,Western Europe,paid_search,2025-10-26,2024-01-07,2025-11-30,5,371.64,74.33,693,active
CUST002788,DE,Western Europe,paid_search,2025-12-19,2024-01-08,2025-12-08,5,707.40,141.48,700,active
CUST003581,GB,Western Europe,referral,2025-04-21,2024-01-08,2025-09-01,4,2315.86,578.97,602,at_risk
CUST003358,FR,Western Europe,direct,2025-11-08,2024-01-09,2025-08-16,5,725.14,145.03,585,at_risk
CUST002140,ES,Southern Europe,organic_search,2024-05-09,2024-01-10,2025-12-17,4,2873.03,718.26,707,active
CUST002544,GB,Western Europe,social_media,2023-04-28,2024-01-12,2025-09-17,6,1139.92,189.99,614,at_risk
CUST001227,FR,Western Europe,email,2023-08-23,2024-01-12,2025-10-14,6,2833.59,472.27,641,active
CUST002059,NL,Western Europe,organic_search,2025-12-08,2024-01-12,2025-11-29,5,982.96,196.59,687,active
CUST002856,GB,Western Europe,social_media,2025-03-16,2024-01-14,2025-12-12,7,3040.12,434.3,698,active
CUST002448,DE,Western Europe,direct,2025-03-18,2024-01-16,2025-02-25,3,1909.51,636.5,406,churned
CUST002876,GB,Western Europe,paid_search,2025-09-25,2024-01-16,2025-05-19,3,1812.85,604.28,489,churned
CUST002029,FR,Western Europe,referral,2024-01-14,2024-01-16,2025-11-23,10,2762.98,276.3,677,active
CUST001034,DE,Western Europe,social_media,2025-05-06,2024-01-19,2025-12-21,6,1870.09,311.68,702,active
CUST000306,SE,Nordic,direct,2025-07-24,2024-01-19,2025-12-07,12,3614.93,301.24,688,active
CUST001561,FR,Western Europe,social_media,2024-11-13,2024-01-21,2025-12-01,5,2107.19,421.44,680,active
CUST001003,IT,Southern Europe,email,2025-06-10,2024-01-21,2025-01-03,6,1326.14,221.02,348,churned
CUST001160,DE,Western Europe,referral,2025-12-26,2024-01-21,2025-12-21,6,4994.71,832.45,700,active
CUST000528,FR,Western Europe,direct,2023-01-29,2024-01-22,2025-12-14,9,4264.52,473.84,692,active
CUST000520,DE,Western Europe,social_media,2024-11-18,2024-01-23,2025-11-19,4,1398.24,349.56,666,active
CUST001533,NL,Western Europe,email,2023-12-15,2024-01-24,2025-11-29,6,620.62,103.44,675,active
CUST002939,SE,Nordic,email,2025-08-01,2024-01-24,2025-11-18,5,998.14,199.63,664,active
CUST001956,IT,Southern Europe,direct,2024-01-31,2024-01-24,2025-12-15,9,2501.78,277.98,691,active
CUST003854,IT,Southern Europe,email,2023-09-17,2024-01-25,2025-12-08,9,2485.22,276.14,683,active
CUST002064,GB,Western Europe,direct,2025-01-25,2024-01-26,2025-03-05,3,684.48,228.16,404,churned
CUST003425,ES,Southern Europe,social_media,2025-11-02,2024-01-28,2025-10-28,7,1097.07,156.72,639,active
CUST002590,NL,Western Europe,email,2024-05-24,2024-01-28,2025-12-08,6,3457.36,576.23,680,active
CUST003923,ES,Southern Europe,organic_search,2025-08-01,2024-01-31,2025-04-28,5,2398.18,479.64,453,churned
CUST000679,SE,Nordic,social_media,2025-05-13,2024-02-02,2025-12-15,8,4284.95,535.62,682,active
CUST001813,FR,Western Europe,referral,2025-09-03,2024-02-03,2024-12-21,6,2128.87,354.81,322,churned
CUST002643,ES,Southern Europe,referral,2023-04-03,2024-02-04,2025-09-30,7,5414.65,773.52,604,at_risk
CUST000468,ES,Southern Europe,email,2024-10-22,2024-02-04,2025-12-04,10,880.95,88.1,669,active
CUST000166,ES,Southern Europe,referral,2024-10-25,2024-02-04,2025-09-05,8,1689.04,211.13,579,at_risk
CUST003995,GB,Western Europe,social_media,2024-10-13,2024-02-04,2025-11-03,5,3253.74,650.75,638,active
CUST002724,GB,Western Europe,email,2024-05-12,2024-02-05,2025-12-22,7,2027.41,289.63,686,active
CUST001733,GB,Western Europe,direct,2024-05-20,2024-02-06,2025-11-28,3,479.74,159.91,661,active
CUST003714,GB,Western Europe,paid_search,2025-03-05,2024-02-06,2025-11-23,5,447.79,89.56,656,active
CUST000041,DE,Western Europe,paid_search,2023-09-29,2024-02-06,2025-05-22,6,1102.50,183.75,471,churned
CUST001697,DE,Western Europe,email,2023-12-07,2024-02-07,2025-11-28,7,757.33,108.19,660,active
CUST002921,FR,Western Europe,email,2023-07-04,2024-02-07,2025-12-25,6,2314.29,385.72,687,active
CUST002133,GB,Western Europe,paid_search,2024-09-13,2024-02-08,2025-07-29,5,1360.76,272.15,537,at_risk
CUST002149,GB,Western Europe,direct,2024-02-23,2024-02-09,2025-06-27,6,933.55,155.59,504,churned
CUST000386,ES,Southern Europe,social_media,2025-09-29,2024-02-10,2024-12-29,2,465.36,232.68,323,churned
CUST003177,NL,Western Europe,direct,2025-10-29,2024-02-10,2025-09-12,6,1712.49,285.42,580,at_risk
CUST002712,GB,Western Europe,direct,2023-12-23,2024-02-12,2025-04-02,5,924.45,184.89,415,churned
CUST003811,NL,Western Europe,social_media,2025-10-06,2024-02-13,2025-01-28,4,2629.98,657.5,350,churned
CUST000911,GB,Western Europe,direct,2023-10-11,2024-02-14,2025-11-24,8,1617.51,202.19,649,active
CUST003270,NL,Western Europe,referral,2024-07-02,2024-02-16,2025-11-17,3,218.41,72.8,640,active
CUST000908,FR,Western Europe,paid_search,2024-05-07,2024-02-16,2025-08-23,3,1057.05,352.35,554,at_risk
CUST000317,FR,Western Europe,referral,2025-10-28,2024-02-17,2025-12-07,3,548.05,182.68,659,active
CUST001178,DE,Western Europe,organic_search,2024-09-05,2024-02-18,2025-11-17,8,1616.29,202.04,638,active
CUST001578,GB,Western Europe,referral,2025-11-04,2024-02-19,2025-12-29,5,1712.85,342.57,679,active
CUST003409,DE,Western Europe,direct,2025-08-17,2024-02-21,2025-10-22,6,1868.06,311.34,609,active
CUST001131,NL,Western Europe,social_media,2024-11-27,2024-02-23,2025-04-06,4,2271.38,567.85,408,churned
CUST000397,ES,Southern Europe,paid_search,2023-05-02,2024-02-23,2025-11-03,4,1290.31,322.58,619,active
CUST003335,IT,Southern Europe,email,2024-09-01,2024-02-24,2025-04-06,4,293.21,73.3,407,churned
CUST003266,DE,Western Europe,social_media,2025-07-07,2024-02-24,2025-10-26,5,1612.21,322.44,610,active
CUST003070,NL,Western Europe,referral,2023-10-02,2024-02-25,2025-12-08,6,2682.95,447.16,652,active
CUST003791,DE,Western Europe,referral,2024-01-19,2024-02-25,2025-12-22,11,4090.57,371.87,666,active
CUST003881,GB,Western Europe,email,2023-08-07,2024-02-27,2025-09-21,6,1399.62,233.27,572,at_risk
CUST003066,FR,Western Europe,referral,2023-10-18,2024-02-27,2025-12-08,5,1093.75,218.75,650,active
CUST003124,GB,Western Europe,referral,2023-09-11,2024-03-01,2025-04-30,3,858.61,286.2,425,churned
CUST003347,FR,Western Europe,referral,2024-10-13,2024-03-03,2025-12-24,6,2157.03,359.51,661,active
CUST001549,DE,Western Europe,referral,2023-01-02,2024-03-07,2025-04-01,5,1248.57,249.71,390,churned
CUST002344,FR,Western Europe,paid_search,2025-04-14,2024-03-09,2025-12-09,7,1072.82,153.26,640,active
CUST001800,DE,Western Europe,direct,2024-05-16,2024-03-10,2025-02-22,4,813.82,203.46,349,churned
CUST003511,FR,Western Europe,email,2023-10-19,2024-03-10,2025-07-23,9,3278.52,364.28,500,at_risk
CUST002131,DE,Western Europe,email,2023-03-23,2024-03-12,2025-06-04,3,546.47,182.16,449,churned
CUST001996,NL,Western Europe,social_media,2025-01-14,2024-03-12,2025-12-23,5,711.78,142.36,651,active
CUST002937,ES,Southern Europe,direct,2023-01-13,2024-03-13,2025-12-16,10,1982.50,198.25,643,active
CUST003636,GB,Western Europe,paid_search,2024-04-12,2024-03-13,2025-06-27,4,1106.42,276.61,471,churned
CUST001825,GB,Western Europe,referral,2024-02-09,2024-03-13,2025-11-24,5,351.02,70.2,621,active
CUST002820,FR,Western Europe,paid_search,2024-03-09,2024-03-14,2025-07-28,4,1623.06,405.77,501,at_risk
CUST000318,DE,Western Europe,email,2024-04-30,2024-03-16,2025-12-27,10,1600.83,160.08,651,active
CUST002744,DE,Western Europe,organic_search,2023-01-21,2024-03-18,2025-11-15,7,1217.67,173.95,607,active
CUST003582,ES,Southern Europe,referral,2025-04-25,2024-03-19,2025-09-14,3,2734.53,911.51,544,at_risk
CUST003407,ES,Southern Europe,social_media,2024-11-07,2024-03-19,2025-04-26,3,1366.25,455.42,403,churned
CUST001350,DE,Western Europe,organic_search,2024-03-21,2024-03-24,2025-06-05,3,687.43,229.14,438,churned
CUST002828,DE,Western Europe,paid_search,2024-02-20,2024-03-24,2025-09-17,4,850.27,212.57,542,at_risk
CUST003112,DE,Western Europe,email,2024-09-25,2024-03-25,2025-12-08,3,573.84,191.28,623,active
CUST003338,ES,Southern Europe,organic_search,2024-10-20,2024-03-25,2025-07-24,4,1628.31,407.08,486,at_risk
CUST001336,NL,Western Europe,paid_search,2025-09-03,2024-03-26,2025-11-25,6,3368.74,561.46,609,active
CUST001352,GB,Western Europe,organic_search,2023-01-11,2024-03-26,2025-08-23,3,1619.34,539.78,515,at_risk
CUST000045,FR,Western Europe,email,2025-11-01,2024-03-26,2025-12-27,7,2238.32,319.76,641,active
CUST001532,GB,Western Europe,direct,2024-01-15,2024-03-27,2025-11-27,6,2715.53,452.59,610,active
CUST000074,ES,Southern Europe,email,2023-11-09,2024-03-27,2025-07-02,3,155.08,51.69,462,churned
CUST001760,GB,Western Europe,email,2025-08-10,2024-03-28,2025-10-07,8,4271.68,533.96,558,active
CUST002896,IT,Southern Europe,organic_search,2025-11-07,2024-03-28,2025-12-10,5,879.23,175.85,622,active
CUST002388,GB,Western Europe,organic_search,2023-10-17,2024-03-29,2025-11-21,8,714.73,89.34,602,active
CUST000756,ES,Southern Europe,referral,2023-02-07,2024-03-30,2025-12-17,5,898.95,179.79,627,active
CUST001398,DE,Western Europe,paid_search,2023-02-12,2024-03-30,2025-10-05,5,1657.95,331.59,554,active
CUST001926,DE,Western Europe,direct,2023-12-31,2024-04-06,2025-11-26,6,2860.82,476.8,599,active
CUST001265,DE,Western Europe,email,2023-01-26,2024-04-07,2024-12-01,3,227.76,75.92,238,churned
CUST002377,FR,Western Europe,organic_search,2024-03-07,2024-04-10,2025-12-16,9,4501.89,500.21,615,active
CUST001560,IT,Southern Europe,direct,2025-11-26,2024-04-13,2024-12-22,4,2360.62,590.16,253,churned
CUST000410,DE,Western Europe,social_media,2023-07-02,2024-04-13,2025-10-13,4,462.55,115.64,548,active
CUST000213,NL,Western Europe,paid_search,2023-12-06,2024-04-14,2025-12-30,11,6504.50,591.32,625,active
CUST003190,ES,Southern Europe,referral,2024-04-21,2024-04-14,2025-06-14,5,1827.15,365.43,426,churned
CUST002790,SE,Nordic,organic_search,2024-02-04,2024-04-16,2025-12-12,6,1769.82,294.97,605,active
CUST001540,GB,Western Europe,email,2023-08-19,2024-04-17,2025-05-30,3,1773.32,591.11,408,churned
CUST003188,FR,Western Europe,organic_search,2025-05-22,2024-04-18,2025-04-24,5,776.88,155.38,371,churned
CUST001132,GB,Western Europe,social_media,2023-08-23,2024-04-19,2025-12-28,4,629.37,157.34,618,active
CUST003652,FR,Western Europe,organic_search,2024-04-23,2024-04-23,2025-08-03,6,1598.86,266.48,467,at_risk
CUST002293,DE,Western Europe,social_media,2025-04-06,2024-04-23,2025-12-17,9,1822.44,202.49,603,active
CUST001749,ES,Southern Europe,paid_search,2024-12-09,2024-04-24,2025-11-07,7,1555.72,222.25,562,active
CUST001730,GB,Western Europe,direct,2024-09-29,2024-04-25,2025-12-16,4,1385.61,346.4,600,active
CUST002022,GB,Western Europe,paid_search,2023-08-08,2024-04-25,2025-07-07,7,2224.46,317.78,438,at_risk
CUST001133,DE,Western Europe,social_media,2023-11-12,2024-04-26,2025-03-23,4,944.61,236.15,331,churned
CUST001206,ES,Southern Europe,referral,2024-03-05,2024-04-27,2025-11-01,4,2210.91,552.73,553,active
CUST000954,IT,Southern Europe,social_media,2024-07-09,2024-04-27,2025-12-13,3,556.00,185.33,595,active
CUST003144,GB,Western Europe,social_media,2024-05-29,2024-04-27,2025-06-21,4,1906.65,476.66,420,churned
CUST001530,GB,Western Europe,paid_search,2025-03-13,2024-04-28,2025-05-05,4,1092.97,273.24,372,churned
CUST000846,FR,Western Europe,referral,2023-12-10,2024-04-29,2025-03-15,4,1971.92,492.98,320,churned
CUST001617,SE,Nordic,organic_search,2025-06-07,2024-05-01,2025-12-19,4,2268.97,567.24,597,active
CUST002447,FR,Western Europe,email,2024-12-02,2024-05-02,2025-09-18,4,424.32,106.08,504,at_risk
CUST003942,IT,Southern Europe,paid_search,2024-08-25,2024-05-05,2025-12-12,4,2148.82,537.21,586,active
CUST001751,GB,Western Europe,paid_search,2023-11-12,2024-05-07,2025-12-08,5,1689.60,337.92,580,active
CUST003413,DE,Western Europe,paid_search,2024-03-06,2024-05-08,2025-07-10,4,1333.38,333.35,428,at_risk
CUST003780,IT,Southern Europe,social_media,2025-07-28,2024-05-09,2025-10-21,7,3250.42,464.35,530,active
CUST000596,GB,Western Europe,paid_search,2023-05-31,2024-05-10,2025-12-16,5,552.74,110.55,585,active
CUST003816,GB,Western Europe,email,2025-11-26,2024-05-11,2025-12-12,6,2231.35,371.89,580,active
CUST003698,NL,Western Europe,paid_search,2025-04-21,2024-05-14,2025-12-15,2,762.10,381.05,580,active
CUST000902,DE,Western Europe,social_media,2025-08-11,2024-05-16,2025-12-01,8,2415.95,301.99,564,active
CUST001618,NL,Western Europe,direct,2024-08-11,2024-05-17,2025-11-06,7,4822.20,688.89,538,active
CUST000776,DE,Western Europe,paid_search,2024-10-24,2024-05-22,2025-01-08,4,997.01,249.25,231,churned
CUST002324,FR,Western Europe,organic_search,2024-03-27,2024-05-22,2025-10-22,7,1324.08,189.15,518,active
CUST002272,FR,Western Europe,paid_search,2024-06-25,2024-05-22,2025-12-29,6,1895.69,315.95,586,active
CUST001928,GB,Western Europe,email,2024-08-24,2024-05-29,2025-11-09,5,333.84,66.77,529,active
CUST002201,SE,Nordic,paid_search,2025-03-18,2024-06-01,2025-09-13,4,801.82,200.46,469,at_risk
CUST001441,SE,Nordic,email,2024-12-24,2024-06-01,2025-11-05,5,1933.94,386.79,522,active
CUST000304,GB,Western Europe,paid_search,2023-11-03,2024-06-03,2025-08-17,5,2405.23,481.05,440,at_risk
CUST000726,ES,Southern Europe,direct,2023-08-02,2024-06-05,2025-11-01,7,2101.23,300.18,514,active
CUST002512,IT,Southern Europe,referral,2023-03-07,2024-06-08,2024-12-24,3,226.73,75.58,199,churned
CUST000556,FR,Western Europe,paid_search,2025-10-03,2024-06-09,2025-07-03,3,323.40,107.8,389,churned
CUST002280,DE,Western Europe,email,2024-04-17,2024-06-15,2025-12-19,9,1202.80,133.64,552,active
CUST002214,SE,Nordic,paid_search,2025-10-04,2024-06-17,2025-11-04,2,660.47,330.24,505,active
CUST002670,FR,Western Europe,direct,2023-10-17,2024-06-18,2025-12-18,3,2290.83,763.61,548,active
CUST000319,DE,Western Europe,direct,2024-07-17,2024-06-20,2025-12-13,7,1219.53,174.22,541,active
CUST001732,GB,Western Europe,email,2023-02-11,2024-06-20,2025-11-15,6,3457.81,576.3,513,active
CUST001383,SE,Nordic,referral,2023-01-08,2024-06-21,2025-12-27,5,949.16,189.83,554,active
CUST000385,NL,Western Europe,paid_search,2025-09-23,2024-06-24,2025-12-08,5,2036.02,407.2,532,active
CUST001531,FR,Western Europe,organic_search,2024-02-21,2024-06-25,2025-06-07,3,1971.40,657.13,347,churned
CUST002577,SE,Nordic,email,2025-12-30,2024-06-26,2025-12-09,5,1211.40,242.28,531,active
CUST003375,ES,Southern Europe,paid_search,2024-08-27,2024-07-02,2025-07-07,5,510.15,102.03,370,at_risk
CUST003400,GB,Western Europe,paid_search,2023-05-26,2024-07-03,2025-12-29,4,238.45,59.61,544,active
CUST001807,NL,Western Europe,direct,2024-06-16,2024-07-06,2024-10-08,3,543.24,181.08,94,churned
CUST001627,DE,Western Europe,organic_search,2023-03-20,2024-07-06,2025-12-03,4,2295.55,573.89,515,active
CUST002524,FR,Western Europe,referral,2025-09-08,2024-07-08,2025-11-18,9,1686.42,187.38,498,active
CUST001665,SE,Nordic,email,2025-11-23,2024-07-11,2025-09-04,4,2370.66,592.67,420,at_risk
CUST003348,DE,Western Europe,direct,2025-04-08,2024-07-17,2025-12-21,5,2013.55,402.71,522,active
CUST002160,NL,Western Europe,email,2023-11-07,2024-07-21,2025-03-18,4,950.30,237.58,240,churned
CUST000715,FR,Western Europe,social_media,2025-11-02,2024-07-23,2025-10-24,7,2045.73,292.25,458,active
CUST000845,DE,Western Europe,social_media,2025-11-15,2024-07-25,2025-11-07,6,2028.37,338.06,470,active
CUST003802,IT,Southern Europe,organic_search,2024-02-06,2024-07-28,2025-10-15,4,1178.95,294.74,444,active
CUST001161,ES,Southern Europe,paid_search,2024-04-07,2024-07-30,2025-01-29,2,2368.80,1184.4,183,churned
CUST001286,GB,Western Europe,email,2023-09-19,2024-07-31,2025-09-28,2,622.79,311.4,424,at_risk
CUST000046,NL,Western Europe,paid_search,2023-04-01,2024-07-31,2025-12-29,7,3267.49,466.78,516,active
CUST001099,ES,Southern Europe,organic_search,2024-10-06,2024-08-02,2025-12-25,5,888.08,177.62,510,active
CUST002132,DE,Western Europe,social_media,2025-01-31,2024-08-02,2025-02-06,2,868.48,434.24,188,churned
CUST000981,FR,Western Europe,email,2025-11-30,2024-08-04,2025-12-14,5,1051.13,210.23,497,active
CUST002588,NL,Western Europe,organic_search,2023-10-25,2024-08-07,2025-12-25,6,1061.24,176.87,505,active
CUST001474,FR,Western Europe,referral,2023-03-08,2024-08-11,2025-11-03,6,1785.63,297.61,449,active
CUST003701,GB,Western Europe,paid_search,2025-05-07,2024-08-11,2025-11-14,10,934.22,93.42,460,active
CUST003502,ES,Southern Europe,direct,2024-11-23,2024-08-18,2025-08-24,7,3286.92,469.56,371,at_risk
CUST001606,GB,Western Europe,organic_search,2023-09-23,2024-08-22,2024-10-23,2,54.88,27.44,62,churned
CUST002284,DE,Western Europe,direct,2024-02-17,2024-08-22,2025-10-11,5,1660.48,332.1,415,active
CUST001740,FR,Western Europe,social_media,2025-11-24,2024-08-23,2025-12-21,6,1902.41,317.07,485,active
CUST001761,GB,Western Europe,organic_search,2023-11-26,2024-08-25,2025-12-27,4,671.72,167.93,489,active
CUST000170,GB,Western Europe,social_media,2023-05-31,2024-08-27,2025-12-15,7,1572.41,224.63,475,active
CUST002969,IT,Southern Europe,organic_search,2024-04-28,2024-08-28,2025-12-18,8,4861.21,607.65,477,active
CUST001731,FR,Western Europe,paid_search,2025-08-06,2024-08-29,2025-12-20,7,850.14,121.45,478,active
CUST000982,ES,Southern Europe,organic_search,2025-10-30,2024-08-31,2025-12-28,3,522.03,174.01,484,active
CUST002777,DE,Western Europe,paid_search,2025-02-19,2024-09-02,2025-06-21,4,1041.39,260.35,292,churned
CUST001778,FR,Western Europe,social_media,2024-07-12,2024-09-05,2025-12-15,6,2160.22,360.04,466,active
CUST002289,GB,Western Europe,email,2024-04-04,2024-09-08,2025-12-07,8,1816.04,227.01,455,active
CUST000515,DE,Western Europe,social_media,2023-04-27,2024-09-09,2025-09-15,5,3130.70,626.14,371,at_risk
CUST001685,DE,Western Europe,direct,2024-02-02,2024-09-11,2025-10-18,3,1152.73,384.24,402,active
CUST001063,ES,Southern Europe,organic_search,2024-05-24,2024-09-15,2025-12-01,3,1651.45,550.48,442,active
CUST001140,GB,Western Europe,email,2025-05-17,2024-09-16,2025-12-30,4,418.38,104.6,470,active
CUST000668,DE,Western Europe,paid_search,2024-06-22,2024-09-20,2025-10-22,4,1929.33,482.33,397,active
CUST002905,GB,Western Europe,paid_search,2024-10-08,2024-09-20,2025-07-27,5,762.32,152.46,310,at_risk
CUST000365,IT,Southern Europe,paid_search,2024-07-28,2024-09-20,2025-10-27,3,445.61,148.54,402,active
CUST000225,FR,Western Europe,direct,2023-05-09,2024-09-22,2025-05-20,4,415.23,103.81,240,churned
CUST003808,FR,Western Europe,organic_search,2025-07-13,2024-09-22,2025-10-19,3,2421.71,807.24,392,active
CUST003784,ES,Southern Europe,direct,2023-10-14,2024-09-23,2025-11-17,5,749.37,149.87,420,active
CUST000200,ES,Southern Europe,social_media,2024-09-12,2024-10-02,2025-11-21,5,1703.77,340.75,415,active
CUST000841,DE,Western Europe,referral,2025-04-21,2024-10-06,2025-12-23,7,950.25,135.75,443,active
CUST000874,FR,Western Europe,social_media,2023-04-24,2024-10-06,2025-07-26,3,1756.82,585.61,293,at_risk
CUST002967,NL,Western Europe,paid_search,2024-10-24,2024-10-07,2025-12-28,5,3177.16,635.43,447,active
CUST001976,IT,Southern Europe,organic_search,2024-08-06,2024-10-08,2025-10-23,4,1182.97,295.74,380,active
CUST003243,GB,Western Europe,paid_search,2024-05-30,2024-10-10,2025-05-12,3,769.72,256.57,214,churned
CUST000143,GB,Western Europe,email,2023-11-20,2024-10-12,2024-12-04,2,1272.30,636.15,53,churned
CUST002487,GB,Western Europe,direct,2023-12-26,2024-10-13,2025-06-18,6,3099.37,516.56,248,churned
CUST002971,FR,Western Europe,paid_search,2025-02-01,2024-10-13,2025-07-27,3,474.02,158.01,287,at_risk
CUST001392,DE,Western Europe,email,2025-06-24,2024-10-17,2025-10-04,7,2436.51,348.07,352,active
CUST003692,GB,Western Europe,direct,2025-09-07,2024-10-22,2025-11-19,3,831.10,277.03,393,active
CUST002473,IT,Southern Europe,direct,2024-03-02,2024-10-27,2025-12-28,6,2256.78,376.13,427,active
CUST001285,FR,Western Europe,referral,2025-02-27,2024-11-03,2025-10-19,3,1395.43,465.14,350,active
CUST001149,ES,Southern Europe,direct,2025-02-09,2024-11-03,2025-08-17,5,1743.16,348.63,287,at_risk
CUST000327,GB,Western Europe,direct,2024-01-25,2024-11-06,2025-06-24,3,1634.74,544.91,230,churned
CUST000728,ES,Southern Europe,paid_search,2025-01-31,2024-11-07,2024-12-21,2,103.16,51.58,44,churned
CUST002130,FR,Western Europe,email,2025-02-03,2024-11-08,2025-08-09,5,1315.25,263.05,274,at_risk
CUST001915,FR,Western Europe,email,2025-03-17,2024-11-12,2025-11-19,4,2215.06,553.77,372,active
CUST003772,IT,Southern Europe,email,2024-04-25,2024-11-12,2025-07-29,3,1010.37,336.79,259,at_risk
CUST003650,SE,Nordic,paid_search,2025-05-30,2024-11-13,2025-05-31,6,777.35,129.56,199,churned
CUST003554,GB,Western Europe,email,2025-05-16,2024-11-14,2025-12-28,6,1118.57,186.43,409,active
CUST003357,NL,Western Europe,organic_search,2023-06-10,2024-11-14,2025-12-01,4,520.09,130.02,382,active
CUST000209,DE,Western Europe,referral,2023-09-19,2024-11-14,2025-12-30,5,936.16,187.23,411,active
CUST002458,GB,Western Europe,social_media,2024-04-28,2024-11-17,2024-11-17,1,39.05,39.05,0,churned
CUST002390,NL,Western Europe,direct,2023-03-04,2024-11-18,2025-12-26,2,428.06,214.03,403,active
CUST003683,ES,Southern Europe,referral,2025-09-03,2024-11-19,2025-12-16,4,819.60,204.9,392,active
CUST001686,ES,Southern Europe,referral,2024-09-10,2024-11-21,2025-11-27,5,1323.51,264.7,371,active
CUST001218,NL,Western Europe,referral,2023-05-12,2024-11-23,2025-12-10,3,1041.13,347.04,382,active
CUST001604,FR,Western Europe,paid_search,2023-01-31,2024-11-30,2025-11-05,4,450.53,112.63,340,active
CUST003793,GB,Western Europe,social_media,2024-10-24,2024-11-30,2025-12-23,7,1157.64,165.38,388,active
CUST000526,GB,Western Europe,direct,2025-09-29,2024-12-03,2025-12-25,4,606.96,151.74,387,active
CUST000207,DE,Western Europe,direct,2024-11-13,2024-12-04,2025-03-04,3,1556.67,518.89,90,churned
CUST002666,FR,Western Europe,referral,2025-04-04,2024-12-07,2025-09-08,5,1680.55,336.11,275,at_risk
CUST001297,DE,Western Europe,email,2024-10-09,2024-12-15,2025-04-10,2,222.65,111.33,116,churned
CUST002178,GB,Western Europe,paid_search,2024-08-13,2024-12-21,2025-06-15,2,448.20,224.1,176,churned
CUST001055,SE,Nordic,email,2025-02-20,2024-12-22,2025-05-01,2,262.80,131.4,130,churned
CUST001809,DE,Western Europe,paid_search,2025-01-29,2024-12-24,2025-11-13,2,453.95,226.98,324,active
CUST001446,DE,Western Europe,social_media,2024-05-16,2024-12-27,2025-10-20,2,127.74,63.87,297,active
CUST003508,GB,Western Europe,paid_search,2023-11-09,2025-01-02,2025-01-02,1,54.35,54.35,0,churned
CUST001619,GB,Western Europe,organic_search,2023-11-29,2025-01-03,2025-01-03,1,1229.22,1229.22,0,churned
CUST002062,GB,Western Europe,paid_search,2025-06-28,2025-01-03,2025-01-03,1,92.10,92.1,0,churned
CUST001551,SE,Nordic,direct,2024-08-18,2025-01-09,2025-01-09,1,62.45,62.45,0,churned
CUST001445,ES,Southern Europe,direct,2025-11-02,2025-01-19,2025-10-07,6,3092.72,515.45,261,active
CUST002826,ES,Southern Europe,social_media,2023-09-28,2025-01-23,2025-08-30,3,1830.86,610.29,219,at_risk
CUST001130,FR,Western Europe,email,2023-06-23,2025-02-14,2025-11-18,2,730.36,365.18,277,active
CUST002457,FR,Western Europe,referral,2023-08-20,2025-02-16,2025-12-03,2,2215.50,1107.75,290,active
CUST002475,GB,Western Europe,direct,2025-03-01,2025-02-21,2025-02-21,1,386.71,386.71,0,churned
CUST000796,IT,Southern Europe,referral,2024-02-17,2025-04-01,2025-04-01,1,38.36,38.36,0,churned
CUST001920,FR,Western Europe,email,2024-03-04,2025-04-07,2025-07-03,2,269.92,134.96,87,churned
CUST003373,FR,Western Europe,social_media,2023-07-17,2025-04-08,2025-12-14,3,870.62,290.21,250,active
CUST002438,FR,Western Europe,email,2023-07-07,2025-05-03,2025-05-24,3,889.28,296.43,21,churned
CUST000479,SE,Nordic,email,2024-11-23,2025-05-11,2025-12-25,5,603.07,120.61,228,active
CUST002815,GB,Western Europe,direct,2025-02-28,2025-05-15,2025-07-17,2,737.90,368.95,63,at_risk
CUST002312,IT,Southern Europe,paid_search,2024-09-05,2025-05-18,2025-08-19,2,836.26,418.13,93,at_risk
CUST002994,FR,Western Europe,direct,2025-03-22,2025-05-29,2025-12-18,4,733.29,183.32,203,active
CUST001219,NL,Western Europe,email,2025-07-31,2025-06-02,2025-08-20,2,954.21,477.11,79,at_risk
CUST000720,NL,Western Europe,paid_search,2023-04-11,2025-08-17,2025-08-17,1,21.97,21.97,0,at_risk
CUST000916,FR,Western Europe,direct,2025-09-06,2025-09-14,2025-11-18,3,416.70,138.9,65,active
CUST001204,FR,Western Europe,direct,2024-03-05,2025-10-05,2025-10-05,1,166.98,166.98,0,active
CUST002953,NL,Western Europe,organic_search,2023-03-22,2025-10-05,2025-12-12,2,554.03,277.02,68,active
CUST003387,DE,Western Europe,direct,2023-10-21,2025-11-04,2025-12-28,2,57.54,28.77,54,active
CUST003789,DE,Western Europe,direct,2023-11-22,2025-11-04,2025-12-14,3,2634.39,878.13,40,active
CUST002151,FR,Western Europe,email,2025-02-06,2025-12-07,2025-12-07,1,860.14,860.14,0,active
CUST003043,DE,Western Europe,organic_search,2023-09-30,2025-12-10,2025-12-10,1,933.15,933.15,0,active
CUST001844,GB,Western Europe,paid_search,2024-12-02,2024-01-03,2025-07-11,5,1845.70,369.14,555,at_risk
CUST001232,DE,Western Europe,direct,2025-06-24,2024-01-03,2025-10-26,8,1851.76,231.47,662,active
CUST003053,FR,Western Europe,organic_search,2025-12-12,2024-01-04,2025-08-05,5,1242.04,248.41,579,at_risk
CUST001877,GB,Western Europe,organic_search,2025-02-11,2024-01-04,2025-12-07,6,1260.86,210.14,703,active
CUST001640,IT,Southern Europe,paid_search,2024-04-16,2024-01-04,2025-12-18,10,2048.92,204.89,714,active
CUST002309,DE,Western Europe,direct,2024-07-17,2024-01-05,2025-06-16,5,1304.62,260.92,528,churned
CUST003673,NL,Western Europe,social_media,2023-01-05,2024-01-05,2025-01-22,4,1417.60,354.4,383,churned
CUST001649,ES,Southern Europe,email,2023-11-08,2024-01-05,2025-07-14,4,673.02,168.26,556,at_risk
CUST002300,FR,Western Europe,organic_search,2023-06-06,2024-01-06,2024-09-27,5,807.28,161.46,265,churned
CUST002483,IT,Southern Europe,social_media,2023-12-29,2024-01-07,2025-12-28,6,2737.97,456.33,721,active
CUST003267,GB,Western Europe,organic_search,2024-04-06,2024-01-08,2025-10-31,4,365.98,91.5,662,active
CUST002694,GB,Western Europe,social_media,2024-07-20,2024-01-08,2025-09-21,3,1277.49,425.83,622,at_risk
CUST001117,DE,Western Europe,social_media,2024-03-11,2024-01-09,2025-11-29,7,1629.14,232.73,690,active
CUST001165,DE,Western Europe,organic_search,2023-07-15,2024-01-10,2025-04-29,6,3367.62,561.27,475,churned
CUST003100,FR,Western Europe,organic_search,2024-09-30,2024-01-11,2025-04-21,9,3651.65,405.74,466,churned
CUST001357,IT,Southern Europe,social_media,2023-08-15,2024-01-11,2024-07-14,2,82.00,41.0,185,churned
CUST003534,FR,Western Europe,direct,2025-05-17,2024-01-12,2025-12-26,6,1589.27,264.88,714,active
CUST002119,DE,Western Europe,direct,2024-03-19,2024-01-13,2025-06-23,6,1558.75,259.79,527,churned
CUST003647,GB,Western Europe,email,2025-06-29,2024-01-13,2025-12-10,5,1308.71,261.74,697,active
CUST000691,FR,Western Europe,email,2024-12-05,2024-01-13,2024-11-16,3,1950.30,650.1,308,churned
CUST000955,FR,Western Europe,paid_search,2023-01-27,2024-01-14,2025-11-04,6,1148.94,191.49,660,active
CUST000601,DE,Western Europe,referral,2023-11-17,2024-01-15,2025-09-21,7,2469.46,352.78,615,at_risk
CUST000333,DE,Western Europe,email,2024-06-11,2024-01-16,2025-12-13,6,3231.19,538.53,697,active
CUST002492,DE,Western Europe,direct,2024-06-30,2024-01-16,2025-09-10,4,1071.13,267.78,603,at_risk
CUST003237,DE,Western Europe,email,2023-12-18,2024-01-18,2025-12-29,5,1131.94,226.39,711,active
CUST001011,DE,Western Europe,social_media,2025-10-13,2024-01-19,2025-07-28,6,3362.97,560.5,556,at_risk
CUST002185,NL,Western Europe,direct,2025-03-19,2024-01-20,2025-09-06,8,1749.02,218.63,595,at_risk
CUST002127,GB,Western Europe,email,2023-08-06,2024-01-20,2025-11-30,8,3654.39,456.8,680,active
CUST000934,GB,Western Europe,organic_search,2024-09-22,2024-01-25,2025-10-22,7,1240.45,177.21,636,active
CUST001964,FR,Western Europe,email,2024-10-04,2024-01-26,2025-09-24,6,1734.21,289.04,607,at_risk
CUST002210,IT,Southern Europe,direct,2023-11-10,2024-01-27,2025-11-23,4,1208.76,302.19,666,active
CUST002862,FR,Western Europe,email,2025-04-12,2024-01-27,2025-11-14,7,1211.59,173.08,657,active
CUST000491,GB,Western Europe,direct,2023-03-29,2024-01-29,2025-04-05,5,566.11,113.22,432,churned
CUST001719,SE,Nordic,organic_search,2025-01-25,2024-01-30,2025-12-09,12,3972.59,331.05,679,active
CUST003503,SE,Nordic,social_media,2023-12-16,2024-02-01,2025-08-21,4,366.98,91.75,567,at_risk
CUST001630,GB,Western Europe,direct,2024-02-22,2024-02-01,2025-12-28,6,1116.60,186.1,696,active
CUST003648,FR,Western Europe,social_media,2024-10-15,2024-02-03,2025-11-25,6,1222.13,203.69,661,active
CUST001660,FR,Western Europe,social_media,2024-12-25,2024-02-03,2025-05-13,4,1003.32,250.83,465,churned
CUST000212,NL,Western Europe,paid_search,2024-11-20,2024-02-08,2025-10-03,6,1310.45,218.41,603,active
CUST002056,NL,Western Europe,email,2024-05-20,2024-02-08,2025-12-16,5,1208.24,241.65,677,active
CUST003221,GB,Western Europe,organic_search,2023-07-10,2024-02-09,2025-07-27,7,2021.50,288.79,534,at_risk
CUST002653,FR,Western Europe,referral,2024-10-25,2024-02-10,2025-11-08,5,1947.96,389.59,637,active
CUST001348,FR,Western Europe,referral,2025-02-03,2024-02-10,2025-09-28,5,1914.97,382.99,596,at_risk
CUST001118,IT,Southern Europe,paid_search,2025-04-16,2024-02-10,2025-06-29,5,1679.59,335.92,505,churned
CUST000121,ES,Southern Europe,organic_search,2023-08-26,2024-02-10,2025-11-07,6,1655.67,275.95,636,active
CUST001633,NL,Western Europe,social_media,2023-11-04,2024-02-10,2025-11-30,4,1584.60,396.15,659,active
CUST000095,ES,Southern Europe,direct,2023-06-25,2024-02-11,2025-06-11,2,157.64,78.82,486,churned
CUST003635,DE,Western Europe,referral,2023-01-03,2024-02-13,2025-12-09,4,383.79,95.95,665,active
CUST003069,FR,Western Europe,social_media,2023-09-25,2024-02-13,2025-12-13,6,2457.20,409.53,669,active
CUST000722,DE,Western Europe,social_media,2023-04-30,2024-02-13,2025-03-05,4,1156.92,289.23,386,churned
CUST001387,ES,Southern Europe,social_media,2025-12-30,2024-02-13,2024-10-11,2,982.09,491.05,241,churned
CUST000224,FR,Western Europe,email,2023-08-16,2024-02-15,2025-12-11,4,759.88,189.97,665,active
CUST001119,FR,Western Europe,paid_search,2025-01-30,2024-02-16,2025-12-04,4,2126.19,531.55,657,active
CUST003269,GB,Western Europe,social_media,2023-01-07,2024-02-17,2025-12-28,5,1369.40,273.88,680,active
CUST001251,ES,Southern Europe,paid_search,2023-10-17,2024-02-17,2025-11-25,5,1213.50,242.7,647,active
CUST003657,FR,Western Europe,social_media,2023-01-19,2024-02-17,2025-12-23,8,2737.91,342.24,675,active
CUST003599,FR,Western Europe,referral,2024-07-14,2024-02-18,2025-05-27,5,2681.56,536.31,464,churned
CUST000401,DE,Western Europe,email,2025-07-27,2024-02-18,2025-11-12,8,3009.50,376.19,633,active
CUST000693,GB,Western Europe,direct,2024-01-22,2024-02-18,2025-12-17,5,1273.46,254.69,668,active
CUST002026,FR,Western Europe,direct,2023-07-07,2024-02-18,2025-11-10,7,2531.89,361.7,631,active
CUST001106,DE,Western Europe,direct,2024-03-13,2024-02-19,2025-11-19,10,3320.33,332.03,639,active
CUST003675,GB,Western Europe,social_media,2025-10-05,2024-02-20,2025-12-23,6,1304.64,217.44,672,active
CUST000614,DE,Western Europe,referral,2025-04-09,2024-02-22,2025-09-16,5,1596.15,319.23,572,at_risk
CUST002943,FR,Western Europe,direct,2024-12-04,2024-02-23,2025-12-13,9,2763.69,307.08,659,active
CUST002725,FR,Western Europe,direct,2024-03-26,2024-02-25,2025-11-29,8,1029.27,128.66,643,active
CUST002020,NL,Western Europe,organic_search,2024-12-10,2024-02-26,2024-12-17,6,1540.80,256.8,295,churned
CUST001718,NL,Western Europe,social_media,2024-02-06,2024-02-26,2025-12-07,7,2083.54,297.65,650,active
CUST002621,ES,Southern Europe,email,2024-08-07,2024-02-26,2025-11-05,7,1637.89,233.98,618,active
CUST001519,DE,Western Europe,referral,2025-08-16,2024-02-27,2025-10-14,5,1218.59,243.72,595,active
CUST000903,DE,Western Europe,referral,2023-12-15,2024-02-27,2025-12-05,4,757.54,189.39,647,active
CUST001335,SE,Nordic,direct,2023-04-09,2024-02-27,2025-11-11,8,969.77,121.22,623,active
CUST003899,GB,Western Europe,social_media,2023-11-27,2024-02-27,2025-11-26,5,1324.98,265.0,638,active
CUST001727,GB,Western Europe,direct,2025-11-23,2024-02-28,2025-12-18,4,1007.91,251.98,659,active
CUST002525,ES,Southern Europe,referral,2025-06-26,2024-02-28,2025-02-21,4,1241.15,310.29,359,churned
CUST001922,DE,Western Europe,email,2024-10-10,2024-02-29,2025-12-09,8,2066.11,258.26,649,active
CUST001260,GB,Western Europe,organic_search,2025-02-03,2024-03-02,2025-12-01,7,4311.31,615.9,639,active
CUST002165,GB,Western Europe,organic_search,2023-11-04,2024-03-03,2025-12-12,6,3283.98,547.33,649,active
CUST001959,GB,Western Europe,referral,2023-07-22,2024-03-03,2025-12-25,5,1814.82,362.96,662,active
CUST001786,IT,Southern Europe,email,2025-06-02,2024-03-03,2025-11-09,5,706.93,141.39,616,active
CUST003239,GB,Western Europe,direct,2023-12-11,2024-03-03,2025-06-10,8,3969.02,496.13,464,churned
CUST001929,GB,Western Europe,paid_search,2024-05-18,2024-03-05,2025-11-02,5,283.07,56.61,607,active
CUST000493,FR,Western Europe,referral,2024-10-29,2024-03-06,2025-09-19,8,2419.93,302.49,562,at_risk
CUST000153,DE,Western Europe,email,2025-01-19,2024-03-07,2025-12-18,6,2563.33,427.22,651,active
CUST001186,IT,Southern Europe,referral,2024-03-06,2024-03-09,2025-11-03,4,525.46,131.37,604,active
CUST001127,DE,Western Europe,referral,2023-06-24,2024-03-09,2025-07-03,7,650.37,92.91,481,churned
CUST003352,FR,Western Europe,referral,2024-08-24,2024-03-09,2025-11-16,8,2492.90,311.61,617,active
CUST003946,DE,Western Europe,referral,2023-12-26,2024-03-11,2024-11-06,4,226.86,56.72,240,churned
CUST003488,DE,Western Europe,direct,2025-12-10,2024-03-12,2025-04-01,7,3087.68,441.1,385,churned
CUST003336,NL,Western Europe,organic_search,2023-05-18,2024-03-12,2025-09-14,7,557.19,79.6,551,at_risk
CUST003107,NL,Western Europe,referral,2023-05-21,2024-03-13,2025-04-26,4,1838.27,459.57,409,churned
CUST002096,ES,Southern Europe,referral,2024-04-19,2024-03-14,2025-06-06,4,1806.50,451.63,449,churned
CUST003294,GB,Western Europe,direct,2023-12-18,2024-03-14,2025-12-14,10,2415.71,241.57,640,active
CUST001185,DE,Western Europe,organic_search,2023-02-12,2024-03-14,2025-09-16,6,1194.14,199.02,551,at_risk
CUST001651,DE,Western Europe,referral,2024-08-31,2024-03-15,2025-11-27,8,993.32,124.17,622,active
CUST003803,ES,Southern Europe,referral,2025-11-04,2024-03-19,2025-11-13,4,1187.40,296.85,604,active
CUST000169,DE,Western Europe,email,2023-05-05,2024-03-19,2025-11-13,6,1282.47,213.75,604,active
CUST000559,ES,Southern Europe,referral,2025-04-06,2024-03-20,2025-12-02,9,6049.18,672.13,622,active
CUST001704,GB,Western Europe,direct,2023-05-18,2024-03-23,2025-07-15,6,388.28,64.71,479,at_risk
CUST001278,SE,Nordic,referral,2024-10-07,2024-03-24,2025-11-17,8,1525.78,190.72,603,active
CUST000194,GB,Western Europe,organic_search,2025-06-13,2024-03-25,2025-11-08,4,3737.04,934.26,593,active
CUST001527,FR,Western Europe,email,2024-08-25,2024-03-29,2025-12-11,3,246.68,82.23,622,active
CUST002436,FR,Western Europe,referral,2024-09-02,2024-03-30,2025-08-21,7,1262.99,180.43,509,at_risk
CUST002325,ES,Southern Europe,social_media,2023-06-14,2024-03-31,2024-05-21,2,462.78,231.39,51,churned
CUST001597,FR,Western Europe,referral,2023-05-25,2024-04-02,2025-11-25,4,695.10,173.78,602,active
CUST000042,GB,Western Europe,direct,2024-09-11,2024-04-02,2025-12-20,7,2360.10,337.16,627,active
CUST003113,NL,Western Europe,organic_search,2025-10-02,2024-04-03,2025-12-22,10,2085.23,208.52,628,active
CUST000759,IT,Southern Europe,social_media,2025-05-04,2024-04-04,2025-12-08,5,1988.96,397.79,613,active
CUST000564,DE,Western Europe,email,2023-08-08,2024-04-05,2025-09-09,4,1072.92,268.23,522,at_risk
CUST002669,NL,Western Europe,paid_search,2025-09-22,2024-04-07,2025-11-12,5,3925.04,785.01,584,active
CUST001765,DE,Western Europe,paid_search,2023-11-04,2024-04-07,2025-10-03,5,882.82,176.56,544,active
CUST003687,IT,Southern Europe,social_media,2023-05-27,2024-04-11,2025-09-13,8,2970.28,371.29,520,at_risk
CUST001081,ES,Southern Europe,email,2025-07-07,2024-04-11,2025-12-21,9,3093.92,343.77,619,active
CUST001375,DE,Western Europe,paid_search,2023-03-26,2024-04-12,2025-12-26,8,3391.19,423.9,623,active
CUST001888,DE,Western Europe,email,2025-04-10,2024-04-12,2024-09-01,2,445.25,222.63,142,churned
CUST002118,GB,Western Europe,referral,2024-11-21,2024-04-13,2025-12-31,8,1883.43,235.43,627,active
CUST003768,FR,Western Europe,direct,2024-08-17,2024-04-16,2025-04-30,6,1237.66,206.28,379,churned
CUST001631,ES,Southern Europe,email,2024-08-02,2024-04-18,2025-09-03,8,2352.71,294.09,503,at_risk
CUST001812,ES,Southern Europe,direct,2024-09-12,2024-04-21,2025-06-17,9,2662.69,295.85,422,churned
CUST000823,FR,Western Europe,email,2024-10-29,2024-04-22,2025-09-29,4,774.33,193.58,525,at_risk
CUST002450,FR,Western Europe,social_media,2023-07-31,2024-04-22,2025-07-27,4,1766.00,441.5,461,at_risk
CUST002667,DE,Western Europe,social_media,2024-11-15,2024-04-23,2025-12-08,7,947.63,135.38,594,active
CUST000378,DE,Western Europe,organic_search,2025-04-09,2024-04-24,2024-11-24,2,327.09,163.54,214,churned
CUST003039,DE,Western Europe,referral,2024-02-25,2024-04-25,2025-09-20,6,776.54,129.42,513,at_risk
CUST001586,DE,Western Europe,email,2024-02-21,2024-04-27,2025-09-24,4,518.28,129.57,515,at_risk
CUST003205,NL,Western Europe,organic_search,2023-02-17,2024-04-27,2025-06-07,6,4337.05,722.84,406,churned
CUST000330,DE,Western Europe,paid_search,2024-10-17,2024-04-27,2025-12-20,9,3355.66,372.85,602,active
CUST000340,DE,Western Europe,social_media,2023-07-17,2024-04-28,2025-11-11,6,3804.47,634.08,562,active
CUST000331,FR,Western Europe,social_media,2023-02-03,2024-04-28,2025-11-12,4,937.83,234.46,563,active
CUST003271,FR,Western Europe,direct,2023-03-08,2024-04-28,2024-04-28,1,29.22,29.22,0,churned
CUST002279,GB,Western Europe,direct,2024-01-13,2024-04-28,2025-12-24,6,2681.83,446.97,605,active
CUST002829,FR,Western Europe,paid_search,2025-11-15,2024-04-28,2025-09-10,5,1419.67,283.93,500,at_risk
CUST001197,SE,Nordic,organic_search,2025-06-04,2024-04-30,2025-11-12,7,2070.84,295.83,561,active
CUST001008,ES,Southern Europe,organic_search,2023-04-24,2024-05-01,2025-12-14,6,3525.87,587.65,592,active
CUST000105,IT,Southern Europe,referral,2023-06-01,2024-05-01,2025-11-23,11,2127.22,193.38,571,active
CUST002864,GB,Western Europe,direct,2023-03-08,2024-05-02,2025-12-15,4,2867.07,716.77,592,active
CUST003779,NL,Western Europe,social_media,2023-10-15,2024-05-06,2025-12-20,6,2548.74,424.79,593,active
CUST002822,DE,Western Europe,direct,2023-01-31,2024-05-06,2025-12-08,3,888.38,296.13,581,active
CUST000963,DE,Western Europe,social_media,2023-09-11,2024-05-09,2025-03-19,4,753.00,188.25,314,churned
CUST002307,DE,Western Europe,direct,2025-10-28,2024-05-11,2025-06-25,4,1601.51,400.38,410,churned
CUST001373,ES,Southern Europe,social_media,2025-01-08,2024-05-12,2025-11-04,8,3233.04,404.13,541,active
CUST000729,DE,Western Europe,email,2025-02-07,2024-05-16,2025-07-18,5,1525.42,305.08,428,at_risk
CUST003444,SE,Nordic,organic_search,2023-09-21,2024-05-18,2025-12-17,7,1327.51,189.64,578,active
CUST000684,NL,Western Europe,referral,2023-02-23,2024-05-19,2025-11-03,3,888.18,296.06,533,active
CUST003855,NL,Western Europe,organic_search,2023-11-28,2024-05-20,2025-07-29,5,2239.67,447.93,435,at_risk
CUST001518,IT,Southern Europe,organic_search,2024-02-26,2024-05-20,2025-12-17,11,3527.68,320.7,576,active
CUST001678,FR,Western Europe,direct,2025-01-11,2024-05-21,2024-11-24,2,228.31,114.16,187,churned
CUST002671,GB,Western Europe,email,2023-04-12,2024-05-22,2025-06-29,6,779.19,129.87,403,churned
CUST002859,DE,Western Europe,referral,2025-03-23,2024-05-22,2025-12-23,7,1875.22,267.89,580,active
CUST002713,FR,Western Europe,email,2023-10-28,2024-05-26,2025-02-04,2,1146.20,573.1,254,churned
CUST003555,DE,Western Europe,direct,2023-10-20,2024-05-27,2025-12-03,6,1963.94,327.32,555,active
CUST001785,NL,Western Europe,referral,2025-07-13,2024-05-28,2025-11-29,4,642.01,160.5,550,active
CUST001233,DE,Western Europe,email,2025-03-10,2024-05-29,2025-10-21,5,3237.75,647.55,510,active
CUST000762,FR,Western Europe,social_media,2024-10-12,2024-05-31,2025-02-10,2,791.15,395.58,255,churned
CUST003658,GB,Western Europe,email,2024-03-11,2024-06-02,2024-06-02,1,11.11,11.11,0,churned
CUST001230,FR,Western Europe,organic_search,2023-09-12,2024-06-04,2025-06-15,3,1039.58,346.53,376,churned
CUST001504,FR,Western Europe,referral,2023-04-06,2024-06-04,2025-06-29,4,1346.42,336.61,390,churned
CUST000489,SE,Nordic,referral,2024-04-27,2024-06-04,2025-10-22,5,1601.07,320.21,505,active
CUST000842,NL,Western Europe,direct,2025-01-24,2024-06-06,2025-12-27,3,822.10,274.03,569,active
CUST001706,DE,Western Europe,email,2024-04-07,2024-06-06,2025-12-29,9,4534.85,503.87,571,active
CUST001717,DE,Western Europe,paid_search,2025-05-18,2024-06-07,2025-11-27,7,3141.27,448.75,538,active
CUST001661,GB,Western Europe,organic_search,2025-11-04,2024-06-07,2025-09-27,2,740.12,370.06,477,at_risk
CUST001962,FR,Western Europe,direct,2025-03-07,2024-06-09,2025-09-12,6,1426.90,237.82,460,at_risk
CUST000764,NL,Western Europe,referral,2024-07-14,2024-06-09,2025-11-04,9,3660.60,406.73,513,active
CUST000139,FR,Western Europe,social_media,2024-09-05,2024-06-13,2025-12-11,7,787.82,112.55,546,active
CUST000529,DE,Western Europe,email,2024-05-24,2024-06-19,2025-05-28,4,513.05,128.26,343,churned
CUST003412,DE,Western Europe,direct,2023-10-22,2024-06-20,2025-10-04,5,1105.02,221.0,471,active
CUST000895,NL,Western Europe,direct,2024-03-05,2024-06-20,2025-08-24,10,2218.46,221.85,430,at_risk
CUST002498,ES,Southern Europe,organic_search,2025-11-28,2024-06-22,2025-09-07,6,2732.17,455.36,442,at_risk
CUST001082,DE,Western Europe,referral,2025-06-16,2024-06-22,2025-11-25,4,1043.78,260.95,521,active
CUST003350,DE,Western Europe,referral,2023-04-03,2024-06-24,2025-05-22,3,1426.72,475.57,332,churned
CUST000290,GB,Western Europe,paid_search,2025-12-31,2024-06-24,2025-09-13,6,2743.52,457.25,446,at_risk
CUST002106,FR,Western Europe,direct,2025-03-19,2024-06-24,2025-12-02,8,1566.45,195.81,526,active
CUST002028,SE,Nordic,organic_search,2024-01-17,2024-06-25,2025-07-04,4,2132.51,533.13,374,at_risk
CUST004000,DE,Western Europe,direct,2023-02-04,2024-06-26,2024-06-26,1,182.99,182.99,0,churned
CUST003710,SE,Nordic,direct,2024-10-10,2024-06-28,2025-12-09,7,1893.97,270.57,529,active
CUST003067,DE,Western Europe,email,2024-09-16,2024-06-29,2025-10-03,7,3102.10,443.16,461,active
CUST000244,FR,Western Europe,direct,2025-11-26,2024-07-02,2024-07-12,2,315.70,157.85,10,churned
CUST000999,SE,Nordic,direct,2024-10-03,2024-07-10,2025-09-26,3,1117.53,372.51,443,at_risk
CUST001338,NL,Western Europe,social_media,2024-05-25,2024-07-15,2025-12-10,3,2052.28,684.09,513,active
CUST000360,GB,Western Europe,paid_search,2024-05-30,2024-07-16,2025-12-02,8,2289.67,286.21,504,active
CUST002637,SE,Nordic,referral,2025-02-19,2024-07-16,2025-08-27,4,672.87,168.22,407,at_risk
CUST002509,ES,Southern Europe,organic_search,2023-04-10,2024-07-28,2025-08-25,9,3710.45,412.27,393,at_risk
CUST001632,FR,Western Europe,organic_search,2025-08-21,2024-07-30,2025-10-01,5,3308.19,661.64,428,at_risk
CUST000680,ES,Southern Europe,email,2024-10-04,2024-07-30,2025-11-13,5,1336.11,267.22,471,active
CUST002104,NL,Western Europe,referral,2025-10-23,2024-07-31,2025-12-02,7,553.78,79.11,489,active
CUST001358,FR,Western Europe,organic_search,2023-11-25,2024-08-01,2025-10-10,6,1864.83,310.81,435,active
CUST001423,DE,Western Europe,organic_search,2025-06-28,2024-08-13,2025-11-27,9,2111.72,234.64,471,active
CUST002500,FR,Western Europe,direct,2023-04-02,2024-08-18,2025-12-06,4,1305.83,326.46,475,active
CUST001104,IT,Southern Europe,social_media,2024-12-08,2024-08-20,2025-12-07,10,4734.68,473.47,474,active
CUST002605,DE,Western Europe,organic_search,2023-08-11,2024-08-24,2025-12-07,10,3522.48,352.25,470,active
CUST003863,FR,Western Europe,direct,2024-10-09,2024-08-30,2025-08-22,3,2432.38,810.79,357,at_risk
CUST002117,FR,Western Europe,email,2023-06-19,2024-08-31,2025-08-10,4,1438.38,359.6,344,at_risk
CUST001824,ES,Southern Europe,organic_search,2024-10-15,2024-09-06,2025-10-19,2,471.07,235.54,408,active
CUST000277,ES,Southern Europe,email,2024-05-11,2024-09-06,2025-12-25,5,1008.33,201.67,475,active
CUST001054,ES,Southern Europe,organic_search,2024-03-08,2024-09-07,2025-10-31,7,1024.43,146.35,419,active
CUST002700,ES,Southern Europe,paid_search,2023-12-11,2024-09-09,2025-03-23,3,155.28,51.76,195,churned
CUST003383,DE,Western Europe,organic_search,2025-03-06,2024-09-10,2024-09-10,1,78.11,78.11,0,churned
CUST001249,IT,Southern Europe,email,2024-05-23,2024-09-12,2025-12-27,3,829.24,276.41,471,active
CUST002076,IT,Southern Europe,social_media,2024-03-11,2024-09-12,2025-08-07,3,411.86,137.29,329,at_risk
CUST000171,NL,Western Europe,email,2025-02-19,2024-09-15,2025-12-21,6,1603.60,267.27,462,active
CUST001565,ES,Southern Europe,paid_search,2023-08-23,2024-09-18,2025-11-01,6,1504.36,250.73,409,active
CUST003125,NL,Western Europe,social_media,2025-12-23,2024-09-24,2025-11-09,6,2519.50,419.92,411,active
CUST002452,SE,Nordic,direct,2023-12-10,2024-09-25,2025-03-04,3,1061.49,353.83,160,churned
CUST003253,GB,Western Europe,direct,2025-06-11,2024-09-26,2024-10-30,3,1112.69,370.9,34,churned
CUST000137,GB,Western Europe,paid_search,2023-03-15,2024-09-28,2025-10-08,4,603.84,150.96,375,active
CUST002970,GB,Western Europe,direct,2025-10-18,2024-09-29,2025-12-27,6,1412.96,235.49,454,active
CUST002507,ES,Southern Europe,email,2023-04-27,2024-09-29,2025-10-06,4,597.12,149.28,372,active
CUST002513,FR,Western Europe,social_media,2024-05-24,2024-09-30,2025-12-10,5,1240.13,248.03,436,active
CUST000480,GB,Western Europe,email,2025-06-08,2024-10-02,2025-12-10,4,1499.02,374.76,434,active
CUST001585,SE,Nordic,organic_search,2025-06-07,2024-10-03,2025-05-19,4,290.05,72.51,228,churned
CUST003037,FR,Western Europe,organic_search,2023-08-05,2024-10-04,2025-08-12,3,1148.56,382.85,312,at_risk
CUST000332,ES,Southern Europe,direct,2024-02-06,2024-10-04,2025-07-24,6,2287.16,381.19,293,at_risk
CUST000672,IT,Southern Europe,direct,2025-08-26,2024-10-05,2025-05-02,4,1566.97,391.74,209,churned
CUST001016,IT,Southern Europe,direct,2023-02-13,2024-10-07,2025-11-12,9,2629.88,292.21,401,active
CUST001495,GB,Western Europe,social_media,2025-06-06,2024-10-07,2025-12-27,6,1199.50,199.92,446,active
CUST000361,FR,Western Europe,referral,2023-08-08,2024-10-13,2025-12-13,3,2499.27,833.09,426,active
CUST000023,FR,Western Europe,referral,2024-09-30,2024-10-18,2024-12-22,2,22.84,11.42,65,churned
CUST000484,GB,Western Europe,social_media,2023-08-25,2024-10-22,2024-10-22,1,43.52,43.52,0,churned
CUST003005,GB,Western Europe,paid_search,2023-07-22,2024-10-30,2025-12-31,6,1472.10,245.35,427,active
CUST002707,DE,Western Europe,paid_search,2024-12-25,2024-11-02,2025-12-14,7,903.28,129.04,407,active
CUST000351,GB,Western Europe,social_media,2024-10-30,2024-11-03,2025-04-26,2,302.27,151.14,174,churned
CUST001261,FR,Western Europe,direct,2025-02-27,2024-11-09,2025-10-14,5,969.53,193.91,339,active
CUST000288,GB,Western Europe,email,2023-01-11,2024-11-10,2025-11-03,8,2672.17,334.02,358,active
CUST003071,NL,Western Europe,organic_search,2023-08-18,2024-11-10,2025-12-12,7,1633.28,233.33,397,active
CUST001797,NL,Western Europe,social_media,2023-12-25,2024-11-11,2025-07-22,4,2571.58,642.9,253,at_risk
CUST003392,IT,Southern Europe,social_media,2024-08-08,2024-11-12,2025-03-16,5,5584.57,1116.91,124,churned
CUST000167,FR,Western Europe,email,2023-05-11,2024-11-16,2025-10-25,3,1508.26,502.75,343,active
CUST003094,ES,Southern Europe,email,2024-05-27,2024-11-17,2025-10-24,4,298.35,74.59,341,active
CUST002639,SE,Nordic,referral,2025-10-20,2024-11-25,2025-10-31,2,286.02,143.01,340,active
CUST003563,DE,Western Europe,organic_search,2024-01-13,2024-12-02,2024-12-02,1,128.77,128.77,0,churned
CUST002966,NL,Western Europe,paid_search,2023-12-04,2024-12-05,2025-12-10,2,486.12,243.06,370,active
CUST002186,IT,Southern Europe,email,2025-04-09,2024-12-06,2025-11-05,4,2529.04,632.26,334,active
CUST000472,SE,Nordic,social_media,2025-10-13,2024-12-06,2025-12-05,6,1887.22,314.54,364,active
CUST001517,GB,Western Europe,social_media,2025-09-15,2024-12-10,2025-12-02,4,595.75,148.94,357,active
CUST003945,DE,Western Europe,social_media,2025-06-12,2024-12-11,2025-12-09,4,1050.73,262.68,363,active
CUST000414,GB,Western Europe,email,2023-10-14,2024-12-15,2025-11-19,5,1143.14,228.63,339,active
CUST002268,NL,Western Europe,referral,2024-03-10,2024-12-20,2025-12-06,6,2083.52,347.25,351,active
CUST001002,GB,Western Europe,direct,2025-12-05,2024-12-22,2025-04-02,3,1556.91,518.97,101,churned
CUST003974,NL,Western Europe,referral,2025-05-15,2024-12-22,2025-11-17,2,306.66,153.33,330,active
CUST002709,DE,Western Europe,paid_search,2024-02-21,2024-12-28,2025-05-18,4,527.33,131.83,141,churned
CUST001231,IT,Southern Europe,direct,2023-11-11,2024-12-28,2025-06-14,2,167.82,83.91,168,churned
CUST003021,FR,Western Europe,email,2025-07-11,2025-01-05,2025-12-02,4,1049.98,262.5,331,active
CUST003109,GB,Western Europe,paid_search,2024-10-01,2025-01-05,2025-09-23,7,2280.83,325.83,261,at_risk
CUST000562,DE,Western Europe,social_media,2025-07-15,2025-01-18,2025-07-17,4,2890.99,722.75,180,at_risk
CUST001240,DE,Western Europe,organic_search,2023-05-18,2025-01-20,2025-08-24,6,2057.46,342.91,216,at_risk
CUST003424,DE,Western Europe,organic_search,2023-09-20,2025-02-08,2025-12-21,6,1134.36,189.06,316,active
CUST000349,FR,Western Europe,referral,2025-02-25,2025-02-13,2025-12-22,3,728.46,242.82,312,active
CUST003638,DE,Western Europe,organic_search,2023-12-04,2025-02-21,2025-12-13,4,1431.87,357.97,295,active
CUST003941,ES,Southern Europe,direct,2023-02-03,2025-03-20,2025-03-20,1,46.95,46.95,0,churned
CUST000522,FR,Western Europe,email,2023-05-26,2025-04-15,2025-12-23,2,586.83,293.42,252,active
CUST001506,FR,Western Europe,referral,2025-08-03,2025-04-23,2025-08-18,3,1327.76,442.59,117,at_risk
CUST001890,SE,Nordic,organic_search,2024-11-29,2025-05-03,2025-08-01,2,337.37,168.69,90,at_risk
CUST002015,GB,Western Europe,social_media,2025-09-29,2025-05-15,2025-05-15,1,267.31,267.31,0,churned
CUST003834,FR,Western Europe,social_media,2024-04-20,2025-05-17,2025-05-25,3,993.30,331.1,8,churned
CUST002197,GB,Western Europe,social_media,2024-11-15,2025-06-01,2025-12-19,3,1591.77,530.59,201,active
CUST001347,FR,Western Europe,email,2025-01-21,2025-09-25,2025-09-25,1,278.21,278.21,0,at_risk
CUST003477,SE,Nordic,email,2025-02-10,2025-10-01,2025-10-04,2,708.85,354.43,3,active
CUST001442,DE,Western Europe,email,2025-06-24,2025-10-04,2025-12-28,3,1910.92,636.97,85,active
CUST003490,FR,Western Europe,referral,2025-10-08,2025-11-18,2025-12-03,2,798.58,399.29,15,active
CUST000689,ES,Southern Europe,paid_search,2025-12-08,2025-11-19,2025-11-19,1,86.92,86.92,0,active
CUST003514,ES,Southern Europe,organic_search,2025-09-09,2024-01-01,2025-12-29,10,3877.89,387.79,728,active
CUST001937,FR,Western Europe,email,2025-08-10,2024-01-01,2025-12-16,5,2253.35,450.67,715,active
CUST000603,DE,Western Europe,organic_search,2023-09-10,2024-01-02,2025-12-18,7,1753.62,250.52,716,active
CUST003192,IT,Southern Europe,email,2023-01-29,2024-01-03,2025-11-10,5,921.49,184.3,677,active
CUST001905,NL,Western Europe,referral,2025-08-22,2024-01-03,2025-04-13,6,1224.06,204.01,466,churned
CUST001449,IT,Southern Europe,social_media,2025-03-23,2024-01-05,2024-08-29,4,1305.64,326.41,237,churned
CUST001242,ES,Southern Europe,direct,2024-11-11,2024-01-06,2025-12-09,5,1535.33,307.07,703,active
CUST000989,DE,Western Europe,organic_search,2025-02-18,2024-01-06,2025-12-02,11,1690.52,153.68,696,active
CUST003264,DE,Western Europe,social_media,2024-09-22,2024-01-07,2025-12-20,8,1448.62,181.08,713,active
CUST000032,DE,Western Europe,paid_search,2025-04-12,2024-01-08,2025-07-27,5,430.49,86.1,566,at_risk
CUST001774,SE,Nordic,direct,2025-05-15,2024-01-11,2025-03-16,4,2035.21,508.8,430,churned
CUST001873,GB,Western Europe,referral,2025-01-31,2024-01-12,2025-12-12,5,1015.50,203.1,700,active
CUST001857,ES,Southern Europe,social_media,2024-04-06,2024-01-12,2025-12-08,3,3248.17,1082.72,696,active
CUST003716,FR,Western Europe,organic_search,2025-10-18,2024-01-13,2025-03-07,3,556.88,185.63,419,churned
CUST002350,DE,Western Europe,referral,2024-04-07,2024-01-13,2025-11-08,5,1546.31,309.26,665,active
CUST002894,NL,Western Europe,paid_search,2024-01-29,2024-01-14,2025-11-30,11,4007.53,364.32,686,active
CUST000033,DE,Western Europe,direct,2023-01-05,2024-01-17,2025-12-03,11,2888.53,262.59,686,active
CUST003064,GB,Western Europe,paid_search,2024-04-06,2024-01-18,2025-05-19,6,1441.61,240.27,487,churned
CUST000901,DE,Western Europe,paid_search,2024-02-19,2024-01-18,2025-08-27,5,2006.19,401.24,587,at_risk
CUST003572,GB,Western Europe,social_media,2023-12-30,2024-01-20,2025-12-17,7,2644.32,377.76,697,active
CUST003644,GB,Western Europe,referral,2023-03-16,2024-01-23,2025-12-14,7,4057.94,579.71,691,active
CUST002407,FR,Western Europe,email,2023-04-30,2024-01-25,2025-04-08,4,1127.78,281.95,439,churned
CUST003022,FR,Western Europe,social_media,2025-09-25,2024-01-26,2025-05-30,4,626.34,156.59,490,churned
CUST002664,NL,Western Europe,paid_search,2023-07-04,2024-01-26,2025-02-16,8,1963.79,245.47,387,churned
CUST003183,FR,Western Europe,social_media,2025-10-21,2024-01-26,2025-10-26,6,2214.23,369.04,639,active
CUST000767,ES,Southern Europe,organic_search,2025-10-03,2024-01-26,2025-06-11,4,1034.45,258.61,502,churned
CUST003487,FR,Western Europe,social_media,2024-06-15,2024-01-29,2025-04-19,10,4172.18,417.22,446,churned
CUST003136,GB,Western Europe,paid_search,2023-04-04,2024-01-30,2025-02-15,8,4353.08,544.14,382,churned
CUST000737,FR,Western Europe,referral,2025-06-08,2024-02-01,2025-05-12,4,1052.19,263.05,466,churned
CUST003782,FR,Western Europe,referral,2024-05-15,2024-02-01,2025-08-12,5,2352.68,470.54,558,at_risk
CUST002750,GB,Western Europe,referral,2024-04-04,2024-02-02,2025-10-05,4,1046.82,261.71,611,active
CUST003580,GB,Western Europe,paid_search,2024-02-07,2024-02-03,2025-03-22,7,4044.07,577.72,413,churned
CUST002070,FR,Western Europe,organic_search,2025-07-07,2024-02-04,2025-12-08,7,1632.89,233.27,673,active
CUST002392,DE,Western Europe,social_media,2025-12-01,2024-02-05,2025-05-26,6,2077.39,346.23,476,churned
CUST003904,FR,Western Europe,referral,2023-07-31,2024-02-06,2025-12-07,9,1729.97,192.22,670,active
CUST002867,GB,Western Europe,social_media,2024-03-01,2024-02-06,2025-10-29,6,3278.93,546.49,631,active
CUST002853,DE,Western Europe,social_media,2024-05-15,2024-02-10,2025-12-17,9,4738.22,526.47,676,active
CUST001174,FR,Western Europe,organic_search,2023-10-29,2024-02-10,2025-11-07,6,2947.54,491.26,636,active
CUST000275,GB,Western Europe,referral,2023-02-24,2024-02-10,2025-10-30,4,495.89,123.97,628,active
CUST000162,GB,Western Europe,social_media,2024-03-10,2024-02-11,2025-12-30,6,986.39,164.4,688,active
CUST003893,NL,Western Europe,social_media,2023-12-10,2024-02-12,2025-12-12,7,916.78,130.97,669,active
CUST002736,ES,Southern Europe,direct,2023-12-09,2024-02-12,2025-11-20,8,1546.13,193.27,647,active
CUST003927,GB,Western Europe,referral,2023-12-18,2024-02-12,2025-07-03,6,1498.25,249.71,507,churned
CUST002398,DE,Western Europe,social_media,2024-11-20,2024-02-14,2025-04-04,6,920.54,153.42,415,churned
CUST002043,GB,Western Europe,paid_search,2025-10-15,2024-02-14,2025-12-30,5,755.32,151.06,685,active
CUST002821,IT,Southern Europe,email,2025-09-04,2024-02-14,2025-12-31,8,2439.25,304.91,686,active
CUST003801,FR,Western Europe,organic_search,2024-12-16,2024-02-16,2025-05-29,4,301.95,75.49,468,churned
CUST002282,FR,Western Europe,direct,2023-01-29,2024-02-16,2025-11-10,4,748.38,187.1,633,active
CUST001068,DE,Western Europe,direct,2024-01-19,2024-02-16,2025-03-27,2,321.08,160.54,405,churned
CUST002254,ES,Southern Europe,direct,2023-06-26,2024-02-16,2025-12-17,10,3868.86,386.89,670,active
CUST000248,SE,Nordic,paid_search,2025-01-10,2024-02-16,2025-01-31,3,672.54,224.18,350,churned
CUST000878,NL,Western Europe,email,2024-05-03,2024-02-18,2025-12-28,8,1399.47,174.93,679,active
CUST003447,ES,Southern Europe,email,2025-03-12,2024-02-21,2025-12-19,5,1761.08,352.22,667,active
CUST001430,ES,Southern Europe,organic_search,2024-09-25,2024-02-21,2025-01-22,4,885.66,221.42,336,churned
CUST002281,FR,Western Europe,direct,2024-03-22,2024-02-22,2025-05-29,3,491.24,163.75,462,churned
CUST002622,IT,Southern Europe,social_media,2025-07-12,2024-02-24,2025-10-07,5,742.94,148.59,591,active
CUST003688,FR,Western Europe,paid_search,2025-04-28,2024-02-25,2025-01-15,3,1271.33,423.78,325,churned
CUST000078,DE,Western Europe,email,2023-12-05,2024-02-26,2025-11-30,6,1966.99,327.83,643,active
CUST000257,IT,Southern Europe,direct,2024-11-22,2024-02-27,2024-12-25,6,1518.53,253.09,302,churned
CUST000434,DE,Western Europe,referral,2023-09-02,2024-02-28,2025-01-28,3,693.31,231.1,335,churned
CUST003884,DE,Western Europe,paid_search,2025-02-18,2024-03-01,2025-08-21,6,1503.51,250.59,538,at_risk
CUST002409,SE,Nordic,referral,2025-02-26,2024-03-02,2024-03-02,1,42.44,42.44,0,churned
CUST003591,SE,Nordic,referral,2023-08-11,2024-03-03,2025-11-03,9,4004.90,444.99,610,active
CUST003624,IT,Southern Europe,paid_search,2025-04-03,2024-03-03,2025-08-03,5,741.87,148.37,518,at_risk
CUST002996,ES,Southern Europe,paid_search,2023-03-17,2024-03-04,2025-11-22,7,3624.91,517.84,628,active
CUST000238,DE,Western Europe,email,2025-06-28,2024-03-04,2025-12-09,8,2609.29,326.16,645,active
CUST003435,NL,Western Europe,direct,2024-07-22,2024-03-05,2025-07-24,4,1479.32,369.83,506,at_risk
CUST001953,GB,Western Europe,paid_search,2023-11-13,2024-03-07,2025-10-03,9,5178.81,575.42,575,active
CUST003918,FR,Western Europe,social_media,2025-01-03,2024-03-07,2025-12-14,7,1644.54,234.93,647,active
CUST000849,GB,Western Europe,organic_search,2023-09-29,2024-03-09,2025-12-18,10,2822.04,282.2,649,active
CUST003259,FR,Western Europe,email,2025-07-30,2024-03-13,2025-11-19,8,776.97,97.12,616,active
CUST001223,FR,Western Europe,social_media,2024-03-20,2024-03-13,2025-01-24,3,1911.38,637.13,317,churned
CUST001478,ES,Southern Europe,direct,2025-10-29,2024-03-13,2025-10-23,4,434.13,108.53,589,active
CUST001433,GB,Western Europe,paid_search,2024-11-09,2024-03-15,2025-12-13,5,1116.97,223.39,638,active
CUST002869,FR,Western Europe,paid_search,2025-07-07,2024-03-16,2025-09-13,4,1484.00,371.0,546,at_risk
CUST000699,DE,Western Europe,email,2025-10-07,2024-03-16,2025-12-27,8,5741.43,717.68,651,active
CUST002552,DE,Western Europe,paid_search,2023-04-11,2024-03-19,2025-12-22,9,1802.21,200.25,643,active
CUST003677,DE,Western Europe,email,2024-03-20,2024-03-20,2025-12-27,3,1519.78,506.59,647,active
CUST000860,DE,Western Europe,organic_search,2024-10-03,2024-03-20,2025-01-25,3,807.26,269.09,311,churned
CUST003448,NL,Western Europe,referral,2025-03-03,2024-03-20,2025-12-23,3,601.86,200.62,643,active
CUST001835,ES,Southern Europe,email,2024-10-28,2024-03-21,2025-05-08,4,1143.08,285.77,413,churned
CUST003325,ES,Southern Europe,email,2024-08-04,2024-03-22,2025-11-07,6,2617.40,436.23,595,active
CUST001010,GB,Western Europe,referral,2024-04-28,2024-03-25,2025-11-25,7,2399.45,342.78,610,active
CUST001146,IT,Southern Europe,organic_search,2023-02-02,2024-03-25,2025-05-09,7,1581.66,225.95,410,churned
CUST002413,GB,Western Europe,organic_search,2025-08-08,2024-03-27,2025-07-06,4,686.84,171.71,466,at_risk
CUST002352,IT,Southern Europe,social_media,2024-11-27,2024-03-28,2025-11-16,7,2238.59,319.8,598,active
CUST000455,DE,Western Europe,email,2023-03-12,2024-03-28,2025-12-24,3,1245.56,415.19,636,active
CUST003891,ES,Southern Europe,paid_search,2025-09-23,2024-03-28,2025-11-23,5,1153.44,230.69,605,active
CUST003152,DE,Western Europe,paid_search,2023-07-03,2024-03-30,2025-10-10,7,1831.46,261.64,559,active
CUST000980,GB,Western Europe,organic_search,2025-02-22,2024-04-01,2025-10-24,5,1489.72,297.94,571,active
CUST003262,GB,Western Europe,email,2025-11-13,2024-04-02,2025-11-26,5,1200.54,240.11,603,active
CUST002805,GB,Western Europe,paid_search,2024-03-31,2024-04-03,2025-12-13,9,3585.60,398.4,619,active
CUST000323,NL,Western Europe,social_media,2025-05-03,2024-04-03,2025-12-17,7,3291.97,470.28,623,active
CUST000794,GB,Western Europe,direct,2024-02-01,2024-04-03,2025-01-30,3,1355.47,451.82,302,churned
CUST000040,FR,Western Europe,paid_search,2023-01-20,2024-04-03,2025-11-15,8,3092.10,386.51,591,active
CUST000991,ES,Southern Europe,direct,2023-08-23,2024-04-06,2025-11-11,7,1291.49,184.5,584,active
CUST003300,ES,Southern Europe,organic_search,2023-06-04,2024-04-06,2025-06-16,5,972.37,194.47,436,churned
CUST001971,DE,Western Europe,direct,2025-05-15,2024-04-06,2025-12-08,7,3687.43,526.78,611,active
CUST000861,ES,Southern Europe,organic_search,2025-07-02,2024-04-08,2025-12-18,8,1946.65,243.33,619,active
CUST002976,DE,Western Europe,referral,2025-05-21,2024-04-08,2025-11-21,6,1796.02,299.34,592,active
CUST002659,DE,Western Europe,paid_search,2023-06-08,2024-04-10,2025-12-25,5,1187.15,237.43,624,active
CUST000571,GB,Western Europe,direct,2025-04-25,2024-04-14,2025-12-26,9,2376.02,264.0,621,active
CUST003702,NL,Western Europe,paid_search,2025-05-13,2024-04-15,2025-12-13,8,2810.34,351.29,607,active
CUST000830,GB,Western Europe,referral,2023-10-28,2024-04-16,2025-10-12,3,988.19,329.4,544,active
CUST001312,IT,Southern Europe,email,2025-08-07,2024-04-16,2025-09-26,7,1655.18,236.45,528,at_risk
CUST003880,DE,Western Europe,social_media,2025-10-23,2024-04-17,2025-07-20,3,624.38,208.13,459,at_risk
CUST001745,FR,Western Europe,referral,2025-09-15,2024-04-18,2025-12-15,5,2996.58,599.32,606,active
CUST003814,GB,Western Europe,social_media,2024-08-30,2024-04-20,2025-12-13,5,946.74,189.35,602,active
CUST000273,ES,Southern Europe,referral,2023-11-29,2024-04-20,2025-12-22,6,1055.72,175.95,611,active
CUST001939,GB,Western Europe,organic_search,2024-12-12,2024-04-23,2025-12-06,3,1082.38,360.79,592,active
CUST003313,NL,Western Europe,paid_search,2024-07-05,2024-04-23,2025-08-02,6,3245.04,540.84,466,at_risk
CUST001141,ES,Southern Europe,social_media,2023-12-09,2024-04-23,2025-10-22,4,930.00,232.5,547,active
CUST002146,ES,Southern Europe,paid_search,2024-10-25,2024-04-25,2025-12-20,6,1440.25,240.04,604,active
CUST003584,ES,Southern Europe,email,2023-07-16,2024-04-25,2025-06-04,5,2539.54,507.91,405,churned
CUST000655,FR,Western Europe,email,2025-06-25,2024-04-27,2025-12-18,8,2388.88,298.61,600,active
CUST000771,DE,Western Europe,paid_search,2025-12-02,2024-04-28,2025-03-22,3,1409.47,469.82,328,churned
CUST001145,FR,Western Europe,email,2025-07-16,2024-04-28,2025-12-22,11,1653.33,150.3,603,active
CUST003309,FR,Western Europe,email,2025-08-14,2024-04-29,2025-10-13,7,3044.68,434.95,532,active
CUST003986,IT,Southern Europe,direct,2024-09-02,2024-04-29,2025-12-04,8,1196.94,149.62,584,active
CUST000049,GB,Western Europe,referral,2025-01-02,2024-04-30,2025-10-24,4,930.22,232.56,542,active
CUST002956,NL,Western Europe,email,2025-08-28,2024-05-02,2025-11-01,5,1313.46,262.69,548,active
CUST001967,DE,Western Europe,referral,2024-10-17,2024-05-03,2025-12-05,9,3354.83,372.76,581,active
CUST001545,SE,Nordic,organic_search,2025-06-06,2024-05-05,2025-01-12,4,1180.41,295.1,252,churned
CUST000463,NL,Western Europe,email,2024-12-21,2024-05-05,2025-12-24,4,408.76,102.19,598,active
CUST001746,GB,Western Europe,organic_search,2025-05-12,2024-05-05,2025-12-01,12,5383.80,448.65,575,active
CUST000505,NL,Western Europe,email,2023-03-04,2024-05-06,2025-12-13,6,1600.39,266.73,586,active
CUST000567,FR,Western Europe,referral,2025-10-18,2024-05-07,2025-12-26,10,1988.10,198.81,598,active
CUST002336,FR,Western Europe,organic_search,2023-04-11,2024-05-11,2025-12-28,9,2644.59,293.84,596,active
CUST002792,SE,Nordic,email,2025-11-29,2024-05-11,2024-09-18,3,1125.14,375.05,130,churned
CUST003029,NL,Western Europe,email,2023-01-03,2024-05-11,2025-09-11,4,1750.74,437.69,488,at_risk
CUST001887,DE,Western Europe,social_media,2023-11-28,2024-05-13,2024-11-27,3,2497.67,832.56,198,churned
CUST002592,ES,Southern Europe,direct,2024-10-04,2024-05-13,2025-11-22,7,2270.86,324.41,558,active
CUST001848,DE,Western Europe,email,2025-01-09,2024-05-13,2025-11-02,7,2053.31,293.33,538,active
CUST000705,DE,Western Europe,direct,2024-06-02,2024-05-13,2025-12-18,7,1758.07,251.15,584,active
CUST002928,SE,Nordic,email,2023-05-08,2024-05-13,2025-06-28,5,2175.37,435.07,411,churned
CUST000164,GB,Western Europe,paid_search,2024-11-03,2024-05-13,2025-12-17,7,825.23,117.89,583,active
CUST002583,GB,Western Europe,social_media,2025-03-31,2024-05-13,2025-12-20,6,3513.21,585.54,586,active
CUST000247,FR,Western Europe,direct,2023-05-13,2024-05-14,2025-12-01,5,993.03,198.61,566,active
CUST003612,DE,Western Europe,referral,2024-09-04,2024-05-15,2025-12-28,8,2907.05,363.38,592,active
CUST001460,NL,Western Europe,social_media,2023-01-30,2024-05-15,2025-11-02,5,731.86,146.37,536,active
CUST001838,FR,Western Europe,paid_search,2023-01-12,2024-05-17,2025-10-15,5,803.41,160.68,516,active
CUST002383,IT,Southern Europe,referral,2024-06-06,2024-05-20,2025-11-12,8,2097.52,262.19,541,active
CUST002798,GB,Western Europe,direct,2024-05-19,2024-05-22,2025-12-24,6,2232.21,372.04,581,active
CUST000833,DE,Western Europe,organic_search,2023-09-19,2024-05-23,2025-12-18,5,810.98,162.2,574,active
CUST000030,DE,Western Europe,organic_search,2023-10-15,2024-05-25,2025-08-07,5,496.64,99.33,439,at_risk
CUST001741,ES,Southern Europe,direct,2025-02-12,2024-05-25,2025-09-27,7,2672.22,381.75,490,at_risk
CUST001695,FR,Western Europe,referral,2024-10-03,2024-05-26,2025-12-26,5,3131.00,626.2,579,active
CUST003711,DE,Western Europe,referral,2023-01-25,2024-05-26,2025-12-17,6,2183.57,363.93,570,active
CUST000831,DE,Western Europe,direct,2024-02-05,2024-05-31,2025-09-28,4,2874.00,718.5,485,at_risk
CUST001295,ES,Southern Europe,social_media,2023-05-07,2024-06-03,2025-07-25,4,2023.90,505.98,417,at_risk
CUST000159,DE,Western Europe,social_media,2025-04-29,2024-06-04,2025-11-30,6,2947.34,491.22,544,active
CUST000594,FR,Western Europe,direct,2024-03-12,2024-06-06,2025-12-17,8,1743.85,217.98,559,active
CUST000537,ES,Southern Europe,referral,2024-09-08,2024-06-07,2025-12-25,6,1653.58,275.6,566,active
CUST000753,GB,Western Europe,referral,2024-08-22,2024-06-08,2025-10-23,3,276.21,92.07,502,active
CUST003222,DE,Western Europe,social_media,2024-01-06,2024-06-08,2025-05-01,3,619.58,206.53,327,churned
CUST002920,FR,Western Europe,direct,2025-09-21,2024-06-08,2025-12-17,6,1511.80,251.97,557,active
CUST000122,IT,Southern Europe,direct,2025-04-26,2024-06-09,2025-12-17,8,1636.27,204.53,556,active
CUST000060,FR,Western Europe,social_media,2024-09-07,2024-06-09,2025-12-12,5,290.30,58.06,551,active
CUST001642,ES,Southern Europe,referral,2024-10-04,2024-06-09,2025-12-24,7,5320.29,760.04,563,active
CUST000539,GB,Western Europe,paid_search,2023-08-06,2024-06-14,2025-12-13,8,1559.67,194.96,547,active
CUST000287,GB,Western Europe,direct,2024-04-21,2024-06-17,2025-12-01,4,946.37,236.59,532,active
CUST002216,FR,Western Europe,referral,2023-06-19,2024-06-18,2024-11-27,4,1529.77,382.44,162,churned
CUST001858,GB,Western Europe,direct,2024-02-15,2024-06-18,2025-07-14,7,3615.04,516.43,391,at_risk
CUST000569,IT,Southern Europe,email,2023-08-01,2024-06-19,2025-03-26,5,684.42,136.88,280,churned
CUST002598,GB,Western Europe,email,2025-12-22,2024-06-21,2025-12-24,6,1867.19,311.2,551,active
CUST003307,FR,Western Europe,organic_search,2024-08-29,2024-06-22,2025-12-28,6,1324.35,220.73,554,active
CUST002400,GB,Western Europe,direct,2023-03-02,2024-06-27,2025-12-26,4,1773.11,443.28,547,active
CUST003965,DE,Western Europe,direct,2023-09-12,2024-06-29,2025-10-21,6,2049.66,341.61,479,active
CUST001541,NL,Western Europe,email,2023-10-18,2024-07-10,2025-08-23,4,1061.82,265.46,409,at_risk
CUST003985,ES,Southern Europe,social_media,2025-09-10,2024-07-12,2025-10-29,5,1738.59,347.72,474,active
CUST000395,FR,Western Europe,social_media,2025-12-26,2024-07-15,2025-01-25,2,44.01,22.01,194,churned
CUST002211,ES,Southern Europe,email,2025-05-08,2024-07-16,2025-11-08,3,640.76,213.59,480,active
CUST003473,GB,Western Europe,direct,2024-09-24,2024-07-20,2025-11-02,12,4196.39,349.7,470,active
CUST001969,FR,Western Europe,email,2024-05-07,2024-07-21,2025-11-26,8,2396.98,299.62,493,active
CUST002141,ES,Southern Europe,organic_search,2023-05-16,2024-07-21,2025-11-30,4,596.46,149.12,497,active
CUST002926,IT,Southern Europe,referral,2024-10-30,2024-07-29,2024-09-29,2,759.67,379.84,62,churned
CUST000129,DE,Western Europe,direct,2023-01-06,2024-08-02,2025-07-27,3,1776.39,592.13,359,at_risk
CUST002839,ES,Southern Europe,referral,2025-08-12,2024-08-04,2025-09-14,4,2609.40,652.35,406,at_risk
CUST003708,FR,Western Europe,referral,2024-04-16,2024-08-07,2025-12-03,3,2143.18,714.39,483,active
CUST002208,ES,Southern Europe,social_media,2025-10-18,2024-08-10,2025-12-22,4,864.24,216.06,499,active
CUST002066,ES,Southern Europe,organic_search,2025-11-13,2024-08-11,2025-09-27,3,403.50,134.5,412,at_risk
CUST003906,GB,Western Europe,paid_search,2025-03-13,2024-08-15,2025-11-27,2,59.36,29.68,469,active
CUST003475,ES,Southern Europe,email,2025-11-30,2024-08-17,2025-01-09,4,938.30,234.58,145,churned
CUST002752,NL,Western Europe,paid_search,2023-03-25,2024-08-25,2025-12-15,7,3254.48,464.93,477,active
CUST002915,DE,Western Europe,direct,2025-12-10,2024-08-26,2025-11-23,5,2445.37,489.07,454,active
CUST003150,GB,Western Europe,email,2025-07-22,2024-09-01,2025-12-02,10,2670.52,267.05,457,active
CUST001079,DE,Western Europe,referral,2024-04-19,2024-09-06,2025-12-02,5,796.62,159.32,452,active
CUST002425,FR,Western Europe,direct,2024-11-24,2024-09-08,2025-10-11,2,199.24,99.62,398,active
CUST000061,FR,Western Europe,paid_search,2024-01-28,2024-09-09,2025-11-28,5,1547.76,309.55,445,active
CUST003501,FR,Western Europe,paid_search,2025-07-31,2024-09-10,2025-12-22,7,2414.16,344.88,468,active
CUST000499,SE,Nordic,social_media,2024-04-11,2024-09-11,2025-12-16,4,1064.81,266.2,461,active
CUST000553,GB,Western Europe,direct,2024-11-23,2024-09-12,2025-08-30,4,853.05,213.26,352,at_risk
CUST003919,NL,Western Europe,organic_search,2024-04-23,2024-09-20,2025-09-13,5,1210.92,242.18,358,at_risk
CUST000663,GB,Western Europe,email,2025-09-14,2024-09-21,2024-12-15,5,401.94,80.39,85,churned
CUST003062,DE,Western Europe,paid_search,2024-07-26,2024-09-26,2025-12-18,6,2188.84,364.81,448,active
CUST002145,GB,Western Europe,paid_search,2024-05-30,2024-09-30,2025-12-26,6,1454.05,242.34,452,active
CUST000235,DE,Western Europe,organic_search,2024-01-18,2024-10-01,2025-09-18,4,695.42,173.86,352,at_risk
CUST000851,DE,Western Europe,organic_search,2025-09-20,2024-10-03,2025-08-01,3,2346.36,782.12,302,at_risk
CUST001432,GB,Western Europe,paid_search,2025-03-26,2024-10-08,2025-10-26,4,1054.12,263.53,383,active
CUST003059,DE,Western Europe,paid_search,2025-08-03,2024-10-14,2025-12-12,5,1083.24,216.65,424,active
CUST000832,GB,Western Europe,referral,2025-06-09,2024-10-16,2025-03-06,2,483.41,241.71,141,churned
CUST003889,GB,Western Europe,email,2024-10-03,2024-10-19,2025-12-21,7,1709.24,244.18,428,active
CUST000769,FR,Western Europe,paid_search,2025-06-18,2024-10-22,2025-11-15,7,2669.58,381.37,389,active
CUST001377,FR,Western Europe,direct,2025-12-28,2024-10-22,2025-12-13,4,330.82,82.71,417,active
CUST003690,DE,Western Europe,social_media,2023-11-01,2024-10-27,2025-12-11,4,3604.99,901.25,410,active
CUST000721,IT,Southern Europe,email,2023-06-13,2024-10-28,2025-09-14,5,1142.12,228.42,321,at_risk
CUST003754,NL,Western Europe,direct,2023-11-08,2024-10-30,2025-12-28,4,576.92,144.23,424,active
CUST000914,FR,Western Europe,social_media,2023-04-16,2024-10-31,2025-12-13,7,1241.26,177.32,408,active
CUST001431,GB,Western Europe,social_media,2025-09-17,2024-11-03,2025-12-17,5,1808.19,361.64,409,active
CUST002202,DE,Western Europe,referral,2024-02-01,2024-11-03,2025-03-02,3,1519.44,506.48,119,churned
CUST000403,GB,Western Europe,direct,2025-09-20,2024-11-03,2025-12-04,6,1638.47,273.08,396,active
CUST002550,DE,Western Europe,email,2023-05-14,2024-11-04,2025-12-12,6,2422.85,403.81,403,active
CUST001324,DE,Western Europe,social_media,2023-07-22,2024-11-06,2025-01-12,3,1712.12,570.71,67,churned
CUST003917,NL,Western Europe,referral,2025-04-11,2024-11-06,2025-12-01,3,1006.60,335.53,390,active
CUST003872,DE,Western Europe,direct,2025-09-07,2024-11-07,2025-12-15,5,663.33,132.67,403,active
CUST002837,SE,Nordic,organic_search,2024-07-11,2024-11-07,2025-11-28,3,502.59,167.53,386,active
CUST001574,ES,Southern Europe,referral,2024-07-21,2024-11-10,2025-09-09,4,968.21,242.05,303,at_risk
CUST002783,SE,Nordic,organic_search,2025-10-12,2024-11-10,2025-07-13,3,730.03,243.34,245,at_risk
CUST001451,GB,Western Europe,referral,2025-08-20,2024-11-10,2025-09-07,2,697.04,348.52,301,at_risk
CUST001847,DE,Western Europe,organic_search,2025-12-23,2024-11-17,2024-12-21,2,675.22,337.61,34,churned
CUST003458,NL,Western Europe,organic_search,2023-02-04,2024-11-20,2025-04-23,3,1917.08,639.03,154,churned
CUST001994,DE,Western Europe,social_media,2025-08-01,2024-11-20,2025-12-13,6,3050.24,508.37,388,active
CUST000342,GB,Western Europe,direct,2024-09-06,2024-11-21,2025-12-24,5,1935.25,387.05,398,active
CUST001875,NL,Western Europe,organic_search,2025-04-06,2024-11-24,2025-09-17,4,475.40,118.85,297,at_risk
CUST000993,FR,Western Europe,organic_search,2025-02-12,2024-11-25,2025-10-27,6,1574.70,262.45,336,active
CUST000984,DE,Western Europe,paid_search,2023-12-29,2024-11-25,2025-04-13,3,590.82,196.94,139,churned
CUST001390,GB,Western Europe,referral,2023-12-28,2024-11-30,2025-12-31,5,702.87,140.57,396,active
CUST001388,DE,Western Europe,email,2023-06-20,2024-12-01,2024-12-01,1,68.04,68.04,0,churned
CUST002629,GB,Western Europe,social_media,2025-11-19,2024-12-11,2025-12-10,4,1135.57,283.89,364,active
CUST003438,GB,Western Europe,organic_search,2024-03-31,2024-12-14,2025-09-24,7,2542.44,363.21,284,at_risk
CUST000634,GB,Western Europe,organic_search,2023-07-10,2024-12-18,2025-12-12,3,1209.55,403.18,359,active
CUST001623,GB,Western Europe,referral,2023-02-05,2024-12-21,2025-08-10,4,2296.42,574.11,232,at_risk
CUST002174,ES,Southern Europe,paid_search,2023-03-16,2024-12-22,2025-12-01,5,1333.32,266.66,344,active
CUST000739,FR,Western Europe,email,2025-10-25,2024-12-23,2025-06-23,4,2542.62,635.66,182,churned
CUST002536,ES,Southern Europe,paid_search,2025-08-07,2024-12-28,2025-04-06,3,257.23,85.74,99,churned
CUST003198,IT,Southern Europe,referral,2025-06-06,2025-01-07,2025-07-24,2,104.18,52.09,198,at_risk
CUST003997,FR,Western Europe,referral,2025-11-12,2025-01-13,2025-11-15,4,1397.93,349.48,306,active
CUST003589,DE,Western Europe,social_media,2024-09-01,2025-01-14,2025-11-26,5,557.27,111.45,316,active
CUST001921,NL,Western Europe,referral,2023-12-19,2025-01-25,2025-12-14,7,1536.74,219.53,323,active
CUST001546,GB,Western Europe,direct,2023-10-29,2025-02-15,2025-10-04,3,1052.87,350.96,231,active
CUST000521,GB,Western Europe,email,2024-11-09,2025-02-23,2025-02-23,1,327.84,327.84,0,churned
CUST003781,FR,Western Europe,social_media,2023-05-31,2025-02-28,2025-11-12,5,1508.31,301.66,257,active
CUST001440,NL,Western Europe,social_media,2023-07-12,2025-03-19,2025-04-15,2,170.01,85.01,27,churned
CUST002662,IT,Southern Europe,paid_search,2023-01-12,2025-03-22,2025-11-14,5,386.65,77.33,237,active
CUST000031,GB,Western Europe,paid_search,2023-07-20,2025-04-22,2025-08-24,2,294.22,147.11,124,at_risk
CUST003457,GB,Western Europe,email,2023-01-11,2025-05-07,2025-05-15,2,2465.08,1232.54,8,churned
CUST000972,IT,Southern Europe,organic_search,2025-06-28,2025-05-09,2025-12-23,2,385.98,192.99,228,active
CUST002871,IT,Southern Europe,email,2024-02-23,2025-05-10,2025-12-09,3,64.59,21.53,213,active
CUST003229,DE,Western Europe,referral,2024-05-01,2025-05-11,2025-10-17,3,1282.11,427.37,159,active
CUST003593,GB,Western Europe,referral,2023-08-13,2025-06-19,2025-06-19,1,45.58,45.58,0,churned
CUST000051,SE,Nordic,direct,2023-02-20,2025-07-22,2025-11-21,4,1434.34,358.59,122,active
CUST001461,FR,Western Europe,paid_search,2025-04-12,2025-10-11,2025-10-11,1,594.14,594.14,0,active
CUST001484,DE,Western Europe,social_media,2023-08-16,2024-01-01,2025-11-26,5,975.98,195.2,695,active
CUST000334,DE,Western Europe,email,2023-12-11,2024-01-01,2025-09-16,3,677.73,225.91,624,at_risk
CUST002077,DE,Western Europe,social_media,2025-02-05,2024-01-01,2025-12-08,6,2792.18,465.36,707,active
CUST003298,DE,Western Europe,social_media,2023-01-05,2024-01-02,2025-04-03,6,956.96,159.49,457,churned
CUST002529,DE,Western Europe,social_media,2025-07-13,2024-01-02,2025-12-05,8,1187.40,148.43,703,active
CUST003746,DE,Western Europe,direct,2025-10-23,2024-01-03,2025-12-27,7,2029.67,289.95,724,active
CUST003549,FR,Western Europe,referral,2024-08-07,2024-01-03,2025-06-19,3,573.31,191.1,533,churned
CUST001065,FR,Western Europe,direct,2024-06-05,2024-01-03,2025-11-14,8,2576.80,322.1,681,active
CUST001815,DE,Western Europe,social_media,2023-12-26,2024-01-03,2025-02-05,4,3123.97,780.99,399,churned
CUST002973,ES,Southern Europe,direct,2024-03-22,2024-01-05,2025-08-01,5,1977.97,395.59,574,at_risk
CUST002559,DE,Western Europe,referral,2025-01-26,2024-01-06,2025-09-27,10,3672.48,367.25,630,at_risk
CUST003910,FR,Western Europe,paid_search,2024-09-27,2024-01-07,2025-11-15,9,3967.52,440.84,678,active
CUST001493,DE,Western Europe,paid_search,2025-10-12,2024-01-08,2025-12-13,11,6595.32,599.57,705,active
CUST000220,ES,Southern Europe,social_media,2023-04-20,2024-01-09,2025-11-19,7,2237.09,319.58,680,active
CUST001582,FR,Western Europe,social_media,2023-05-07,2024-01-09,2024-12-18,3,1231.21,410.4,344,churned
CUST000891,NL,Western Europe,organic_search,2025-10-20,2024-01-09,2025-07-26,5,759.87,151.97,564,at_risk
CUST001102,SE,Nordic,direct,2023-01-17,2024-01-10,2025-10-06,5,1904.50,380.9,635,active
CUST001085,IT,Southern Europe,email,2025-09-15,2024-01-10,2025-12-07,6,1754.42,292.4,697,active
CUST002467,FR,Western Europe,referral,2024-07-26,2024-01-11,2025-12-12,6,1760.25,293.38,701,active
CUST003540,DE,Western Europe,paid_search,2025-02-20,2024-01-11,2025-09-01,10,3324.03,332.4,599,at_risk
CUST001203,DE,Western Europe,paid_search,2025-08-24,2024-01-13,2025-11-18,6,2053.53,342.26,675,active
CUST000707,FR,Western Europe,direct,2025-03-21,2024-01-14,2025-11-04,8,2056.15,257.02,660,active
CUST002437,FR,Western Europe,organic_search,2023-06-22,2024-01-15,2025-05-15,3,1858.00,619.33,486,churned
CUST003236,DE,Western Europe,social_media,2023-04-28,2024-01-17,2025-08-23,6,1215.59,202.6,584,at_risk
CUST001111,ES,Southern Europe,paid_search,2024-12-18,2024-01-18,2025-09-26,10,1058.53,105.85,617,at_risk
CUST003670,FR,Western Europe,paid_search,2023-11-18,2024-01-19,2025-02-07,3,540.23,180.08,385,churned
CUST003098,DE,Western Europe,direct,2023-10-16,2024-01-20,2025-11-12,6,1694.64,282.44,662,active
CUST000695,DE,Western Europe,organic_search,2024-08-06,2024-01-20,2025-12-31,6,2957.84,492.97,711,active
CUST002359,GB,Western Europe,direct,2023-07-15,2024-01-22,2025-11-08,6,2145.24,357.54,656,active
CUST001343,ES,Southern Europe,direct,2025-09-09,2024-01-22,2025-11-27,9,3432.69,381.41,675,active
CUST002090,FR,Western Europe,referral,2025-09-02,2024-01-22,2025-12-08,4,402.00,100.5,686,active
CUST002809,GB,Western Europe,direct,2024-08-21,2024-01-25,2025-11-20,5,2291.18,458.24,665,active
CUST003741,IT,Southern Europe,paid_search,2024-10-10,2024-01-26,2025-12-16,8,1832.75,229.09,690,active
CUST000978,DE,Western Europe,paid_search,2023-10-29,2024-01-27,2025-03-30,6,882.55,147.09,428,churned
CUST000136,FR,Western Europe,direct,2024-11-03,2024-01-28,2025-11-04,6,1765.35,294.22,646,active
CUST001711,DE,Western Europe,organic_search,2023-10-21,2024-01-31,2025-06-21,4,1788.50,447.13,507,churned
CUST003337,IT,Southern Europe,referral,2023-05-25,2024-01-31,2025-12-12,5,2132.51,426.5,681,active
CUST000880,DE,Western Europe,referral,2025-12-07,2024-02-03,2025-11-05,5,870.43,174.09,641,active
CUST003252,DE,Western Europe,organic_search,2024-10-18,2024-02-08,2025-11-26,6,2933.30,488.88,657,active
CUST003426,GB,Western Europe,organic_search,2023-02-27,2024-02-09,2025-10-31,7,2986.71,426.67,630,active
CUST002453,GB,Western Europe,referral,2024-12-04,2024-02-11,2025-03-04,4,1184.22,296.06,387,churned
CUST000093,ES,Southern Europe,social_media,2024-11-19,2024-02-11,2025-10-31,5,1358.22,271.64,628,active
CUST001699,SE,Nordic,direct,2025-03-28,2024-02-11,2025-10-22,9,3744.78,416.09,619,active
CUST003083,DE,Western Europe,social_media,2023-01-05,2024-02-11,2025-12-13,6,4039.48,673.25,671,active
CUST000709,FR,Western Europe,organic_search,2023-05-03,2024-02-12,2025-05-18,5,1172.52,234.5,461,churned
CUST003833,ES,Southern Europe,direct,2023-06-14,2024-02-13,2025-05-10,5,1143.84,228.77,452,churned
CUST000152,DE,Western Europe,direct,2025-08-17,2024-02-13,2025-11-04,6,1154.46,192.41,630,active
CUST000889,DE,Western Europe,paid_search,2025-05-02,2024-02-14,2025-02-15,3,1722.68,574.23,367,churned
CUST001086,GB,Western Europe,social_media,2024-09-13,2024-02-16,2025-12-12,5,1697.87,339.57,665,active
CUST000089,IT,Southern Europe,email,2025-05-10,2024-02-17,2025-02-16,3,1422.47,474.16,365,churned
CUST000256,GB,Western Europe,paid_search,2025-12-28,2024-02-18,2025-10-29,8,4975.70,621.96,619,active
CUST001263,FR,Western Europe,social_media,2025-05-18,2024-02-20,2025-11-13,5,1863.48,372.7,632,active
CUST002729,DE,Western Europe,email,2023-10-17,2024-02-20,2025-12-21,5,1938.25,387.65,670,active
CUST002469,GB,Western Europe,organic_search,2024-08-12,2024-02-21,2025-12-06,6,5300.38,883.4,654,active
CUST002947,GB,Western Europe,direct,2025-07-25,2024-02-22,2025-12-30,5,1844.12,368.82,677,active
CUST000725,GB,Western Europe,direct,2023-08-05,2024-02-23,2025-10-31,10,1851.26,185.13,616,active
CUST001581,DE,Western Europe,email,2023-08-04,2024-02-23,2025-12-01,4,945.55,236.39,647,active
CUST000084,DE,Western Europe,direct,2024-06-08,2024-02-25,2025-11-29,4,1198.19,299.55,643,active
CUST003979,DE,Western Europe,social_media,2025-04-26,2024-02-26,2025-07-12,2,317.52,158.76,502,at_risk
CUST001018,GB,Western Europe,email,2025-12-31,2024-02-27,2025-11-23,9,1099.59,122.18,635,active
CUST001017,DE,Western Europe,social_media,2024-05-05,2024-02-28,2025-12-07,9,1269.23,141.03,648,active
CUST003371,DE,Western Europe,organic_search,2023-03-26,2024-02-28,2025-06-15,4,671.42,167.86,473,churned
CUST003420,DE,Western Europe,social_media,2025-09-16,2024-02-29,2025-12-19,6,1630.49,271.75,659,active
CUST000080,DE,Western Europe,email,2024-11-01,2024-02-29,2025-10-15,6,5123.46,853.91,594,active
CUST002241,ES,Southern Europe,direct,2025-07-09,2024-03-04,2025-12-27,5,1167.60,233.52,663,active
CUST002722,ES,Southern Europe,organic_search,2023-03-07,2024-03-04,2025-02-01,7,2455.79,350.83,334,churned
CUST001004,NL,Western Europe,paid_search,2024-08-10,2024-03-06,2025-12-05,6,3538.36,589.73,639,active
CUST002405,NL,Western Europe,paid_search,2025-06-26,2024-03-07,2025-10-22,9,4077.36,453.04,594,active
CUST000276,GB,Western Europe,email,2023-04-16,2024-03-10,2025-01-30,7,2129.67,304.24,326,churned
CUST002562,NL,Western Europe,social_media,2024-09-14,2024-03-11,2025-10-07,7,4014.01,573.43,575,active
CUST003849,NL,Western Europe,organic_search,2025-01-29,2024-03-11,2025-12-07,7,2977.70,425.39,636,active
CUST003050,FR,Western Europe,paid_search,2025-02-03,2024-03-13,2025-10-08,7,2297.70,328.24,574,active
CUST003561,FR,Western Europe,paid_search,2025-04-02,2024-03-14,2025-11-22,4,2426.06,606.52,618,active
CUST000442,SE,Nordic,organic_search,2023-06-23,2024-03-14,2025-06-10,6,1859.53,309.92,453,churned
CUST000399,ES,Southern Europe,direct,2025-04-28,2024-03-14,2025-08-07,6,2744.28,457.38,511,at_risk
CUST003122,DE,Western Europe,referral,2024-06-01,2024-03-15,2025-11-07,6,1104.56,184.09,602,active
CUST001401,DE,Western Europe,direct,2023-12-01,2024-03-16,2025-11-28,5,952.88,190.58,622,active
CUST001663,IT,Southern Europe,social_media,2023-01-17,2024-03-17,2025-04-18,4,1523.98,381.0,397,churned
CUST000961,DE,Western Europe,organic_search,2023-02-08,2024-03-17,2025-02-28,3,197.18,65.73,348,churned
CUST002813,NL,Western Europe,paid_search,2024-07-18,2024-03-18,2025-12-02,5,519.78,103.96,624,active
CUST003415,ES,Southern Europe,direct,2024-01-18,2024-03-25,2025-12-05,7,2021.86,288.84,620,active
CUST001554,IT,Southern Europe,social_media,2024-05-27,2024-03-26,2025-09-19,6,2019.45,336.58,542,at_risk
CUST001502,GB,Western Europe,direct,2024-07-23,2024-03-26,2025-11-24,6,1432.11,238.68,608,active
CUST000500,SE,Nordic,email,2025-05-03,2024-03-26,2025-12-27,7,2280.62,325.8,641,active
CUST001820,FR,Western Europe,paid_search,2025-07-03,2024-03-27,2024-08-11,2,458.59,229.3,137,churned
CUST002935,NL,Western Europe,email,2024-10-28,2024-03-27,2025-12-19,6,1317.65,219.61,632,active
CUST001182,FR,Western Europe,social_media,2023-08-24,2024-03-31,2025-11-29,7,2584.67,369.24,608,active
CUST003774,NL,Western Europe,social_media,2023-05-16,2024-03-31,2025-12-28,9,1523.53,169.28,637,active
CUST003878,IT,Southern Europe,referral,2023-10-18,2024-04-02,2025-11-09,7,2377.11,339.59,586,active
CUST001097,DE,Western Europe,social_media,2025-04-18,2024-04-03,2025-11-18,8,4219.19,527.4,594,active
CUST001907,SE,Nordic,referral,2025-02-20,2024-04-04,2025-11-14,10,2557.77,255.78,589,active
CUST000801,NL,Western Europe,paid_search,2024-03-02,2024-04-06,2025-09-10,4,856.56,214.14,522,at_risk
CUST001472,NL,Western Europe,direct,2023-01-16,2024-04-06,2025-12-03,4,437.02,109.26,606,active
CUST003428,GB,Western Europe,direct,2023-10-05,2024-04-06,2025-12-30,8,1604.53,200.57,633,active
CUST002471,DE,Western Europe,organic_search,2024-09-20,2024-04-08,2025-06-27,6,2680.09,446.68,445,churned
CUST003496,DE,Western Europe,email,2025-11-12,2024-04-09,2025-09-15,6,1377.90,229.65,524,at_risk
CUST001480,FR,Western Europe,organic_search,2023-02-26,2024-04-10,2025-08-15,4,1070.82,267.71,492,at_risk
CUST002044,DE,Western Europe,direct,2025-10-19,2024-04-11,2025-11-07,7,2998.14,428.31,575,active
CUST003321,GB,Western Europe,paid_search,2025-12-27,2024-04-13,2025-12-31,6,1892.76,315.46,627,active
CUST003968,DE,Western Europe,direct,2024-05-15,2024-04-13,2025-12-11,10,3569.35,356.94,607,active
CUST003578,GB,Western Europe,email,2023-11-12,2024-04-16,2024-12-02,2,2292.51,1146.26,230,churned
CUST001781,DE,Western Europe,social_media,2024-11-04,2024-04-16,2025-12-14,5,497.71,99.54,607,active
CUST002692,GB,Western Europe,direct,2024-09-13,2024-04-16,2025-12-29,7,1042.70,148.96,622,active
CUST003305,DE,Western Europe,direct,2023-04-09,2024-04-19,2025-12-20,4,857.65,214.41,610,active
CUST002938,GB,Western Europe,email,2024-05-21,2024-04-20,2025-06-17,2,1068.13,534.07,423,churned
CUST002522,DE,Western Europe,paid_search,2024-03-10,2024-04-20,2025-09-20,5,952.75,190.55,518,at_risk
CUST003353,IT,Southern Europe,email,2024-07-08,2024-04-23,2025-12-18,3,569.81,189.94,604,active
CUST001702,FR,Western Europe,paid_search,2025-08-24,2024-04-24,2025-12-21,5,1920.09,384.02,606,active
CUST003851,FR,Western Europe,organic_search,2024-09-04,2024-04-26,2025-05-09,6,1753.44,292.24,378,churned
CUST003830,DE,Western Europe,email,2025-01-03,2024-04-27,2025-11-25,4,491.36,122.84,577,active
CUST000930,FR,Western Europe,organic_search,2025-02-02,2024-04-27,2025-09-25,9,2469.07,274.34,516,at_risk
CUST000931,DE,Western Europe,direct,2025-10-19,2024-04-28,2024-11-23,2,841.73,420.87,209,churned
CUST002564,DE,Western Europe,organic_search,2024-06-15,2024-04-29,2025-12-04,7,2272.05,324.58,584,active
CUST001655,DE,Western Europe,paid_search,2024-06-15,2024-04-30,2025-08-11,7,2084.22,297.75,468,at_risk
CUST001754,DE,Western Europe,email,2025-03-29,2024-05-01,2024-12-31,5,1645.78,329.16,244,churned
CUST002246,GB,Western Europe,organic_search,2025-03-07,2024-05-01,2025-12-23,6,3907.69,651.28,601,active
CUST001856,FR,Western Europe,organic_search,2023-02-13,2024-05-01,2025-12-17,6,3782.52,630.42,595,active
CUST000296,GB,Western Europe,organic_search,2025-04-10,2024-05-02,2025-12-19,5,1241.20,248.24,596,active
CUST001366,DE,Western Europe,referral,2025-04-01,2024-05-03,2025-09-18,4,1199.12,299.78,503,at_risk
CUST000932,ES,Southern Europe,referral,2024-08-28,2024-05-06,2025-11-22,8,3137.67,392.21,565,active
CUST002975,FR,Western Europe,email,2024-04-30,2024-05-07,2025-10-01,7,1485.13,212.16,512,at_risk
CUST000192,IT,Southern Europe,email,2025-05-29,2024-05-09,2025-12-19,4,1125.67,281.42,589,active
CUST001782,IT,Southern Europe,referral,2024-12-10,2024-05-10,2025-11-26,5,1345.25,269.05,565,active
CUST000525,ES,Southern Europe,paid_search,2023-12-29,2024-05-10,2025-06-21,5,746.63,149.33,407,churned
CUST001913,SE,Nordic,referral,2025-02-08,2024-05-17,2025-12-23,7,3983.99,569.14,585,active
CUST001634,ES,Southern Europe,email,2024-03-16,2024-05-17,2025-12-26,7,3937.63,562.52,588,active
CUST003745,DE,Western Europe,organic_search,2025-09-17,2024-05-17,2025-10-18,7,3366.29,480.9,519,active
CUST003367,FR,Western Europe,social_media,2025-06-14,2024-05-17,2025-11-11,8,2381.11,297.64,543,active
CUST002636,NL,Western Europe,organic_search,2024-07-15,2024-05-17,2025-12-31,6,809.81,134.97,593,active
CUST000872,FR,Western Europe,organic_search,2025-09-06,2024-05-20,2025-10-22,3,1239.24,413.08,520,active
CUST000933,SE,Nordic,referral,2024-11-24,2024-05-20,2025-12-12,8,1358.18,169.77,571,active
CUST000014,DE,Western Europe,organic_search,2025-01-11,2024-05-22,2025-11-15,2,1065.94,532.97,542,active
CUST000215,NL,Western Europe,social_media,2024-02-02,2024-05-24,2025-11-17,5,1588.88,317.78,542,active
CUST002362,FR,Western Europe,social_media,2024-05-15,2024-05-27,2025-12-30,5,861.91,172.38,582,active
CUST001006,NL,Western Europe,organic_search,2025-05-14,2024-05-28,2025-11-15,8,3839.10,479.89,536,active
CUST000091,DE,Western Europe,paid_search,2025-08-10,2024-05-30,2025-05-25,6,1428.10,238.02,360,churned
CUST001299,GB,Western Europe,direct,2025-10-25,2024-06-01,2024-11-25,2,362.14,181.07,177,churned
CUST002759,NL,Western Europe,direct,2025-03-12,2024-06-03,2025-11-07,6,1665.30,277.55,522,active
CUST001508,GB,Western Europe,social_media,2024-07-16,2024-06-03,2025-06-26,3,699.72,233.24,388,churned
CUST003832,ES,Southern Europe,social_media,2024-04-02,2024-06-05,2025-09-04,7,3804.11,543.44,456,at_risk
CUST001414,DE,Western Europe,referral,2025-12-29,2024-06-08,2025-12-07,9,1165.85,129.54,547,active
CUST003666,FR,Western Europe,paid_search,2023-07-23,2024-06-13,2025-11-11,7,3232.16,461.74,516,active
CUST003532,ES,Southern Europe,paid_search,2024-05-07,2024-06-14,2025-12-28,8,1182.69,147.84,562,active
CUST001511,ES,Southern Europe,paid_search,2023-08-04,2024-06-18,2024-08-18,2,85.79,42.9,61,churned
CUST001234,DE,Western Europe,organic_search,2024-05-26,2024-06-19,2025-09-29,10,2824.49,282.45,467,at_risk
CUST000183,IT,Southern Europe,paid_search,2023-07-07,2024-06-19,2025-10-15,5,1964.31,392.86,483,active
CUST001909,FR,Western Europe,email,2024-05-09,2024-06-20,2025-11-18,4,647.07,161.77,516,active
CUST000951,GB,Western Europe,social_media,2025-01-01,2024-06-20,2025-11-27,4,965.84,241.46,525,active
CUST001708,DE,Western Europe,social_media,2023-06-08,2024-06-20,2025-12-27,6,1139.80,189.97,555,active
CUST003456,DE,Western Europe,email,2024-06-09,2024-06-21,2025-03-31,4,219.41,54.85,283,churned
CUST002012,DE,Western Europe,direct,2025-03-17,2024-06-21,2025-11-29,6,3042.72,507.12,526,active
CUST003860,ES,Southern Europe,organic_search,2025-02-03,2024-06-22,2025-12-28,6,1715.63,285.94,554,active
CUST001896,NL,Western Europe,paid_search,2025-12-27,2024-06-23,2025-12-17,3,548.95,182.98,542,active
CUST003394,FR,Western Europe,social_media,2024-12-13,2024-06-24,2024-12-31,2,1584.14,792.07,190,churned
CUST001489,FR,Western Europe,organic_search,2023-11-21,2024-06-25,2025-12-28,8,2916.27,364.53,551,active
CUST000495,GB,Western Europe,social_media,2023-07-26,2024-06-25,2025-12-14,5,687.85,137.57,537,active
CUST002088,NL,Western Europe,organic_search,2023-06-05,2024-06-25,2025-12-10,6,1072.51,178.75,533,active
CUST002683,DE,Western Europe,referral,2023-10-16,2024-06-26,2025-06-17,2,127.49,63.75,356,churned
CUST000355,DE,Western Europe,referral,2024-07-06,2024-06-30,2025-12-28,5,1454.30,290.86,546,active
CUST000228,FR,Western Europe,social_media,2025-03-10,2024-07-06,2025-07-07,3,875.52,291.84,366,at_risk
CUST002181,FR,Western Europe,email,2024-07-11,2024-07-07,2024-12-11,5,3348.26,669.65,157,churned
CUST001603,DE,Western Europe,direct,2023-04-29,2024-07-11,2025-02-20,4,831.97,207.99,224,churned
CUST000513,IT,Southern Europe,direct,2024-09-03,2024-07-12,2025-04-04,5,992.52,198.5,266,churned
CUST003339,GB,Western Europe,direct,2024-11-01,2024-07-13,2025-12-27,8,4113.24,514.16,532,active
CUST000623,FR,Western Europe,paid_search,2025-09-24,2024-07-15,2025-12-20,6,1281.54,213.59,523,active
CUST000960,NL,Western Europe,organic_search,2024-04-09,2024-07-16,2025-11-19,9,3974.30,441.59,491,active
CUST002024,DE,Western Europe,social_media,2023-11-16,2024-07-17,2025-10-03,4,533.18,133.29,443,active
CUST003129,SE,Nordic,direct,2023-07-06,2024-07-17,2025-12-08,6,1469.53,244.92,509,active
CUST002364,GB,Western Europe,organic_search,2025-03-13,2024-07-19,2025-12-10,5,1184.31,236.86,509,active
CUST001255,NL,Western Europe,email,2025-06-22,2024-07-19,2025-11-18,5,1258.35,251.67,487,active
CUST003531,FR,Western Europe,direct,2025-04-27,2024-07-21,2025-08-24,3,501.35,167.12,399,at_risk
CUST001027,ES,Southern Europe,email,2024-07-31,2024-07-21,2024-12-01,2,343.26,171.63,133,churned
CUST000303,GB,Western Europe,referral,2025-12-17,2024-07-23,2025-08-22,3,589.04,196.35,395,at_risk
CUST001876,GB,Western Europe,email,2024-11-10,2024-07-24,2025-12-09,6,1789.03,298.17,503,active
CUST003369,DE,Western Europe,email,2023-02-12,2024-07-25,2025-08-05,4,1370.87,342.72,376,at_risk
CUST001019,IT,Southern Europe,paid_search,2024-09-08,2024-07-28,2025-11-28,4,894.22,223.56,488,active
CUST000198,IT,Southern Europe,referral,2023-12-29,2024-08-04,2025-11-16,5,1503.64,300.73,469,active
CUST001491,DE,Western Europe,social_media,2024-11-01,2024-08-05,2025-11-15,4,405.66,101.42,467,active
CUST002421,DE,Western Europe,paid_search,2025-10-03,2024-08-11,2025-05-15,3,1010.68,336.89,277,churned
CUST003530,FR,Western Europe,email,2024-01-22,2024-08-11,2025-12-03,3,283.80,94.6,479,active
CUST002182,DE,Western Europe,referral,2023-12-09,2024-08-17,2024-09-11,2,1431.67,715.84,25,churned
CUST003643,GB,Western Europe,direct,2024-06-21,2024-08-18,2025-01-16,2,682.20,341.1,151,churned
CUST000713,GB,Western Europe,referral,2024-10-24,2024-08-18,2025-12-08,5,785.19,157.04,477,active
CUST001516,DE,Western Europe,social_media,2023-09-08,2024-08-21,2025-11-23,4,1327.56,331.89,459,active
CUST002111,DE,Western Europe,direct,2023-05-18,2024-08-24,2025-12-30,8,2243.81,280.48,493,active
CUST002322,NL,Western Europe,social_media,2024-05-09,2024-08-28,2025-11-27,5,1296.70,259.34,456,active
CUST003283,ES,Southern Europe,email,2023-09-04,2024-08-29,2025-05-04,5,1091.51,218.3,248,churned
CUST002329,GB,Western Europe,referral,2023-11-03,2024-08-29,2025-11-07,4,679.44,169.86,435,active
CUST000509,IT,Southern Europe,paid_search,2025-08-28,2024-09-05,2024-11-20,3,1408.03,469.34,76,churned
CUST003831,FR,Western Europe,social_media,2024-01-11,2024-09-06,2025-11-20,5,1277.12,255.42,440,active
CUST002108,IT,Southern Europe,social_media,2025-10-30,2024-09-06,2025-11-13,7,4382.95,626.14,433,active
CUST000507,IT,Southern Europe,paid_search,2023-02-26,2024-09-07,2025-10-28,3,804.96,268.32,416,active
CUST001828,SE,Nordic,referral,2025-11-04,2024-09-12,2025-11-14,6,2271.69,378.62,428,active
CUST003476,ES,Southern Europe,direct,2024-05-16,2024-09-13,2025-10-25,4,774.83,193.71,407,active
CUST003159,ES,Southern Europe,referral,2025-04-07,2024-09-19,2025-11-18,4,628.38,157.1,425,active
CUST003551,ES,Southern Europe,organic_search,2024-05-13,2024-09-26,2025-11-05,5,1477.64,295.53,405,active
CUST002245,ES,Southern Europe,organic_search,2025-10-14,2024-10-04,2025-07-12,5,2621.90,524.38,281,at_risk
CUST000226,DE,Western Europe,email,2023-10-22,2024-10-04,2025-09-08,3,571.48,190.49,339,at_risk
CUST000700,GB,Western Europe,email,2024-11-07,2024-10-04,2025-12-25,5,738.68,147.74,447,active
CUST000642,FR,Western Europe,paid_search,2024-06-03,2024-10-05,2025-10-24,3,926.34,308.78,384,active
CUST001154,NL,Western Europe,referral,2023-12-16,2024-10-05,2025-11-18,3,1258.50,419.5,409,active
CUST003292,IT,Southern Europe,paid_search,2023-11-24,2024-10-19,2025-11-30,6,770.13,128.35,407,active
CUST000893,ES,Southern Europe,organic_search,2025-08-08,2024-10-22,2025-11-30,8,2132.31,266.54,404,active
CUST002154,ES,Southern Europe,direct,2025-11-12,2024-10-27,2025-11-30,2,693.27,346.64,399,active
CUST002764,FR,Western Europe,referral,2025-12-29,2024-10-29,2025-11-12,5,1235.34,247.07,379,active
CUST002650,GB,Western Europe,email,2025-06-15,2024-11-01,2025-10-29,5,2567.89,513.58,362,active
CUST002957,NL,Western Europe,organic_search,2023-01-30,2024-11-05,2025-01-11,3,1588.14,529.38,67,churned
CUST001108,ES,Southern Europe,referral,2025-10-31,2024-11-14,2025-10-22,5,1624.76,324.95,342,active
CUST001900,ES,Southern Europe,email,2024-03-03,2024-11-14,2025-03-05,3,586.56,195.52,111,churned
CUST002948,GB,Western Europe,referral,2025-04-10,2024-11-16,2025-11-01,5,737.01,147.4,350,active
CUST001370,DE,Western Europe,paid_search,2023-04-08,2024-11-18,2025-09-28,7,1518.03,216.86,314,at_risk
CUST001826,GB,Western Europe,paid_search,2025-05-30,2024-11-26,2025-12-06,5,3130.83,626.17,375,active
CUST000363,GB,Western Europe,email,2024-10-18,2024-11-28,2025-09-09,3,636.90,212.3,285,at_risk
CUST001925,ES,Southern Europe,referral,2023-02-02,2024-12-01,2025-09-03,7,1853.10,264.73,276,at_risk
CUST003036,FR,Western Europe,referral,2024-06-28,2024-12-04,2025-11-17,6,1847.78,307.96,348,active
CUST002958,ES,Southern Europe,email,2024-03-11,2024-12-18,2025-10-22,5,1225.79,245.16,308,active
CUST002439,GB,Western Europe,referral,2024-02-06,2024-12-23,2025-05-12,2,930.83,465.42,140,churned
CUST000072,DE,Western Europe,social_media,2025-12-03,2024-12-26,2025-12-15,5,1189.07,237.81,354,active
CUST000814,IT,Southern Europe,organic_search,2024-05-16,2024-12-29,2025-12-25,5,1238.92,247.78,361,active
CUST002987,DE,Western Europe,paid_search,2025-05-24,2024-12-30,2025-12-05,6,1696.80,282.8,340,active
CUST003250,GB,Western Europe,organic_search,2025-08-07,2025-01-13,2025-11-27,5,2709.81,541.96,318,active
CUST000940,GB,Western Europe,email,2025-05-01,2025-01-20,2025-01-20,1,72.43,72.43,0,churned
CUST003560,GB,Western Europe,organic_search,2024-10-07,2025-01-20,2025-11-27,3,3490.69,1163.56,311,active
CUST000949,IT,Southern Europe,social_media,2024-06-12,2025-01-21,2025-06-13,2,886.23,443.12,143,churned
CUST000423,DE,Western Europe,organic_search,2025-03-11,2025-01-29,2025-01-29,1,1041.26,1041.26,0,churned
CUST002800,DE,Western Europe,social_media,2024-01-25,2025-02-08,2025-09-23,3,1070.49,356.83,227,at_risk
CUST003092,SE,Nordic,social_media,2023-02-07,2025-02-08,2025-12-31,6,1956.22,326.04,326,active
CUST003052,GB,Western Europe,social_media,2023-07-24,2025-02-09,2025-11-30,6,1834.08,305.68,294,active
CUST003533,FR,Western Europe,paid_search,2024-03-26,2025-02-27,2025-02-27,1,1338.51,1338.51,0,churned
CUST002116,DE,Western Europe,referral,2023-02-25,2025-03-01,2025-09-12,4,992.56,248.14,195,at_risk
CUST002102,GB,Western Europe,referral,2025-11-03,2025-03-03,2025-12-14,3,476.73,158.91,286,active
CUST003861,ES,Southern Europe,paid_search,2023-01-13,2025-03-16,2025-10-24,4,2559.74,639.93,222,active
CUST000884,DE,Western Europe,email,2025-10-15,2025-03-20,2025-12-04,4,1625.62,406.41,259,active
CUST001716,SE,Nordic,direct,2025-06-10,2025-03-28,2025-12-23,3,1310.99,437.0,270,active
CUST002274,NL,Western Europe,social_media,2025-11-09,2025-04-01,2025-11-06,4,2016.48,504.12,219,active
CUST001181,SE,Nordic,social_media,2025-03-30,2025-04-01,2025-12-04,3,574.79,191.6,247,active
CUST000150,FR,Western Europe,social_media,2024-02-16,2025-04-11,2025-10-06,3,1814.18,604.73,178,active
CUST003840,NL,Western Europe,referral,2025-11-12,2025-04-23,2025-11-30,3,1478.95,492.98,221,active
CUST002652,FR,Western Europe,organic_search,2023-06-27,2025-05-04,2025-06-19,2,720.33,360.17,46,churned
CUST002807,ES,Southern Europe,paid_search,2025-04-04,2025-05-11,2025-12-10,5,3219.95,643.99,213,active
CUST002494,FR,Western Europe,direct,2024-06-18,2025-05-22,2025-11-21,3,118.73,39.58,183,active
CUST000001,FR,Western Europe,organic_search,2023-08-17,2025-06-27,2025-11-23,3,503.55,167.85,149,active
CUST001116,GB,Western Europe,direct,2023-11-30,2025-07-07,2025-07-07,1,212.69,212.69,0,at_risk
CUST003164,GB,Western Europe,social_media,2025-02-01,2025-08-06,2025-10-25,2,1553.47,776.74,80,active
CUST002762,DE,Western Europe,direct,2024-08-28,2025-08-24,2025-10-18,2,56.97,28.49,55,active
CUST003162,DE,Western Europe,organic_search,2023-09-08,2025-10-19,2025-10-25,2,806.53,403.27,6,active
CUST002825,FR,Western Europe,referral,2024-03-17,2025-11-29,2025-11-29,1,721.06,721.06,0,active
CUST002698,FR,Western Europe,direct,2025-08-05,2025-12-11,2025-12-17,2,2903.21,1451.61,6,active
CUST000768,IT,Southern Europe,organic_search,2025-04-25,2024-01-01,2025-12-19,10,2591.44,259.14,718,active
CUST000966,FR,Western Europe,paid_search,2023-07-22,2024-01-03,2025-10-28,4,1336.86,334.22,664,active
CUST002417,FR,Western Europe,social_media,2023-12-12,2024-01-03,2025-10-09,4,1559.78,389.95,645,active
CUST000943,NL,Western Europe,paid_search,2025-04-28,2024-01-04,2024-12-16,3,1045.08,348.36,347,churned
CUST003913,DE,Western Europe,paid_search,2025-09-13,2024-01-05,2025-08-06,5,1451.81,290.36,579,at_risk
CUST001550,GB,Western Europe,referral,2023-06-26,2024-01-05,2025-09-13,8,2016.18,252.02,617,at_risk
CUST002346,NL,Western Europe,social_media,2024-08-20,2024-01-05,2025-11-07,6,3190.46,531.74,672,active
CUST001657,GB,Western Europe,referral,2023-01-14,2024-01-05,2025-12-03,7,1276.59,182.37,698,active
CUST002545,DE,Western Europe,email,2023-05-19,2024-01-06,2025-12-16,6,1574.36,262.39,710,active
CUST002264,FR,Western Europe,referral,2025-02-16,2024-01-07,2025-12-19,9,3251.81,361.31,712,active
CUST001351,ES,Southern Europe,social_media,2025-09-26,2024-01-07,2025-06-15,3,1089.23,363.08,525,churned
CUST001675,ES,Southern Europe,direct,2024-09-23,2024-01-09,2025-12-22,6,2091.79,348.63,713,active
CUST003282,DE,Western Europe,email,2025-03-22,2024-01-09,2025-09-28,7,2248.84,321.26,628,at_risk
CUST003649,GB,Western Europe,organic_search,2023-02-12,2024-01-09,2025-12-08,6,597.87,99.65,699,active
CUST000628,NL,Western Europe,email,2023-10-28,2024-01-09,2025-12-09,8,633.09,79.14,700,active
CUST003442,GB,Western Europe,email,2025-10-16,2024-01-11,2025-05-22,5,694.27,138.85,497,churned
CUST003054,FR,Western Europe,paid_search,2025-03-28,2024-01-11,2025-12-17,6,2123.55,353.93,706,active
CUST003423,ES,Southern Europe,direct,2024-05-18,2024-01-12,2025-12-28,6,1447.87,241.31,716,active
CUST003900,ES,Southern Europe,referral,2024-11-18,2024-01-13,2025-12-19,7,2091.03,298.72,706,active
CUST001424,DE,Western Europe,email,2023-12-22,2024-01-14,2025-12-27,7,2254.11,322.02,713,active
CUST003281,GB,Western Europe,paid_search,2024-05-22,2024-01-14,2025-12-01,3,1397.28,465.76,687,active
CUST000373,DE,Western Europe,organic_search,2024-12-07,2024-01-15,2025-08-24,6,1894.15,315.69,587,at_risk
CUST000888,DE,Western Europe,organic_search,2023-11-20,2024-01-16,2024-09-05,4,744.00,186.0,233,churned
CUST001687,IT,Southern Europe,email,2025-02-10,2024-01-16,2025-10-28,6,864.28,144.05,651,active
CUST001552,GB,Western Europe,referral,2025-05-15,2024-01-18,2025-12-21,7,2714.22,387.75,703,active
CUST002404,FR,Western Europe,referral,2024-10-20,2024-01-21,2025-08-04,4,748.12,187.03,561,at_risk
CUST002465,GB,Western Europe,paid_search,2024-04-26,2024-01-22,2025-12-18,5,1323.12,264.62,696,active
CUST001287,DE,Western Europe,paid_search,2025-07-02,2024-01-23,2025-11-03,5,921.95,184.39,650,active
CUST001248,DE,Western Europe,referral,2023-02-18,2024-01-23,2025-09-23,4,928.54,232.14,609,at_risk
CUST001067,DE,Western Europe,social_media,2024-10-04,2024-01-25,2025-11-21,6,2146.95,357.83,666,active
CUST001752,DE,Western Europe,email,2023-07-24,2024-01-28,2025-08-03,5,1397.30,279.46,553,at_risk
CUST001053,IT,Southern Europe,referral,2025-07-16,2024-01-31,2025-12-30,8,4019.16,502.4,699,active
CUST001094,GB,Western Europe,referral,2025-05-01,2024-02-01,2025-10-18,8,2500.11,312.51,625,active
CUST003678,FR,Western Europe,direct,2025-12-30,2024-02-02,2025-11-27,3,480.35,160.12,664,active
CUST003216,DE,Western Europe,paid_search,2024-12-11,2024-02-02,2025-03-30,5,2519.54,503.91,422,churned
CUST002089,ES,Southern Europe,direct,2023-10-18,2024-02-03,2025-12-12,5,502.00,100.4,678,active
CUST001635,IT,Southern Europe,referral,2023-06-08,2024-02-03,2025-12-08,8,4336.92,542.12,674,active
CUST000779,NL,Western Europe,paid_search,2025-11-13,2024-02-03,2025-12-07,9,2602.35,289.15,673,active
CUST003543,DE,Western Europe,social_media,2024-12-04,2024-02-07,2025-12-27,6,2442.57,407.1,689,active
CUST003306,FR,Western Europe,email,2025-07-19,2024-02-07,2025-11-22,6,1180.19,196.7,654,active
CUST000088,GB,Western Europe,social_media,2024-12-12,2024-02-07,2024-02-07,1,1165.76,1165.76,0,churned
CUST002091,ES,Southern Europe,paid_search,2024-07-07,2024-02-08,2025-12-08,4,777.81,194.45,669,active
CUST003651,ES,Southern Europe,email,2023-01-31,2024-02-09,2025-03-04,6,742.12,123.69,389,churned
CUST001360,GB,Western Europe,social_media,2023-09-27,2024-02-10,2024-02-10,1,540.30,540.3,0,churned
CUST000090,GB,Western Europe,referral,2025-06-10,2024-02-10,2025-11-07,5,2142.20,428.44,636,active
CUST000358,GB,Western Europe,social_media,2025-12-03,2024-02-10,2025-11-06,9,3487.21,387.47,635,active
CUST003304,FR,Western Europe,organic_search,2023-04-22,2024-02-11,2025-11-20,10,2262.36,226.24,648,active
CUST001330,GB,Western Europe,organic_search,2023-06-08,2024-02-12,2024-10-09,4,480.25,120.06,240,churned
CUST000510,NL,Western Europe,email,2024-09-17,2024-02-12,2025-07-02,3,268.94,89.65,506,churned
CUST001247,DE,Western Europe,email,2024-11-04,2024-02-14,2024-02-14,1,40.49,40.49,0,churned
CUST002654,DE,Western Europe,email,2023-03-27,2024-02-15,2024-02-15,1,554.95,554.95,0,churned
CUST001361,IT,Southern Europe,direct,2024-04-29,2024-02-15,2025-11-30,5,767.97,153.59,654,active
CUST002374,FR,Western Europe,paid_search,2023-11-12,2024-02-15,2025-10-25,4,752.62,188.16,618,active
CUST000428,IT,Southern Europe,referral,2024-11-17,2024-02-19,2025-10-19,4,1461.24,365.31,608,active
CUST001536,DE,Western Europe,referral,2025-09-27,2024-02-20,2025-07-30,6,893.60,148.93,526,at_risk
CUST003866,FR,Western Europe,direct,2025-10-31,2024-02-22,2025-05-17,10,2557.14,255.71,450,churned
CUST002152,DE,Western Europe,referral,2023-10-27,2024-02-24,2025-12-15,10,2370.15,237.02,660,active
CUST000024,FR,Western Europe,paid_search,2023-09-05,2024-02-24,2025-12-14,5,2440.68,488.14,659,active
CUST000626,FR,Western Europe,email,2025-09-13,2024-02-24,2025-08-23,5,1428.97,285.79,546,at_risk
CUST001037,FR,Western Europe,organic_search,2025-05-16,2024-02-24,2025-11-19,5,1383.04,276.61,634,active
CUST002345,IT,Southern Europe,organic_search,2025-12-18,2024-02-25,2025-11-20,11,5556.30,505.12,634,active
CUST001736,IT,Southern Europe,direct,2025-06-19,2024-02-25,2025-11-12,10,1434.83,143.48,626,active
CUST001648,ES,Southern Europe,direct,2025-06-11,2024-02-25,2025-10-20,10,1354.36,135.44,603,active
CUST002608,FR,Western Europe,social_media,2024-10-09,2024-02-25,2025-11-30,8,4085.67,510.71,644,active
CUST003319,ES,Southern Europe,social_media,2025-07-08,2024-02-29,2025-12-01,7,3794.61,542.09,641,active
CUST000116,IT,Southern Europe,organic_search,2023-07-07,2024-02-29,2025-05-18,5,882.72,176.54,444,churned
CUST002611,ES,Southern Europe,organic_search,2025-09-12,2024-03-01,2025-10-25,7,2189.20,312.74,603,active
CUST003318,DE,Western Europe,referral,2025-07-13,2024-03-02,2025-12-02,9,3565.79,396.2,640,active
CUST000375,DE,Western Europe,organic_search,2023-07-19,2024-03-03,2025-05-11,3,906.22,302.07,434,churned
CUST003870,DE,Western Europe,direct,2023-06-07,2024-03-03,2025-12-03,4,718.66,179.67,640,active
CUST003254,DE,Western Europe,social_media,2023-01-22,2024-03-04,2025-05-14,10,5392.42,539.24,436,churned
CUST001192,GB,Western Europe,email,2025-11-28,2024-03-06,2024-03-06,1,508.14,508.14,0,churned
CUST002616,DE,Western Europe,social_media,2025-12-26,2024-03-06,2025-05-22,4,1222.68,305.67,442,churned
CUST003722,ES,Southern Europe,direct,2023-04-10,2024-03-06,2025-12-27,8,1865.86,233.23,661,active
CUST000824,FR,Western Europe,social_media,2024-05-03,2024-03-06,2025-11-25,7,2007.65,286.81,629,active
CUST003365,IT,Southern Europe,referral,2024-07-24,2024-03-07,2025-10-04,7,2895.03,413.58,576,active
CUST000456,GB,Western Europe,referral,2023-05-05,2024-03-07,2025-12-01,4,455.09,113.77,634,active
CUST001183,GB,Western Europe,direct,2023-03-02,2024-03-07,2025-10-08,6,1619.83,269.97,580,active
CUST003211,DE,Western Europe,social_media,2025-01-02,2024-03-07,2025-07-02,5,1410.87,282.17,482,churned
CUST000108,ES,Southern Europe,social_media,2023-05-04,2024-03-09,2025-03-06,11,3043.69,276.7,362,churned
CUST002341,ES,Southern Europe,email,2023-12-30,2024-03-10,2025-11-25,6,1175.07,195.85,625,active
CUST001823,GB,Western Europe,organic_search,2023-05-05,2024-03-10,2025-08-28,7,2617.30,373.9,536,at_risk
CUST002406,GB,Western Europe,email,2024-07-07,2024-03-11,2025-03-30,3,202.13,67.38,384,churned
CUST002072,GB,Western Europe,direct,2023-11-09,2024-03-12,2025-10-21,7,2641.87,377.41,588,active
CUST002682,ES,Southern Europe,social_media,2025-10-29,2024-03-13,2025-12-23,10,3292.10,329.21,650,active
CUST002485,GB,Western Europe,email,2023-07-04,2024-03-13,2025-11-11,6,1497.97,249.66,608,active
CUST002868,ES,Southern Europe,social_media,2023-12-01,2024-03-15,2025-10-09,6,3228.49,538.08,573,active
CUST001910,DE,Western Europe,social_media,2023-08-04,2024-03-18,2025-11-07,4,1404.62,351.16,599,active
CUST002486,SE,Nordic,organic_search,2023-07-29,2024-03-18,2025-12-02,5,960.64,192.13,624,active
CUST002546,GB,Western Europe,referral,2024-05-31,2024-03-18,2024-06-08,3,946.27,315.42,82,churned
CUST002229,FR,Western Europe,paid_search,2024-03-05,2024-03-19,2025-12-30,7,4155.16,593.59,651,active
CUST000012,SE,Nordic,social_media,2024-10-06,2024-03-20,2025-12-20,6,1153.83,192.3,640,active
CUST001750,DE,Western Europe,direct,2024-09-09,2024-03-23,2025-02-26,5,2170.73,434.15,340,churned
CUST000335,DE,Western Europe,direct,2023-05-01,2024-03-23,2024-12-31,5,1805.81,361.16,283,churned
CUST003002,ES,Southern Europe,referral,2024-01-02,2024-03-25,2025-11-30,6,615.93,102.65,615,active
CUST002745,GB,Western Europe,paid_search,2023-04-14,2024-03-25,2025-06-22,5,1086.96,217.39,454,churned
CUST001792,NL,Western Europe,direct,2025-08-08,2024-03-26,2025-11-09,7,2408.20,344.03,593,active
CUST002934,GB,Western Europe,organic_search,2024-12-16,2024-03-26,2025-04-26,5,633.29,126.66,396,churned
CUST000579,GB,Western Europe,referral,2025-02-20,2024-03-27,2025-05-21,6,2694.68,449.11,420,churned
CUST000357,DE,Western Europe,referral,2023-01-26,2024-03-30,2025-11-12,9,2136.41,237.38,592,active
CUST002741,FR,Western Europe,paid_search,2024-08-26,2024-04-01,2025-12-08,7,1720.51,245.79,616,active
CUST001638,DE,Western Europe,email,2025-01-11,2024-04-02,2025-11-25,9,3340.32,371.15,602,active
CUST000877,NL,Western Europe,paid_search,2023-06-23,2024-04-08,2025-11-23,4,669.59,167.4,594,active
CUST003386,IT,Southern Europe,paid_search,2023-03-31,2024-04-08,2025-11-27,5,357.66,71.53,598,active
CUST001136,DE,Western Europe,social_media,2025-10-06,2024-04-09,2025-11-30,5,1041.31,208.26,600,active
CUST000710,NL,Western Europe,email,2025-09-26,2024-04-09,2025-12-29,9,2817.24,313.03,629,active
CUST000242,SE,Nordic,social_media,2025-01-29,2024-04-11,2025-09-03,4,1215.79,303.95,510,at_risk
CUST001235,NL,Western Europe,organic_search,2024-11-21,2024-04-11,2025-11-26,3,499.88,166.63,594,active
CUST003566,NL,Western Europe,social_media,2023-08-28,2024-04-12,2025-11-14,5,1016.00,203.2,581,active
CUST003632,DE,Western Europe,paid_search,2023-09-07,2024-04-14,2025-12-31,4,2131.17,532.79,626,active
CUST003011,GB,Western Europe,direct,2025-10-30,2024-04-15,2025-08-31,5,2652.02,530.4,503,at_risk
CUST003661,GB,Western Europe,social_media,2025-02-25,2024-04-15,2025-09-28,4,1187.40,296.85,531,at_risk
CUST002497,GB,Western Europe,social_media,2025-12-15,2024-04-17,2025-07-06,6,3241.85,540.31,445,at_risk
CUST000338,NL,Western Europe,referral,2025-09-26,2024-04-18,2024-11-14,6,932.67,155.45,210,churned
CUST002427,DE,Western Europe,organic_search,2025-10-13,2024-04-19,2025-11-07,4,1157.28,289.32,567,active
CUST003764,FR,Western Europe,organic_search,2025-03-04,2024-04-19,2025-03-05,3,1225.17,408.39,320,churned
CUST002136,IT,Southern Europe,email,2025-11-17,2024-04-20,2025-10-21,4,696.21,174.05,549,active
CUST001673,ES,Southern Europe,email,2024-10-23,2024-04-20,2025-11-24,9,2922.84,324.76,583,active
CUST000223,DE,Western Europe,paid_search,2025-07-07,2024-04-20,2025-06-20,4,581.89,145.47,426,churned
CUST001444,FR,Western Europe,direct,2025-01-21,2024-04-21,2025-12-19,12,4022.62,335.22,607,active
CUST000415,GB,Western Europe,referral,2023-10-14,2024-04-25,2025-11-14,5,2585.77,517.15,568,active
CUST002419,DE,Western Europe,direct,2023-07-28,2024-04-25,2025-08-25,3,1084.15,361.38,487,at_risk
CUST001039,DE,Western Europe,direct,2023-01-11,2024-04-25,2025-10-23,5,891.97,178.39,546,active
CUST003495,NL,Western Europe,email,2023-11-13,2024-04-27,2025-11-23,4,1698.16,424.54,575,active
CUST001583,GB,Western Europe,direct,2023-12-23,2024-04-29,2025-05-19,5,1100.86,220.17,385,churned
CUST003729,DE,Western Europe,referral,2023-11-13,2024-05-04,2025-11-29,5,1323.50,264.7,574,active
CUST001152,ES,Southern Europe,email,2024-03-28,2024-05-04,2025-12-29,4,1358.13,339.53,604,active
CUST000102,GB,Western Europe,direct,2023-04-04,2024-05-05,2025-12-07,6,1984.05,330.68,581,active
CUST001490,FR,Western Europe,paid_search,2025-11-26,2024-05-05,2025-09-24,4,477.30,119.33,507,at_risk
CUST003633,GB,Western Europe,email,2024-01-06,2024-05-06,2025-11-18,3,1370.14,456.71,561,active
CUST000426,GB,Western Europe,social_media,2023-09-02,2024-05-09,2024-06-03,2,267.63,133.82,25,churned
CUST001798,DE,Western Europe,email,2023-03-05,2024-05-11,2025-10-30,4,685.41,171.35,537,active
CUST001378,GB,Western Europe,email,2024-12-12,2024-05-12,2025-12-16,5,1359.05,271.81,583,active
CUST002093,DE,Western Europe,social_media,2023-12-25,2024-05-13,2025-01-24,3,823.82,274.61,256,churned
CUST002574,GB,Western Europe,paid_search,2024-06-28,2024-05-14,2025-04-22,4,1366.71,341.68,343,churned
CUST000077,ES,Southern Europe,direct,2025-09-26,2024-05-15,2025-12-02,3,468.03,156.01,566,active
CUST002014,DE,Western Europe,social_media,2025-05-05,2024-05-15,2025-05-31,2,590.07,295.04,381,churned
CUST000620,NL,Western Europe,direct,2023-03-23,2024-05-19,2025-02-07,6,1378.94,229.82,264,churned
CUST003570,ES,Southern Europe,paid_search,2025-06-14,2024-05-25,2025-11-26,8,1457.75,182.22,550,active
CUST002183,DE,Western Europe,paid_search,2024-07-25,2024-05-26,2025-11-26,5,425.24,85.05,549,active
CUST001258,GB,Western Europe,paid_search,2023-05-28,2024-05-31,2025-10-16,5,737.80,147.56,503,active
CUST001349,SE,Nordic,direct,2024-08-17,2024-05-31,2025-11-03,5,4374.72,874.94,521,active
CUST002222,GB,Western Europe,direct,2023-10-11,2024-06-01,2025-11-30,8,2563.34,320.42,547,active
CUST002001,FR,Western Europe,email,2023-11-05,2024-06-02,2025-12-28,5,2386.24,477.25,574,active
CUST001412,DE,Western Europe,direct,2024-10-15,2024-06-04,2025-12-29,4,1521.48,380.37,573,active
CUST002198,ES,Southern Europe,referral,2025-11-24,2024-06-05,2025-01-16,3,552.33,184.11,225,churned
CUST003925,SE,Nordic,organic_search,2024-01-29,2024-06-05,2024-12-02,3,1061.35,353.78,180,churned
CUST002746,ES,Southern Europe,organic_search,2025-06-17,2024-06-06,2025-12-27,7,3717.96,531.14,569,active
CUST001979,IT,Southern Europe,email,2023-05-19,2024-06-14,2025-12-28,6,2377.38,396.23,562,active
CUST003146,FR,Western Europe,social_media,2024-08-10,2024-06-15,2025-11-18,7,3513.65,501.95,521,active
CUST003385,DE,Western Europe,organic_search,2025-05-28,2024-06-17,2025-08-20,4,1257.94,314.49,429,at_risk
CUST001150,ES,Southern Europe,direct,2023-09-13,2024-06-24,2025-12-12,5,1379.77,275.95,536,active
CUST002602,DE,Western Europe,referral,2024-09-23,2024-06-24,2025-05-24,3,435.07,145.02,334,churned
CUST003202,GB,Western Europe,organic_search,2024-03-31,2024-06-30,2025-10-26,5,1513.27,302.65,483,active
CUST003317,GB,Western Europe,referral,2023-11-16,2024-07-06,2024-07-06,1,305.05,305.05,0,churned
CUST003174,DE,Western Europe,email,2025-05-03,2024-07-09,2025-02-01,4,1296.70,324.18,207,churned
CUST000496,FR,Western Europe,paid_search,2025-09-21,2024-07-14,2025-12-13,4,1449.87,362.47,517,active
CUST003145,FR,Western Europe,organic_search,2023-03-24,2024-07-20,2025-07-23,3,1659.46,553.15,368,at_risk
CUST002879,GB,Western Europe,social_media,2025-02-03,2024-07-20,2025-11-29,4,739.45,184.86,497,active
CUST001895,GB,Western Europe,paid_search,2023-02-04,2024-07-22,2025-04-06,3,367.73,122.58,258,churned
CUST000615,IT,Southern Europe,social_media,2023-11-01,2024-07-26,2025-11-26,4,1185.76,296.44,488,active
CUST000970,GB,Western Europe,referral,2025-08-12,2024-07-26,2025-06-16,4,949.76,237.44,325,churned
CUST001021,NL,Western Europe,organic_search,2025-10-03,2024-07-29,2025-11-29,5,1499.32,299.86,488,active
CUST000656,DE,Western Europe,paid_search,2023-02-26,2024-07-29,2025-12-04,7,1402.37,200.34,493,active
CUST000568,FR,Western Europe,direct,2025-11-07,2024-08-03,2025-09-04,2,41.45,20.73,397,at_risk
CUST001273,ES,Southern Europe,referral,2024-06-15,2024-08-04,2025-12-17,7,2877.27,411.04,500,active
CUST003008,DE,Western Europe,organic_search,2023-06-13,2024-08-08,2025-10-25,5,515.10,103.02,443,active
CUST002999,FR,Western Europe,social_media,2024-08-26,2024-08-15,2025-08-28,5,1920.07,384.01,378,at_risk
CUST002080,ES,Southern Europe,paid_search,2023-08-19,2024-08-16,2025-12-26,4,1987.53,496.88,497,active
CUST000154,GB,Western Europe,paid_search,2024-06-20,2024-08-19,2025-11-26,5,1005.79,201.16,464,active
CUST000044,IT,Southern Europe,direct,2024-07-11,2024-08-23,2025-04-01,2,1682.21,841.11,221,churned
CUST003907,GB,Western Europe,direct,2025-10-20,2024-08-27,2025-05-05,3,450.65,150.22,251,churned
CUST002192,IT,Southern Europe,organic_search,2024-05-17,2024-08-28,2025-12-31,4,437.58,109.4,490,active
CUST001069,FR,Western Europe,direct,2025-06-07,2024-08-28,2025-12-07,5,1107.39,221.48,466,active
CUST000476,SE,Nordic,referral,2024-12-20,2024-08-30,2025-07-10,3,849.36,283.12,314,at_risk
CUST003208,NL,Western Europe,paid_search,2023-06-09,2024-08-31,2025-10-17,7,810.36,115.77,412,active
CUST002810,NL,Western Europe,paid_search,2024-01-13,2024-09-01,2025-12-18,2,1533.54,766.77,473,active
CUST000890,DE,Western Europe,organic_search,2024-07-08,2024-09-02,2025-11-07,8,2508.78,313.6,431,active
CUST000696,GB,Western Europe,direct,2023-10-07,2024-09-05,2025-06-06,4,2095.34,523.84,274,churned
CUST002774,GB,Western Europe,social_media,2025-06-01,2024-09-06,2025-11-16,4,719.68,179.92,436,active
CUST003843,GB,Western Europe,email,2023-10-20,2024-09-13,2025-10-04,3,311.27,103.76,386,active
CUST001647,DE,Western Europe,direct,2023-04-03,2024-09-15,2025-12-20,6,796.61,132.77,461,active
CUST002259,FR,Western Europe,email,2024-12-28,2024-09-16,2025-12-25,5,1720.00,344.0,465,active
CUST000812,ES,Southern Europe,referral,2024-07-12,2024-09-16,2025-07-04,2,266.21,133.1,291,at_risk
CUST000111,FR,Western Europe,paid_search,2024-04-23,2024-09-18,2025-10-17,6,2621.54,436.92,394,active
CUST000348,DE,Western Europe,referral,2023-11-29,2024-09-19,2025-10-12,4,950.66,237.67,388,active
CUST001488,NL,Western Europe,referral,2023-03-06,2024-09-24,2025-11-04,5,1040.13,208.03,406,active
CUST001842,FR,Western Europe,organic_search,2024-10-28,2024-09-26,2025-09-14,4,430.06,107.52,353,at_risk
CUST003082,IT,Southern Europe,paid_search,2023-10-31,2024-09-27,2025-12-11,5,1751.23,350.25,440,active
CUST003762,NL,Western Europe,referral,2025-01-03,2024-09-30,2025-10-10,3,1195.11,398.37,375,active
CUST001592,SE,Nordic,referral,2023-06-03,2024-10-01,2025-12-16,5,1037.40,207.48,441,active
CUST003660,IT,Southern Europe,referral,2024-11-01,2024-10-02,2025-11-03,3,1676.66,558.89,397,active
CUST002541,NL,Western Europe,paid_search,2023-01-12,2024-10-02,2025-09-29,5,1891.37,378.27,362,at_risk
CUST000295,DE,Western Europe,paid_search,2024-01-17,2024-10-05,2025-12-19,4,1292.59,323.15,440,active
CUST001783,GB,Western Europe,direct,2025-03-09,2024-10-06,2025-11-23,6,3471.07,578.51,413,active
CUST003909,GB,Western Europe,organic_search,2023-06-07,2024-10-12,2025-12-21,6,1788.14,298.02,435,active
CUST001198,SE,Nordic,social_media,2025-06-23,2024-10-13,2025-08-27,3,405.91,135.3,318,at_risk
CUST002903,DE,Western Europe,social_media,2023-02-26,2024-10-17,2025-07-05,4,2411.06,602.77,261,at_risk
CUST003397,ES,Southern Europe,paid_search,2023-01-25,2024-10-21,2025-06-30,7,3675.21,525.03,252,churned
CUST002150,ES,Southern Europe,direct,2024-05-20,2024-10-23,2025-12-12,5,962.34,192.47,415,active
CUST003631,ES,Southern Europe,referral,2023-10-05,2024-10-25,2025-10-13,3,676.06,225.35,353,active
CUST003081,NL,Western Europe,paid_search,2023-10-31,2024-10-25,2025-08-30,3,943.97,314.66,309,at_risk
CUST001238,GB,Western Europe,email,2024-12-31,2024-11-03,2024-11-03,1,129.45,129.45,0,churned
CUST000181,FR,Western Europe,social_media,2024-07-01,2024-11-05,2025-11-23,4,874.36,218.59,383,active
CUST003327,ES,Southern Europe,email,2023-12-06,2024-11-08,2025-12-07,4,1368.51,342.13,394,active
CUST003630,GB,Western Europe,organic_search,2025-04-17,2024-11-12,2025-11-29,4,656.24,164.06,382,active
CUST000844,SE,Nordic,email,2024-10-01,2024-11-16,2025-12-30,3,1079.85,359.95,409,active
CUST002963,FR,Western Europe,social_media,2024-02-22,2024-11-22,2025-12-16,3,541.57,180.52,389,active
CUST002681,FR,Western Europe,direct,2023-01-10,2024-11-26,2025-12-19,7,2278.97,325.57,388,active
CUST001658,FR,Western Europe,direct,2025-06-30,2024-11-27,2025-09-07,3,1444.13,481.38,284,at_risk
CUST001340,DE,Western Europe,direct,2023-06-28,2024-12-04,2025-12-27,6,1581.88,263.65,388,active
CUST001477,ES,Southern Europe,organic_search,2023-12-22,2024-12-06,2025-11-16,5,2552.24,510.45,345,active
CUST000420,ES,Southern Europe,organic_search,2023-05-30,2024-12-07,2025-10-24,4,547.58,136.9,321,active
CUST001332,NL,Western Europe,organic_search,2023-01-21,2024-12-10,2025-11-22,5,3010.41,602.08,347,active
CUST002262,GB,Western Europe,email,2023-03-08,2024-12-14,2025-11-14,4,1960.06,490.02,335,active
CUST001071,FR,Western Europe,social_media,2025-01-08,2024-12-19,2025-08-02,3,137.61,45.87,226,at_risk
CUST000182,DE,Western Europe,direct,2024-01-07,2024-12-21,2025-10-27,5,761.71,152.34,310,active
CUST002955,IT,Southern Europe,direct,2024-01-25,2024-12-26,2025-09-03,4,907.95,226.99,251,at_risk
CUST003640,DE,Western Europe,organic_search,2025-08-09,2024-12-29,2025-10-12,5,1001.10,200.22,287,active
CUST001257,DE,Western Europe,referral,2024-06-10,2025-01-09,2025-10-24,3,478.42,159.47,288,active
CUST003759,FR,Western Europe,organic_search,2023-07-16,2025-01-09,2025-08-27,2,1972.94,986.47,230,at_risk
CUST002084,IT,Southern Europe,email,2024-11-01,2025-01-12,2025-10-26,5,2249.67,449.93,287,active
CUST002418,DE,Western Europe,paid_search,2023-07-13,2025-01-28,2025-12-20,5,3471.77,694.35,326,active
CUST000676,SE,Nordic,direct,2024-12-20,2025-02-08,2025-09-24,3,439.11,146.37,228,at_risk
CUST001598,DE,Western Europe,paid_search,2023-09-23,2025-02-13,2025-12-19,3,934.47,311.49,309,active
CUST001275,GB,Western Europe,social_media,2024-04-25,2025-03-15,2025-06-20,3,498.71,166.24,97,churned
CUST001005,ES,Southern Europe,referral,2023-11-04,2025-03-30,2025-07-20,3,1634.38,544.79,112,at_risk
CUST001331,GB,Western Europe,paid_search,2023-07-02,2025-04-16,2025-12-20,3,981.17,327.06,248,active
CUST000387,FR,Western Europe,email,2025-09-19,2025-05-16,2025-10-12,3,1591.59,530.53,149,active
CUST000347,GB,Western Europe,organic_search,2024-02-29,2025-06-12,2025-12-29,4,1426.92,356.73,200,active
CUST001333,DE,Western Europe,email,2023-12-26,2025-08-09,2025-11-26,2,51.77,25.89,109,active
CUST003016,FR,Western Europe,direct,2023-03-29,2025-08-20,2025-11-27,4,2874.64,718.66,99,active
CUST001968,FR,Western Europe,social_media,2023-04-03,2025-08-26,2025-12-20,5,1869.29,373.86,116,active
CUST003141,FR,Western Europe,email,2023-10-09,2025-09-30,2025-12-20,3,134.85,44.95,81,active
CUST003817,FR,Western Europe,paid_search,2025-12-10,2024-01-01,2025-02-08,2,1001.42,500.71,404,churned
CUST000173,GB,Western Europe,direct,2025-07-13,2024-01-02,2025-02-11,5,1498.99,299.8,406,churned
CUST001912,IT,Southern Europe,organic_search,2024-05-12,2024-01-03,2025-12-13,5,1099.61,219.92,710,active
CUST003885,IT,Southern Europe,organic_search,2025-05-18,2024-01-04,2025-11-26,9,910.58,101.18,692,active
CUST000187,ES,Southern Europe,direct,2025-05-30,2024-01-05,2025-05-24,4,1085.60,271.4,505,churned
CUST001924,FR,Western Europe,paid_search,2024-12-19,2024-01-05,2025-05-31,6,1416.29,236.05,512,churned
CUST000879,DE,Western Europe,organic_search,2023-02-03,2024-01-06,2025-11-04,9,2321.81,257.98,668,active
CUST001611,IT,Southern Europe,paid_search,2023-09-09,2024-01-06,2024-01-06,1,79.78,79.78,0,churned
CUST001339,DE,Western Europe,paid_search,2025-10-25,2024-01-06,2025-11-25,4,125.20,31.3,689,active
CUST000229,IT,Southern Europe,organic_search,2025-01-01,2024-01-06,2025-11-28,4,259.39,64.85,692,active
CUST003275,ES,Southern Europe,email,2025-05-01,2024-01-07,2025-01-12,5,3486.51,697.3,371,churned
CUST003886,IT,Southern Europe,direct,2025-07-25,2024-01-08,2025-02-15,3,1139.75,379.92,404,churned
CUST002824,DE,Western Europe,referral,2025-04-06,2024-01-08,2025-12-08,6,1358.69,226.45,700,active
CUST000919,ES,Southern Europe,organic_search,2025-07-14,2024-01-09,2025-09-01,5,1460.34,292.07,601,at_risk
CUST001371,SE,Nordic,email,2025-08-24,2024-01-10,2025-01-17,5,1309.50,261.9,373,churned
CUST002728,DE,Western Europe,paid_search,2024-09-30,2024-01-10,2025-06-24,8,2164.80,270.6,531,churned
CUST002199,GB,Western Europe,direct,2025-11-02,2024-01-11,2025-12-02,8,5232.86,654.11,691,active
CUST000986,GB,Western Europe,social_media,2025-08-20,2024-01-13,2025-12-17,7,3246.76,463.82,704,active
CUST003980,FR,Western Europe,email,2025-11-09,2024-01-14,2025-10-13,8,1626.77,203.35,638,active
CUST003087,FR,Western Europe,referral,2023-04-02,2024-01-14,2025-07-25,3,92.10,30.7,558,at_risk
CUST001468,FR,Western Europe,email,2023-06-29,2024-01-14,2025-12-07,6,2493.06,415.51,693,active
CUST003671,DE,Western Europe,direct,2025-05-06,2024-01-14,2024-01-14,1,88.50,88.5,0,churned
CUST000645,DE,Western Europe,email,2023-01-11,2024-01-14,2025-05-17,6,1723.59,287.27,489,churned
CUST003048,FR,Western Europe,direct,2023-10-23,2024-01-15,2025-06-15,6,923.71,153.95,517,churned
CUST003742,ES,Southern Europe,paid_search,2023-09-15,2024-01-16,2025-09-06,3,1651.97,550.66,599,at_risk
CUST002009,DE,Western Europe,social_media,2025-02-19,2024-01-16,2025-12-05,4,1047.02,261.76,689,active
CUST001032,GB,Western Europe,email,2024-04-04,2024-01-18,2025-12-14,7,2172.48,310.35,696,active
CUST000927,FR,Western Europe,paid_search,2023-12-07,2024-01-18,2025-10-08,5,603.00,120.6,629,active
CUST002638,ES,Southern Europe,paid_search,2025-07-09,2024-01-19,2025-11-01,9,1913.61,212.62,652,active
CUST002013,IT,Southern Europe,email,2024-08-21,2024-01-19,2025-11-02,8,1275.56,159.45,653,active
CUST000308,FR,Western Europe,organic_search,2024-12-06,2024-01-19,2025-12-19,7,3559.80,508.54,700,active
CUST003120,DE,Western Europe,direct,2024-10-03,2024-01-19,2025-11-26,6,1493.44,248.91,677,active
CUST002103,DE,Western Europe,email,2023-10-13,2024-01-21,2025-03-04,5,1361.45,272.29,408,churned
CUST002295,DE,Western Europe,direct,2025-10-14,2024-01-22,2025-04-25,4,416.07,104.02,459,churned
CUST000544,NL,Western Europe,direct,2023-03-22,2024-01-23,2025-10-04,6,1418.42,236.4,620,active
CUST003506,GB,Western Europe,social_media,2025-11-23,2024-01-23,2025-12-08,9,1560.38,173.38,685,active
CUST000302,GB,Western Europe,organic_search,2024-03-23,2024-01-24,2025-12-31,7,3730.08,532.87,707,active
CUST001599,DE,Western Europe,organic_search,2025-06-02,2024-01-24,2025-12-07,7,4704.70,672.1,683,active
CUST000777,DE,Western Europe,direct,2023-07-04,2024-01-26,2025-10-26,5,1270.61,254.12,639,active
CUST001216,DE,Western Europe,social_media,2025-06-04,2024-01-28,2025-11-26,6,990.94,165.16,668,active
CUST000744,GB,Western Europe,social_media,2023-08-19,2024-01-29,2025-12-11,10,1748.86,174.89,682,active
CUST002998,FR,Western Europe,social_media,2023-06-24,2024-02-01,2025-11-09,6,1117.66,186.28,647,active
CUST003258,DE,Western Europe,direct,2025-03-07,2024-02-03,2025-12-28,10,3670.62,367.06,694,active
CUST003273,NL,Western Europe,paid_search,2024-03-30,2024-02-04,2025-12-06,6,2016.86,336.14,671,active
CUST003464,GB,Western Europe,email,2024-11-20,2024-02-04,2025-12-08,5,1506.00,301.2,673,active
CUST001367,NL,Western Europe,direct,2023-07-06,2024-02-05,2025-10-22,8,3722.86,465.36,625,active
CUST000512,FR,Western Europe,referral,2023-07-29,2024-02-06,2025-08-03,6,984.55,164.09,544,at_risk
CUST002720,DE,Western Europe,direct,2024-08-08,2024-02-07,2025-06-04,4,801.87,200.47,483,churned
CUST001155,GB,Western Europe,referral,2023-05-14,2024-02-08,2024-11-18,5,1952.71,390.54,284,churned
CUST003585,FR,Western Europe,email,2025-08-03,2024-02-09,2025-10-16,8,3872.78,484.1,615,active
CUST001254,DE,Western Europe,paid_search,2024-07-10,2024-02-09,2025-03-09,7,1609.75,229.96,394,churned
CUST000010,NL,Western Europe,paid_search,2023-12-01,2024-02-10,2025-11-15,5,948.07,189.61,644,active
CUST003057,GB,Western Europe,paid_search,2025-08-10,2024-02-12,2024-09-27,3,974.22,324.74,228,churned
CUST001534,FR,Western Europe,social_media,2023-01-27,2024-02-13,2025-11-11,5,1262.52,252.5,637,active
CUST001799,DE,Western Europe,social_media,2023-12-29,2024-02-14,2025-11-09,8,2293.99,286.75,634,active
CUST003247,GB,Western Europe,direct,2025-01-09,2024-02-14,2025-05-06,4,1849.27,462.32,447,churned
CUST003901,FR,Western Europe,direct,2023-01-20,2024-02-18,2025-05-16,2,474.80,237.4,453,churned
CUST000262,SE,Nordic,email,2025-11-20,2024-02-18,2025-12-14,11,4720.57,429.14,665,active
CUST003653,ES,Southern Europe,referral,2024-10-13,2024-02-19,2024-05-18,2,726.14,363.07,89,churned
CUST000918,IT,Southern Europe,email,2025-02-02,2024-02-19,2025-01-31,3,2104.51,701.5,347,churned
CUST002163,FR,Western Europe,social_media,2023-12-22,2024-02-21,2025-12-25,9,3954.11,439.35,673,active
CUST000724,NL,Western Europe,referral,2024-01-31,2024-02-23,2025-11-29,7,720.77,102.97,645,active
CUST000382,NL,Western Europe,direct,2023-08-22,2024-02-25,2025-12-05,6,1195.71,199.29,649,active
CUST001829,ES,Southern Europe,organic_search,2024-11-29,2024-02-25,2025-12-08,5,4016.62,803.32,652,active
CUST000147,GB,Western Europe,paid_search,2024-08-09,2024-02-26,2025-10-06,6,1852.37,308.73,588,active
CUST002466,DE,Western Europe,email,2025-05-26,2024-02-27,2025-12-17,8,1143.96,143.0,659,active
CUST001051,IT,Southern Europe,organic_search,2025-02-04,2024-02-28,2025-11-13,5,983.56,196.71,624,active
CUST000175,GB,Western Europe,direct,2023-05-18,2024-02-28,2025-12-05,3,345.55,115.18,646,active
CUST001563,ES,Southern Europe,direct,2025-11-23,2024-03-03,2025-07-13,5,1627.38,325.48,497,at_risk
CUST003565,GB,Western Europe,paid_search,2024-04-02,2024-03-03,2025-05-07,5,970.46,194.09,430,churned
CUST000068,ES,Southern Europe,referral,2024-03-24,2024-03-04,2025-12-13,3,237.11,79.04,649,active
CUST002983,NL,Western Europe,social_media,2023-08-18,2024-03-05,2025-08-13,5,865.91,173.18,526,at_risk
CUST003669,DE,Western Europe,organic_search,2024-03-29,2024-03-07,2025-12-23,9,2318.44,257.6,656,active
CUST002320,FR,Western Europe,organic_search,2025-03-19,2024-03-07,2025-05-31,4,1372.25,343.06,450,churned
CUST001703,FR,Western Europe,paid_search,2025-12-09,2024-03-08,2025-08-12,8,3264.18,408.02,522,at_risk
CUST000148,GB,Western Europe,email,2023-10-08,2024-03-10,2025-10-05,4,1480.71,370.18,574,active
CUST003694,DE,Western Europe,email,2023-03-26,2024-03-13,2025-12-14,7,1893.94,270.56,641,active
CUST001410,ES,Southern Europe,organic_search,2025-07-03,2024-03-14,2025-05-05,7,1324.38,189.2,417,churned
CUST003723,IT,Southern Europe,paid_search,2024-08-08,2024-03-14,2025-10-26,6,1746.40,291.07,591,active
CUST000788,FR,Western Europe,referral,2024-10-23,2024-03-15,2025-12-28,3,1353.14,451.05,653,active
CUST001503,DE,Western Europe,email,2025-06-10,2024-03-16,2025-10-06,6,2510.67,418.45,569,active
CUST002658,ES,Southern Europe,social_media,2023-05-29,2024-03-17,2025-09-06,4,2107.98,527.0,538,at_risk
CUST002528,SE,Nordic,email,2024-08-07,2024-03-20,2025-12-03,7,2585.96,369.42,623,active
CUST003667,ES,Southern Europe,social_media,2024-09-10,2024-03-23,2025-03-18,4,633.39,158.35,360,churned
CUST000906,IT,Southern Europe,referral,2025-05-05,2024-03-24,2025-07-04,4,2223.33,555.83,467,at_risk
CUST000524,ES,Southern Europe,email,2025-07-26,2024-03-25,2025-01-06,5,1807.67,361.53,287,churned
CUST003806,SE,Nordic,organic_search,2023-12-11,2024-03-28,2025-10-31,8,2468.47,308.56,582,active
CUST001822,DE,Western Europe,paid_search,2023-07-07,2024-03-28,2025-10-30,6,2765.47,460.91,581,active
CUST001608,ES,Southern Europe,paid_search,2024-09-11,2024-03-29,2025-07-28,4,870.66,217.67,486,at_risk
CUST000997,IT,Southern Europe,email,2023-07-14,2024-03-30,2025-11-17,3,689.09,229.7,597,active
CUST003518,FR,Western Europe,email,2023-12-02,2024-04-01,2025-10-16,5,1003.24,200.65,563,active
CUST003287,FR,Western Europe,organic_search,2025-03-29,2024-04-02,2025-03-19,3,1214.27,404.76,351,churned
CUST003366,GB,Western Europe,email,2023-11-07,2024-04-02,2025-10-05,5,957.58,191.52,551,active
CUST002936,DE,Western Europe,referral,2025-02-28,2024-04-05,2025-09-14,5,1381.24,276.25,527,at_risk
CUST002326,SE,Nordic,direct,2023-03-09,2024-04-06,2025-09-13,6,2751.30,458.55,525,at_risk
CUST003819,ES,Southern Europe,social_media,2024-11-21,2024-04-06,2025-11-16,7,5037.69,719.67,589,active
CUST002992,ES,Southern Europe,email,2024-08-22,2024-04-07,2025-03-03,4,974.87,243.72,330,churned
CUST003795,DE,Western Europe,social_media,2024-10-11,2024-04-08,2025-11-21,8,1495.47,186.93,592,active
CUST002647,SE,Nordic,direct,2024-02-04,2024-04-10,2025-11-11,7,1207.73,172.53,580,active
CUST001555,DE,Western Europe,referral,2024-01-11,2024-04-13,2025-12-30,4,1258.68,314.67,626,active
CUST002556,SE,Nordic,email,2025-11-21,2024-04-18,2025-12-18,8,1789.53,223.69,609,active
CUST001369,DE,Western Europe,paid_search,2023-08-14,2024-04-21,2024-12-14,3,359.96,119.99,237,churned
CUST000646,IT,Southern Europe,email,2023-05-12,2024-04-22,2025-12-22,9,2644.13,293.79,609,active
CUST002223,DE,Western Europe,social_media,2025-10-13,2024-04-23,2025-12-30,5,1812.66,362.53,616,active
CUST003991,DE,Western Europe,organic_search,2025-05-30,2024-04-23,2025-11-28,7,1672.45,238.92,584,active
CUST001862,NL,Western Europe,email,2023-02-25,2024-04-24,2025-12-14,7,4120.68,588.67,599,active
CUST000138,NL,Western Europe,email,2025-06-07,2024-04-25,2025-10-15,10,6011.69,601.17,538,active
CUST000354,DE,Western Europe,email,2025-03-08,2024-04-25,2025-11-15,7,992.20,141.74,569,active
CUST002675,IT,Southern Europe,referral,2025-07-15,2024-04-27,2025-12-30,9,2185.39,242.82,612,active
CUST001282,NL,Western Europe,social_media,2023-01-07,2024-05-01,2025-07-06,4,473.06,118.27,431,at_risk
CUST003462,DE,Western Europe,email,2023-05-22,2024-05-02,2025-12-01,6,1971.75,328.63,578,active
CUST002242,DE,Western Europe,email,2025-03-19,2024-05-03,2025-12-21,6,1319.15,219.86,597,active
CUST002155,DE,Western Europe,organic_search,2023-08-10,2024-05-03,2025-09-29,6,1891.54,315.26,514,at_risk
CUST001199,NL,Western Europe,referral,2024-07-20,2024-05-04,2025-03-22,3,718.44,239.48,322,churned
CUST002328,DE,Western Europe,organic_search,2025-09-11,2024-05-08,2025-12-11,7,1617.27,231.04,582,active
CUST002812,GB,Western Europe,email,2024-05-16,2024-05-09,2025-12-10,10,2855.30,285.53,580,active
CUST003238,SE,Nordic,email,2025-04-08,2024-05-09,2025-05-28,2,642.35,321.18,384,churned
CUST003637,IT,Southern Europe,email,2023-03-02,2024-05-12,2025-10-16,6,2775.94,462.66,522,active
CUST003073,FR,Western Europe,paid_search,2025-04-27,2024-05-14,2025-12-29,8,2979.39,372.42,594,active
CUST000158,ES,Southern Europe,email,2025-07-18,2024-05-15,2025-11-20,7,1311.90,187.41,554,active
CUST002950,IT,Southern Europe,email,2024-02-27,2024-05-15,2025-09-01,8,3456.05,432.01,474,at_risk
CUST000259,GB,Western Europe,email,2024-09-10,2024-05-16,2025-11-21,6,900.25,150.04,554,active
CUST003248,FR,Western Europe,organic_search,2023-02-08,2024-05-19,2025-10-31,6,1435.85,239.31,530,active
CUST000577,DE,Western Europe,direct,2024-02-22,2024-05-21,2025-12-25,6,779.35,129.89,583,active
CUST003257,NL,Western Europe,paid_search,2024-08-02,2024-05-22,2025-07-01,3,1012.56,337.52,405,churned
CUST000965,FR,Western Europe,referral,2023-11-25,2024-05-23,2025-10-02,3,1275.08,425.03,497,active
CUST003993,ES,Southern Europe,organic_search,2024-09-22,2024-05-23,2025-08-21,5,3947.40,789.48,455,at_risk
CUST001394,GB,Western Europe,email,2025-10-12,2024-05-25,2025-09-01,10,3591.16,359.12,464,at_risk
CUST002648,GB,Western Europe,email,2023-03-13,2024-05-26,2025-12-31,6,2452.09,408.68,584,active
CUST000904,GB,Western Europe,email,2024-03-19,2024-05-29,2025-11-15,4,1994.38,498.6,535,active
CUST003984,DE,Western Europe,paid_search,2025-03-08,2024-05-29,2025-10-21,6,2397.70,399.62,510,active
CUST003527,SE,Nordic,social_media,2023-09-21,2024-05-30,2025-03-08,3,145.19,48.4,282,churned
CUST002396,FR,Western Europe,email,2025-04-13,2024-06-01,2025-11-11,4,1020.97,255.24,528,active
CUST001734,FR,Western Europe,referral,2024-09-27,2024-06-01,2025-11-01,5,424.04,84.81,518,active
CUST002596,ES,Southern Europe,email,2023-07-24,2024-06-05,2025-10-01,7,4691.02,670.15,483,at_risk
CUST001033,DE,Western Europe,social_media,2023-09-24,2024-06-05,2025-08-23,6,1790.67,298.45,444,at_risk
CUST001990,NL,Western Europe,paid_search,2025-09-08,2024-06-07,2025-12-30,4,1660.23,415.06,571,active
CUST003972,GB,Western Europe,referral,2023-10-29,2024-06-09,2025-12-30,4,2324.45,581.11,569,active
CUST002877,GB,Western Europe,organic_search,2023-09-18,2024-06-14,2025-06-28,5,1324.74,264.95,379,churned
CUST000441,DE,Western Europe,social_media,2023-07-10,2024-06-14,2025-06-22,5,1292.81,258.56,373,churned
CUST003897,DE,Western Europe,referral,2023-04-20,2024-06-16,2024-06-16,1,43.38,43.38,0,churned
CUST002515,GB,Western Europe,organic_search,2025-12-02,2024-06-18,2025-12-27,5,3838.95,767.79,557,active
CUST000917,FR,Western Europe,organic_search,2024-10-18,2024-06-19,2025-11-28,7,1831.71,261.67,527,active
CUST001078,NL,Western Europe,direct,2023-03-17,2024-06-19,2025-08-30,6,1345.77,224.3,437,at_risk
CUST001163,FR,Western Europe,social_media,2024-11-15,2024-06-21,2025-12-03,6,1163.35,193.89,530,active
CUST003176,DE,Western Europe,paid_search,2025-04-01,2024-06-21,2025-08-10,5,2650.84,530.17,415,at_risk
CUST000674,GB,Western Europe,direct,2023-05-03,2024-06-22,2025-11-30,7,1148.22,164.03,526,active
CUST003422,GB,Western Europe,email,2024-02-18,2024-06-23,2025-12-22,4,1640.47,410.12,547,active
CUST003370,NL,Western Europe,organic_search,2023-03-29,2024-06-24,2025-10-05,5,1023.76,204.75,468,active
CUST002890,ES,Southern Europe,paid_search,2023-12-31,2024-06-25,2025-09-09,6,929.66,154.94,441,at_risk
CUST002796,GB,Western Europe,paid_search,2024-02-11,2024-06-26,2025-12-31,2,279.86,139.93,553,active
CUST002443,ES,Southern Europe,direct,2025-10-08,2024-06-27,2025-12-31,5,2617.78,523.56,552,active
CUST002657,ES,Southern Europe,direct,2025-12-01,2024-06-27,2024-10-04,2,662.45,331.23,99,churned
CUST002526,FR,Western Europe,organic_search,2025-04-24,2024-07-01,2025-09-11,6,1881.58,313.6,437,at_risk
CUST001103,IT,Southern Europe,direct,2025-07-02,2024-07-04,2025-07-25,5,1112.20,222.44,386,at_risk
CUST003128,DE,Western Europe,organic_search,2024-06-15,2024-07-05,2025-11-16,7,2981.05,425.86,499,active
CUST002007,FR,Western Europe,direct,2023-11-21,2024-07-06,2025-11-29,7,1854.95,264.99,511,active
CUST001211,FR,Western Europe,organic_search,2024-11-04,2024-07-07,2025-12-03,8,2356.63,294.58,514,active
CUST003605,DE,Western Europe,direct,2023-10-23,2024-07-07,2025-12-16,6,2427.89,404.65,527,active
CUST003517,DE,Western Europe,direct,2023-10-07,2024-07-12,2025-11-06,8,1354.70,169.34,482,active
CUST003038,SE,Nordic,referral,2024-09-16,2024-07-19,2025-12-05,7,2187.44,312.49,504,active
CUST000588,DE,Western Europe,direct,2024-03-23,2024-07-24,2025-09-21,4,334.08,83.52,424,at_risk
CUST003914,SE,Nordic,social_media,2024-10-21,2024-07-27,2025-11-20,4,1716.61,429.15,481,active
CUST002756,FR,Western Europe,direct,2025-03-16,2024-08-03,2025-12-30,2,266.30,133.15,514,active
CUST001682,SE,Nordic,paid_search,2023-03-11,2024-08-04,2025-10-07,3,568.43,189.48,429,active
CUST003586,FR,Western Europe,social_media,2025-02-16,2024-08-06,2025-01-10,6,654.84,109.14,157,churned
CUST001681,FR,Western Europe,direct,2023-03-28,2024-08-08,2025-10-30,4,2442.32,610.58,448,active
CUST001353,FR,Western Europe,email,2025-10-04,2024-08-10,2025-12-18,4,162.41,40.6,495,active
CUST000316,NL,Western Europe,organic_search,2024-05-16,2024-08-11,2025-12-24,4,2770.70,692.68,500,active
CUST000810,DE,Western Europe,referral,2023-04-05,2024-08-13,2025-10-25,3,402.21,134.07,438,active
CUST001988,GB,Western Europe,social_media,2023-02-10,2024-08-14,2025-12-14,5,1540.75,308.15,487,active
CUST003639,FR,Western Europe,email,2024-08-15,2024-08-17,2025-07-18,5,1657.28,331.46,335,at_risk
CUST000985,NL,Western Europe,referral,2025-06-01,2024-08-17,2025-11-29,4,1225.60,306.4,469,active
CUST002687,DE,Western Europe,email,2024-11-11,2024-08-18,2025-04-20,5,795.68,159.14,245,churned
CUST001654,FR,Western Europe,paid_search,2023-12-06,2024-08-18,2025-12-05,3,1252.24,417.41,474,active
CUST003865,DE,Western Europe,paid_search,2024-12-13,2024-08-19,2025-10-17,5,523.59,104.72,424,active
CUST000264,GB,Western Europe,paid_search,2023-11-24,2024-08-20,2025-11-22,6,3234.08,539.01,459,active
CUST003989,FR,Western Europe,social_media,2024-08-17,2024-08-23,2025-12-05,6,1628.52,271.42,469,active
CUST000590,DE,Western Europe,referral,2023-03-23,2024-08-23,2025-12-02,6,1358.74,226.46,466,active
CUST002376,FR,Western Europe,direct,2023-08-11,2024-08-24,2025-05-15,5,1798.91,359.78,264,churned
CUST001061,IT,Southern Europe,social_media,2023-11-14,2024-09-03,2025-11-15,4,896.85,224.21,438,active
CUST001049,IT,Southern Europe,paid_search,2023-01-09,2024-09-05,2025-11-16,3,1451.06,483.69,437,active
CUST003156,GB,Western Europe,organic_search,2024-09-09,2024-09-05,2025-12-24,2,386.76,193.38,475,active
CUST001864,GB,Western Europe,organic_search,2025-03-28,2024-09-05,2025-12-20,7,1483.53,211.93,471,active
CUST001208,FR,Western Europe,social_media,2025-05-08,2024-09-06,2025-05-11,3,481.09,160.36,247,churned
CUST002776,FR,Western Europe,social_media,2025-11-06,2024-09-06,2025-12-08,8,2090.76,261.35,458,active
CUST003519,DE,Western Europe,referral,2023-05-22,2024-09-08,2025-09-21,5,1456.23,291.25,378,at_risk
CUST001479,ES,Southern Europe,organic_search,2023-11-22,2024-09-09,2025-11-05,7,2120.03,302.86,422,active
CUST003504,DE,Western Europe,organic_search,2023-03-29,2024-09-23,2025-12-15,2,1766.71,883.36,448,active
CUST001040,FR,Western Europe,paid_search,2023-09-28,2024-09-25,2025-12-08,5,1989.47,397.89,439,active
CUST003058,DE,Western Europe,email,2024-11-14,2024-09-30,2025-05-22,2,216.68,108.34,234,churned
CUST001031,DE,Western Europe,email,2025-12-12,2024-10-04,2025-10-03,3,425.99,142.0,364,active
CUST001305,NL,Western Europe,organic_search,2023-07-19,2024-10-07,2025-12-21,4,4216.12,1054.03,440,active
CUST000311,FR,Western Europe,direct,2024-12-13,2024-10-09,2025-11-12,2,199.96,99.98,399,active
CUST002888,FR,Western Europe,organic_search,2023-06-01,2024-10-09,2025-01-05,3,2287.11,762.37,88,churned
CUST000790,IT,Southern Europe,referral,2024-03-04,2024-10-13,2025-12-18,5,587.94,117.59,431,active
CUST003818,ES,Southern Europe,direct,2024-03-23,2024-10-15,2025-12-01,6,908.39,151.4,412,active
CUST003115,DE,Western Europe,email,2025-05-06,2024-10-19,2025-10-29,4,548.74,137.19,375,active
CUST002315,SE,Nordic,referral,2023-12-07,2024-10-24,2025-12-25,8,3237.30,404.66,427,active
CUST001321,DE,Western Europe,social_media,2025-01-14,2024-10-24,2025-04-20,4,1236.73,309.18,178,churned
CUST003597,DE,Western Europe,paid_search,2024-07-11,2024-10-27,2025-11-07,6,2774.92,462.49,376,active
CUST003804,SE,Nordic,paid_search,2025-04-02,2024-10-27,2025-10-27,4,287.91,71.98,365,active
CUST002470,GB,Western Europe,organic_search,2024-11-11,2024-11-01,2025-12-18,3,139.79,46.6,412,active
CUST003047,FR,Western Europe,direct,2023-05-02,2024-11-02,2025-04-04,4,1623.63,405.91,153,churned
CUST000445,ES,Southern Europe,referral,2023-11-15,2024-11-07,2025-12-13,5,1823.83,364.77,401,active
CUST000641,DE,Western Europe,social_media,2025-03-24,2024-11-10,2025-12-10,5,470.41,94.08,395,active
CUST003235,FR,Western Europe,email,2023-04-28,2024-11-14,2025-10-31,6,2817.84,469.64,351,active
CUST001337,DE,Western Europe,direct,2023-10-20,2024-11-15,2025-11-10,3,1483.87,494.62,360,active
CUST002635,NL,Western Europe,email,2024-09-18,2024-11-18,2025-08-19,4,390.34,97.59,274,at_risk
CUST000222,GB,Western Europe,direct,2023-03-20,2024-11-19,2025-11-23,5,1372.63,274.53,369,active
CUST000868,DE,Western Europe,paid_search,2024-01-01,2024-11-20,2025-10-26,3,1064.00,354.67,340,active
CUST001030,ES,Southern Europe,organic_search,2024-06-16,2024-11-22,2025-12-15,3,698.19,232.73,388,active
CUST002952,NL,Western Europe,paid_search,2023-01-21,2024-11-23,2025-12-11,4,1073.39,268.35,383,active
CUST003459,NL,Western Europe,referral,2025-07-15,2024-11-25,2025-12-14,7,1371.99,196.0,384,active
CUST000446,IT,Southern Europe,direct,2024-03-01,2024-11-27,2025-12-28,5,787.56,157.51,396,active
CUST002726,FR,Western Europe,referral,2025-07-23,2024-11-29,2025-12-07,4,1421.96,355.49,373,active
CUST000135,IT,Southern Europe,email,2023-06-03,2024-11-30,2025-08-04,3,412.81,137.6,247,at_risk
CUST001134,DE,Western Europe,email,2023-02-25,2024-12-01,2025-06-06,5,1944.50,388.9,187,churned
CUST003035,FR,Western Europe,organic_search,2024-11-04,2024-12-01,2025-06-22,2,1514.25,757.13,203,churned
CUST001859,ES,Southern Europe,referral,2024-01-22,2024-12-02,2025-06-22,3,2650.75,883.58,202,churned
CUST002844,SE,Nordic,paid_search,2025-03-21,2024-12-03,2025-10-18,2,243.71,121.86,319,active
CUST002576,GB,Western Europe,paid_search,2024-07-17,2024-12-17,2025-11-12,4,528.95,132.24,330,active
CUST000381,DE,Western Europe,email,2024-06-21,2024-12-18,2025-06-11,5,2449.26,489.85,175,churned
CUST003827,GB,Western Europe,direct,2024-04-09,2024-12-23,2025-07-04,4,4143.62,1035.91,193,at_risk
CUST001755,SE,Nordic,organic_search,2025-12-29,2024-12-26,2025-10-02,4,586.68,146.67,280,active
CUST001060,GB,Western Europe,email,2025-06-08,2024-12-31,2025-12-05,3,118.32,39.44,339,active
CUST001977,FR,Western Europe,referral,2024-02-18,2025-01-02,2025-12-30,3,209.98,69.99,362,active
CUST001616,NL,Western Europe,organic_search,2024-11-19,2025-01-02,2025-10-03,5,1591.82,318.36,274,active
CUST003429,ES,Southern Europe,email,2023-04-20,2025-01-05,2025-10-03,4,985.93,246.48,271,active
CUST000079,FR,Western Europe,social_media,2023-06-21,2025-01-11,2025-11-14,4,3233.55,808.39,307,active
CUST003126,GB,Western Europe,referral,2024-11-21,2025-01-16,2025-09-21,2,1381.54,690.77,248,at_risk
CUST001202,DE,Western Europe,referral,2024-09-05,2025-01-31,2025-11-26,4,1465.78,366.45,299,active
CUST002000,FR,Western Europe,referral,2024-07-13,2025-02-09,2025-11-17,4,1430.24,357.56,281,active
CUST002356,DE,Western Europe,paid_search,2024-02-11,2025-02-11,2025-12-15,3,1279.40,426.47,307,active
CUST002715,DE,Western Europe,email,2025-06-18,2025-02-20,2025-05-22,4,825.41,206.35,91,churned
CUST003196,GB,Western Europe,social_media,2024-02-11,2025-03-06,2025-12-19,5,880.80,176.16,288,active
CUST001281,GB,Western Europe,direct,2025-01-24,2025-03-08,2025-11-23,4,519.78,129.95,260,active
CUST000712,GB,Western Europe,paid_search,2025-06-15,2025-03-16,2025-11-23,4,1171.80,292.95,252,active
CUST001763,DE,Western Europe,referral,2025-07-11,2025-04-13,2025-07-20,3,794.03,264.68,98,at_risk
CUST002025,FR,Western Europe,paid_search,2023-09-07,2025-04-27,2025-07-13,3,2776.25,925.42,77,at_risk
CUST000157,NL,Western Europe,paid_search,2024-09-15,2025-05-17,2025-12-30,2,332.23,166.12,227,active
CUST001944,NL,Western Europe,referral,2025-12-20,2025-06-11,2025-08-18,3,1882.06,627.35,68,at_risk
CUST000474,IT,Southern Europe,organic_search,2024-06-27,2025-06-12,2025-07-30,2,699.06,349.53,48,at_risk
CUST003075,GB,Western Europe,direct,2025-07-23,2025-06-25,2025-09-15,2,1073.41,536.71,82,at_risk
CUST002134,GB,Western Europe,direct,2025-08-30,2025-07-18,2025-12-14,4,1364.19,341.05,149,active
CUST003621,NL,Western Europe,referral,2024-07-19,2025-08-12,2025-08-12,1,384.60,384.6,0,at_risk
CUST002673,NL,Western Europe,social_media,2025-10-27,2025-08-26,2025-11-26,3,781.29,260.43,92,active
CUST003343,GB,Western Europe,direct,2025-01-27,2025-08-26,2025-08-26,1,692.32,692.32,0,at_risk
CUST002520,NL,Western Europe,social_media,2023-02-04,2025-08-28,2025-12-27,3,1249.57,416.52,121,active
CUST001602,FR,Western Europe,social_media,2023-08-25,2025-09-25,2025-11-10,2,346.60,173.3,46,active
CUST002348,FR,Western Europe,organic_search,2024-08-24,2024-01-01,2024-05-26,3,999.59,333.2,146,churned
CUST003452,NL,Western Europe,social_media,2025-12-06,2024-01-01,2024-07-24,5,1093.42,218.68,205,churned
CUST002964,SE,Nordic,organic_search,2024-09-12,2024-01-01,2025-06-25,8,3131.95,391.49,541,churned
CUST002538,DE,Western Europe,paid_search,2025-12-22,2024-01-02,2025-11-02,7,2879.30,411.33,670,active
CUST000416,FR,Western Europe,referral,2023-02-24,2024-01-04,2025-10-26,11,2424.16,220.38,661,active
CUST001080,IT,Southern Europe,referral,2024-07-02,2024-01-04,2025-11-14,5,1633.20,326.64,680,active
CUST000097,GB,Western Europe,email,2024-09-19,2024-01-06,2025-12-13,5,1157.93,231.59,707,active
CUST002347,NL,Western Europe,social_media,2023-03-28,2024-01-06,2025-05-21,6,2221.10,370.18,501,churned
CUST001123,ES,Southern Europe,paid_search,2023-10-11,2024-01-09,2025-06-11,3,907.19,302.4,519,churned
CUST001898,DE,Western Europe,referral,2025-05-18,2024-01-09,2025-11-19,8,5322.80,665.35,680,active
CUST002775,GB,Western Europe,referral,2023-02-15,2024-01-10,2025-11-15,10,2196.93,219.69,675,active
CUST001852,ES,Southern Europe,organic_search,2024-08-01,2024-01-11,2024-12-30,4,1490.79,372.7,354,churned
CUST001404,NL,Western Europe,direct,2024-08-10,2024-01-12,2025-09-30,6,3378.20,563.03,627,at_risk
CUST000770,ES,Southern Europe,email,2025-04-09,2024-01-13,2025-06-07,6,2447.19,407.87,511,churned
CUST003158,DE,Western Europe,email,2025-09-02,2024-01-15,2025-11-14,5,2016.95,403.39,669,active
CUST001241,ES,Southern Europe,direct,2024-05-30,2024-01-15,2025-06-19,6,1533.50,255.58,521,churned
CUST003940,FR,Western Europe,referral,2023-07-11,2024-01-16,2025-11-29,9,5144.25,571.58,683,active
CUST003763,GB,Western Europe,direct,2025-08-24,2024-01-17,2025-08-01,4,758.51,189.63,562,at_risk
CUST003324,GB,Western Europe,referral,2023-09-18,2024-01-21,2025-08-21,4,800.27,200.07,578,at_risk
CUST000086,FR,Western Europe,direct,2025-03-23,2024-01-21,2025-12-30,6,2019.59,336.6,709,active
CUST003613,FR,Western Europe,email,2025-06-12,2024-01-22,2025-11-23,5,2117.90,423.58,671,active
CUST002748,DE,Western Europe,organic_search,2023-04-07,2024-01-22,2025-09-26,8,2676.21,334.53,613,at_risk
CUST002870,FR,Western Europe,organic_search,2024-04-23,2024-01-23,2025-11-13,5,430.67,86.13,660,active
CUST000979,GB,Western Europe,organic_search,2023-03-02,2024-01-24,2025-11-30,6,3028.32,504.72,676,active
CUST001089,SE,Nordic,paid_search,2024-12-28,2024-01-24,2025-08-17,5,910.59,182.12,571,at_risk
CUST000818,FR,Western Europe,email,2025-08-11,2024-01-25,2025-10-04,3,306.10,102.03,618,active
CUST003978,GB,Western Europe,email,2023-09-12,2024-01-25,2025-05-09,5,1099.59,219.92,470,churned
CUST001595,NL,Western Europe,organic_search,2024-02-23,2024-01-25,2025-12-12,4,1310.79,327.7,687,active
CUST000176,DE,Western Europe,direct,2023-09-24,2024-01-26,2025-08-13,6,3108.56,518.09,565,at_risk
CUST002263,IT,Southern Europe,paid_search,2023-03-21,2024-01-27,2025-03-21,8,1015.11,126.89,419,churned
CUST002039,DE,Western Europe,email,2025-08-07,2024-01-28,2025-12-08,6,2014.51,335.75,680,active
CUST002738,GB,Western Europe,paid_search,2025-02-07,2024-01-30,2025-11-04,5,1673.11,334.62,644,active
CUST002203,FR,Western Europe,email,2024-03-07,2024-01-30,2025-06-29,7,936.64,133.81,516,churned
CUST001091,IT,Southern Europe,organic_search,2023-07-28,2024-02-01,2025-11-24,7,4060.06,580.01,662,active
CUST003931,IT,Southern Europe,referral,2023-03-05,2024-02-03,2025-12-10,10,2301.58,230.16,676,active
CUST000250,ES,Southern Europe,referral,2023-06-26,2024-02-04,2025-06-16,7,2040.32,291.47,498,churned
CUST000156,DE,Western Europe,organic_search,2025-08-08,2024-02-04,2025-06-26,4,279.57,69.89,508,churned
CUST003028,GB,Western Europe,organic_search,2025-04-18,2024-02-05,2025-03-14,6,1249.62,208.27,403,churned
CUST001836,NL,Western Europe,social_media,2024-04-13,2024-02-07,2025-12-08,4,2100.26,525.07,670,active
CUST003868,NL,Western Europe,organic_search,2025-02-07,2024-02-07,2025-10-08,4,1141.71,285.43,609,active
CUST000681,ES,Southern Europe,email,2025-06-30,2024-02-07,2025-12-15,3,160.39,53.46,677,active
CUST002444,ES,Southern Europe,direct,2025-03-27,2024-02-10,2024-02-10,1,56.31,56.31,0,churned
CUST000408,DE,Western Europe,direct,2023-09-29,2024-02-10,2025-12-20,5,1721.80,344.36,679,active
CUST003961,GB,Western Europe,organic_search,2025-11-25,2024-02-10,2025-12-18,7,1704.22,243.46,677,active
CUST000865,FR,Western Europe,social_media,2024-07-20,2024-02-15,2025-12-01,7,1771.72,253.1,655,active
CUST000346,GB,Western Europe,social_media,2024-07-28,2024-02-16,2025-12-17,5,1780.47,356.09,670,active
CUST001646,ES,Southern Europe,social_media,2025-04-03,2024-02-17,2025-12-05,6,1068.31,178.05,657,active
CUST003056,SE,Nordic,organic_search,2023-05-24,2024-02-19,2025-12-19,4,1740.62,435.16,669,active
CUST001142,FR,Western Europe,paid_search,2024-12-20,2024-02-21,2025-06-15,6,1714.64,285.77,480,churned
CUST000411,FR,Western Europe,direct,2025-02-22,2024-02-22,2025-07-28,7,1647.33,235.33,522,at_risk
CUST000006,DE,Western Europe,social_media,2025-02-14,2024-02-23,2025-12-24,6,2737.12,456.19,670,active
CUST000481,GB,Western Europe,email,2024-07-30,2024-02-24,2025-05-30,6,2782.38,463.73,461,churned
CUST001542,DE,Western Europe,social_media,2024-02-27,2024-02-26,2025-12-27,8,1747.15,218.39,670,active
CUST002548,FR,Western Europe,referral,2023-12-19,2024-02-26,2025-06-21,5,2942.72,588.54,481,churned
CUST000886,DE,Western Europe,email,2023-04-04,2024-02-26,2025-10-11,4,1747.13,436.78,593,active
CUST002335,DE,Western Europe,social_media,2024-04-27,2024-02-28,2025-12-09,4,1948.62,487.16,650,active
CUST003296,DE,Western Europe,email,2023-08-20,2024-03-02,2025-11-25,7,2672.69,381.81,633,active
CUST000196,FR,Western Europe,direct,2025-12-22,2024-03-04,2025-11-05,4,463.13,115.78,611,active
CUST001419,GB,Western Europe,direct,2025-02-12,2024-03-04,2025-10-02,8,2010.10,251.26,577,active
CUST003951,DE,Western Europe,organic_search,2024-11-03,2024-03-05,2025-10-23,9,5799.03,644.34,597,active
CUST001850,GB,Western Europe,organic_search,2023-10-15,2024-03-05,2025-12-31,4,1746.08,436.52,666,active
CUST001883,GB,Western Europe,direct,2024-05-26,2024-03-06,2025-03-11,3,305.25,101.75,370,churned
CUST003135,DE,Western Europe,email,2024-05-07,2024-03-07,2025-12-30,4,1030.53,257.63,663,active
CUST003015,GB,Western Europe,organic_search,2023-03-28,2024-03-08,2025-11-26,3,2217.10,739.03,628,active
CUST003276,ES,Southern Europe,social_media,2025-04-07,2024-03-08,2025-12-03,6,2128.20,354.7,635,active
CUST003187,FR,Western Europe,direct,2023-07-31,2024-03-09,2025-12-14,8,1877.44,234.68,645,active
CUST000806,NL,Western Europe,social_media,2025-11-02,2024-03-09,2025-10-25,4,1337.87,334.47,595,active
CUST003256,DE,Western Europe,direct,2024-02-26,2024-03-12,2025-10-22,2,608.10,304.05,589,active
CUST002255,IT,Southern Europe,email,2025-09-07,2024-03-12,2025-08-28,5,4182.50,836.5,534,at_risk
CUST002758,IT,Southern Europe,email,2024-08-10,2024-03-13,2025-01-28,3,899.89,299.96,321,churned
CUST003609,IT,Southern Europe,organic_search,2023-06-26,2024-03-13,2025-12-09,7,2545.53,363.65,636,active
CUST002547,DE,Western Europe,organic_search,2024-07-06,2024-03-13,2025-10-10,8,2553.32,319.17,576,active
CUST001742,NL,Western Europe,organic_search,2023-01-17,2024-03-13,2025-11-03,5,939.24,187.85,600,active
CUST002387,FR,Western Europe,paid_search,2024-02-03,2024-03-14,2025-12-05,7,851.11,121.59,631,active
CUST003175,DE,Western Europe,social_media,2023-10-22,2024-03-15,2025-12-14,4,766.59,191.65,639,active
CUST002757,GB,Western Europe,organic_search,2023-11-10,2024-03-16,2025-11-15,7,1600.19,228.6,609,active
CUST000827,FR,Western Europe,email,2024-10-28,2024-03-17,2025-09-04,3,245.41,81.8,536,at_risk
CUST000682,FR,Western Europe,social_media,2023-12-09,2024-03-18,2025-11-12,6,1106.61,184.43,604,active
CUST003138,NL,Western Europe,organic_search,2025-12-08,2024-03-18,2025-12-27,12,4630.43,385.87,649,active
CUST001084,IT,Southern Europe,direct,2025-08-25,2024-03-23,2025-12-10,5,496.48,99.3,627,active
CUST003020,ES,Southern Europe,direct,2023-01-15,2024-03-26,2025-05-08,5,1070.59,214.12,408,churned
CUST003220,NL,Western Europe,referral,2025-01-31,2024-03-27,2024-11-19,3,220.25,73.42,237,churned
CUST000570,FR,Western Europe,paid_search,2024-05-23,2024-04-01,2025-12-04,5,2720.56,544.11,612,active
CUST001486,FR,Western Europe,email,2025-04-27,2024-04-02,2025-06-09,2,1089.47,544.74,433,churned
CUST003933,GB,Western Europe,referral,2023-05-14,2024-04-02,2025-06-16,6,681.70,113.62,440,churned
CUST000341,GB,Western Europe,direct,2025-03-23,2024-04-03,2025-11-27,7,1216.17,173.74,603,active
CUST003755,FR,Western Europe,paid_search,2025-01-16,2024-04-05,2025-05-02,3,186.24,62.08,392,churned
CUST002037,DE,Western Europe,paid_search,2025-10-20,2024-04-05,2025-10-10,5,1251.37,250.27,553,active
CUST003344,DE,Western Europe,organic_search,2024-05-18,2024-04-05,2025-06-02,4,1437.49,359.37,423,churned
CUST000817,GB,Western Europe,referral,2024-12-29,2024-04-06,2025-11-29,4,915.56,228.89,602,active
CUST000115,GB,Western Europe,social_media,2023-06-14,2024-04-09,2025-12-22,7,1263.94,180.56,622,active
CUST000018,GB,Western Europe,social_media,2025-10-22,2024-04-10,2025-12-13,2,534.30,267.15,612,active
CUST002373,NL,Western Europe,organic_search,2025-01-09,2024-04-11,2025-12-26,4,1663.77,415.94,624,active
CUST002357,IT,Southern Europe,organic_search,2025-04-09,2024-04-11,2025-08-20,8,3367.35,420.92,496,at_risk
CUST002071,ES,Southern Europe,paid_search,2023-04-18,2024-04-13,2025-11-24,4,1052.62,263.15,590,active
CUST003492,GB,Western Europe,direct,2025-04-21,2024-04-14,2024-10-18,3,297.80,99.27,187,churned
CUST001641,GB,Western Europe,social_media,2025-04-14,2024-04-14,2025-12-24,5,2089.67,417.93,619,active
CUST001300,NL,Western Europe,social_media,2025-10-10,2024-04-16,2025-07-19,4,1559.65,389.91,459,at_risk
CUST002424,GB,Western Europe,email,2023-08-24,2024-04-18,2025-12-24,8,2122.55,265.32,615,active
CUST002558,FR,Western Europe,organic_search,2023-07-14,2024-04-19,2025-11-18,5,2578.14,515.63,578,active
CUST001246,GB,Western Europe,paid_search,2025-10-18,2024-04-19,2025-12-19,6,920.54,153.42,609,active
CUST003147,IT,Southern Europe,social_media,2025-10-22,2024-04-20,2025-11-12,5,511.14,102.23,571,active
CUST003703,FR,Western Europe,social_media,2024-10-16,2024-04-20,2025-03-19,5,1399.17,279.83,333,churned
CUST000236,NL,Western Europe,social_media,2023-06-11,2024-04-20,2025-12-14,7,1043.04,149.01,603,active
CUST001417,DE,Western Europe,paid_search,2023-08-14,2024-04-20,2025-12-25,5,2095.44,419.09,614,active
CUST000654,NL,Western Europe,referral,2024-11-27,2024-04-21,2025-12-14,8,2070.78,258.85,602,active
CUST002338,FR,Western Europe,referral,2024-12-28,2024-04-22,2025-12-08,8,1412.39,176.55,595,active
CUST002626,SE,Nordic,referral,2023-03-09,2024-04-23,2025-09-26,8,2368.04,296.01,521,at_risk
CUST002490,FR,Western Europe,social_media,2024-09-12,2024-04-24,2025-12-27,6,1349.59,224.93,612,active
CUST000298,DE,Western Europe,social_media,2024-06-30,2024-04-25,2025-12-23,6,3161.22,526.87,607,active
CUST000004,GB,Western Europe,email,2024-11-27,2024-04-25,2025-12-03,7,1345.80,192.26,587,active
CUST003734,GB,Western Europe,social_media,2025-02-06,2024-04-26,2025-04-09,5,2213.67,442.73,348,churned
CUST003607,ES,Southern Europe,referral,2025-05-21,2024-04-27,2025-11-23,3,926.62,308.87,575,active
CUST002747,GB,Western Europe,email,2025-02-02,2024-04-28,2025-04-20,7,2374.48,339.21,357,churned
CUST002866,GB,Western Europe,organic_search,2025-09-24,2024-04-28,2025-12-12,3,564.80,188.27,593,active
CUST003096,NL,Western Europe,paid_search,2023-10-13,2024-04-30,2025-10-30,6,2339.28,389.88,548,active
CUST003932,DE,Western Europe,direct,2025-06-18,2024-05-04,2025-12-19,6,4487.33,747.89,594,active
CUST003388,GB,Western Europe,paid_search,2025-07-31,2024-05-09,2025-03-14,4,1465.91,366.48,309,churned
CUST002005,FR,Western Europe,paid_search,2024-10-08,2024-05-14,2025-12-22,8,3742.96,467.87,587,active
CUST000608,FR,Western Europe,direct,2023-05-23,2024-05-14,2025-11-05,3,304.29,101.43,540,active
CUST003157,IT,Southern Europe,organic_search,2024-10-09,2024-05-18,2024-12-24,3,818.00,272.67,220,churned
CUST002412,DE,Western Europe,referral,2023-12-17,2024-05-19,2025-11-13,3,590.25,196.75,543,active
CUST002959,FR,Western Europe,organic_search,2024-12-29,2024-05-20,2025-12-24,5,2373.95,474.79,583,active
CUST001274,DE,Western Europe,social_media,2023-12-07,2024-05-22,2025-06-30,4,1789.64,447.41,404,churned
CUST002142,GB,Western Europe,referral,2024-07-22,2024-05-22,2025-06-04,6,573.39,95.57,378,churned
CUST002069,DE,Western Europe,organic_search,2025-12-10,2024-05-27,2025-12-18,8,2637.57,329.7,570,active
CUST001970,DE,Western Europe,paid_search,2025-01-31,2024-05-27,2025-08-06,8,1970.64,246.33,436,at_risk
CUST003498,IT,Southern Europe,paid_search,2025-07-20,2024-05-27,2025-12-24,6,2910.80,485.13,576,active
CUST002094,GB,Western Europe,paid_search,2025-09-08,2024-05-27,2025-11-22,5,1170.63,234.13,544,active
CUST001014,DE,Western Europe,email,2025-12-28,2024-05-28,2024-11-29,3,478.10,159.37,185,churned
CUST002488,ES,Southern Europe,paid_search,2024-01-17,2024-05-29,2025-11-23,7,2562.46,366.07,543,active
CUST002477,DE,Western Europe,direct,2023-11-03,2024-05-30,2024-05-30,1,183.79,183.79,0,churned
CUST001072,DE,Western Europe,paid_search,2023-09-14,2024-05-30,2025-02-15,3,1346.26,448.75,261,churned
CUST000128,ES,Southern Europe,referral,2023-05-23,2024-05-31,2025-12-05,7,1567.90,223.99,553,active
CUST003600,NL,Western Europe,paid_search,2023-07-01,2024-05-31,2025-12-06,7,1095.54,156.51,554,active
CUST000065,FR,Western Europe,email,2024-04-05,2024-06-02,2025-04-10,2,51.39,25.7,312,churned
CUST000611,DE,Western Europe,social_media,2023-10-03,2024-06-02,2025-11-29,10,4992.99,499.3,545,active
CUST000292,DE,Western Europe,social_media,2023-03-18,2024-06-03,2024-08-07,2,239.75,119.88,65,churned
CUST000252,FR,Western Europe,paid_search,2025-11-25,2024-06-07,2025-10-07,7,2526.79,360.97,487,active
CUST000968,FR,Western Europe,paid_search,2025-01-20,2024-06-07,2024-12-15,5,1045.98,209.2,191,churned
CUST000345,FR,Western Europe,organic_search,2024-04-15,2024-06-08,2025-12-14,6,811.11,135.19,554,active
CUST001195,DE,Western Europe,referral,2025-02-05,2024-06-13,2025-03-06,4,1191.80,297.95,266,churned
CUST001245,ES,Southern Europe,paid_search,2024-04-29,2024-06-15,2025-04-28,6,1428.00,238.0,317,churned
CUST001307,NL,Western Europe,social_media,2024-03-05,2024-06-24,2025-11-08,6,2174.54,362.42,502,active
CUST002843,IT,Southern Europe,social_media,2024-08-21,2024-06-24,2025-11-14,3,1804.70,601.57,508,active
CUST000120,GB,Western Europe,social_media,2025-03-31,2024-06-24,2025-09-20,6,2156.18,359.36,453,at_risk
CUST001723,FR,Western Europe,paid_search,2023-03-01,2024-06-25,2025-03-16,4,1765.33,441.33,264,churned
CUST000566,GB,Western Europe,referral,2023-09-10,2024-06-27,2025-12-01,4,2180.81,545.2,522,active
CUST003450,DE,Western Europe,social_media,2025-05-04,2024-06-30,2025-11-06,3,1326.39,442.13,494,active
CUST002573,FR,Western Europe,email,2025-02-09,2024-06-30,2025-11-05,6,1043.89,173.98,493,active
CUST003949,DE,Western Europe,paid_search,2024-07-11,2024-07-02,2025-06-08,3,547.58,182.53,341,churned
CUST000543,DE,Western Europe,organic_search,2024-04-18,2024-07-03,2024-12-17,3,130.07,43.36,167,churned
CUST003390,NL,Western Europe,direct,2023-09-30,2024-07-03,2025-12-18,7,1303.66,186.24,533,active
CUST002656,FR,Western Europe,referral,2023-11-23,2024-07-04,2025-12-24,10,3567.38,356.74,538,active
CUST003173,DE,Western Europe,organic_search,2023-10-30,2024-07-04,2025-11-14,7,2093.20,299.03,498,active
CUST000126,FR,Western Europe,email,2025-10-17,2024-07-07,2025-12-24,7,2294.81,327.83,535,active
CUST003930,DE,Western Europe,social_media,2024-07-03,2024-07-08,2025-12-28,3,782.51,260.84,538,active
CUST001093,GB,Western Europe,paid_search,2023-11-12,2024-07-14,2024-07-14,2,279.35,139.68,0,churned
CUST002557,GB,Western Europe,direct,2023-11-21,2024-07-14,2025-12-22,7,2626.00,375.14,526,active
CUST002358,DE,Western Europe,social_media,2023-06-21,2024-07-17,2025-09-30,6,1204.44,200.74,440,at_risk
CUST002922,NL,Western Europe,direct,2025-12-14,2024-07-17,2025-12-18,4,690.11,172.53,519,active
CUST002615,FR,Western Europe,social_media,2024-04-13,2024-07-17,2025-11-20,8,2375.34,296.92,491,active
CUST001966,GB,Western Europe,paid_search,2025-11-07,2024-07-21,2025-12-16,5,1111.72,222.34,513,active
CUST001465,SE,Nordic,social_media,2025-07-22,2024-07-23,2025-12-06,4,1752.18,438.05,501,active
CUST002053,DE,Western Europe,organic_search,2025-11-12,2024-07-26,2025-03-12,5,1450.05,290.01,229,churned
CUST000374,NL,Western Europe,social_media,2023-10-18,2024-07-28,2025-08-21,5,1058.93,211.79,389,at_risk
CUST003148,NL,Western Europe,organic_search,2023-10-04,2024-07-29,2025-05-06,4,1024.96,256.24,281,churned
CUST001523,FR,Western Europe,email,2023-10-29,2024-07-29,2025-05-08,2,1214.77,607.39,283,churned
CUST002628,NL,Western Europe,referral,2023-08-01,2024-07-29,2025-12-25,6,863.00,143.83,514,active
CUST002676,FR,Western Europe,direct,2023-01-13,2024-07-29,2025-12-02,7,1799.21,257.03,491,active
CUST000616,IT,Southern Europe,direct,2025-08-09,2024-07-29,2025-11-29,9,2563.08,284.79,488,active
CUST001497,GB,Western Europe,social_media,2023-12-09,2024-07-30,2025-10-28,6,1170.11,195.02,455,active
CUST002620,FR,Western Europe,paid_search,2024-02-08,2024-07-31,2025-09-20,7,2137.10,305.3,416,at_risk
CUST000766,GB,Western Europe,paid_search,2023-10-02,2024-07-31,2025-12-24,9,2241.82,249.09,511,active
CUST003026,FR,Western Europe,organic_search,2024-06-06,2024-07-31,2025-09-24,6,1124.64,187.44,420,at_risk
CUST002929,ES,Southern Europe,paid_search,2024-05-14,2024-08-01,2025-12-28,4,1046.68,261.67,514,active
CUST000897,FR,Western Europe,organic_search,2024-10-29,2024-08-04,2025-10-04,3,1285.06,428.35,426,active
CUST002787,SE,Nordic,direct,2024-02-02,2024-08-08,2025-07-28,5,4032.49,806.5,354,at_risk
CUST002234,ES,Southern Europe,email,2025-11-16,2024-08-14,2025-11-07,9,3043.20,338.13,450,active
CUST002535,NL,Western Europe,social_media,2025-07-06,2024-08-17,2025-12-28,6,1887.47,314.58,498,active
CUST000402,IT,Southern Europe,social_media,2025-05-29,2024-08-23,2025-12-23,5,1015.13,203.03,487,active
CUST000804,GB,Western Europe,social_media,2024-07-10,2024-08-30,2025-12-26,8,1738.07,217.26,483,active
CUST000017,FR,Western Europe,direct,2024-11-27,2024-09-01,2025-03-05,3,205.82,68.61,185,churned
CUST000819,DE,Western Europe,referral,2025-08-11,2024-09-04,2025-11-16,3,1453.55,484.52,438,active
CUST001309,FR,Western Europe,referral,2024-12-29,2024-09-04,2025-08-26,7,2978.52,425.5,356,at_risk
CUST001892,FR,Western Europe,direct,2023-07-13,2024-09-06,2024-11-27,2,399.42,199.71,82,churned
CUST001485,FR,Western Europe,email,2023-07-10,2024-09-07,2025-11-10,4,987.71,246.93,429,active
CUST000910,FR,Western Europe,email,2023-11-28,2024-09-11,2025-11-01,7,3311.68,473.1,416,active
CUST001406,GB,Western Europe,referral,2023-06-06,2024-09-12,2024-12-29,2,2523.37,1261.69,108,churned
CUST000885,ES,Southern Europe,social_media,2025-04-03,2024-09-12,2025-12-08,4,1088.64,272.16,452,active
CUST002067,DE,Western Europe,social_media,2023-11-07,2024-09-17,2025-06-29,4,608.39,152.1,285,churned
CUST001325,SE,Nordic,direct,2023-10-02,2024-09-18,2025-10-20,4,743.52,185.88,397,active
CUST001427,DE,Western Europe,paid_search,2025-08-17,2024-10-08,2025-11-07,4,758.13,189.53,395,active
CUST003226,IT,Southern Europe,paid_search,2025-12-27,2024-10-14,2025-11-30,3,372.41,124.14,412,active
CUST001943,ES,Southern Europe,organic_search,2023-01-14,2024-10-15,2025-12-28,6,1151.00,191.83,439,active
CUST002195,DE,Western Europe,direct,2024-09-27,2024-10-17,2025-12-21,5,3483.47,696.69,430,active
CUST001674,ES,Southern Europe,direct,2024-06-17,2024-10-18,2025-12-13,2,390.40,195.2,421,active
CUST002696,GB,Western Europe,direct,2024-11-13,2024-10-20,2025-02-22,5,1238.24,247.65,125,churned
CUST002587,DE,Western Europe,email,2023-03-27,2024-10-26,2025-12-05,3,1004.92,334.97,405,active
CUST002021,SE,Nordic,organic_search,2023-06-23,2024-10-27,2025-10-12,5,1577.42,315.48,350,active
CUST002962,FR,Western Europe,organic_search,2025-12-23,2024-10-28,2025-09-17,4,926.49,231.62,324,at_risk
CUST003483,FR,Western Europe,email,2023-10-01,2024-11-14,2025-08-12,3,163.55,54.52,271,at_risk
CUST000602,FR,Western Europe,organic_search,2023-10-23,2024-11-15,2025-07-01,4,1211.16,302.79,228,churned
CUST002735,IT,Southern Europe,direct,2023-06-17,2024-11-19,2025-07-03,4,976.52,244.13,226,churned
CUST000482,NL,Western Europe,direct,2023-04-22,2024-11-24,2025-10-23,4,1160.53,290.13,333,active
CUST000085,FR,Western Europe,referral,2023-12-02,2024-12-01,2024-12-01,1,31.24,31.24,0,churned
CUST003215,DE,Western Europe,referral,2024-05-19,2024-12-03,2025-12-24,7,2134.99,305.0,386,active
CUST003228,FR,Western Europe,organic_search,2024-07-08,2024-12-03,2025-12-02,9,4316.83,479.65,364,active
CUST000283,FR,Western Europe,organic_search,2024-12-15,2024-12-08,2025-12-10,4,2126.35,531.59,367,active
CUST000027,DE,Western Europe,direct,2024-05-12,2024-12-19,2025-12-25,3,361.74,120.58,371,active
CUST000743,NL,Western Europe,referral,2025-12-09,2024-12-24,2025-11-10,3,685.87,228.62,321,active
CUST003799,DE,Western Europe,referral,2023-03-22,2024-12-26,2025-04-05,3,753.51,251.17,100,churned
CUST003960,DE,Western Europe,direct,2024-02-23,2024-12-29,2025-12-17,2,589.44,294.72,353,active
CUST003579,NL,Western Europe,email,2023-11-05,2024-12-29,2025-09-30,3,480.12,160.04,275,at_risk
CUST001418,DE,Western Europe,direct,2024-05-11,2024-12-29,2025-09-01,4,636.95,159.24,246,at_risk
CUST001001,DE,Western Europe,email,2024-07-02,2025-01-04,2025-01-04,1,213.09,213.09,0,churned
CUST003076,ES,Southern Europe,paid_search,2023-08-13,2025-01-10,2025-05-04,2,427.64,213.82,114,churned
CUST002375,NL,Western Europe,paid_search,2024-06-04,2025-01-17,2025-11-25,3,3221.02,1073.67,312,active
CUST002773,ES,Southern Europe,email,2024-07-08,2025-02-27,2025-07-05,2,370.40,185.2,128,at_risk
CUST002575,DE,Western Europe,paid_search,2023-07-29,2025-03-04,2025-08-16,2,453.56,226.78,165,at_risk
CUST003625,DE,Western Europe,paid_search,2025-07-07,2025-03-13,2025-06-29,2,187.67,93.84,108,churned
CUST001313,GB,Western Europe,referral,2023-01-24,2025-03-27,2025-03-27,1,152.21,152.21,0,churned
CUST002123,SE,Nordic,direct,2024-02-12,2025-03-29,2025-11-25,4,1362.55,340.64,241,active
CUST003436,FR,Western Europe,organic_search,2023-03-12,2025-04-11,2025-11-11,4,1326.17,331.54,214,active
CUST002299,DE,Western Europe,referral,2025-08-23,2025-04-12,2025-04-12,1,98.01,98.01,0,churned
CUST000019,FR,Western Europe,referral,2023-11-10,2025-04-16,2025-12-17,3,322.94,107.65,245,active
CUST003312,NL,Western Europe,social_media,2023-12-25,2025-04-18,2025-12-05,3,169.37,56.46,231,active
CUST001645,DE,Western Europe,social_media,2023-05-30,2025-04-28,2025-07-19,4,318.77,79.69,82,at_risk
CUST003810,DE,Western Europe,direct,2025-01-22,2025-05-01,2025-12-31,8,939.50,117.44,244,active
CUST003568,NL,Western Europe,email,2025-06-25,2025-06-11,2025-06-11,1,13.51,13.51,0,churned
CUST001795,DE,Western Europe,direct,2023-07-06,2025-07-14,2025-09-22,2,1698.48,849.24,70,at_risk
CUST003879,GB,Western Europe,direct,2025-07-17,2025-08-22,2025-08-22,1,146.85,146.85,0,at_risk
CUST003377,ES,Southern Europe,organic_search,2025-01-14,2025-12-18,2025-12-18,1,234.88,234.88,0,active
CUST003510,DE,Western Europe,referral,2023-03-18,2025-12-23,2025-12-23,1,611.63,611.63,0,active
CUST002275,SE,Nordic,email,2025-10-05,2024-01-01,2025-12-14,7,4922.48,703.21,713,active
CUST002176,ES,Southern Europe,paid_search,2025-06-11,2024-01-01,2024-01-01,1,60.96,60.96,0,churned
CUST000749,IT,Southern Europe,paid_search,2025-12-07,2024-01-02,2025-12-22,8,3897.03,487.13,720,active
CUST003668,DE,Western Europe,organic_search,2023-12-27,2024-01-04,2025-11-27,9,3825.80,425.09,693,active
CUST002273,GB,Western Europe,paid_search,2023-08-01,2024-01-04,2025-12-10,7,2117.59,302.51,706,active
CUST002534,DE,Western Europe,direct,2023-11-28,2024-01-05,2025-06-21,9,7232.85,803.65,533,churned
CUST003223,DE,Western Europe,paid_search,2025-03-31,2024-01-06,2025-12-21,10,5200.03,520.0,715,active
CUST003163,FR,Western Europe,paid_search,2023-06-06,2024-01-06,2025-11-20,8,2438.81,304.85,684,active
CUST002840,FR,Western Europe,organic_search,2025-08-05,2024-01-07,2025-10-21,5,428.15,85.63,653,active
CUST003199,DE,Western Europe,social_media,2025-03-25,2024-01-10,2025-10-19,10,2200.52,220.05,648,active
CUST000761,DE,Western Europe,paid_search,2024-09-24,2024-01-12,2025-12-07,8,1395.54,174.44,695,active
CUST000094,GB,Western Europe,referral,2024-11-28,2024-01-12,2025-09-05,6,1553.89,258.98,602,at_risk
CUST001368,IT,Southern Europe,organic_search,2024-03-30,2024-01-14,2025-10-26,4,669.93,167.48,651,active
CUST002484,DE,Western Europe,social_media,2024-06-28,2024-01-15,2025-12-27,6,3466.16,577.69,712,active
CUST003391,FR,Western Europe,organic_search,2024-06-11,2024-01-16,2025-11-23,6,1057.29,176.22,677,active
CUST003023,NL,Western Europe,referral,2025-03-15,2024-01-18,2025-08-21,9,2471.13,274.57,581,at_risk
CUST002017,FR,Western Europe,referral,2023-06-14,2024-01-19,2025-12-26,8,1200.83,150.1,707,active
CUST002945,ES,Southern Europe,referral,2024-07-03,2024-01-20,2025-01-04,4,1749.95,437.49,350,churned
CUST002128,DE,Western Europe,email,2023-05-14,2024-01-22,2025-12-12,5,1348.54,269.71,690,active
CUST000359,IT,Southern Europe,organic_search,2023-10-26,2024-01-22,2025-11-18,8,2643.20,330.4,666,active
CUST001310,ES,Southern Europe,organic_search,2025-06-07,2024-01-23,2024-10-20,3,1083.18,361.06,271,churned
CUST001622,DE,Western Europe,email,2023-09-12,2024-01-23,2025-12-20,4,955.53,238.88,697,active
CUST003773,FR,Western Europe,organic_search,2023-01-27,2024-01-26,2025-12-02,8,1098.33,137.29,676,active
CUST002480,ES,Southern Europe,organic_search,2024-09-16,2024-01-27,2025-07-18,5,2375.46,475.09,538,at_risk
CUST002599,FR,Western Europe,email,2024-07-15,2024-01-27,2025-01-02,4,840.38,210.1,341,churned
CUST003807,FR,Western Europe,paid_search,2024-06-19,2024-01-27,2025-04-27,7,2098.52,299.79,456,churned
CUST001379,FR,Western Europe,paid_search,2025-09-15,2024-01-27,2024-12-18,5,3937.90,787.58,326,churned
CUST003482,GB,Western Europe,paid_search,2025-04-28,2024-01-29,2025-05-18,3,1274.17,424.72,475,churned
CUST002238,DE,Western Europe,direct,2025-06-09,2024-01-29,2025-04-20,4,1369.97,342.49,447,churned
CUST001720,DE,Western Europe,direct,2025-09-07,2024-01-31,2025-10-29,6,794.49,132.42,637,active
CUST002491,FR,Western Europe,referral,2024-05-15,2024-02-01,2025-11-10,5,772.86,154.57,648,active
CUST000208,NL,Western Europe,direct,2023-09-22,2024-02-01,2025-12-16,7,1525.17,217.88,684,active
CUST003825,DE,Western Europe,organic_search,2023-08-14,2024-02-02,2025-12-18,5,1202.71,240.54,685,active
CUST001044,GB,Western Europe,paid_search,2025-06-11,2024-02-02,2025-11-21,7,3990.49,570.07,658,active
CUST002019,DE,Western Europe,social_media,2025-02-07,2024-02-03,2024-10-19,4,1034.51,258.63,259,churned
CUST000216,DE,Western Europe,paid_search,2025-10-26,2024-02-04,2025-02-08,6,3062.38,510.4,370,churned
CUST000913,GB,Western Europe,organic_search,2024-02-29,2024-02-04,2025-12-10,6,1978.26,329.71,675,active
CUST003393,IT,Southern Europe,direct,2025-11-18,2024-02-05,2025-12-25,10,2175.42,217.54,689,active
CUST003380,NL,Western Europe,organic_search,2025-04-14,2024-02-05,2025-05-22,6,2017.84,336.31,472,churned
CUST001726,DE,Western Europe,paid_search,2024-11-12,2024-02-06,2025-07-21,4,1851.72,462.93,531,at_risk
CUST002493,ES,Southern Europe,referral,2024-03-24,2024-02-08,2025-11-18,8,3117.24,389.66,649,active
CUST000364,GB,Western Europe,social_media,2024-08-19,2024-02-08,2025-12-28,4,1847.40,461.85,689,active
CUST000692,FR,Western Europe,organic_search,2023-01-19,2024-02-09,2025-12-20,7,4025.29,575.04,680,active
CUST002065,DE,Western Europe,social_media,2024-10-25,2024-02-09,2025-10-22,8,3475.61,434.45,621,active
CUST003155,FR,Western Europe,organic_search,2023-10-08,2024-02-10,2025-11-26,9,3695.72,410.64,655,active
CUST001421,FR,Western Europe,paid_search,2023-06-11,2024-02-11,2025-12-16,6,2626.33,437.72,674,active
CUST000202,DE,Western Europe,email,2025-08-05,2024-02-13,2025-12-19,9,2824.23,313.8,675,active
CUST000195,FR,Western Europe,direct,2024-09-27,2024-02-14,2025-03-13,5,2507.20,501.44,393,churned
CUST001811,NL,Western Europe,organic_search,2023-10-28,2024-02-15,2025-12-15,6,2181.54,363.59,669,active
CUST001728,SE,Nordic,organic_search,2023-05-14,2024-02-16,2025-03-03,4,452.26,113.07,381,churned
CUST003813,DE,Western Europe,social_media,2024-12-25,2024-02-16,2025-03-03,3,150.98,50.33,381,churned
CUST001756,ES,Southern Europe,organic_search,2023-12-31,2024-02-17,2025-07-09,4,1586.69,396.67,508,at_risk
CUST001528,FR,Western Europe,organic_search,2023-08-12,2024-02-18,2025-12-13,6,1946.23,324.37,664,active
CUST002120,IT,Southern Europe,referral,2025-11-02,2024-02-19,2025-12-15,8,2523.03,315.38,665,active
CUST002248,ES,Southern Europe,email,2023-12-13,2024-02-19,2025-09-25,7,988.94,141.28,584,at_risk
CUST001776,FR,Western Europe,direct,2023-04-11,2024-02-19,2025-11-30,5,506.57,101.31,650,active
CUST003943,DE,Western Europe,referral,2025-04-19,2024-02-20,2025-10-18,6,1131.54,188.59,606,active
CUST003301,FR,Western Europe,social_media,2025-02-10,2024-02-22,2025-12-18,7,1405.63,200.8,665,active
CUST003500,NL,Western Europe,email,2025-07-19,2024-02-24,2025-12-26,2,54.86,27.43,671,active
CUST000329,FR,Western Europe,direct,2024-09-23,2024-02-24,2025-11-07,5,2438.43,487.69,622,active
CUST000732,ES,Southern Europe,email,2025-11-13,2024-02-25,2025-11-13,3,901.73,300.58,627,active
CUST003679,ES,Southern Europe,social_media,2024-05-16,2024-02-25,2025-08-30,6,517.67,86.28,552,at_risk
CUST001437,FR,Western Europe,email,2025-07-05,2024-02-25,2025-07-02,4,658.54,164.64,493,churned
CUST003042,SE,Nordic,paid_search,2025-11-15,2024-02-25,2025-11-18,5,2633.51,526.7,632,active
CUST000450,DE,Western Europe,email,2023-10-14,2024-02-26,2025-12-09,3,915.82,305.27,652,active
CUST002974,NL,Western Europe,organic_search,2025-03-18,2024-03-02,2025-03-25,7,856.49,122.36,388,churned
CUST001024,SE,Nordic,organic_search,2023-10-06,2024-03-02,2025-11-15,3,262.91,87.64,623,active
CUST001196,IT,Southern Europe,email,2024-04-16,2024-03-02,2025-12-14,6,1264.86,210.81,652,active
CUST001077,FR,Western Europe,direct,2025-06-03,2024-03-03,2025-12-23,5,412.96,82.59,660,active
CUST000900,DE,Western Europe,social_media,2023-12-31,2024-03-04,2025-12-19,6,1571.85,261.97,655,active
CUST002832,NL,Western Europe,referral,2025-09-09,2024-03-05,2025-11-03,3,488.68,162.89,608,active
CUST002734,SE,Nordic,social_media,2025-06-07,2024-03-06,2025-08-07,3,745.15,248.38,519,at_risk
CUST000683,DE,Western Europe,email,2024-03-07,2024-03-06,2025-12-25,5,982.31,196.46,659,active
CUST000211,GB,Western Europe,organic_search,2025-09-22,2024-03-07,2025-09-14,6,812.20,135.37,556,at_risk
CUST003970,FR,Western Europe,referral,2023-06-12,2024-03-11,2025-12-16,5,1811.97,362.39,645,active
CUST000005,DE,Western Europe,referral,2025-01-05,2024-03-12,2025-12-25,9,3609.98,401.11,653,active
CUST001808,DE,Western Europe,organic_search,2024-07-17,2024-03-12,2025-12-26,5,314.25,62.85,654,active
CUST001467,SE,Nordic,social_media,2025-02-20,2024-03-13,2025-10-14,8,2699.60,337.45,580,active
CUST001932,GB,Western Europe,email,2025-04-24,2024-03-14,2025-08-04,2,193.30,96.65,508,at_risk
CUST000530,ES,Southern Europe,referral,2023-12-09,2024-03-14,2024-03-14,1,38.58,38.58,0,churned
CUST000483,GB,Western Europe,organic_search,2024-02-13,2024-03-16,2025-08-28,6,1063.60,177.27,530,at_risk
CUST000760,ES,Southern Europe,paid_search,2023-09-27,2024-03-17,2025-08-17,4,1196.16,299.04,518,at_risk
CUST002642,DE,Western Europe,email,2023-01-05,2024-03-18,2025-12-11,5,2375.09,475.02,633,active
CUST000894,FR,Western Europe,social_media,2025-08-29,2024-03-18,2025-09-11,6,1166.75,194.46,542,at_risk
CUST000551,GB,Western Europe,organic_search,2025-09-16,2024-03-20,2025-12-06,8,1284.43,160.55,626,active
CUST001156,ES,Southern Europe,direct,2025-12-07,2024-03-22,2025-11-18,7,1784.58,254.94,606,active
CUST003402,DE,Western Europe,paid_search,2023-05-07,2024-03-24,2025-03-10,4,1023.40,255.85,351,churned
CUST003481,DE,Western Europe,referral,2024-08-26,2024-03-24,2025-10-20,10,1923.31,192.33,575,active
CUST001882,IT,Southern Europe,social_media,2023-10-20,2024-03-25,2025-12-24,7,1933.64,276.23,639,active
CUST001229,SE,Nordic,paid_search,2024-07-25,2024-03-27,2025-12-07,7,2128.56,304.08,620,active
CUST000362,GB,Western Europe,paid_search,2024-11-05,2024-03-28,2025-12-01,3,949.08,316.36,613,active
CUST002334,NL,Western Europe,referral,2025-01-10,2024-04-03,2025-12-24,5,2573.19,514.64,630,active
CUST001951,DE,Western Europe,organic_search,2023-01-10,2024-04-05,2025-09-06,5,2935.51,587.1,519,at_risk
CUST002085,GB,Western Europe,referral,2024-05-23,2024-04-05,2025-11-05,7,1786.06,255.15,579,active
CUST003748,FR,Western Europe,social_media,2023-05-30,2024-04-07,2025-11-07,4,1255.03,313.76,579,active
CUST002851,NL,Western Europe,direct,2024-09-09,2024-04-08,2025-12-18,5,2873.27,574.65,619,active
CUST002303,GB,Western Europe,paid_search,2025-04-17,2024-04-10,2025-10-05,5,1171.42,234.28,543,active
CUST001259,DE,Western Europe,email,2023-01-27,2024-04-14,2025-12-18,9,1510.32,167.81,613,active
CUST001881,NL,Western Europe,paid_search,2025-09-05,2024-04-15,2025-11-05,3,403.11,134.37,569,active
CUST000853,DE,Western Europe,social_media,2023-12-09,2024-04-15,2025-11-02,6,1793.25,298.88,566,active
CUST001854,ES,Southern Europe,direct,2023-05-30,2024-04-16,2025-12-23,7,2273.40,324.77,616,active
CUST002878,DE,Western Europe,social_media,2025-07-19,2024-04-17,2025-09-18,3,2124.19,708.06,519,at_risk
CUST001664,GB,Western Europe,paid_search,2023-11-07,2024-04-18,2025-12-28,3,654.65,218.22,619,active
CUST000533,SE,Nordic,direct,2024-03-08,2024-04-20,2025-12-21,4,1470.11,367.53,610,active
CUST002941,FR,Western Europe,paid_search,2025-03-11,2024-04-21,2025-09-08,4,894.95,223.74,505,at_risk
CUST002472,SE,Nordic,social_media,2023-09-26,2024-04-21,2025-04-05,6,2303.05,383.84,349,churned
CUST001796,DE,Western Europe,direct,2025-11-13,2024-04-22,2025-02-24,2,190.31,95.16,308,churned
CUST001471,GB,Western Europe,direct,2025-08-19,2024-04-24,2025-11-02,4,842.89,210.72,557,active
CUST003314,DE,Western Europe,organic_search,2024-11-15,2024-04-25,2025-03-05,3,1414.60,471.53,314,churned
CUST000531,ES,Southern Europe,email,2025-06-07,2024-04-26,2025-10-04,5,1858.14,371.63,526,active
CUST001556,DE,Western Europe,email,2024-10-03,2024-04-26,2025-10-25,5,2242.10,448.42,547,active
CUST001439,DE,Western Europe,organic_search,2023-07-19,2024-04-28,2025-11-06,6,1108.41,184.74,557,active
CUST002860,DE,Western Europe,email,2023-04-09,2024-04-28,2025-12-20,4,1386.15,346.54,601,active
CUST003408,SE,Nordic,organic_search,2024-06-24,2024-04-29,2025-04-08,5,711.60,142.32,344,churned
CUST002623,FR,Western Europe,direct,2025-09-29,2024-04-30,2025-11-04,6,711.53,118.59,553,active
CUST001115,GB,Western Europe,email,2024-06-24,2024-05-01,2025-11-11,4,1323.44,330.86,559,active
CUST001222,DE,Western Europe,direct,2024-05-05,2024-05-02,2025-08-03,5,1291.53,258.31,458,at_risk
CUST002831,GB,Western Europe,email,2025-09-22,2024-05-03,2025-12-18,7,2334.11,333.44,594,active
CUST000909,FR,Western Europe,direct,2025-01-04,2024-05-05,2025-05-10,4,546.78,136.7,370,churned
CUST001176,GB,Western Europe,social_media,2024-02-05,2024-05-05,2025-12-04,4,489.59,122.4,578,active
CUST003372,GB,Western Europe,email,2024-03-31,2024-05-05,2025-11-26,4,1467.13,366.78,570,active
CUST000636,FR,Western Europe,email,2025-02-19,2024-05-06,2025-12-22,8,2042.15,255.27,595,active
CUST003513,SE,Nordic,paid_search,2025-05-25,2024-05-06,2025-09-09,6,1345.02,224.17,491,at_risk
CUST001120,DE,Western Europe,direct,2025-05-13,2024-05-07,2025-12-06,9,1646.14,182.9,578,active
CUST002489,GB,Western Europe,social_media,2025-04-23,2024-05-08,2025-09-27,6,1608.86,268.14,507,at_risk
CUST002363,FR,Western Europe,direct,2023-09-03,2024-05-09,2024-05-09,1,303.36,303.36,0,churned
CUST000578,IT,Southern Europe,direct,2025-03-07,2024-05-10,2025-12-05,8,3070.51,383.81,574,active
CUST002563,DE,Western Europe,organic_search,2025-06-20,2024-05-11,2025-08-11,5,984.27,196.85,457,at_risk
CUST002861,ES,Southern Europe,paid_search,2023-10-05,2024-05-12,2025-12-27,10,2963.85,296.39,594,active
CUST001933,GB,Western Europe,paid_search,2025-01-15,2024-05-13,2025-12-01,5,1737.32,347.46,567,active
CUST001515,DE,Western Europe,email,2025-08-01,2024-05-15,2025-07-05,5,1490.36,298.07,416,at_risk
CUST002355,NL,Western Europe,organic_search,2023-07-04,2024-05-15,2025-12-28,5,680.66,136.13,592,active
CUST000142,FR,Western Europe,email,2024-04-20,2024-05-16,2025-10-17,7,2041.77,291.68,519,active
CUST002849,GB,Western Europe,referral,2023-07-24,2024-05-18,2025-08-26,5,1795.61,359.12,465,at_risk
CUST001949,FR,Western Europe,referral,2024-11-26,2024-05-18,2025-06-21,3,710.66,236.89,399,churned
CUST002257,GB,Western Europe,email,2023-05-18,2024-05-18,2025-08-10,11,3495.61,317.78,449,at_risk
CUST003758,FR,Western Europe,social_media,2023-08-22,2024-05-19,2025-09-08,4,2864.45,716.11,477,at_risk
CUST003747,NL,Western Europe,organic_search,2024-02-11,2024-05-20,2025-12-02,7,435.98,62.28,561,active
CUST003389,DE,Western Europe,email,2024-01-18,2024-05-21,2025-11-23,8,2698.72,337.34,551,active
CUST000740,FR,Western Europe,social_media,2025-10-30,2024-05-21,2025-12-31,7,4329.05,618.44,589,active
CUST002830,DE,Western Europe,organic_search,2023-10-24,2024-05-29,2025-01-14,5,855.11,171.02,230,churned
CUST002196,FR,Western Europe,email,2023-05-03,2024-06-01,2025-11-02,4,1818.18,454.55,519,active
CUST001596,GB,Western Europe,organic_search,2025-10-07,2024-06-02,2025-11-09,4,845.60,211.4,525,active
CUST001469,IT,Southern Europe,email,2025-10-13,2024-06-03,2025-08-17,4,965.87,241.47,440,at_risk
CUST001453,ES,Southern Europe,social_media,2024-03-09,2024-06-04,2025-12-02,5,907.06,181.41,546,active
CUST002018,IT,Southern Europe,direct,2024-09-11,2024-06-04,2025-09-28,7,1080.15,154.31,481,at_risk
CUST002503,GB,Western Europe,direct,2024-02-18,2024-06-04,2025-12-12,4,2978.57,744.64,556,active
CUST000839,GB,Western Europe,paid_search,2024-01-04,2024-06-07,2025-12-29,8,1023.56,127.95,570,active
CUST003787,GB,Western Europe,direct,2025-04-17,2024-06-14,2025-02-12,4,1763.52,440.88,243,churned
CUST000067,DE,Western Europe,organic_search,2025-03-29,2024-06-17,2025-11-24,5,3332.62,666.52,525,active
CUST000869,ES,Southern Europe,direct,2025-06-23,2024-06-20,2025-12-11,9,3827.92,425.32,539,active
CUST000733,NL,Western Europe,social_media,2023-11-16,2024-06-26,2025-12-26,10,1804.80,180.48,548,active
CUST000730,DE,Western Europe,referral,2025-03-24,2024-06-26,2025-10-11,8,1628.74,203.59,472,active
CUST001715,DE,Western Europe,social_media,2023-10-20,2024-06-27,2025-04-03,4,2811.92,702.98,280,churned
CUST003610,SE,Nordic,organic_search,2023-02-03,2024-07-01,2025-11-07,6,1365.20,227.53,494,active
CUST000436,NL,Western Europe,social_media,2023-06-26,2024-07-03,2025-12-21,3,658.60,219.53,536,active
CUST002115,NL,Western Europe,direct,2025-05-15,2024-07-05,2025-02-15,4,1835.62,458.91,225,churned
CUST001659,FR,Western Europe,social_media,2025-06-29,2024-07-05,2025-12-28,7,2734.26,390.61,541,active
CUST001931,GB,Western Europe,referral,2023-02-12,2024-07-08,2025-09-05,6,1071.77,178.63,424,at_risk
CUST000123,FR,Western Europe,direct,2023-04-16,2024-07-08,2024-07-08,1,909.91,909.91,0,churned
CUST000549,GB,Western Europe,referral,2023-09-29,2024-07-14,2024-07-14,1,96.97,96.97,0,churned
CUST002027,NL,Western Europe,direct,2025-03-03,2024-07-15,2025-12-18,7,1648.81,235.54,521,active
CUST002555,DE,Western Europe,email,2025-06-01,2024-07-15,2025-08-17,3,417.97,139.32,398,at_risk
CUST000837,IT,Southern Europe,email,2023-09-15,2024-07-17,2025-09-17,6,2908.86,484.81,427,at_risk
CUST000652,GB,Western Europe,email,2024-12-12,2024-07-19,2025-02-06,4,531.12,132.78,202,churned
CUST001961,DE,Western Europe,social_media,2025-04-07,2024-07-21,2025-11-30,5,1370.06,274.01,497,active
CUST000561,NL,Western Europe,direct,2024-04-01,2024-07-23,2024-12-22,2,1630.21,815.11,152,churned
CUST002247,DE,Western Europe,paid_search,2023-06-13,2024-07-25,2025-11-07,4,790.61,197.65,470,active
CUST000069,DE,Western Europe,referral,2023-09-06,2024-07-26,2025-11-04,4,796.36,199.09,466,active
CUST003416,GB,Western Europe,paid_search,2024-04-03,2024-07-27,2025-11-22,10,4505.17,450.52,483,active
CUST002006,ES,Southern Europe,organic_search,2024-09-13,2024-07-29,2025-03-12,5,969.26,193.85,226,churned
CUST001930,DE,Western Europe,social_media,2024-05-17,2024-07-30,2025-12-18,8,1536.10,192.01,506,active
CUST002258,FR,Western Europe,paid_search,2025-03-04,2024-07-30,2025-12-08,5,1714.03,342.81,496,active
CUST000322,NL,Western Europe,referral,2024-04-06,2024-07-31,2025-11-30,5,1371.38,274.28,487,active
CUST000254,FR,Western Europe,referral,2023-11-28,2024-08-03,2025-12-19,2,100.69,50.35,503,active
CUST000650,GB,Western Europe,paid_search,2024-07-19,2024-08-07,2024-08-07,1,299.44,299.44,0,churned
CUST003242,FR,Western Europe,email,2023-12-11,2024-08-08,2025-12-02,7,1822.65,260.38,481,active
CUST003384,FR,Western Europe,direct,2025-03-21,2024-08-14,2025-11-20,6,1563.21,260.54,463,active
CUST000871,FR,Western Europe,referral,2024-06-29,2024-08-16,2025-10-14,3,1200.10,400.03,424,active
CUST002401,FR,Western Europe,email,2025-03-11,2024-08-18,2025-09-02,2,798.62,399.31,380,at_risk
CUST003735,DE,Western Europe,paid_search,2024-11-01,2024-08-20,2025-10-18,3,238.03,79.34,424,active
CUST000037,FR,Western Europe,organic_search,2025-04-06,2024-08-22,2024-10-14,2,1254.56,627.28,53,churned
CUST002126,NL,Western Europe,direct,2023-02-18,2024-08-23,2025-12-07,3,421.74,140.58,471,active
CUST002287,SE,Nordic,paid_search,2024-02-22,2024-08-30,2025-07-26,3,647.82,215.94,330,at_risk
CUST002755,IT,Southern Europe,social_media,2025-05-09,2024-08-31,2025-12-20,5,948.44,189.69,476,active
CUST001978,FR,Western Europe,paid_search,2025-08-18,2024-09-08,2025-05-03,4,803.09,200.77,237,churned
CUST002833,DE,Western Europe,social_media,2025-03-21,2024-09-09,2025-11-22,6,1457.16,242.86,439,active
CUST001088,DE,Western Europe,social_media,2025-05-31,2024-09-13,2025-09-11,6,1019.27,169.88,363,at_risk
CUST001494,DE,Western Europe,paid_search,2025-03-15,2024-09-16,2025-11-05,5,1131.63,226.33,415,active
CUST001816,SE,Nordic,organic_search,2024-09-25,2024-09-16,2025-10-06,5,540.28,108.06,385,active
CUST003800,GB,Western Europe,email,2024-06-20,2024-09-18,2025-09-22,4,610.96,152.74,369,at_risk
CUST003454,FR,Western Europe,social_media,2024-11-22,2024-09-23,2025-11-09,2,934.62,467.31,412,active
CUST002235,NL,Western Europe,organic_search,2023-01-19,2024-09-24,2025-08-28,8,1299.80,162.48,338,at_risk
CUST000039,NL,Western Europe,social_media,2024-05-03,2024-09-24,2025-08-12,2,805.04,402.52,322,at_risk
CUST000053,IT,Southern Europe,paid_search,2024-02-13,2024-09-28,2025-12-04,3,1564.80,521.6,432,active
CUST000540,DE,Western Europe,direct,2025-04-19,2024-09-30,2025-10-05,8,2835.76,354.47,370,active
CUST002086,GB,Western Europe,direct,2023-01-23,2024-10-01,2025-09-23,7,1861.78,265.97,357,at_risk
CUST003411,FR,Western Europe,paid_search,2024-01-16,2024-10-02,2025-12-07,7,1532.98,219.0,431,active
CUST003507,SE,Nordic,organic_search,2023-08-03,2024-10-03,2025-12-17,4,807.14,201.79,440,active
CUST003295,SE,Nordic,direct,2023-06-28,2024-10-13,2025-10-01,2,832.26,416.13,353,at_risk
CUST002695,SE,Nordic,organic_search,2025-01-15,2024-10-14,2025-07-02,6,1286.40,214.4,261,churned
CUST001526,FR,Western Europe,email,2025-06-22,2024-10-17,2025-10-18,7,1752.18,250.31,366,active
CUST000907,ES,Southern Europe,email,2025-05-21,2024-10-24,2025-09-19,4,1293.51,323.38,330,at_risk
CUST001940,DE,Western Europe,email,2024-05-31,2024-10-27,2025-10-16,7,2592.42,370.35,354,active
CUST000281,IT,Southern Europe,social_media,2024-06-25,2024-10-28,2025-07-26,5,1324.29,264.86,271,at_risk
CUST000867,DE,Western Europe,paid_search,2024-06-12,2024-11-07,2025-03-13,2,538.00,269.0,126,churned
CUST002799,SE,Nordic,email,2024-04-25,2024-11-09,2025-11-02,4,705.18,176.3,358,active
CUST001126,GB,Western Europe,direct,2023-02-20,2024-11-11,2025-09-06,3,346.08,115.36,299,at_risk
CUST000925,FR,Western Europe,social_media,2025-07-26,2024-11-11,2025-10-25,6,1756.18,292.7,348,active
CUST003775,NL,Western Europe,social_media,2023-12-22,2024-11-12,2025-10-16,3,888.20,296.07,338,active
CUST001576,DE,Western Europe,paid_search,2024-12-21,2024-11-14,2025-12-14,5,1756.35,351.27,395,active
CUST001802,NL,Western Europe,email,2025-12-29,2024-11-16,2024-11-16,1,718.28,718.28,0,churned
CUST001012,SE,Nordic,organic_search,2025-03-09,2024-11-17,2025-01-31,2,224.00,112.0,75,churned
CUST003134,GB,Western Europe,email,2023-06-14,2024-11-20,2025-12-24,5,1752.97,350.59,399,active
CUST003095,DE,Western Europe,direct,2023-10-31,2024-11-21,2025-11-17,6,2099.48,349.91,361,active
CUST000492,GB,Western Europe,referral,2024-06-12,2024-12-02,2025-04-10,2,535.29,267.65,129,churned
CUST001520,IT,Southern Europe,paid_search,2024-09-30,2024-12-02,2024-12-29,4,772.70,193.18,27,churned
CUST001090,DE,Western Europe,organic_search,2023-04-14,2024-12-03,2025-12-13,6,1874.62,312.44,375,active
CUST003966,ES,Southern Europe,email,2024-10-24,2024-12-06,2025-06-03,4,986.02,246.51,179,churned
CUST003525,DE,Western Europe,email,2024-04-11,2024-12-10,2025-11-29,5,570.65,114.13,354,active
CUST002414,DE,Western Europe,referral,2023-01-01,2024-12-14,2025-08-24,2,951.07,475.54,253,at_risk
CUST001405,NL,Western Europe,social_media,2025-10-04,2024-12-14,2025-05-10,3,651.93,217.31,147,churned
CUST000532,SE,Nordic,paid_search,2024-01-21,2024-12-15,2025-11-09,4,929.12,232.28,329,active
CUST002763,GB,Western Europe,referral,2024-10-18,2024-12-16,2024-12-16,1,59.32,59.32,0,churned
CUST001662,GB,Western Europe,referral,2023-03-20,2024-12-16,2025-12-07,4,784.72,196.18,356,active
CUST000778,NL,Western Europe,direct,2023-07-06,2024-12-18,2025-01-11,2,266.72,133.36,24,churned
CUST000805,FR,Western Europe,organic_search,2025-12-11,2024-12-26,2025-02-15,2,964.84,482.42,51,churned
CUST001264,GB,Western Europe,paid_search,2023-10-30,2024-12-31,2025-12-30,3,150.66,50.22,364,active
CUST002399,GB,Western Europe,social_media,2023-11-02,2025-01-03,2025-01-03,1,741.08,741.08,0,churned
CUST000071,ES,Southern Europe,direct,2023-11-22,2025-01-03,2025-12-07,4,1305.13,326.28,338,active
CUST002946,DE,Western Europe,referral,2023-05-09,2025-01-09,2025-12-09,4,768.72,192.18,334,active
CUST000560,GB,Western Europe,social_media,2025-11-07,2025-02-03,2025-09-28,3,1033.95,344.65,237,at_risk
CUST000498,DE,Western Europe,email,2024-07-04,2025-02-04,2025-02-04,1,53.62,53.62,0,churned
CUST000751,DE,Western Europe,organic_search,2024-02-16,2025-02-05,2025-12-21,6,1683.47,280.58,319,active
CUST000021,GB,Western Europe,paid_search,2023-06-25,2025-02-17,2025-07-08,4,616.50,154.13,141,at_risk
CUST000731,DE,Western Europe,organic_search,2024-09-10,2025-02-28,2025-08-13,2,265.42,132.71,166,at_risk
CUST000821,ES,Southern Europe,paid_search,2025-09-25,2025-03-04,2025-07-20,2,770.27,385.14,138,at_risk
CUST002703,DE,Western Europe,organic_search,2023-11-20,2025-03-08,2025-12-28,5,936.42,187.28,295,active
CUST003809,DE,Western Europe,social_media,2025-10-10,2025-03-11,2025-12-18,4,606.76,151.69,282,active
CUST003757,DE,Western Europe,email,2025-07-28,2025-03-12,2025-10-17,2,152.03,76.02,219,active
CUST003738,ES,Southern Europe,paid_search,2025-05-26,2025-03-14,2025-05-25,3,443.78,147.93,72,churned
CUST000452,GB,Western Europe,email,2025-06-27,2025-03-19,2025-07-23,5,2068.34,413.67,126,at_risk
CUST003509,ES,Southern Europe,referral,2025-06-28,2025-04-05,2025-12-22,3,386.64,128.88,261,active
CUST002097,GB,Western Europe,social_media,2025-07-23,2025-05-21,2025-11-09,3,2087.38,695.79,172,active
CUST001262,ES,Southern Europe,direct,2025-11-09,2025-05-23,2025-12-19,5,841.68,168.34,210,active
CUST002004,DE,Western Europe,organic_search,2024-12-31,2025-06-07,2025-09-11,2,763.76,381.88,96,at_risk
CUST001128,FR,Western Europe,paid_search,2025-09-01,2025-06-18,2025-06-18,1,113.36,113.36,0,churned
CUST003103,IT,Southern Europe,organic_search,2024-12-09,2025-08-06,2025-12-21,4,2589.55,647.39,137,active
CUST000698,GB,Western Europe,paid_search,2024-07-05,2025-08-16,2025-10-30,3,363.92,121.31,75,active
CUST000282,FR,Western Europe,social_media,2024-09-01,2025-08-23,2025-10-09,2,857.29,428.65,47,active
CUST002156,DE,Western Europe,social_media,2023-04-22,2025-09-03,2025-11-06,2,863.86,431.93,64,active
CUST001960,ES,Southern Europe,direct,2024-02-16,2025-12-15,2025-12-15,1,221.96,221.96,0,active
CUST002092,SE,Nordic,email,2023-05-14,2024-01-04,2025-11-02,6,708.45,118.08,668,active
CUST000016,DE,Western Europe,organic_search,2025-08-16,2024-01-05,2025-12-31,9,3127.27,347.47,726,active
CUST001714,GB,Western Europe,paid_search,2025-12-05,2024-01-07,2025-09-23,7,1753.11,250.44,625,at_risk
CUST001189,FR,Western Europe,social_media,2024-08-25,2024-01-07,2025-09-15,9,3083.89,342.65,617,at_risk
CUST001268,GB,Western Europe,social_media,2023-07-02,2024-01-08,2025-07-27,7,2608.94,372.71,566,at_risk
CUST001364,GB,Western Europe,referral,2025-05-28,2024-01-09,2025-12-26,8,2515.26,314.41,717,active
CUST000974,DE,Western Europe,direct,2025-12-06,2024-01-09,2025-12-02,2,926.97,463.49,693,active
CUST000686,GB,Western Europe,direct,2025-06-26,2024-01-09,2025-12-05,9,2824.52,313.84,696,active
CUST002770,NL,Western Europe,email,2025-02-04,2024-01-10,2025-03-16,5,1534.73,306.95,431,churned
CUST001584,GB,Western Europe,direct,2024-02-05,2024-01-10,2025-10-04,6,2989.45,498.24,633,active
CUST000535,ES,Southern Europe,email,2023-08-10,2024-01-11,2025-12-26,7,3028.29,432.61,715,active
CUST001101,DE,Western Europe,social_media,2025-04-03,2024-01-11,2025-10-16,3,702.63,234.21,644,active
CUST003732,SE,Nordic,paid_search,2024-12-30,2024-01-12,2025-11-05,4,810.67,202.67,663,active
CUST003077,IT,Southern Europe,referral,2025-06-14,2024-01-13,2025-11-27,7,2069.87,295.7,684,active
CUST000748,GB,Western Europe,paid_search,2024-09-16,2024-01-13,2025-12-07,4,1115.95,278.99,694,active
CUST000418,FR,Western Europe,social_media,2025-10-20,2024-01-13,2025-11-16,5,3439.74,687.95,673,active
CUST000757,GB,Western Europe,social_media,2023-05-07,2024-01-14,2025-09-07,6,3948.65,658.11,602,at_risk
CUST002098,GB,Western Europe,social_media,2024-10-18,2024-01-14,2025-10-23,10,3169.04,316.9,648,active
CUST000368,IT,Southern Europe,email,2025-05-16,2024-01-14,2025-11-20,8,3557.00,444.63,676,active
CUST003841,GB,Western Europe,paid_search,2025-05-18,2024-01-15,2025-03-30,3,702.68,234.23,440,churned
CUST003467,GB,Western Europe,referral,2024-05-29,2024-01-16,2025-12-23,7,2411.50,344.5,707,active
CUST001791,DE,Western Europe,organic_search,2024-08-09,2024-01-18,2025-12-28,7,1448.46,206.92,710,active
CUST003545,ES,Southern Europe,social_media,2023-01-02,2024-01-18,2025-11-16,8,1752.76,219.1,668,active
CUST002180,GB,Western Europe,social_media,2024-01-02,2024-01-20,2025-11-08,8,2216.54,277.07,658,active
CUST000271,ES,Southern Europe,paid_search,2024-02-12,2024-01-20,2025-12-01,7,2477.53,353.93,681,active
CUST000775,ES,Southern Europe,email,2025-10-22,2024-01-20,2025-10-25,9,3133.28,348.14,644,active
CUST001668,IT,Southern Europe,email,2025-09-20,2024-01-21,2025-10-08,8,2328.54,291.07,626,active
CUST002415,GB,Western Europe,paid_search,2023-09-29,2024-01-24,2024-03-25,3,1276.77,425.59,61,churned
CUST003740,GB,Western Europe,paid_search,2025-09-07,2024-01-25,2025-08-06,10,4431.67,443.17,559,at_risk
CUST003170,FR,Western Europe,paid_search,2024-03-19,2024-01-26,2025-11-28,8,1182.43,147.8,672,active
CUST001871,ES,Southern Europe,paid_search,2023-10-16,2024-01-26,2025-10-22,5,1743.23,348.65,635,active
CUST000946,DE,Western Europe,direct,2024-09-06,2024-01-28,2025-11-16,3,803.98,267.99,658,active
CUST003629,ES,Southern Europe,direct,2025-11-14,2024-01-28,2025-12-18,6,2085.19,347.53,690,active
CUST003143,GB,Western Europe,referral,2023-11-13,2024-01-29,2025-11-13,7,2509.10,358.44,654,active
CUST001481,ES,Southern Europe,paid_search,2025-07-18,2024-01-30,2025-12-14,7,1924.05,274.86,684,active
CUST002677,FR,Western Europe,email,2023-07-07,2024-01-31,2025-03-24,2,1383.29,691.65,418,churned
CUST000239,GB,Western Europe,direct,2023-04-28,2024-01-31,2025-07-26,4,609.62,152.41,542,at_risk
CUST000617,DE,Western Europe,referral,2023-12-06,2024-02-01,2025-11-22,4,446.09,111.52,660,active
CUST002456,DE,Western Europe,direct,2024-04-04,2024-02-01,2025-08-25,8,1337.85,167.23,571,at_risk
CUST002570,IT,Southern Europe,paid_search,2023-12-29,2024-02-01,2025-10-13,9,2427.33,269.7,620,active
CUST000573,FR,Western Europe,social_media,2023-12-31,2024-02-02,2025-11-08,6,1541.66,256.94,645,active
CUST002233,IT,Southern Europe,paid_search,2025-05-01,2024-02-02,2025-04-30,4,850.36,212.59,453,churned
CUST000497,GB,Western Europe,direct,2023-03-21,2024-02-02,2025-11-23,8,2512.73,314.09,660,active
CUST002857,DE,Western Europe,organic_search,2025-08-23,2024-02-02,2025-11-27,8,1090.41,136.3,664,active
CUST003622,DE,Western Europe,organic_search,2025-11-03,2024-02-03,2025-11-14,7,1100.81,157.26,650,active
CUST003024,FR,Western Europe,email,2025-08-23,2024-02-03,2025-12-03,11,4631.35,421.03,669,active
CUST001184,IT,Southern Europe,social_media,2024-11-26,2024-02-03,2025-12-04,5,1557.13,311.43,670,active
CUST002913,NL,Western Europe,social_media,2025-12-23,2024-02-06,2025-12-03,6,2335.48,389.25,666,active
CUST001279,DE,Western Europe,direct,2024-12-30,2024-02-09,2025-12-07,5,1011.69,202.34,667,active
CUST001042,ES,Southern Europe,social_media,2024-06-17,2024-02-09,2025-12-20,4,1386.44,346.61,680,active
CUST000816,GB,Western Europe,direct,2025-03-13,2024-02-09,2025-11-11,7,1994.25,284.89,641,active
CUST003761,DE,Western Europe,social_media,2024-11-19,2024-02-09,2025-11-24,8,2060.59,257.57,654,active
CUST002420,FR,Western Europe,direct,2025-11-17,2024-02-09,2025-11-22,3,470.29,156.76,652,active
CUST002366,DE,Western Europe,organic_search,2024-08-21,2024-02-10,2025-08-21,7,615.49,87.93,558,at_risk
CUST001948,DE,Western Europe,social_media,2024-05-31,2024-02-10,2024-11-23,4,1909.46,477.37,287,churned
CUST001869,DE,Western Europe,organic_search,2025-06-08,2024-02-12,2025-10-16,3,372.44,124.15,612,active
CUST001593,DE,Western Europe,social_media,2025-03-28,2024-02-13,2025-11-18,4,387.25,96.81,644,active
CUST000606,GB,Western Europe,organic_search,2025-08-02,2024-02-13,2025-11-29,6,1557.08,259.51,655,active
CUST002251,DE,Western Europe,referral,2024-01-02,2024-02-14,2025-11-12,6,689.07,114.85,637,active
CUST002191,FR,Western Europe,email,2025-03-28,2024-02-14,2025-11-26,6,619.46,103.24,651,active
CUST001789,DE,Western Europe,social_media,2025-04-16,2024-02-16,2025-12-10,5,1555.81,311.16,663,active
CUST002050,DE,Western Europe,referral,2024-10-02,2024-02-17,2025-05-08,6,1773.46,295.58,446,churned
CUST000379,ES,Southern Europe,social_media,2025-07-09,2024-02-17,2025-10-12,5,1933.77,386.75,603,active
CUST001180,GB,Western Europe,email,2024-05-04,2024-02-18,2025-12-01,6,4269.89,711.65,652,active
CUST002835,FR,Western Europe,organic_search,2024-12-12,2024-02-20,2025-12-15,8,2474.79,309.35,664,active
CUST000269,FR,Western Europe,referral,2023-05-31,2024-02-22,2025-11-24,3,643.59,214.53,641,active
CUST003751,IT,Southern Europe,social_media,2023-09-04,2024-02-22,2025-03-25,4,551.73,137.93,397,churned
CUST003356,DE,Western Europe,referral,2025-01-01,2024-02-22,2025-11-13,4,466.53,116.63,630,active
CUST001416,IT,Southern Europe,email,2025-01-10,2024-02-24,2024-12-23,6,747.23,124.54,303,churned
CUST002743,DE,Western Europe,direct,2025-12-10,2024-02-26,2025-03-10,7,2218.53,316.93,378,churned
CUST000205,GB,Western Europe,direct,2025-01-15,2024-02-27,2025-09-22,11,3451.10,313.74,573,at_risk
CUST000882,NL,Western Europe,social_media,2024-05-12,2024-02-28,2025-12-15,5,2155.75,431.15,656,active
CUST001973,FR,Western Europe,email,2024-06-03,2024-03-01,2025-07-24,4,5184.12,1296.03,510,at_risk
CUST001701,SE,Nordic,referral,2025-12-07,2024-03-02,2025-11-08,8,1189.71,148.71,616,active
CUST000124,DE,Western Europe,social_media,2023-09-06,2024-03-03,2025-11-02,4,329.11,82.28,609,active
CUST001408,ES,Southern Europe,social_media,2024-08-10,2024-03-03,2025-11-10,7,3118.31,445.47,617,active
CUST000575,ES,Southern Europe,paid_search,2025-12-06,2024-03-05,2025-08-30,6,1881.33,313.56,543,at_risk
CUST002428,SE,Nordic,paid_search,2023-01-05,2024-03-06,2025-10-19,6,1181.23,196.87,592,active
CUST000618,FR,Western Europe,social_media,2025-09-17,2024-03-08,2025-12-05,6,1226.13,204.36,637,active
CUST001322,DE,Western Europe,referral,2025-11-29,2024-03-09,2025-10-24,7,1893.41,270.49,594,active
CUST003277,ES,Southern Europe,organic_search,2025-11-29,2024-03-09,2025-12-15,6,1603.55,267.26,646,active
CUST002624,IT,Southern Europe,organic_search,2023-05-30,2024-03-11,2025-12-15,5,1619.95,323.99,644,active
CUST003212,NL,Western Europe,social_media,2023-05-02,2024-03-12,2025-11-16,13,4613.25,354.87,614,active
CUST000008,ES,Southern Europe,social_media,2025-02-17,2024-03-13,2025-10-03,4,961.02,240.26,569,active
CUST001837,DE,Western Europe,email,2024-12-25,2024-03-14,2025-10-26,6,628.26,104.71,591,active
CUST001805,FR,Western Europe,paid_search,2025-01-20,2024-03-14,2025-05-05,4,1402.10,350.53,417,churned
CUST002847,ES,Southern Europe,direct,2024-04-04,2024-03-14,2025-10-17,7,2402.16,343.17,582,active
CUST002189,ES,Southern Europe,direct,2025-06-10,2024-03-17,2024-11-14,2,552.44,276.22,242,churned
CUST003396,SE,Nordic,email,2023-11-02,2024-03-17,2025-11-21,7,1361.63,194.52,614,active
CUST002240,DE,Western Europe,social_media,2025-05-04,2024-03-17,2025-12-02,6,1890.45,315.08,625,active
CUST001780,ES,Southern Europe,email,2024-10-26,2024-03-18,2025-10-07,6,3155.92,525.99,568,active
CUST003662,GB,Western Europe,paid_search,2025-01-25,2024-03-18,2025-12-31,5,1554.65,310.93,653,active
CUST000758,GB,Western Europe,email,2023-11-07,2024-03-19,2025-09-24,7,517.71,73.96,554,at_risk
CUST003326,ES,Southern Europe,email,2023-10-04,2024-03-19,2025-05-05,7,2473.93,353.42,412,churned
CUST003778,GB,Western Europe,organic_search,2024-05-11,2024-03-20,2025-09-13,7,3016.08,430.87,542,at_risk
CUST001514,DE,Western Europe,paid_search,2024-11-05,2024-03-21,2025-10-02,7,1663.80,237.69,560,active
CUST000548,NL,Western Europe,paid_search,2025-02-28,2024-03-22,2025-12-31,6,2297.77,382.96,649,active
CUST000627,GB,Western Europe,referral,2024-05-14,2024-03-22,2025-07-01,2,166.32,83.16,466,churned
CUST002496,GB,Western Europe,referral,2025-06-20,2024-03-23,2025-07-29,7,2557.04,365.29,493,at_risk
CUST000881,DE,Western Europe,referral,2023-05-28,2024-03-24,2025-05-29,5,2411.23,482.25,431,churned
CUST001362,DE,Western Europe,paid_search,2025-06-08,2024-03-26,2025-12-30,11,2967.07,269.73,644,active
CUST002036,FR,Western Europe,email,2024-06-21,2024-03-27,2025-12-20,8,3515.04,439.38,633,active
CUST002873,IT,Southern Europe,social_media,2023-01-22,2024-03-28,2025-12-19,6,956.75,159.46,631,active
CUST000054,IT,Southern Europe,social_media,2023-02-18,2024-03-29,2025-04-04,7,3005.48,429.35,371,churned
CUST003088,DE,Western Europe,organic_search,2025-05-20,2024-03-30,2025-09-14,5,978.40,195.68,533,at_risk
CUST003934,DE,Western Europe,direct,2023-07-31,2024-03-30,2025-12-15,7,2137.77,305.4,625,active
CUST001095,DE,Western Europe,direct,2023-06-24,2024-03-30,2025-12-20,5,2363.21,472.64,630,active
CUST000417,FR,Western Europe,organic_search,2025-03-13,2024-03-30,2025-12-26,10,3138.46,313.85,636,active
CUST001772,ES,Southern Europe,direct,2023-03-25,2024-03-31,2025-12-24,3,475.25,158.42,633,active
CUST002543,ES,Southern Europe,organic_search,2023-05-12,2024-04-02,2025-11-25,4,1148.80,287.2,602,active
CUST000427,FR,Western Europe,organic_search,2023-12-08,2024-04-02,2025-09-03,6,2080.79,346.8,519,at_risk
CUST002858,DE,Western Europe,direct,2023-05-21,2024-04-03,2025-10-11,4,387.88,96.97,556,active
CUST002848,FR,Western Europe,referral,2024-03-23,2024-04-04,2025-12-25,5,861.84,172.37,630,active
CUST001839,IT,Southern Europe,social_media,2024-07-15,2024-04-05,2025-04-27,3,1462.26,487.42,387,churned
CUST002566,FR,Western Europe,paid_search,2023-11-20,2024-04-07,2025-12-29,10,976.69,97.67,631,active
CUST003471,DE,Western Europe,referral,2025-08-17,2024-04-08,2025-10-22,4,533.29,133.32,562,active
CUST000404,ES,Southern Europe,email,2023-02-03,2024-04-11,2025-12-26,6,735.14,122.52,624,active
CUST003845,DE,Western Europe,organic_search,2024-04-14,2024-04-18,2025-12-27,10,4551.25,455.13,618,active
CUST003874,ES,Southern Europe,organic_search,2024-06-10,2024-04-18,2025-12-18,4,470.39,117.6,609,active
CUST000081,ES,Southern Europe,social_media,2023-06-17,2024-04-19,2025-02-03,4,2736.97,684.24,290,churned
CUST003288,ES,Southern Europe,direct,2023-10-10,2024-04-19,2025-10-01,10,1767.16,176.72,530,at_risk
CUST000697,FR,Western Europe,organic_search,2024-01-20,2024-04-19,2025-09-21,7,2508.17,358.31,520,at_risk
CUST000237,FR,Western Europe,email,2023-06-13,2024-04-21,2025-10-06,3,162.51,54.17,533,active
CUST000465,SE,Nordic,paid_search,2023-01-02,2024-04-22,2025-07-16,7,2161.33,308.76,450,at_risk
CUST000941,FR,Western Europe,email,2023-10-13,2024-04-22,2025-12-21,7,2067.14,295.31,608,active
CUST003541,DE,Western Europe,social_media,2025-09-22,2024-04-24,2025-02-26,5,661.43,132.29,308,churned
CUST003659,GB,Western Europe,email,2024-09-22,2024-04-26,2025-12-21,6,2472.65,412.11,604,active
CUST003290,DE,Western Europe,paid_search,2024-02-26,2024-04-27,2024-08-16,2,211.17,105.59,111,churned
CUST001591,NL,Western Europe,paid_search,2024-08-16,2024-04-29,2025-10-14,4,1558.38,389.6,533,active
CUST001894,DE,Western Europe,direct,2025-03-25,2024-05-02,2025-08-04,4,1374.23,343.56,459,at_risk
CUST000253,ES,Southern Europe,social_media,2025-06-05,2024-05-05,2025-12-30,6,1110.78,185.13,604,active
CUST001454,GB,Western Europe,direct,2023-06-21,2024-05-07,2025-12-20,5,875.17,175.03,592,active
CUST001329,NL,Western Europe,referral,2025-05-09,2024-05-09,2025-12-07,5,678.79,135.76,577,active
CUST003090,FR,Western Europe,direct,2023-06-18,2024-05-09,2025-12-30,3,420.82,140.27,600,active
CUST001191,DE,Western Europe,social_media,2023-12-09,2024-05-13,2025-12-27,5,2923.82,584.76,593,active
CUST003760,ES,Southern Europe,social_media,2023-10-03,2024-05-14,2025-01-27,4,228.88,57.22,258,churned
CUST003469,ES,Southern Europe,organic_search,2023-10-29,2024-05-15,2025-12-18,7,2012.78,287.54,582,active
CUST003733,FR,Western Europe,social_media,2023-05-15,2024-05-15,2025-12-19,4,1771.40,442.85,583,active
CUST001867,DE,Western Europe,organic_search,2025-11-04,2024-05-16,2025-12-25,5,2031.66,406.33,588,active
CUST003328,GB,Western Europe,paid_search,2023-05-29,2024-05-18,2025-11-20,4,833.30,208.33,551,active
CUST003955,DE,Western Europe,organic_search,2025-06-06,2024-05-20,2025-08-04,6,2768.13,461.36,441,at_risk
CUST002907,SE,Nordic,referral,2023-03-29,2024-05-21,2025-11-28,6,1544.02,257.34,556,active
CUST001580,GB,Western Europe,direct,2025-10-19,2024-05-25,2025-12-12,6,1614.80,269.13,566,active
CUST003166,GB,Western Europe,email,2024-04-10,2024-05-25,2025-12-01,7,1186.72,169.53,555,active
CUST000665,DE,Western Europe,direct,2025-09-06,2024-05-25,2025-11-18,4,436.64,109.16,542,active
CUST001935,NL,Western Europe,referral,2023-09-21,2024-05-25,2025-11-25,4,454.96,113.74,549,active
CUST001821,DE,Western Europe,social_media,2024-04-12,2024-05-26,2025-12-13,7,3509.50,501.36,566,active
CUST001023,IT,Southern Europe,direct,2025-07-17,2024-05-28,2025-12-09,4,1344.05,336.01,560,active
CUST003437,DE,Western Europe,paid_search,2024-03-01,2024-05-29,2025-10-10,6,1303.35,217.23,499,active
CUST000406,IT,Southern Europe,direct,2023-06-18,2024-05-30,2025-12-28,4,1451.11,362.78,577,active
CUST000787,GB,Western Europe,organic_search,2023-12-30,2024-05-30,2025-10-03,6,1439.27,239.88,491,active
CUST000619,ES,Southern Europe,email,2024-04-24,2024-06-01,2025-06-15,4,575.52,143.88,379,churned
CUST002644,GB,Western Europe,email,2025-03-02,2024-06-01,2025-12-17,5,1232.09,246.42,564,active
CUST000419,NL,Western Europe,paid_search,2025-03-03,2024-06-02,2025-12-30,8,2330.75,291.34,576,active
CUST001784,GB,Western Europe,social_media,2024-12-08,2024-06-03,2025-02-05,4,510.09,127.52,247,churned
CUST002476,ES,Southern Europe,social_media,2025-05-16,2024-06-04,2025-10-19,6,3909.23,651.54,502,active
CUST003730,GB,Western Europe,email,2025-09-17,2024-06-06,2025-11-29,7,5736.51,819.5,541,active
CUST001610,GB,Western Europe,direct,2024-07-26,2024-06-07,2025-11-26,4,309.41,77.35,537,active
CUST002114,IT,Southern Europe,email,2024-10-16,2024-06-09,2025-12-06,5,1718.85,343.77,545,active
CUST002193,NL,Western Europe,social_media,2025-08-10,2024-06-13,2025-07-05,7,1717.45,245.35,387,at_risk
CUST001793,GB,Western Europe,referral,2025-05-06,2024-06-14,2025-05-26,4,238.47,59.62,346,churned
CUST001853,ES,Southern Europe,email,2025-12-25,2024-06-15,2025-08-03,5,2459.58,491.92,414,at_risk
CUST001938,ES,Southern Europe,direct,2023-05-13,2024-06-15,2025-08-28,7,1206.88,172.41,439,at_risk
CUST003012,FR,Western Europe,organic_search,2024-10-14,2024-06-17,2025-11-14,5,852.32,170.46,515,active
CUST000685,IT,Southern Europe,direct,2023-06-22,2024-06-17,2025-07-29,4,159.52,39.88,407,at_risk
CUST003421,ES,Southern Europe,referral,2023-09-17,2024-06-18,2025-12-24,4,565.92,141.48,554,active
CUST002887,GB,Western Europe,direct,2024-04-27,2024-06-18,2025-12-14,8,2641.52,330.19,544,active
CUST001501,GB,Western Europe,paid_search,2024-04-21,2024-06-20,2025-10-25,6,997.06,166.18,492,active
CUST000002,SE,Nordic,organic_search,2025-05-14,2024-06-22,2025-09-16,6,964.03,160.67,451,at_risk
CUST000267,NL,Western Europe,social_media,2024-08-08,2024-06-23,2025-04-24,4,1606.34,401.59,305,churned
CUST001572,DE,Western Europe,social_media,2023-02-27,2024-06-30,2025-12-08,4,943.04,235.76,526,active
CUST001193,FR,Western Europe,paid_search,2025-08-28,2024-07-06,2025-11-22,2,1141.73,570.87,504,active
CUST002875,ES,Southern Europe,referral,2023-06-10,2024-07-07,2025-08-04,3,504.27,168.09,393,at_risk
CUST000557,DE,Western Europe,email,2025-04-05,2024-07-08,2025-11-17,4,942.26,235.57,497,active
CUST002230,FR,Western Europe,email,2023-05-16,2024-07-10,2025-03-07,6,564.14,94.02,240,churned
CUST003999,GB,Western Europe,referral,2025-02-02,2024-07-16,2025-12-24,4,1495.76,373.94,526,active
CUST003731,DE,Western Europe,email,2025-11-25,2024-07-17,2025-10-30,4,276.42,69.11,470,active
CUST000144,FR,Western Europe,organic_search,2025-07-24,2024-07-21,2025-12-04,5,1884.71,376.94,501,active
CUST000486,IT,Southern Europe,paid_search,2025-06-19,2024-08-02,2025-12-07,6,3887.39,647.9,492,active
CUST002343,DE,Western Europe,direct,2025-03-30,2024-08-03,2025-12-28,4,2132.87,533.22,512,active
CUST002925,FR,Western Europe,direct,2024-02-01,2024-08-07,2025-09-24,6,1747.31,291.22,413,at_risk
CUST000604,DE,Western Europe,direct,2024-03-06,2024-08-10,2025-12-09,5,1127.31,225.46,486,active
CUST001411,DE,Western Europe,email,2024-07-24,2024-08-15,2025-10-20,3,836.41,278.8,431,active
CUST003439,IT,Southern Europe,social_media,2025-12-28,2024-08-16,2025-11-24,7,1555.82,222.26,465,active
CUST001679,DE,Western Europe,referral,2024-08-17,2024-08-20,2025-12-31,6,644.56,107.43,498,active
CUST000854,IT,Southern Europe,referral,2023-04-18,2024-08-20,2025-11-30,6,1608.52,268.09,467,active
CUST002249,GB,Western Europe,referral,2023-12-02,2024-08-23,2025-12-30,5,1196.26,239.25,494,active
CUST000294,FR,Western Europe,direct,2024-07-12,2024-09-01,2025-03-29,3,1306.79,435.6,209,churned
CUST000747,FR,Western Europe,direct,2024-05-12,2024-09-06,2024-10-04,2,569.83,284.92,28,churned
CUST003044,FR,Western Europe,email,2024-04-21,2024-09-08,2025-12-12,5,2547.36,509.47,460,active
CUST001947,FR,Western Europe,direct,2023-10-11,2024-09-12,2025-12-20,5,2032.41,406.48,464,active
CUST000808,IT,Southern Europe,organic_search,2024-02-25,2024-09-15,2025-12-16,6,1448.80,241.47,457,active
CUST003224,DE,Western Europe,referral,2024-05-30,2024-09-16,2025-12-20,7,1637.99,234.0,460,active
CUST000221,NL,Western Europe,paid_search,2023-02-27,2024-09-24,2025-07-08,4,2059.55,514.89,287,at_risk
CUST000112,DE,Western Europe,organic_search,2023-08-24,2024-09-27,2025-05-07,3,244.15,81.38,222,churned
CUST001114,GB,Western Europe,email,2023-09-24,2024-09-30,2025-12-13,5,1419.77,283.95,439,active
CUST003749,FR,Western Europe,direct,2025-09-28,2024-10-01,2025-11-17,2,184.26,92.13,412,active
CUST002278,GB,Western Europe,direct,2023-01-03,2024-10-03,2025-12-06,7,2124.55,303.51,429,active
CUST000547,DE,Western Europe,email,2025-02-02,2024-10-03,2025-12-03,6,1126.18,187.7,426,active
CUST002612,DE,Western Europe,social_media,2025-01-03,2024-10-04,2025-09-28,3,166.16,55.39,359,at_risk
CUST001359,FR,Western Europe,email,2025-09-28,2024-10-08,2025-10-30,4,1845.70,461.43,387,active
CUST003315,DE,Western Europe,paid_search,2023-01-23,2024-10-08,2025-12-20,4,1697.62,424.41,438,active
CUST003546,DE,Western Europe,social_media,2025-02-13,2024-10-10,2025-07-01,4,2931.91,732.98,264,churned
CUST000945,DE,Western Europe,paid_search,2025-10-08,2024-10-11,2025-11-28,5,1836.48,367.3,413,active
CUST000177,NL,Western Europe,direct,2025-04-21,2024-10-16,2025-11-25,3,378.32,126.11,405,active
CUST001589,FR,Western Europe,paid_search,2023-05-18,2024-10-17,2025-07-13,3,222.72,74.24,269,at_risk
CUST001172,SE,Nordic,social_media,2025-06-29,2024-10-19,2025-04-26,2,409.23,204.62,189,churned
CUST000188,GB,Western Europe,social_media,2023-04-04,2024-10-20,2025-11-20,3,232.21,77.4,396,active
CUST002690,FR,Western Europe,direct,2025-12-21,2024-10-26,2025-11-30,3,242.75,80.92,400,active
CUST002688,FR,Western Europe,direct,2024-01-11,2024-10-28,2025-11-28,4,2350.52,587.63,396,active
CUST002083,GB,Western Europe,direct,2023-01-26,2024-10-31,2025-11-28,6,3089.27,514.88,393,active
CUST000802,DE,Western Europe,referral,2023-03-05,2024-11-03,2025-07-26,2,375.74,187.87,265,at_risk
CUST002184,FR,Western Europe,referral,2023-03-28,2024-11-09,2025-08-04,3,1031.67,343.89,268,at_risk
CUST002260,FR,Western Europe,referral,2024-10-07,2024-11-10,2025-09-04,7,897.96,128.28,298,at_risk
CUST000558,DE,Western Europe,organic_search,2025-10-17,2024-11-14,2025-10-10,3,439.19,146.4,330,active
CUST003405,NL,Western Europe,direct,2024-10-15,2024-11-17,2025-12-26,7,1000.86,142.98,404,active
CUST001975,FR,Western Europe,direct,2024-01-11,2024-11-23,2025-11-22,4,981.24,245.31,364,active
CUST000310,FR,Western Europe,direct,2025-02-05,2024-11-25,2025-12-21,5,3208.75,641.75,391,active
CUST003963,DE,Western Europe,referral,2023-10-05,2024-11-27,2025-06-01,5,1205.35,241.07,186,churned
CUST000738,ES,Southern Europe,paid_search,2025-02-22,2024-11-27,2025-12-26,10,1881.36,188.14,394,active
CUST003846,NL,Western Europe,paid_search,2025-10-25,2024-11-30,2025-05-17,2,214.30,107.15,168,churned
CUST000485,GB,Western Europe,organic_search,2025-03-04,2024-11-30,2025-03-01,2,1406.65,703.33,91,churned
CUST000587,DE,Western Europe,social_media,2023-07-08,2024-12-01,2025-12-04,3,500.02,166.67,368,active
CUST001402,DE,Western Europe,referral,2023-09-10,2024-12-01,2025-11-27,6,1817.97,303.0,361,active
CUST003320,ES,Southern Europe,social_media,2024-09-23,2024-12-07,2025-09-28,6,2404.43,400.74,295,at_risk
CUST000735,FR,Western Europe,organic_search,2025-09-15,2024-12-10,2025-11-01,4,1579.13,394.78,326,active
CUST001958,FR,Western Europe,organic_search,2024-05-05,2024-12-10,2025-09-13,4,1156.25,289.06,277,at_risk
CUST003453,NL,Western Europe,email,2023-12-19,2024-12-12,2025-11-28,4,456.55,114.14,351,active
CUST002052,GB,Western Europe,organic_search,2024-04-30,2024-12-14,2025-11-04,8,1937.26,242.16,325,active
CUST002766,SE,Nordic,paid_search,2025-02-17,2024-12-15,2025-12-25,8,4664.27,583.03,375,active
CUST003574,SE,Nordic,social_media,2025-05-03,2024-12-23,2025-11-17,4,1133.89,283.47,329,active
CUST003376,ES,Southern Europe,email,2024-10-04,2024-12-23,2025-11-10,5,506.36,101.27,322,active
CUST003664,DE,Western Europe,paid_search,2025-12-11,2024-12-30,2025-11-02,3,1380.36,460.12,307,active
CUST002231,NL,Western Europe,social_media,2025-03-25,2025-01-06,2025-11-09,5,752.73,150.55,307,active
CUST003244,NL,Western Europe,referral,2024-05-18,2025-01-11,2025-01-11,1,278.96,278.96,0,churned
CUST000190,DE,Western Europe,direct,2023-12-26,2025-01-13,2025-09-07,5,1123.35,224.67,237,at_risk
CUST002909,FR,Western Europe,paid_search,2023-03-31,2025-01-14,2025-01-21,2,1505.29,752.65,7,churned
CUST001482,DE,Western Europe,direct,2024-02-01,2025-01-30,2025-12-30,4,959.68,239.92,334,active
CUST000538,DE,Western Europe,social_media,2025-05-07,2025-01-31,2025-12-10,4,1960.66,490.17,313,active
CUST002370,NL,Western Europe,email,2023-03-29,2025-02-15,2025-02-15,1,78.11,78.11,0,churned
CUST000011,DE,Western Europe,organic_search,2023-04-25,2025-03-09,2025-12-13,3,171.37,57.12,279,active
CUST002101,IT,Southern Europe,organic_search,2025-08-13,2025-03-15,2025-12-31,9,1753.45,194.83,291,active
CUST001957,GB,Western Europe,social_media,2025-07-06,2025-03-18,2025-12-12,2,1078.41,539.21,269,active
CUST003494,IT,Southern Europe,referral,2023-02-27,2025-03-19,2025-03-26,2,327.25,163.63,7,churned
CUST002426,IT,Southern Europe,organic_search,2025-04-04,2025-03-19,2025-11-08,2,220.20,110.1,234,active
CUST000082,GB,Western Europe,paid_search,2023-05-21,2025-03-23,2025-12-04,4,1974.12,493.53,256,active
CUST003903,IT,Southern Europe,paid_search,2025-08-02,2025-04-18,2025-11-28,3,417.29,139.1,224,active
CUST001987,NL,Western Europe,organic_search,2025-03-04,2025-04-19,2025-04-19,1,77.76,77.76,0,churned
CUST000811,SE,Nordic,email,2024-03-05,2025-05-11,2025-12-08,4,469.89,117.47,211,active
CUST001210,SE,Nordic,email,2025-02-19,2025-05-31,2025-05-31,1,629.92,629.92,0,churned
CUST002838,DE,Western Europe,direct,2023-10-09,2025-06-12,2025-12-29,5,1103.35,220.67,200,active
CUST002900,DE,Western Europe,social_media,2023-11-24,2025-06-28,2025-10-05,3,596.44,198.81,99,active
CUST002261,ES,Southern Europe,social_media,2023-10-06,2025-07-06,2025-12-18,2,778.79,389.4,165,active
CUST002172,DE,Western Europe,social_media,2025-06-14,2025-09-05,2025-11-01,2,438.84,219.42,57,active
CUST000773,DE,Western Europe,email,2025-06-19,2025-10-22,2025-10-22,1,230.11,230.11,0,active
CUST002232,DE,Western Europe,paid_search,2024-10-06,2025-11-30,2025-12-23,2,899.94,449.97,23,active
CUST003419,DE,Western Europe,referral,2024-08-31,2024-01-01,2025-10-15,6,1659.78,276.63,653,active
CUST000534,GB,Western Europe,referral,2025-02-07,2024-01-03,2025-12-22,6,2095.58,349.26,719,active
CUST002551,FR,Western Europe,email,2024-08-22,2024-01-03,2025-12-25,6,3035.43,505.91,722,active
CUST002124,FR,Western Europe,referral,2025-02-10,2024-01-03,2025-11-15,7,2382.33,340.33,682,active
CUST001498,GB,Western Europe,paid_search,2025-03-26,2024-01-04,2025-05-27,7,1440.05,205.72,509,churned
CUST001436,DE,Western Europe,referral,2023-11-26,2024-01-04,2025-11-03,7,3467.00,495.29,669,active
CUST000637,GB,Western Europe,referral,2024-06-05,2024-01-05,2025-11-02,8,1745.70,218.21,667,active
CUST003486,GB,Western Europe,referral,2023-04-24,2024-01-07,2025-03-12,7,2624.26,374.89,430,churned
CUST000962,GB,Western Europe,organic_search,2025-08-18,2024-01-08,2024-01-08,1,80.27,80.27,0,churned
CUST000172,DE,Western Europe,paid_search,2023-08-23,2024-01-09,2025-12-05,7,1624.98,232.14,696,active
CUST002968,GB,Western Europe,organic_search,2025-05-21,2024-01-10,2025-10-11,5,608.06,121.61,640,active
CUST001827,DE,Western Europe,paid_search,2023-01-02,2024-01-11,2025-08-19,9,2179.23,242.14,586,at_risk
CUST001788,GB,Western Europe,paid_search,2025-03-21,2024-01-11,2025-12-31,4,595.18,148.79,720,active
CUST001015,NL,Western Europe,social_media,2024-07-22,2024-01-12,2025-06-03,6,1230.62,205.1,508,churned
CUST000892,ES,Southern Europe,referral,2024-01-29,2024-01-12,2025-12-04,9,2650.03,294.45,692,active
CUST002360,DE,Western Europe,organic_search,2023-01-22,2024-01-13,2025-12-31,5,1705.12,341.02,718,active
CUST000218,NL,Western Europe,paid_search,2024-08-06,2024-01-13,2025-10-20,4,653.79,163.45,646,active
CUST003822,FR,Western Europe,direct,2024-02-06,2024-01-14,2025-12-05,9,3415.78,379.53,691,active
CUST002340,FR,Western Europe,social_media,2025-12-18,2024-01-14,2025-08-21,7,1889.29,269.9,585,at_risk
CUST003395,IT,Southern Europe,direct,2025-03-26,2024-01-15,2025-11-30,7,1239.69,177.1,685,active
CUST001600,IT,Southern Europe,organic_search,2024-02-06,2024-01-15,2025-11-30,4,1089.55,272.39,685,active
CUST003091,GB,Western Europe,social_media,2024-06-14,2024-01-16,2025-12-18,5,833.24,166.65,702,active
CUST000734,GB,Western Europe,direct,2023-07-08,2024-01-16,2024-12-29,4,525.50,131.38,348,churned
CUST003958,FR,Western Europe,organic_search,2023-01-01,2024-01-17,2025-12-22,6,3268.92,544.82,705,active
CUST000763,DE,Western Europe,social_media,2023-03-02,2024-01-18,2025-12-02,10,2532.67,253.27,684,active
CUST001886,GB,Western Europe,organic_search,2023-04-09,2024-01-19,2025-12-22,4,1072.97,268.24,703,active
CUST002855,DE,Western Europe,email,2024-12-29,2024-01-20,2025-12-24,4,3440.32,860.08,704,active
CUST002011,DE,Western Europe,referral,2024-11-26,2024-01-24,2025-11-23,2,624.94,312.47,669,active
CUST001577,DE,Western Europe,email,2024-09-12,2024-01-26,2025-11-22,11,2888.74,262.61,666,active
CUST003201,GB,Western Europe,organic_search,2025-10-07,2024-01-27,2025-12-16,6,1284.72,214.12,689,active
CUST002349,GB,Western Europe,referral,2025-02-11,2024-01-28,2025-12-10,10,2254.42,225.44,682,active
CUST002378,ES,Southern Europe,paid_search,2024-05-10,2024-01-28,2025-11-24,5,1304.00,260.8,666,active
CUST003522,GB,Western Europe,referral,2024-08-03,2024-01-28,2025-12-14,6,5401.29,900.22,686,active
CUST002761,DE,Western Europe,organic_search,2023-09-23,2024-01-29,2024-11-24,4,1247.04,311.76,300,churned
CUST000503,FR,Western Europe,email,2024-01-30,2024-01-29,2025-09-08,5,1972.76,394.55,588,at_risk
CUST001934,GB,Western Europe,direct,2025-01-01,2024-01-29,2025-12-16,5,2287.48,457.5,687,active
CUST001144,GB,Western Europe,social_media,2024-03-07,2024-01-29,2025-12-30,2,189.36,94.68,701,active
CUST000114,ES,Southern Europe,email,2025-08-17,2024-01-30,2025-05-27,5,1478.02,295.6,483,churned
CUST000098,FR,Western Europe,direct,2024-12-21,2024-01-31,2025-12-26,6,2359.29,393.22,695,active
CUST003559,DE,Western Europe,organic_search,2023-07-16,2024-01-31,2025-03-05,7,789.53,112.79,399,churned
CUST001609,DE,Western Europe,email,2024-10-15,2024-01-31,2025-06-13,4,1963.80,490.95,499,churned
CUST003987,DE,Western Europe,organic_search,2023-05-02,2024-01-31,2025-04-21,5,1454.48,290.9,446,churned
CUST001999,DE,Western Europe,direct,2024-01-05,2024-02-01,2025-06-27,7,1327.51,189.64,512,churned
CUST002016,FR,Western Europe,direct,2025-07-08,2024-02-03,2025-12-08,9,2510.38,278.93,674,active
CUST002614,NL,Western Europe,referral,2023-06-05,2024-02-03,2025-12-11,6,1024.94,170.82,677,active
CUST001790,GB,Western Europe,email,2024-10-12,2024-02-07,2025-12-23,4,602.58,150.65,685,active
CUST000898,IT,Southern Europe,paid_search,2024-04-11,2024-02-09,2025-12-22,11,5748.53,522.59,682,active
CUST002361,DE,Western Europe,referral,2024-11-16,2024-02-10,2025-12-31,8,854.48,106.81,690,active
CUST003645,ES,Southern Europe,referral,2023-02-16,2024-02-11,2025-12-09,3,2427.70,809.23,667,active
CUST000669,DE,Western Europe,email,2025-05-18,2024-02-13,2025-12-26,4,685.83,171.46,682,active
CUST002008,ES,Southern Europe,organic_search,2023-08-21,2024-02-14,2025-10-06,6,533.17,88.86,600,active
CUST003284,IT,Southern Europe,direct,2024-07-29,2024-02-14,2025-09-14,5,1016.52,203.3,578,at_risk
CUST002751,FR,Western Europe,social_media,2025-05-01,2024-02-18,2025-12-11,8,1754.10,219.26,662,active
CUST003280,ES,Southern Europe,organic_search,2025-01-14,2024-02-19,2025-12-22,6,1523.89,253.98,672,active
CUST000325,SE,Nordic,referral,2025-02-11,2024-02-20,2025-11-01,9,2630.91,292.32,620,active
CUST000227,SE,Nordic,referral,2023-06-25,2024-02-20,2025-04-26,7,811.91,115.99,431,churned
CUST002560,GB,Western Europe,direct,2023-10-28,2024-02-21,2025-12-14,6,1146.30,191.05,662,active
CUST001177,ES,Southern Europe,referral,2025-09-01,2024-02-23,2025-10-22,6,2608.97,434.83,607,active
CUST000799,NL,Western Europe,email,2023-10-06,2024-02-24,2025-12-25,5,578.71,115.74,670,active
CUST000555,IT,Southern Europe,paid_search,2023-01-24,2024-02-24,2025-08-22,7,1456.12,208.02,545,at_risk
CUST003418,NL,Western Europe,paid_search,2024-01-22,2024-02-25,2025-12-02,8,1846.76,230.85,646,active
CUST000286,DE,Western Europe,organic_search,2024-07-10,2024-02-25,2025-09-29,5,1534.39,306.88,582,at_risk
CUST002144,FR,Western Europe,referral,2025-08-19,2024-02-27,2025-11-22,7,2015.22,287.89,634,active
CUST000467,FR,Western Europe,social_media,2023-05-29,2024-02-28,2025-09-19,3,193.70,64.57,569,at_risk
CUST001588,FR,Western Europe,referral,2024-02-29,2024-02-28,2024-04-17,2,411.95,205.98,49,churned
CUST003014,FR,Western Europe,paid_search,2025-08-29,2024-02-28,2025-12-21,7,2484.73,354.96,662,active
CUST002834,FR,Western Europe,paid_search,2025-07-10,2024-03-01,2025-12-07,10,1653.61,165.36,646,active
CUST003406,ES,Southern Europe,paid_search,2025-06-09,2024-03-03,2025-03-09,5,1493.32,298.66,371,churned
CUST003529,SE,Nordic,paid_search,2023-03-02,2024-03-06,2025-12-10,9,4264.26,473.81,644,active
CUST001963,ES,Southern Europe,referral,2025-12-16,2024-03-06,2025-04-01,4,1007.87,251.97,391,churned
CUST003160,FR,Western Europe,organic_search,2024-04-21,2024-03-08,2025-06-19,2,558.59,279.3,468,churned
CUST001724,DE,Western Europe,organic_search,2025-05-09,2024-03-10,2025-12-05,4,2514.58,628.65,635,active
CUST000494,DE,Western Europe,organic_search,2023-08-19,2024-03-10,2025-11-22,5,1026.67,205.33,622,active
CUST001712,DE,Western Europe,referral,2025-11-13,2024-03-11,2025-10-20,4,1291.25,322.81,588,active
CUST002672,FR,Western Europe,email,2023-04-19,2024-03-13,2025-12-09,6,4288.68,714.78,636,active
CUST002549,FR,Western Europe,email,2025-10-14,2024-03-16,2025-10-28,5,2025.91,405.18,591,active
CUST002760,DE,Western Europe,email,2025-05-03,2024-03-18,2025-12-24,7,3050.63,435.8,646,active
CUST003674,DE,Western Europe,direct,2023-07-23,2024-03-19,2025-10-16,6,3680.24,613.37,576,active
CUST001450,NL,Western Europe,referral,2024-03-11,2024-03-19,2025-05-13,7,3598.46,514.07,420,churned
CUST000563,DE,Western Europe,direct,2025-12-05,2024-03-19,2025-09-21,6,3497.16,582.86,551,at_risk
CUST000180,DE,Western Europe,direct,2025-05-28,2024-03-21,2025-05-29,2,598.30,299.15,434,churned
CUST001885,DE,Western Europe,organic_search,2025-05-14,2024-03-21,2025-11-28,4,772.99,193.25,617,active
CUST001804,FR,Western Europe,organic_search,2023-08-01,2024-03-22,2025-10-23,4,1128.05,282.01,580,active
CUST003862,GB,Western Europe,organic_search,2023-03-12,2024-03-23,2025-12-07,9,3280.12,364.46,624,active
CUST000313,DE,Western Europe,social_media,2025-12-25,2024-03-23,2025-03-22,4,298.36,74.59,364,churned
CUST003178,IT,Southern Europe,paid_search,2024-06-23,2024-03-25,2025-12-05,4,398.37,99.59,620,active
CUST002054,IT,Southern Europe,email,2025-08-05,2024-03-26,2025-10-07,4,1190.88,297.72,560,active
CUST001483,GB,Western Europe,referral,2024-07-17,2024-03-26,2025-05-12,5,680.68,136.14,412,churned
CUST003859,FR,Western Europe,direct,2025-09-25,2024-03-27,2025-12-07,4,1885.88,471.47,620,active
CUST000599,DE,Western Europe,social_media,2023-05-29,2024-03-30,2025-09-29,6,2300.03,383.34,548,at_risk
CUST001020,DE,Western Europe,social_media,2024-10-11,2024-03-31,2024-04-05,2,182.63,91.32,5,churned
CUST002188,ES,Southern Europe,organic_search,2025-02-22,2024-03-31,2025-12-17,7,2490.97,355.85,626,active
CUST003404,FR,Western Europe,email,2024-03-13,2024-04-02,2025-07-23,3,672.29,224.1,477,at_risk
CUST002689,GB,Western Europe,paid_search,2025-06-15,2024-04-04,2025-10-07,7,2565.33,366.48,551,active
CUST002733,DE,Western Europe,referral,2025-12-05,2024-04-05,2025-08-30,6,1496.42,249.4,512,at_risk
CUST003766,FR,Western Europe,referral,2025-05-16,2024-04-05,2025-12-02,8,3035.29,379.41,606,active
CUST002910,FR,Western Europe,social_media,2023-06-21,2024-04-06,2025-12-16,8,3355.46,419.43,619,active
CUST001492,FR,Western Europe,social_media,2025-09-13,2024-04-09,2025-04-10,6,1769.29,294.88,366,churned
CUST003975,FR,Western Europe,paid_search,2025-04-05,2024-04-12,2025-11-17,9,2039.47,226.61,584,active
CUST003130,ES,Southern Europe,email,2023-06-18,2024-04-12,2025-12-26,6,3342.02,557.0,623,active
CUST002578,GB,Western Europe,referral,2024-06-13,2024-04-12,2025-12-05,3,2047.58,682.53,602,active
CUST000850,GB,Western Europe,direct,2023-11-06,2024-04-12,2025-12-27,6,3574.33,595.72,624,active
CUST002351,GB,Western Europe,direct,2024-07-18,2024-04-14,2025-12-19,8,1339.17,167.4,614,active
CUST002979,NL,Western Europe,email,2023-08-25,2024-04-14,2025-03-23,3,406.13,135.38,343,churned
CUST002863,SE,Nordic,referral,2025-10-30,2024-04-15,2024-04-15,1,20.19,20.19,0,churned
CUST003427,GB,Western Europe,referral,2025-02-14,2024-04-15,2025-11-07,2,981.23,490.62,571,active
CUST002732,GB,Western Europe,social_media,2023-07-22,2024-04-17,2025-11-05,5,614.95,122.99,567,active
CUST002531,NL,Western Europe,organic_search,2023-08-06,2024-04-17,2025-11-16,6,1511.64,251.94,578,active
CUST000437,DE,Western Europe,referral,2025-08-08,2024-04-20,2025-12-30,5,1195.03,239.01,619,active
CUST001819,GB,Western Europe,organic_search,2024-07-09,2024-04-21,2025-12-15,6,3878.60,646.43,603,active
CUST002333,GB,Western Europe,social_media,2023-01-06,2024-04-21,2025-12-27,6,1734.75,289.13,615,active
CUST000469,DE,Western Europe,paid_search,2023-12-23,2024-04-23,2025-08-25,5,547.86,109.57,489,at_risk
CUST001777,NL,Western Europe,direct,2024-07-20,2024-04-23,2024-11-30,5,1033.46,206.69,221,churned
CUST000083,FR,Western Europe,paid_search,2023-11-09,2024-04-23,2025-09-23,4,1185.90,296.48,518,at_risk
CUST003289,IT,Southern Europe,email,2023-06-09,2024-04-24,2025-12-23,5,1538.31,307.66,608,active
CUST002082,DE,Western Europe,organic_search,2023-04-22,2024-04-26,2025-10-18,4,584.09,146.02,540,active
CUST003938,DE,Western Europe,email,2023-03-14,2024-04-27,2024-11-19,2,2080.33,1040.17,206,churned
CUST002680,GB,Western Europe,direct,2024-02-13,2024-04-28,2024-12-30,4,1606.98,401.75,246,churned
CUST001026,GB,Western Europe,direct,2024-10-16,2024-04-29,2025-11-15,8,1132.30,141.54,565,active
CUST000217,FR,Western Europe,direct,2023-04-17,2024-05-01,2025-11-21,4,1142.41,285.6,569,active
CUST000421,ES,Southern Europe,email,2025-11-03,2024-05-01,2024-08-16,2,351.53,175.77,107,churned
CUST003149,ES,Southern Europe,referral,2023-03-19,2024-05-03,2025-12-15,8,1305.83,163.23,591,active
CUST000050,DE,Western Europe,paid_search,2023-11-13,2024-05-05,2024-06-13,2,310.16,155.08,39,churned
CUST002730,GB,Western Europe,social_media,2023-02-20,2024-05-06,2025-11-11,5,2153.61,430.72,554,active
CUST001806,ES,Southern Europe,email,2023-07-18,2024-05-08,2025-12-24,5,1057.80,211.56,595,active
CUST001225,FR,Western Europe,direct,2025-11-02,2024-05-09,2024-12-14,3,1050.85,350.28,219,churned
CUST000694,DE,Western Europe,referral,2025-02-13,2024-05-10,2025-08-26,8,4197.97,524.75,473,at_risk
CUST001076,FR,Western Europe,organic_search,2024-02-17,2024-05-12,2025-11-06,6,2190.99,365.17,543,active
CUST003140,DE,Western Europe,organic_search,2023-12-07,2024-05-13,2024-12-31,2,317.03,158.51,232,churned
CUST002540,ES,Southern Europe,paid_search,2025-07-04,2024-05-15,2025-12-15,8,2392.72,299.09,579,active
CUST002442,GB,Western Europe,referral,2025-11-01,2024-05-16,2025-12-14,10,2133.89,213.39,577,active
CUST001341,FR,Western Europe,organic_search,2023-06-07,2024-05-17,2025-11-21,5,763.20,152.64,553,active
CUST002778,DE,Western Europe,direct,2025-07-17,2024-05-17,2025-11-01,7,2229.06,318.44,533,active
CUST001865,SE,Nordic,paid_search,2025-11-03,2024-05-17,2025-12-04,7,1854.61,264.94,566,active
CUST003935,FR,Western Europe,social_media,2024-01-30,2024-05-21,2025-05-26,5,614.20,122.84,370,churned
CUST003084,GB,Western Europe,referral,2025-07-17,2024-05-22,2025-12-15,4,737.35,184.34,572,active
CUST001028,ES,Southern Europe,paid_search,2023-02-12,2024-05-23,2025-08-18,4,1209.66,302.42,452,at_risk
CUST000836,FR,Western Europe,paid_search,2025-08-30,2024-05-23,2025-12-19,8,3413.64,426.71,575,active
CUST001544,FR,Western Europe,referral,2024-07-19,2024-05-24,2025-08-08,4,1268.54,317.14,441,at_risk
CUST000052,ES,Southern Europe,email,2024-06-30,2024-05-29,2025-12-16,7,742.82,106.12,566,active
CUST003272,DE,Western Europe,organic_search,2023-04-13,2024-05-30,2025-12-18,7,1178.57,168.37,567,active
CUST000309,ES,Southern Europe,direct,2023-03-06,2024-05-31,2025-11-22,6,1083.30,180.55,540,active
CUST000189,GB,Western Europe,direct,2023-10-09,2024-06-01,2025-12-23,5,2204.23,440.85,570,active
CUST003151,GB,Western Europe,social_media,2023-05-16,2024-06-01,2025-11-30,6,700.03,116.67,547,active
CUST001817,FR,Western Europe,direct,2024-12-31,2024-06-01,2025-08-20,4,1349.70,337.43,445,at_risk
CUST003323,ES,Southern Europe,paid_search,2025-10-17,2024-06-01,2025-04-07,7,1901.15,271.59,310,churned
CUST002190,NL,Western Europe,social_media,2024-09-10,2024-06-01,2025-12-09,6,775.31,129.22,556,active
CUST001056,FR,Western Europe,direct,2023-02-12,2024-06-02,2025-10-15,2,284.37,142.19,500,active
CUST003132,ES,Southern Europe,organic_search,2023-10-19,2024-06-04,2025-11-14,7,2680.46,382.92,528,active
CUST001452,GB,Western Europe,paid_search,2023-05-08,2024-06-04,2025-11-03,9,3409.71,378.86,517,active
CUST003214,NL,Western Europe,paid_search,2024-03-02,2024-06-06,2025-11-16,3,1091.23,363.74,528,active
CUST001903,ES,Southern Europe,email,2025-04-02,2024-06-06,2025-10-23,5,1791.58,358.32,504,active
CUST000653,GB,Western Europe,referral,2023-01-10,2024-06-08,2025-12-15,5,1834.28,366.86,555,active
CUST003947,NL,Western Europe,organic_search,2024-11-06,2024-06-18,2025-10-10,3,718.39,239.46,479,active
CUST001590,NL,Western Europe,organic_search,2023-07-26,2024-06-21,2025-09-18,6,1236.85,206.14,454,at_risk
CUST000964,FR,Western Europe,social_media,2023-07-05,2024-06-24,2025-11-06,8,2927.39,365.92,500,active
CUST003485,GB,Western Europe,direct,2025-05-27,2024-06-27,2025-10-09,2,1558.70,779.35,469,active
CUST002601,GB,Western Europe,organic_search,2025-05-17,2024-06-29,2025-10-06,3,2218.69,739.56,464,active
CUST001124,ES,Southern Europe,email,2023-07-02,2024-06-29,2025-09-24,9,7150.05,794.45,452,at_risk
CUST001625,DE,Western Europe,email,2023-05-12,2024-06-29,2024-10-30,2,600.52,300.26,123,churned
CUST000883,DE,Western Europe,organic_search,2025-07-23,2024-06-30,2025-12-01,5,621.74,124.35,519,active
CUST003417,FR,Western Europe,organic_search,2024-01-09,2024-07-02,2025-11-24,7,2471.41,353.06,510,active
CUST000307,GB,Western Europe,organic_search,2025-03-21,2024-07-08,2025-06-29,4,297.73,74.43,356,churned
CUST000439,NL,Western Europe,organic_search,2024-11-17,2024-07-08,2025-12-06,5,1962.08,392.42,516,active
CUST003001,NL,Western Europe,referral,2024-12-14,2024-07-08,2025-09-05,5,1402.11,280.42,424,at_risk
CUST000036,ES,Southern Europe,organic_search,2023-04-27,2024-07-09,2025-12-25,5,1465.33,293.07,534,active
CUST003562,ES,Southern Europe,referral,2023-10-07,2024-07-14,2025-12-27,9,1104.05,122.67,531,active
CUST000219,GB,Western Europe,organic_search,2023-07-07,2024-07-14,2025-12-29,7,2306.28,329.47,533,active
CUST000922,GB,Western Europe,email,2024-08-23,2024-07-17,2025-09-07,5,1840.77,368.15,417,at_risk
CUST002691,GB,Western Europe,social_media,2025-07-06,2024-07-20,2025-12-28,9,3114.75,346.08,526,active
CUST000929,GB,Western Europe,social_media,2025-01-27,2024-07-22,2025-04-24,5,2045.01,409.0,276,churned
CUST003957,IT,Southern Europe,direct,2023-07-30,2024-07-22,2025-12-24,3,1714.62,571.54,520,active
CUST000285,GB,Western Europe,paid_search,2024-12-10,2024-07-28,2025-11-27,5,3146.49,629.3,487,active
CUST000297,ES,Southern Europe,paid_search,2023-10-15,2024-07-28,2025-11-19,4,1813.24,453.31,479,active
CUST002749,ES,Southern Europe,referral,2024-04-17,2024-08-04,2025-05-28,3,1633.66,544.55,297,churned
CUST000959,DE,Western Europe,direct,2023-12-19,2024-08-06,2025-11-29,8,830.59,103.82,480,active
CUST003072,GB,Western Europe,direct,2023-07-06,2024-08-13,2025-12-30,4,1498.56,374.64,504,active
CUST000471,DE,Western Europe,referral,2023-03-08,2024-08-14,2025-12-02,5,1846.29,369.26,475,active
CUST003161,FR,Western Europe,referral,2025-10-18,2024-08-15,2025-08-16,6,1663.81,277.3,366,at_risk
CUST002423,ES,Southern Europe,referral,2025-06-15,2024-08-15,2025-12-17,5,873.40,174.68,489,active
CUST002332,DE,Western Europe,organic_search,2024-10-05,2024-08-17,2025-12-16,8,3421.05,427.63,486,active
CUST001346,FR,Western Europe,paid_search,2023-12-12,2024-08-19,2025-10-02,10,1169.97,117.0,409,active
CUST002002,DE,Western Europe,organic_search,2025-12-22,2024-08-22,2025-10-11,4,769.93,192.48,415,active
CUST000184,IT,Southern Europe,organic_search,2024-09-30,2024-08-23,2025-12-21,4,963.02,240.76,485,active
CUST000206,DE,Western Europe,social_media,2024-11-16,2024-08-24,2025-09-11,6,1888.46,314.74,383,at_risk
CUST000667,DE,Western Europe,social_media,2024-03-07,2024-08-27,2025-11-15,7,1754.90,250.7,445,active
CUST000092,NL,Western Europe,direct,2024-07-25,2024-08-27,2025-11-20,5,940.73,188.15,450,active
CUST000605,DE,Western Europe,paid_search,2023-11-26,2024-08-28,2025-12-25,6,1608.68,268.11,484,active
CUST002331,FR,Western Europe,social_media,2024-08-11,2024-08-30,2025-12-18,6,541.31,90.22,475,active
CUST003641,DE,Western Europe,paid_search,2024-09-06,2024-09-06,2025-12-10,4,596.21,149.05,460,active
CUST002740,DE,Western Europe,referral,2023-12-11,2024-09-08,2025-11-13,4,1728.81,432.2,431,active
CUST000101,DE,Western Europe,paid_search,2024-08-29,2024-09-10,2025-12-04,4,1110.73,277.68,450,active
CUST002081,DE,Western Europe,social_media,2024-09-03,2024-09-10,2025-10-24,5,848.30,169.66,409,active
CUST001209,FR,Western Europe,referral,2023-03-07,2024-09-12,2025-12-29,7,2229.76,318.54,473,active
CUST001207,NL,Western Europe,social_media,2024-09-17,2024-09-14,2025-06-12,7,2061.50,294.5,271,churned
CUST000405,FR,Western Europe,social_media,2023-09-28,2024-09-19,2025-09-12,5,953.82,190.76,358,at_risk
CUST003133,IT,Southern Europe,referral,2023-12-01,2024-09-19,2025-09-25,4,429.90,107.48,371,at_risk
CUST000204,IT,Southern Europe,email,2025-10-30,2024-09-27,2025-07-16,5,1539.02,307.8,292,at_risk
CUST003646,DE,Western Europe,organic_search,2024-04-10,2024-09-28,2025-09-19,6,1126.56,187.76,356,at_risk
CUST003093,FR,Western Europe,social_media,2024-10-25,2024-09-29,2025-12-22,6,1732.24,288.71,449,active
CUST003770,DE,Western Europe,social_media,2023-02-05,2024-09-29,2024-12-13,3,313.83,104.61,75,churned
CUST002266,GB,Western Europe,organic_search,2024-01-14,2024-10-02,2025-11-07,6,1505.25,250.88,401,active
CUST001613,GB,Western Europe,email,2024-09-07,2024-10-11,2025-09-16,6,1061.49,176.92,340,at_risk
CUST001200,DE,Western Europe,direct,2024-11-14,2024-10-15,2025-12-07,4,1315.27,328.82,418,active
CUST000193,IT,Southern Europe,social_media,2024-10-27,2024-10-16,2025-12-26,6,2113.78,352.3,436,active
CUST001524,DE,Western Europe,organic_search,2024-06-30,2024-10-17,2025-03-03,3,220.00,73.33,137,churned
CUST002177,FR,Western Europe,direct,2024-04-19,2024-10-17,2025-06-26,2,1128.51,564.26,252,churned
CUST000191,DE,Western Europe,organic_search,2023-05-28,2024-10-19,2025-07-27,2,1230.95,615.48,281,at_risk
CUST003864,FR,Western Europe,direct,2024-07-11,2024-10-26,2025-12-14,7,3918.20,559.74,414,active
CUST000755,DE,Western Europe,email,2023-02-14,2024-10-28,2024-10-28,1,35.54,35.54,0,churned
CUST002495,GB,Western Europe,paid_search,2024-01-05,2024-10-30,2024-10-30,1,286.52,286.52,0,churned
CUST003080,IT,Southern Europe,email,2023-08-29,2024-11-06,2025-10-18,6,3482.94,580.49,346,active
CUST002803,IT,Southern Europe,paid_search,2025-11-13,2024-11-06,2025-08-31,4,1279.70,319.93,298,at_risk
CUST002243,GB,Western Europe,social_media,2025-03-24,2024-11-07,2025-08-08,5,2396.89,479.38,274,at_risk
CUST000453,FR,Western Europe,organic_search,2023-12-11,2024-11-10,2025-09-30,6,1675.95,279.33,324,at_risk
CUST003291,DE,Western Europe,referral,2025-08-29,2024-11-23,2025-12-17,3,407.88,135.96,389,active
CUST000621,DE,Western Europe,social_media,2024-06-23,2024-11-29,2025-12-18,5,1652.75,330.55,384,active
CUST001112,DE,Western Europe,social_media,2025-11-30,2024-12-04,2025-10-28,3,303.89,101.3,328,active
CUST001374,GB,Western Europe,direct,2024-07-19,2024-12-04,2025-12-31,8,1009.55,126.19,392,active
CUST003829,ES,Southern Europe,paid_search,2023-08-17,2024-12-09,2025-11-11,4,836.72,209.18,337,active
CUST003465,DE,Western Europe,social_media,2025-12-14,2024-12-11,2025-12-30,5,518.02,103.6,384,active
CUST002899,FR,Western Europe,direct,2024-06-11,2024-12-16,2025-11-21,7,1105.92,157.99,340,active
CUST002330,DE,Western Europe,referral,2024-08-21,2024-12-17,2025-10-18,2,1633.18,816.59,305,active
CUST003973,FR,Western Europe,organic_search,2025-08-30,2024-12-22,2025-12-28,6,1908.26,318.04,371,active
CUST003089,GB,Western Europe,paid_search,2024-03-24,2024-12-22,2024-12-22,1,31.03,31.03,0,churned
CUST002731,NL,Western Europe,direct,2024-04-07,2025-01-06,2025-01-06,1,1869.96,1869.96,0,churned
CUST003342,GB,Western Europe,referral,2023-07-29,2025-01-13,2025-12-12,5,1188.03,237.61,333,active
CUST000703,FR,Western Europe,email,2025-08-01,2025-01-22,2025-11-01,3,1298.04,432.68,283,active
CUST002533,FR,Western Europe,organic_search,2025-04-24,2025-02-03,2025-11-13,3,375.76,125.25,283,active
CUST002561,ES,Southern Europe,email,2025-11-06,2025-02-15,2025-11-24,3,134.53,44.84,282,active
CUST002693,DE,Western Europe,email,2025-04-11,2025-02-19,2025-02-19,1,55.93,55.93,0,churned
CUST002530,SE,Nordic,social_media,2024-12-13,2025-02-26,2025-10-28,3,607.02,202.34,244,active
CUST000639,FR,Western Europe,organic_search,2025-02-07,2025-02-27,2025-12-31,5,869.68,173.94,307,active
CUST003948,GB,Western Europe,referral,2023-12-01,2025-03-11,2025-11-21,3,757.85,252.62,255,active
CUST002270,GB,Western Europe,organic_search,2025-05-10,2025-03-25,2025-12-10,3,392.51,130.84,260,active
CUST001818,ES,Southern Europe,social_media,2024-02-19,2025-03-30,2025-10-26,3,165.36,55.12,210,active
CUST002532,ES,Southern Europe,paid_search,2023-05-02,2025-03-30,2025-10-19,4,2102.54,525.64,203,active
CUST000265,IT,Southern Europe,email,2025-11-20,2025-04-04,2025-12-04,3,1148.80,382.93,244,active
CUST000300,DE,Western Europe,paid_search,2023-08-29,2025-04-04,2025-05-04,3,418.79,139.6,30,churned
CUST001955,SE,Nordic,organic_search,2024-08-19,2025-04-11,2025-11-30,3,524.16,174.72,233,active
CUST001512,NL,Western Europe,direct,2024-01-27,2025-05-20,2025-11-25,4,1760.68,440.17,189,active
CUST003497,ES,Southern Europe,organic_search,2025-04-02,2025-05-22,2025-09-20,3,579.30,193.1,121,at_risk
CUST000671,DE,Western Europe,direct,2024-04-27,2025-06-04,2025-12-20,2,419.55,209.78,199,active
CUST001190,NL,Western Europe,email,2025-11-06,2025-06-04,2025-08-16,2,1282.23,641.12,73,at_risk
CUST001607,DE,Western Europe,paid_search,2024-02-26,2025-06-05,2025-11-02,5,627.37,125.47,150,active
CUST003743,ES,Southern Europe,referral,2025-08-14,2025-06-06,2025-11-29,2,385.81,192.91,176,active
CUST002112,DE,Western Europe,social_media,2023-01-22,2025-06-09,2025-08-13,4,618.31,154.58,65,at_risk
CUST000852,NL,Western Europe,paid_search,2023-11-12,2025-07-20,2025-07-20,1,712.14,712.14,0,at_risk
CUST003293,FR,Western Europe,social_media,2025-08-07,2025-08-10,2025-12-19,2,291.37,145.69,131,active
CUST001897,GB,Western Europe,direct,2023-12-06,2025-09-02,2025-12-21,3,950.55,316.85,110,active
CUST003564,FR,Western Europe,social_media,2023-04-05,2025-09-27,2025-11-30,3,291.34,97.11,64,active
CUST001744,DE,Western Europe,social_media,2025-06-09,2025-10-06,2025-10-06,1,328.55,328.55,0,active
CUST001213,DE,Western Europe,organic_search,2024-08-04,2025-10-14,2025-10-14,1,199.15,199.15,0,active
CUST001096,DE,Western Europe,email,2023-11-07,2025-12-06,2025-12-14,2,353.64,176.82,8,active
CUST001345,NL,Western Europe,organic_search,2024-05-15,2025-12-19,2025-12-19,1,87.58,87.58,0,active
CUST003936,GB,Western Europe,direct,2023-04-25,2024-01-01,2025-12-25,7,4598.74,656.96,724,active
CUST001833,GB,Western Europe,referral,2024-10-17,2024-01-02,2025-12-12,6,1184.59,197.43,710,active
CUST003440,IT,Southern Europe,email,2024-04-11,2024-01-05,2025-12-28,5,2053.14,410.63,723,active
CUST002125,SE,Nordic,paid_search,2024-04-13,2024-01-05,2025-11-28,5,600.40,120.08,693,active
CUST002586,GB,Western Europe,paid_search,2025-09-18,2024-01-05,2025-11-21,7,1768.11,252.59,686,active
CUST001861,ES,Southern Europe,paid_search,2024-02-18,2024-01-05,2025-11-11,6,3257.26,542.88,676,active
CUST000754,FR,Western Europe,referral,2024-10-08,2024-01-07,2025-12-27,8,958.98,119.87,720,active
CUST000038,DE,Western Europe,paid_search,2025-05-08,2024-01-07,2025-10-18,6,2300.73,383.46,650,active
CUST001911,FR,Western Europe,organic_search,2025-05-09,2024-01-08,2025-11-11,11,2577.71,234.34,673,active
CUST001851,FR,Western Europe,social_media,2025-11-15,2024-01-08,2025-12-02,6,1787.69,297.95,694,active
CUST003460,GB,Western Europe,paid_search,2024-07-02,2024-01-09,2025-09-19,4,1227.38,306.85,619,at_risk
CUST002365,GB,Western Europe,social_media,2023-05-26,2024-01-10,2025-11-22,3,410.45,136.82,682,active
CUST000976,FR,Western Europe,referral,2024-04-21,2024-01-10,2025-12-22,7,2077.20,296.74,712,active
CUST002914,SE,Nordic,email,2023-01-02,2024-01-12,2025-11-13,7,437.85,62.55,671,active
CUST003430,GB,Western Europe,referral,2025-01-21,2024-01-13,2025-10-28,4,1260.79,315.2,654,active
CUST000443,FR,Western Europe,social_media,2025-06-09,2024-01-13,2025-04-07,6,2995.28,499.21,450,churned
CUST001624,SE,Nordic,referral,2025-04-16,2024-01-13,2025-11-25,3,1159.69,386.56,682,active
CUST001212,GB,Western Europe,organic_search,2023-03-07,2024-01-14,2025-12-29,9,1078.63,119.85,715,active
CUST002318,FR,Western Europe,organic_search,2023-02-11,2024-01-17,2025-09-27,6,3753.19,625.53,619,at_risk
CUST003820,GB,Western Europe,social_media,2023-05-03,2024-01-18,2025-12-25,9,1913.45,212.61,707,active
CUST000110,DE,Western Europe,email,2024-08-19,2024-01-19,2025-12-18,10,2761.80,276.18,699,active
CUST002003,IT,Southern Europe,organic_search,2023-02-13,2024-01-19,2025-05-12,5,1410.72,282.14,479,churned
CUST002854,IT,Southern Europe,organic_search,2023-05-12,2024-01-20,2025-11-25,6,2037.96,339.66,675,active
CUST003119,DE,Western Europe,paid_search,2025-11-11,2024-01-20,2025-09-13,8,2733.55,341.69,602,at_risk
CUST000230,GB,Western Europe,direct,2023-10-01,2024-01-21,2025-08-10,7,3323.56,474.79,567,at_risk
CUST001509,GB,Western Europe,direct,2023-04-07,2024-01-21,2025-07-08,5,1680.63,336.13,534,at_risk
CUST001447,NL,Western Europe,email,2023-11-21,2024-01-21,2025-05-20,5,4111.61,822.32,485,churned
CUST003526,DE,Western Europe,social_media,2024-06-06,2024-01-21,2025-08-17,6,1116.97,186.16,574,at_risk
CUST000996,DE,Western Europe,paid_search,2024-08-11,2024-01-22,2025-11-15,5,615.19,123.04,663,active
CUST000835,GB,Western Europe,direct,2024-10-13,2024-01-22,2025-12-24,6,2054.85,342.48,702,active
CUST002100,FR,Western Europe,social_media,2025-01-07,2024-01-24,2024-12-31,3,296.24,98.75,342,churned
CUST001342,GB,Western Europe,direct,2025-10-06,2024-01-27,2025-10-20,9,2796.69,310.74,632,active
CUST001902,DE,Western Europe,social_media,2025-03-11,2024-01-27,2025-08-24,6,1069.54,178.26,575,at_risk
CUST000511,GB,Western Europe,referral,2025-07-29,2024-01-28,2025-07-28,7,2431.08,347.3,547,at_risk
CUST003876,FR,Western Europe,organic_search,2023-08-02,2024-01-28,2024-01-28,1,295.96,295.96,0,churned
CUST000233,GB,Western Europe,organic_search,2025-08-27,2024-01-29,2025-11-18,8,3066.24,383.28,659,active
CUST001244,ES,Southern Europe,organic_search,2025-10-28,2024-01-29,2025-09-06,4,644.12,161.03,586,at_risk
CUST002239,DE,Western Europe,organic_search,2025-07-23,2024-01-30,2024-01-30,1,563.40,563.4,0,churned
CUST000035,SE,Nordic,referral,2024-10-04,2024-01-31,2025-12-24,5,2751.50,550.3,693,active
CUST003753,FR,Western Europe,referral,2025-12-09,2024-01-31,2025-11-10,6,2495.74,415.96,649,active
CUST000702,DE,Western Europe,organic_search,2024-05-24,2024-02-03,2024-12-11,6,996.33,166.06,312,churned
CUST002717,GB,Western Europe,email,2025-02-06,2024-02-04,2025-12-27,7,909.01,129.86,692,active
CUST001832,GB,Western Europe,referral,2024-01-10,2024-02-04,2025-06-03,5,3433.80,686.76,485,churned
CUST001290,DE,Western Europe,direct,2023-10-06,2024-02-05,2025-07-29,6,4308.32,718.05,540,at_risk
CUST000920,DE,Western Europe,organic_search,2025-07-26,2024-02-06,2025-11-06,6,1143.03,190.51,639,active
CUST001709,GB,Western Europe,referral,2023-09-17,2024-02-06,2025-09-21,7,1462.21,208.89,593,at_risk
CUST002109,FR,Western Europe,paid_search,2025-04-11,2024-02-07,2025-10-24,8,4729.05,591.13,625,active
CUST001513,SE,Nordic,organic_search,2024-06-15,2024-02-07,2024-06-03,3,653.70,217.9,117,churned
CUST002597,FR,Western Europe,paid_search,2023-01-16,2024-02-07,2025-06-17,4,984.76,246.19,496,churned
CUST000388,DE,Western Europe,referral,2025-10-04,2024-02-07,2025-11-04,4,2617.89,654.47,636,active
CUST000168,DE,Western Europe,email,2023-03-30,2024-02-07,2025-12-27,6,4527.85,754.64,689,active
CUST000915,GB,Western Europe,paid_search,2023-05-18,2024-02-07,2025-11-22,5,3687.03,737.41,654,active
CUST001830,FR,Western Europe,paid_search,2025-09-25,2024-02-08,2025-03-12,4,2833.00,708.25,398,churned
CUST002786,DE,Western Europe,organic_search,2024-06-15,2024-02-08,2025-12-26,8,3188.44,398.56,687,active
CUST002785,ES,Southern Europe,email,2025-01-12,2024-02-09,2025-12-23,9,2281.88,253.54,683,active
CUST000312,DE,Western Europe,referral,2023-01-08,2024-02-09,2025-07-12,5,2233.51,446.7,519,at_risk
CUST000047,FR,Western Europe,referral,2025-05-25,2024-02-10,2025-06-07,5,1788.24,357.65,483,churned
CUST002221,NL,Western Europe,referral,2023-08-09,2024-02-12,2025-10-03,4,1175.92,293.98,599,active
CUST001395,FR,Western Europe,direct,2024-07-31,2024-02-12,2025-09-05,5,1186.80,237.36,571,at_risk
CUST003118,DE,Western Europe,email,2023-11-23,2024-02-12,2025-12-18,4,1353.10,338.28,675,active
CUST002679,DE,Western Europe,referral,2024-04-10,2024-02-13,2025-12-10,6,2207.65,367.94,666,active
CUST001475,FR,Western Europe,email,2024-11-17,2024-02-13,2025-09-25,6,1416.33,236.05,590,at_risk
CUST001458,NL,Western Europe,direct,2023-01-21,2024-02-14,2025-10-30,6,2962.73,493.79,624,active
CUST000057,DE,Western Europe,organic_search,2024-12-08,2024-02-15,2025-12-12,7,2111.67,301.67,666,active
CUST000075,NL,Western Europe,organic_search,2023-05-08,2024-02-15,2025-12-28,6,1446.77,241.13,682,active
CUST003896,ES,Southern Europe,referral,2025-11-28,2024-02-18,2025-09-25,6,1468.63,244.77,585,at_risk
CUST000251,FR,Western Europe,email,2025-04-18,2024-02-18,2025-12-28,8,1020.13,127.52,679,active
CUST002319,FR,Western Europe,organic_search,2023-09-17,2024-02-20,2025-12-24,8,2346.81,293.35,673,active
CUST001277,DE,Western Europe,direct,2025-09-22,2024-02-24,2025-07-16,3,1213.41,404.47,508,at_risk
CUST001107,FR,Western Europe,social_media,2023-02-17,2024-02-24,2025-12-05,7,1614.36,230.62,650,active
CUST001690,ES,Southern Europe,direct,2025-09-03,2024-02-25,2025-11-28,5,1427.51,285.5,642,active
CUST001457,NL,Western Europe,direct,2025-08-31,2024-02-25,2025-12-18,6,1379.22,229.87,662,active
CUST002271,DE,Western Europe,email,2023-01-09,2024-02-27,2025-10-20,11,3016.93,274.27,601,active
CUST002881,FR,Western Europe,paid_search,2025-04-27,2024-02-28,2025-01-10,6,2619.30,436.55,317,churned
CUST001487,FR,Western Europe,organic_search,2024-10-04,2024-02-29,2025-01-11,3,327.79,109.26,317,churned
CUST003695,FR,Western Europe,paid_search,2023-12-02,2024-03-01,2025-12-31,5,1866.15,373.23,670,active
CUST003104,FR,Western Europe,organic_search,2025-08-09,2024-03-03,2025-11-24,12,3184.39,265.37,631,active
CUST000857,DE,Western Europe,direct,2023-07-19,2024-03-04,2025-04-10,7,876.45,125.21,402,churned
CUST001473,IT,Southern Europe,organic_search,2024-09-21,2024-03-07,2025-11-01,5,634.04,126.81,604,active
CUST001982,ES,Southern Europe,paid_search,2025-03-12,2024-03-07,2025-11-04,5,790.90,158.18,607,active
CUST002397,DE,Western Europe,referral,2023-07-21,2024-03-07,2025-10-19,5,2291.07,458.21,591,active
CUST003952,ES,Southern Europe,social_media,2024-11-27,2024-03-08,2025-12-29,6,2258.76,376.46,661,active
CUST002304,FR,Western Europe,referral,2024-11-28,2024-03-09,2025-12-28,6,1594.13,265.69,659,active
CUST003623,DE,Western Europe,email,2023-08-06,2024-03-09,2025-08-29,7,3353.43,479.06,538,at_risk
CUST003279,FR,Western Europe,social_media,2024-11-16,2024-03-11,2025-12-08,6,1748.42,291.4,637,active
CUST001644,GB,Western Europe,organic_search,2025-08-20,2024-03-11,2025-12-12,7,1168.38,166.91,641,active
CUST002882,ES,Southern Europe,email,2023-04-13,2024-03-15,2025-09-03,4,2559.44,639.86,537,at_risk
CUST003127,NL,Western Europe,email,2023-05-13,2024-03-15,2025-10-25,8,1824.12,228.02,589,active
CUST003794,NL,Western Europe,social_media,2025-02-17,2024-03-15,2024-03-15,1,10.08,10.08,0,churned
CUST000278,GB,Western Europe,referral,2025-05-07,2024-03-16,2025-12-09,6,1274.30,212.38,633,active
CUST001100,FR,Western Europe,social_media,2023-04-29,2024-03-17,2025-12-24,6,2685.00,447.5,647,active
CUST001059,GB,Western Europe,social_media,2025-09-02,2024-03-17,2025-11-26,6,1524.25,254.04,619,active
CUST002989,NL,Western Europe,direct,2024-01-12,2024-03-18,2025-11-05,6,2522.51,420.42,597,active
CUST003186,GB,Western Europe,paid_search,2024-02-27,2024-03-20,2025-05-27,5,1625.23,325.05,433,churned
CUST000838,FR,Western Europe,direct,2023-10-06,2024-03-20,2025-12-02,6,2720.30,453.38,622,active
CUST002718,SE,Nordic,organic_search,2024-11-15,2024-03-24,2024-12-25,3,136.32,45.44,276,churned
CUST002446,FR,Western Europe,referral,2025-07-24,2024-03-26,2025-11-22,8,2646.58,330.82,606,active
CUST003737,NL,Western Europe,social_media,2025-09-14,2024-03-27,2025-10-22,4,989.51,247.38,574,active
CUST000782,GB,Western Europe,referral,2023-01-26,2024-03-29,2025-12-30,9,1196.46,132.94,641,active
CUST002267,GB,Western Europe,organic_search,2023-08-21,2024-03-30,2025-12-22,10,2484.70,248.47,632,active
CUST001224,IT,Southern Europe,social_media,2023-08-04,2024-03-30,2025-09-02,7,4099.75,585.68,521,at_risk
CUST003642,IT,Southern Europe,referral,2023-06-08,2024-04-01,2025-09-25,3,1076.44,358.81,542,at_risk
CUST001507,GB,Western Europe,email,2024-11-21,2024-04-01,2025-12-29,5,605.32,121.06,637,active
CUST001109,NL,Western Europe,referral,2023-09-11,2024-04-03,2025-12-27,5,1605.30,321.06,633,active
CUST000390,ES,Southern Europe,social_media,2025-11-12,2024-04-03,2025-06-14,5,2923.94,584.79,437,churned
CUST003346,NL,Western Europe,organic_search,2023-01-14,2024-04-04,2025-02-01,4,465.18,116.3,303,churned
CUST001022,FR,Western Europe,referral,2024-06-18,2024-04-06,2025-12-29,6,1576.51,262.75,632,active
CUST003197,IT,Southern Europe,social_media,2024-04-03,2024-04-08,2025-08-31,4,859.28,214.82,510,at_risk
CUST000516,DE,Western Europe,email,2023-02-22,2024-04-10,2025-08-01,6,1162.32,193.72,478,at_risk
CUST003432,SE,Nordic,social_media,2025-11-07,2024-04-11,2025-10-08,8,3137.11,392.14,545,active
CUST001831,SE,Nordic,email,2023-05-15,2024-04-11,2024-08-22,2,205.55,102.78,133,churned
CUST001677,DE,Western Europe,organic_search,2024-11-13,2024-04-13,2025-11-21,7,3507.43,501.06,587,active
CUST001062,SE,Nordic,paid_search,2025-06-14,2024-04-21,2025-04-23,3,1252.57,417.52,367,churned
CUST001029,FR,Western Europe,referral,2025-08-05,2024-04-21,2025-10-20,4,515.79,128.95,547,active
CUST003451,GB,Western Europe,social_media,2024-10-14,2024-04-23,2025-12-16,6,986.46,164.41,602,active
CUST002980,SE,Nordic,social_media,2023-04-23,2024-04-24,2025-06-10,7,2043.73,291.96,412,churned
CUST000324,FR,Western Europe,organic_search,2025-07-10,2024-04-25,2025-07-12,2,623.69,311.85,443,at_risk
CUST000847,DE,Western Europe,social_media,2023-05-06,2024-04-25,2025-11-28,7,1955.99,279.43,582,active
CUST002474,NL,Western Europe,referral,2024-01-09,2024-04-28,2025-12-27,4,1675.08,418.77,608,active
CUST000048,GB,Western Europe,social_media,2025-01-26,2024-04-29,2025-10-14,7,1669.64,238.52,533,active
CUST002797,DE,Western Europe,direct,2023-12-27,2024-05-01,2025-04-09,5,1907.01,381.4,343,churned
CUST001725,NL,Western Europe,direct,2023-07-19,2024-05-01,2025-12-17,7,1981.63,283.09,595,active
CUST003815,FR,Western Europe,email,2023-11-24,2024-05-03,2025-12-08,9,4261.79,473.53,584,active
CUST002237,IT,Southern Europe,referral,2025-12-23,2024-05-06,2025-10-21,6,2148.96,358.16,533,active
CUST000928,GB,Western Europe,email,2023-11-27,2024-05-07,2025-03-06,4,430.66,107.67,303,churned
CUST000781,NL,Western Europe,organic_search,2025-07-02,2024-05-07,2025-12-21,8,1452.70,181.59,593,active
CUST002253,NL,Western Europe,direct,2024-12-24,2024-05-08,2025-05-07,5,922.88,184.58,364,churned
CUST002811,DE,Western Europe,direct,2024-03-08,2024-05-08,2025-10-12,2,266.14,133.07,522,active
CUST003950,DE,Western Europe,email,2025-05-14,2024-05-09,2025-02-19,4,1408.58,352.15,286,churned
CUST000858,GB,Western Europe,email,2024-11-17,2024-05-11,2024-12-19,6,2589.38,431.56,222,churned
CUST000261,GB,Western Europe,paid_search,2024-10-02,2024-05-12,2025-12-17,7,2259.97,322.85,584,active
CUST001840,DE,Western Europe,referral,2025-02-03,2024-05-13,2025-11-29,3,2039.77,679.92,565,active
CUST000926,DE,Western Europe,social_media,2025-09-18,2024-05-13,2025-12-02,2,555.41,277.71,568,active
CUST002063,ES,Southern Europe,social_media,2024-08-06,2024-05-14,2025-10-16,4,1597.02,399.26,520,active
CUST001916,NL,Western Europe,organic_search,2025-03-27,2024-05-18,2025-12-06,5,2110.40,422.08,567,active
CUST002317,FR,Western Europe,social_media,2025-05-20,2024-05-18,2025-07-24,3,427.98,142.66,432,at_risk
CUST002445,FR,Western Europe,referral,2023-03-03,2024-05-20,2025-12-09,6,1337.49,222.92,568,active
CUST003449,GB,Western Europe,organic_search,2023-11-12,2024-05-21,2025-09-11,2,734.29,367.15,478,at_risk
CUST001612,NL,Western Europe,referral,2025-07-18,2024-05-22,2025-10-25,5,471.87,94.37,521,active
CUST000581,GB,Western Europe,direct,2024-02-07,2024-05-23,2025-12-13,10,2074.02,207.4,569,active
CUST000670,FR,Western Europe,organic_search,2025-07-12,2024-05-26,2025-11-09,4,1731.59,432.9,532,active
CUST003556,GB,Western Europe,email,2025-02-01,2024-05-28,2025-12-29,6,1261.57,210.26,580,active
CUST003185,GB,Western Europe,paid_search,2023-10-29,2024-05-28,2024-09-26,3,1229.56,409.85,121,churned
CUST002519,NL,Western Europe,direct,2024-03-15,2024-05-30,2025-08-25,3,330.94,110.31,452,at_risk
CUST001438,NL,Western Europe,paid_search,2025-03-04,2024-05-30,2025-09-07,6,807.67,134.61,465,at_risk
CUST003520,DE,Western Europe,email,2025-03-07,2024-06-04,2024-11-27,4,751.00,187.75,176,churned
CUST002099,ES,Southern Europe,email,2024-12-12,2024-06-07,2024-12-02,4,281.49,70.37,178,churned
CUST002517,DE,Western Europe,organic_search,2024-10-30,2024-06-09,2025-10-14,2,72.07,36.03,492,active
CUST000087,NL,Western Europe,organic_search,2023-07-28,2024-06-13,2025-05-02,6,2793.44,465.57,323,churned
CUST002727,DE,Western Europe,direct,2024-10-24,2024-06-15,2025-12-18,9,2473.14,274.79,551,active
CUST003010,DE,Western Europe,direct,2025-05-16,2024-06-16,2025-10-04,6,3662.86,610.48,475,active
CUST001707,GB,Western Europe,direct,2025-01-22,2024-06-17,2025-12-14,6,1570.89,261.82,545,active
CUST002706,ES,Southern Europe,referral,2023-07-24,2024-06-19,2025-12-05,4,855.47,213.87,534,active
CUST000582,SE,Nordic,email,2024-01-18,2024-06-19,2025-10-25,5,1286.82,257.36,493,active
CUST001908,FR,Western Europe,direct,2025-09-24,2024-06-19,2024-11-18,2,366.40,183.2,152,churned
CUST001878,GB,Western Europe,email,2024-04-01,2024-06-20,2025-09-08,3,631.01,210.34,445,at_risk
CUST003856,DE,Western Europe,referral,2025-10-28,2024-06-26,2025-10-16,4,723.41,180.85,477,active
CUST000249,SE,Nordic,referral,2023-02-23,2024-06-29,2025-09-09,5,1885.64,377.13,437,at_risk
CUST003461,FR,Western Europe,organic_search,2024-11-12,2024-07-01,2025-12-11,7,3262.68,466.1,528,active
CUST003769,DE,Western Europe,direct,2023-02-12,2024-07-06,2024-07-06,1,116.54,116.54,0,churned
CUST002107,ES,Southern Europe,paid_search,2023-08-06,2024-07-08,2025-09-12,3,1255.79,418.6,431,at_risk
CUST003079,DE,Western Europe,organic_search,2024-07-24,2024-07-09,2025-12-03,8,1566.34,195.79,512,active
CUST002518,GB,Western Europe,organic_search,2025-01-21,2024-07-12,2025-09-25,3,235.33,78.44,440,at_risk
CUST000711,ES,Southern Europe,organic_search,2023-02-13,2024-07-16,2025-12-09,4,664.41,166.1,511,active
CUST000240,DE,Western Europe,organic_search,2023-03-05,2024-07-20,2025-12-07,4,514.79,128.7,505,active
CUST002984,ES,Southern Europe,social_media,2024-02-13,2024-07-27,2025-12-08,7,1323.35,189.05,499,active
CUST002441,GB,Western Europe,referral,2025-10-10,2024-07-29,2025-12-16,9,4912.44,545.83,505,active
CUST002055,ES,Southern Europe,organic_search,2024-01-31,2024-08-05,2025-11-27,7,3734.15,533.45,479,active
CUST003528,ES,Southern Europe,direct,2024-02-17,2024-08-06,2025-12-14,5,2107.53,421.51,495,active
CUST002565,FR,Western Europe,direct,2024-01-22,2024-08-06,2025-06-02,5,637.71,127.54,300,churned
CUST001064,FR,Western Europe,social_media,2025-11-11,2024-08-09,2025-12-20,6,2346.31,391.05,498,active
CUST001713,ES,Southern Europe,social_media,2024-05-08,2024-08-10,2025-07-22,6,1725.82,287.64,346,at_risk
CUST001448,ES,Southern Europe,paid_search,2024-12-15,2024-08-11,2025-12-24,7,2674.35,382.05,500,active
CUST003998,FR,Western Europe,paid_search,2025-03-29,2024-08-15,2025-11-16,5,1497.32,299.46,458,active
CUST000643,DE,Western Europe,referral,2024-04-15,2024-08-15,2025-04-05,4,668.91,167.23,233,churned
CUST002205,NL,Western Europe,social_media,2024-12-02,2024-08-20,2025-11-29,3,891.51,297.17,466,active
CUST001981,DE,Western Europe,paid_search,2023-11-09,2024-08-21,2025-10-30,5,745.99,149.2,435,active
CUST002901,DE,Western Europe,social_media,2025-07-15,2024-08-25,2025-08-24,6,881.02,146.84,364,at_risk
CUST003826,DE,Western Europe,paid_search,2024-12-04,2024-08-25,2025-11-19,4,752.69,188.17,451,active
CUST001700,GB,Western Europe,paid_search,2025-12-06,2024-08-31,2025-12-25,4,1291.97,322.99,481,active
CUST003165,DE,Western Europe,email,2025-02-09,2024-09-01,2025-11-21,3,2127.79,709.26,446,active
CUST003106,FR,Western Europe,direct,2023-12-26,2024-09-02,2025-02-25,4,961.56,240.39,176,churned
CUST001113,DE,Western Europe,organic_search,2023-07-20,2024-09-04,2025-12-01,3,352.81,117.6,453,active
CUST001954,NL,Western Europe,organic_search,2025-06-30,2024-09-05,2024-12-06,2,57.61,28.81,92,churned
CUST000232,GB,Western Europe,social_media,2024-08-23,2024-09-07,2025-07-20,4,1075.30,268.83,316,at_risk
CUST003596,GB,Western Europe,direct,2023-12-14,2024-09-19,2025-10-06,5,1169.55,233.91,382,active
CUST002668,NL,Western Europe,social_media,2024-06-29,2024-09-22,2025-06-06,3,209.15,69.72,257,churned
CUST000716,IT,Southern Europe,paid_search,2024-10-18,2024-09-27,2025-12-08,9,873.20,97.02,437,active
CUST002585,GB,Western Europe,organic_search,2024-01-31,2024-09-30,2025-12-25,5,705.23,141.05,451,active
CUST003345,GB,Western Europe,direct,2024-11-13,2024-10-11,2025-12-19,5,3103.64,620.73,434,active
CUST003739,ES,Southern Europe,email,2023-11-07,2024-10-12,2025-06-15,3,641.74,213.91,246,churned
CUST003992,DE,Western Europe,organic_search,2025-08-13,2024-10-13,2025-09-12,5,2031.26,406.25,334,at_risk
CUST000887,NL,Western Europe,organic_search,2025-01-27,2024-10-20,2025-10-16,5,408.04,81.61,361,active
CUST003478,GB,Western Europe,organic_search,2025-11-23,2024-10-20,2024-10-20,1,329.73,329.73,0,churned
CUST000344,FR,Western Europe,organic_search,2023-06-19,2024-10-21,2025-12-22,11,2317.86,210.71,427,active
CUST002386,GB,Western Europe,referral,2024-05-23,2024-10-21,2025-12-09,5,2220.71,444.14,414,active
CUST001688,GB,Western Europe,social_media,2025-12-28,2024-11-01,2025-12-10,4,753.02,188.26,404,active
CUST002504,SE,Nordic,direct,2024-10-18,2024-11-02,2025-12-28,7,1649.64,235.66,421,active
CUST001525,GB,Western Europe,social_media,2024-12-26,2024-11-04,2025-12-14,6,1977.62,329.6,405,active
CUST003068,SE,Nordic,organic_search,2024-03-02,2024-11-06,2025-10-20,5,466.44,93.29,348,active
CUST003433,ES,Southern Europe,direct,2023-05-26,2024-11-06,2025-11-04,6,1957.72,326.29,363,active
CUST002719,ES,Southern Europe,email,2025-10-07,2024-11-08,2025-03-03,3,360.06,120.02,115,churned
CUST001860,NL,Western Europe,paid_search,2023-09-18,2024-11-10,2025-11-22,4,1092.89,273.22,377,active
CUST003771,GB,Western Europe,organic_search,2023-10-21,2024-11-16,2025-11-12,3,734.22,244.74,361,active
CUST002704,DE,Western Europe,social_media,2023-08-16,2024-11-16,2025-11-25,5,2164.07,432.81,374,active
CUST000073,DE,Western Europe,paid_search,2024-07-10,2024-11-18,2025-11-14,6,1454.34,242.39,361,active
CUST003341,IT,Southern Europe,email,2024-04-23,2024-11-23,2025-10-18,3,948.89,316.3,329,active
CUST000466,FR,Western Europe,referral,2023-05-02,2024-11-24,2025-12-10,6,1037.58,172.93,381,active
CUST000875,DE,Western Europe,organic_search,2025-07-30,2024-11-25,2025-07-19,3,68.33,22.78,236,at_risk
CUST002294,GB,Western Europe,referral,2024-05-15,2024-11-26,2025-12-02,9,1643.71,182.63,371,active
CUST000179,IT,Southern Europe,social_media,2024-04-04,2024-11-27,2025-11-15,5,882.05,176.41,353,active
CUST000231,ES,Southern Europe,email,2025-09-07,2024-11-27,2025-12-16,5,1232.02,246.4,384,active
CUST002993,GB,Western Europe,paid_search,2023-11-29,2024-11-30,2024-11-30,1,104.67,104.67,0,churned
CUST000377,ES,Southern Europe,email,2025-11-22,2024-11-30,2024-11-30,1,218.21,218.21,0,churned
CUST001288,FR,Western Europe,social_media,2023-07-03,2024-12-01,2025-09-26,6,1121.75,186.96,299,at_risk
CUST000058,DE,Western Europe,referral,2024-01-25,2024-12-04,2025-11-27,4,1485.56,371.39,358,active
CUST001849,IT,Southern Europe,referral,2025-08-01,2024-12-04,2025-11-10,3,867.47,289.16,341,active
CUST003268,GB,Western Europe,organic_search,2025-08-15,2024-12-06,2025-06-03,2,515.10,257.55,179,churned
CUST000470,SE,Nordic,organic_search,2025-02-13,2024-12-10,2025-10-23,3,1354.89,451.63,317,active
CUST000956,FR,Western Europe,referral,2024-03-22,2024-12-12,2025-07-31,4,2664.18,666.05,231,at_risk
CUST003374,NL,Western Europe,email,2025-03-28,2024-12-12,2025-10-20,6,4315.07,719.18,312,active
CUST002506,DE,Western Europe,direct,2023-02-19,2024-12-14,2024-12-14,1,635.60,635.6,0,churned
CUST000260,DE,Western Europe,referral,2023-05-03,2024-12-17,2025-06-12,2,752.28,376.14,177,churned
CUST003515,ES,Southern Europe,direct,2025-10-17,2024-12-19,2025-09-01,4,839.20,209.8,256,at_risk
CUST002306,FR,Western Europe,organic_search,2025-09-29,2024-12-24,2025-01-30,2,111.43,55.72,37,churned
CUST002972,DE,Western Europe,direct,2024-10-02,2024-12-27,2025-10-20,2,294.29,147.15,297,active
CUST000848,SE,Nordic,social_media,2024-08-10,2025-01-04,2025-12-08,3,699.68,233.23,338,active
CUST000554,GB,Western Europe,referral,2025-09-13,2025-01-05,2025-09-16,3,1981.12,660.37,254,at_risk
CUST003767,GB,Western Europe,email,2024-06-24,2025-01-10,2025-05-08,3,564.56,188.19,118,churned
CUST002610,DE,Western Europe,email,2023-05-03,2025-01-15,2025-11-03,4,1744.01,436.0,292,active
CUST002269,DE,Western Europe,organic_search,2024-08-31,2025-01-22,2025-11-03,2,808.73,404.37,285,active
CUST003705,IT,Southern Europe,email,2023-01-09,2025-02-13,2025-09-19,4,1208.21,302.05,218,at_risk
CUST002034,SE,Nordic,direct,2025-05-30,2025-02-15,2025-11-02,2,465.15,232.58,260,active
CUST003576,FR,Western Europe,referral,2025-03-17,2025-02-17,2025-12-28,4,667.51,166.88,314,active
CUST002385,FR,Western Europe,referral,2023-07-03,2025-02-20,2025-08-11,2,340.07,170.04,172,at_risk
CUST001500,ES,Southern Europe,referral,2023-01-20,2025-02-28,2025-11-22,4,1440.88,360.22,267,active
CUST002113,DE,Western Europe,organic_search,2025-09-06,2025-03-09,2025-12-10,2,201.80,100.9,276,active
CUST003983,DE,Western Europe,paid_search,2025-07-30,2025-03-10,2025-11-22,6,1543.43,257.24,257,active
CUST003721,FR,Western Europe,direct,2025-03-12,2025-03-28,2025-10-31,4,1084.54,271.14,217,active
CUST003210,GB,Western Europe,paid_search,2024-12-14,2025-04-02,2025-04-02,1,622.20,622.2,0,churned
CUST001323,IT,Southern Europe,referral,2024-10-02,2025-04-03,2025-12-31,4,648.91,162.23,272,active
CUST001435,DE,Western Europe,paid_search,2023-06-11,2025-04-03,2025-10-03,4,706.14,176.54,183,active
CUST002527,DE,Western Europe,organic_search,2024-10-16,2025-04-06,2025-12-12,4,1460.16,365.04,250,active
CUST002802,IT,Southern Europe,email,2023-03-13,2025-04-08,2025-11-05,6,1830.08,305.01,211,active
CUST000502,GB,Western Europe,organic_search,2025-11-03,2025-05-05,2025-12-30,2,291.20,145.6,239,active
CUST000508,ES,Southern Europe,direct,2024-04-06,2025-05-23,2025-12-25,4,708.19,177.05,216,active
CUST002765,DE,Western Europe,direct,2025-04-14,2025-05-28,2025-10-03,4,235.34,58.84,128,active
CUST000666,DE,Western Europe,organic_search,2025-07-25,2025-07-17,2025-08-02,2,562.83,281.42,16,at_risk
CUST003117,NL,Western Europe,email,2025-11-11,2025-09-05,2025-12-07,2,2464.66,1232.33,93,active
CUST002816,ES,Southern Europe,organic_search,2024-04-14,2025-09-28,2025-09-28,1,82.42,82.42,0,at_risk
CUST002808,DE,Western Europe,direct,2023-11-09,2025-10-25,2025-12-31,2,138.99,69.5,67,active
CUST000873,GB,Western Europe,social_media,2025-09-14,2025-11-21,2025-12-04,2,647.61,323.81,13,active
CUST003431,GB,Western Europe,email,2025-05-30,2025-11-26,2025-12-12,2,172.60,86.3,16,active
CUST003828,GB,Western Europe,direct,2024-04-03,2025-12-14,2025-12-20,2,323.79,161.9,6,active
CUST001125,NL,Western Europe,organic_search,2023-04-04,2025-12-20,2025-12-20,1,120.58,120.58,0,active
CUST000708,ES,Southern Europe,direct,2023-11-14,2025-12-20,2025-12-20,1,17.80,17.8,0,active
CUST001814,DE,Western Europe,referral,2025-12-07,2024-01-01,2025-12-10,4,1794.90,448.73,709,active
CUST002579,FR,Western Europe,paid_search,2025-05-20,2024-01-03,2025-10-31,6,1453.78,242.3,667,active
CUST002411,NL,Western Europe,social_media,2024-02-11,2024-01-05,2025-09-21,7,1372.72,196.1,625,at_risk
CUST001891,DE,Western Europe,referral,2025-11-29,2024-01-05,2025-01-17,5,1642.53,328.51,378,churned
CUST000104,GB,Western Europe,email,2023-04-16,2024-01-06,2025-11-26,6,768.89,128.15,690,active
CUST001476,NL,Western Europe,direct,2025-03-16,2024-01-06,2025-10-26,6,1745.22,290.87,659,active
CUST002845,GB,Western Europe,email,2024-07-18,2024-01-06,2025-12-07,6,1836.45,306.08,701,active
CUST000935,DE,Western Europe,social_media,2023-04-23,2024-01-06,2025-11-19,6,860.34,143.39,683,active
CUST000076,NL,Western Europe,email,2025-09-03,2024-01-07,2025-12-24,3,856.70,285.57,717,active
CUST002568,FR,Western Europe,social_media,2023-04-13,2024-01-10,2025-07-03,4,1534.49,383.62,540,churned
CUST000185,FR,Western Europe,direct,2023-11-19,2024-01-10,2025-12-28,6,1453.28,242.21,718,active
CUST002841,FR,Western Europe,social_media,2024-08-16,2024-01-13,2025-12-02,5,996.76,199.35,689,active
CUST000774,FR,Western Europe,email,2023-04-22,2024-01-14,2025-06-19,5,2602.89,520.58,522,churned
CUST002169,NL,Western Europe,email,2024-05-24,2024-01-14,2025-11-13,7,1496.15,213.74,669,active
CUST003848,GB,Western Europe,email,2023-12-26,2024-01-15,2025-06-29,6,1822.01,303.67,531,churned
CUST003218,DE,Western Europe,organic_search,2024-10-03,2024-01-16,2025-04-14,7,2107.05,301.01,454,churned
CUST001334,SE,Nordic,referral,2025-12-19,2024-01-16,2025-12-28,7,1261.32,180.19,712,active
CUST002665,GB,Western Europe,social_media,2023-07-17,2024-01-17,2025-11-08,11,1904.53,173.14,661,active
CUST003634,FR,Western Europe,social_media,2023-11-15,2024-01-18,2025-10-18,3,506.95,168.98,639,active
CUST003110,GB,Western Europe,organic_search,2025-05-08,2024-01-22,2025-10-07,4,425.44,106.36,624,active
CUST001496,NL,Western Europe,organic_search,2025-02-23,2024-01-23,2024-11-30,3,622.28,207.43,312,churned
CUST002200,FR,Western Europe,email,2024-07-01,2024-01-24,2025-11-30,8,1507.30,188.41,676,active
CUST002779,FR,Western Europe,direct,2024-06-28,2024-01-24,2025-09-24,4,563.79,140.95,609,at_risk
CUST000677,DE,Western Europe,email,2024-08-05,2024-01-24,2025-11-22,3,250.76,83.59,668,active
CUST002930,FR,Western Europe,social_media,2024-02-22,2024-01-26,2025-12-16,7,2038.42,291.2,690,active
CUST000272,ES,Southern Europe,referral,2025-08-28,2024-01-27,2025-12-31,5,1557.19,311.44,704,active
CUST000546,FR,Western Europe,direct,2024-11-04,2024-01-27,2025-12-27,5,1152.99,230.6,700,active
CUST002618,FR,Western Europe,direct,2024-06-02,2024-01-28,2025-05-01,5,1587.60,317.52,459,churned
CUST001169,DE,Western Europe,social_media,2025-07-17,2024-01-28,2025-12-18,3,386.96,128.99,690,active
CUST003004,GB,Western Europe,social_media,2025-08-04,2024-01-30,2025-12-09,5,1023.21,204.64,679,active
CUST003700,FR,Western Europe,referral,2024-09-20,2024-01-30,2025-11-23,9,2517.89,279.77,663,active
CUST001355,GB,Western Europe,email,2025-05-27,2024-02-02,2024-11-24,2,823.58,411.79,296,churned
CUST002627,DE,Western Europe,organic_search,2024-06-30,2024-02-02,2025-12-07,4,826.11,206.53,674,active
CUST000828,FR,Western Europe,direct,2023-08-11,2024-02-03,2025-12-24,6,1435.35,239.23,690,active
CUST001643,GB,Western Europe,email,2024-02-10,2024-02-03,2025-10-14,4,1047.39,261.85,619,active
CUST003265,ES,Southern Europe,referral,2025-05-27,2024-02-04,2025-12-10,7,2896.46,413.78,675,active
CUST000106,DE,Western Europe,referral,2023-06-24,2024-02-04,2025-07-07,5,1509.68,301.94,519,at_risk
CUST001083,FR,Western Europe,direct,2023-09-26,2024-02-04,2025-11-17,6,1952.50,325.42,652,active
CUST001705,FR,Western Europe,organic_search,2025-07-28,2024-02-05,2025-12-23,10,2787.84,278.78,687,active
CUST001893,ES,Southern Europe,organic_search,2023-09-16,2024-02-05,2025-03-26,6,2014.65,335.78,415,churned
CUST002171,NL,Western Europe,email,2025-01-06,2024-02-08,2025-11-12,6,1292.01,215.34,643,active
CUST000026,ES,Southern Europe,paid_search,2023-05-26,2024-02-09,2025-10-15,5,997.33,199.47,614,active
CUST000690,DE,Western Europe,organic_search,2025-06-23,2024-02-09,2025-12-30,3,1475.96,491.99,690,active
CUST000020,FR,Western Europe,paid_search,2025-09-27,2024-02-10,2025-12-22,7,1282.01,183.14,681,active
CUST003316,NL,Western Europe,referral,2023-11-29,2024-02-11,2025-12-27,6,2316.06,386.01,685,active
CUST002846,FR,Western Europe,paid_search,2023-02-05,2024-02-12,2025-11-25,6,2423.46,403.91,652,active
CUST003709,FR,Western Europe,referral,2024-05-12,2024-02-13,2025-12-18,5,2799.75,559.95,674,active
CUST002510,IT,Southern Europe,direct,2025-04-19,2024-02-15,2025-11-20,5,1748.93,349.79,644,active
CUST002153,NL,Western Europe,email,2023-01-07,2024-02-16,2025-12-23,10,4541.12,454.11,676,active
CUST000214,DE,Western Europe,social_media,2024-08-06,2024-02-17,2025-11-04,10,3092.89,309.29,626,active
CUST003381,FR,Western Europe,referral,2024-04-20,2024-02-17,2025-12-24,7,2472.09,353.16,676,active
CUST003547,DE,Western Europe,email,2023-11-01,2024-02-17,2025-08-04,3,402.61,134.2,534,at_risk
CUST002960,ES,Southern Europe,social_media,2024-01-28,2024-02-18,2025-07-26,4,1289.98,322.5,524,at_risk
CUST001521,DE,Western Europe,email,2025-01-14,2024-02-19,2025-11-16,9,2843.47,315.94,636,active
CUST002606,GB,Western Europe,paid_search,2025-05-21,2024-02-21,2025-09-20,5,3112.96,622.59,577,at_risk
CUST003887,IT,Southern Europe,referral,2025-02-06,2024-02-21,2025-07-30,8,4457.97,557.25,525,at_risk
CUST001753,DE,Western Europe,social_media,2025-08-07,2024-02-24,2025-12-13,7,4313.79,616.26,658,active
CUST000186,NL,Western Europe,organic_search,2025-09-21,2024-02-24,2025-11-22,9,3307.96,367.55,637,active
CUST002940,DE,Western Europe,direct,2024-09-04,2024-02-25,2025-02-03,4,1822.38,455.6,344,churned
CUST001153,NL,Western Europe,social_media,2023-01-15,2024-02-27,2025-06-28,4,1147.79,286.95,487,churned
CUST000624,GB,Western Europe,paid_search,2023-12-06,2024-02-27,2025-05-27,5,876.36,175.27,455,churned
CUST000424,GB,Western Europe,email,2025-06-14,2024-03-01,2025-06-04,4,1293.14,323.29,460,churned
CUST001167,ES,Southern Europe,referral,2024-09-09,2024-03-01,2025-08-23,7,543.16,77.59,540,at_risk
CUST002207,FR,Western Europe,referral,2024-05-17,2024-03-01,2025-05-25,4,1866.31,466.58,450,churned
CUST001974,GB,Western Europe,email,2024-04-01,2024-03-02,2025-08-31,6,1307.05,217.84,547,at_risk
CUST000477,DE,Western Europe,social_media,2023-11-30,2024-03-03,2025-12-21,7,3216.08,459.44,658,active
CUST003285,GB,Western Europe,organic_search,2024-11-04,2024-03-03,2025-11-22,5,1307.41,261.48,629,active
CUST001036,NL,Western Europe,paid_search,2025-08-18,2024-03-03,2025-08-15,3,468.19,156.06,530,at_risk
CUST003302,SE,Nordic,direct,2023-07-30,2024-03-03,2025-11-16,6,2324.81,387.47,623,active
CUST001945,ES,Southern Europe,organic_search,2024-01-07,2024-03-06,2025-12-20,6,2418.87,403.15,654,active
CUST000284,DE,Western Europe,social_media,2025-03-19,2024-03-07,2025-12-07,3,1795.65,598.55,640,active
CUST002213,DE,Western Europe,paid_search,2025-08-27,2024-03-07,2025-04-24,11,2647.50,240.68,413,churned
CUST000746,IT,Southern Europe,organic_search,2024-04-23,2024-03-10,2025-12-04,10,1929.95,193.0,634,active
CUST000987,NL,Western Europe,organic_search,2025-02-12,2024-03-10,2025-08-30,7,1577.34,225.33,538,at_risk
CUST001426,SE,Nordic,paid_search,2023-09-14,2024-03-10,2025-12-12,8,2423.86,302.98,642,active
CUST001880,GB,Western Europe,direct,2024-06-10,2024-03-11,2025-10-19,6,2681.49,446.92,587,active
CUST002933,DE,Western Europe,referral,2024-04-07,2024-03-11,2025-09-06,5,1037.54,207.51,544,at_risk
CUST003286,DE,Western Europe,paid_search,2025-08-22,2024-03-12,2025-11-21,5,1456.56,291.31,619,active
CUST000896,DE,Western Europe,paid_search,2023-12-27,2024-03-12,2025-07-31,8,1406.62,175.83,506,at_risk
CUST000289,FR,Western Europe,organic_search,2024-02-13,2024-03-12,2025-12-26,6,2151.90,358.65,654,active
CUST000745,DE,Western Europe,email,2024-09-16,2024-03-16,2025-12-23,10,2429.89,242.99,647,active
CUST000947,DE,Western Europe,organic_search,2025-05-04,2024-03-16,2025-10-22,4,539.37,134.84,585,active
CUST000015,DE,Western Europe,email,2023-11-10,2024-03-16,2025-09-29,7,3116.57,445.22,562,at_risk
CUST002105,ES,Southern Europe,direct,2024-04-09,2024-03-17,2025-11-10,7,1416.65,202.38,603,active
CUST003573,ES,Southern Europe,paid_search,2024-07-01,2024-03-17,2025-12-29,4,2298.56,574.64,652,active
CUST001270,FR,Western Europe,direct,2023-05-24,2024-03-18,2025-11-03,8,2830.08,353.76,595,active
CUST003217,DE,Western Europe,social_media,2024-07-07,2024-03-19,2025-12-19,3,306.92,102.31,640,active
CUST001594,DE,Western Europe,organic_search,2023-03-08,2024-03-22,2025-12-25,14,3760.47,268.6,643,active
CUST003006,ES,Southern Europe,paid_search,2025-12-07,2024-03-23,2025-11-17,4,572.16,143.04,604,active
CUST000291,DE,Western Europe,paid_search,2023-12-27,2024-03-23,2025-12-05,5,814.55,162.91,622,active
CUST000545,GB,Western Europe,direct,2023-07-14,2024-03-27,2025-11-15,3,1787.01,595.67,598,active
CUST003699,IT,Southern Europe,organic_search,2024-07-24,2024-03-27,2025-11-08,5,1570.67,314.13,591,active
CUST002949,FR,Western Europe,direct,2023-08-19,2024-03-28,2025-12-24,10,5483.77,548.38,636,active
CUST003707,NL,Western Europe,organic_search,2023-08-27,2024-03-29,2025-11-20,5,780.10,156.02,601,active
CUST002416,SE,Nordic,referral,2025-07-05,2024-03-30,2025-09-12,7,2780.07,397.15,531,at_risk
CUST000412,SE,Nordic,social_media,2023-05-21,2024-03-31,2025-10-24,7,2125.82,303.69,572,active
CUST002617,FR,Western Europe,referral,2024-09-26,2024-03-31,2025-07-27,3,2909.93,969.98,483,at_risk
CUST003959,DE,Western Europe,direct,2025-02-26,2024-04-06,2025-06-15,4,928.57,232.14,435,churned
CUST000165,DE,Western Europe,social_media,2024-05-28,2024-04-06,2025-12-19,5,611.31,122.26,622,active
CUST003535,DE,Western Europe,direct,2023-07-12,2024-04-09,2025-12-28,8,1181.26,147.66,628,active
CUST003227,DE,Western Europe,social_media,2023-08-05,2024-04-10,2025-12-15,4,907.03,226.76,614,active
CUST000343,DE,Western Europe,organic_search,2023-07-11,2024-04-12,2025-03-03,4,793.88,198.47,325,churned
CUST000127,ES,Southern Europe,referral,2024-05-14,2024-04-13,2025-11-21,6,1126.59,187.77,587,active
CUST001092,GB,Western Europe,email,2025-01-10,2024-04-13,2025-12-27,7,3031.43,433.06,623,active
CUST002408,DE,Western Europe,email,2023-10-08,2024-04-15,2025-12-30,3,1512.76,504.25,624,active
CUST002978,DE,Western Europe,organic_search,2023-12-15,2024-04-16,2025-12-07,7,1399.40,199.91,600,active
CUST000096,GB,Western Europe,direct,2025-10-02,2024-04-17,2025-11-02,5,2269.45,453.89,564,active
CUST001946,GB,Western Europe,email,2025-04-06,2024-04-17,2025-04-01,4,1107.40,276.85,349,churned
CUST002137,DE,Western Europe,social_media,2024-04-06,2024-04-20,2025-11-21,3,671.30,223.77,580,active
CUST000975,DE,Western Europe,email,2023-12-12,2024-04-21,2025-12-11,6,3322.58,553.76,599,active
CUST003655,DE,Western Europe,paid_search,2025-11-14,2024-04-22,2025-10-28,5,1385.31,277.06,554,active
CUST000876,DE,Western Europe,social_media,2024-01-27,2024-04-23,2025-04-09,6,2276.50,379.42,351,churned
CUST002402,DE,Western Europe,organic_search,2023-06-03,2024-04-23,2025-02-14,6,1191.11,198.52,297,churned
CUST003219,NL,Western Europe,email,2023-10-20,2024-04-24,2025-03-03,8,2731.71,341.46,313,churned
CUST003097,SE,Nordic,paid_search,2024-03-31,2024-04-25,2025-08-15,4,1392.64,348.16,477,at_risk
CUST001537,DE,Western Europe,organic_search,2024-04-12,2024-04-26,2025-11-15,7,709.86,101.41,568,active
CUST003206,ES,Southern Europe,referral,2025-10-11,2024-04-26,2025-06-01,7,2238.91,319.84,401,churned
CUST002095,FR,Western Europe,email,2025-07-06,2024-04-27,2025-03-08,3,525.37,175.12,315,churned
CUST003086,NL,Western Europe,email,2023-11-08,2024-04-28,2025-11-25,2,390.82,195.41,576,active
CUST000612,ES,Southern Europe,social_media,2025-09-24,2024-04-29,2025-03-07,3,749.06,249.69,312,churned
CUST002042,GB,Western Europe,paid_search,2024-03-20,2024-04-29,2025-12-04,6,1015.45,169.24,584,active
CUST002379,FR,Western Europe,referral,2024-09-03,2024-04-29,2025-12-04,8,2461.18,307.65,584,active
CUST002454,FR,Western Europe,social_media,2025-03-12,2024-04-29,2025-12-31,7,1757.57,251.08,611,active
CUST003847,SE,Nordic,organic_search,2023-10-25,2024-05-11,2024-08-17,3,583.27,194.42,98,churned
CUST001941,DE,Western Europe,social_media,2025-03-22,2024-05-11,2025-12-11,8,1485.04,185.63,579,active
CUST003354,GB,Western Europe,email,2024-04-06,2024-05-12,2025-11-21,4,995.15,248.79,558,active
CUST002368,GB,Western Europe,organic_search,2023-05-31,2024-05-14,2025-05-11,4,655.44,163.86,362,churned
CUST000488,FR,Western Europe,direct,2023-05-05,2024-05-14,2024-12-26,5,2384.07,476.81,226,churned
CUST003558,GB,Western Europe,direct,2023-02-08,2024-05-15,2025-11-20,4,703.27,175.82,554,active
CUST003168,DE,Western Europe,social_media,2023-07-28,2024-05-19,2025-12-27,10,1920.98,192.1,587,active
CUST001670,ES,Southern Europe,direct,2024-05-21,2024-05-19,2025-12-17,4,1665.88,416.47,577,active
CUST001553,ES,Southern Europe,paid_search,2023-12-21,2024-05-20,2025-11-16,5,705.97,141.19,545,active
CUST003587,GB,Western Europe,paid_search,2025-09-14,2024-05-21,2025-12-10,7,2831.49,404.5,568,active
CUST002931,GB,Western Europe,social_media,2025-04-04,2024-05-23,2025-09-08,3,376.66,125.55,473,at_risk
CUST002225,DE,Western Europe,paid_search,2025-05-06,2024-05-24,2025-10-23,2,367.54,183.77,517,active
CUST000119,IT,Southern Europe,email,2024-10-19,2024-05-24,2025-05-12,4,360.77,90.19,353,churned
CUST003491,DE,Western Europe,referral,2023-12-10,2024-05-28,2025-12-14,6,1278.55,213.09,565,active
CUST001363,GB,Western Europe,direct,2025-11-13,2024-05-29,2025-12-31,6,3780.75,630.13,581,active
CUST003065,GB,Western Europe,social_media,2025-03-24,2024-05-29,2025-12-23,10,3201.65,320.17,573,active
CUST003603,DE,Western Europe,organic_search,2023-11-05,2024-06-03,2025-12-06,7,3851.47,550.21,551,active
CUST000820,FR,Western Europe,social_media,2025-01-14,2024-06-06,2025-12-30,7,2966.54,423.79,572,active
CUST003401,DE,Western Europe,referral,2025-05-16,2024-06-06,2025-12-05,4,858.72,214.68,547,active
CUST002697,NL,Western Europe,organic_search,2023-02-26,2024-06-07,2025-12-28,7,3961.55,565.94,569,active
CUST000197,NL,Western Europe,direct,2024-04-28,2024-06-09,2025-10-23,7,2510.67,358.67,501,active
CUST002481,FR,Western Europe,social_media,2025-04-30,2024-06-13,2024-11-07,3,1654.13,551.38,147,churned
CUST003857,FR,Western Europe,direct,2025-03-24,2024-06-15,2025-11-18,7,3907.40,558.2,521,active
CUST000293,ES,Southern Europe,paid_search,2025-07-19,2024-06-17,2025-08-10,5,1118.31,223.66,419,at_risk
CUST000856,DE,Western Europe,referral,2024-08-14,2024-06-19,2025-07-04,3,1023.91,341.3,380,at_risk
CUST001569,GB,Western Europe,direct,2023-10-18,2024-06-20,2025-08-09,6,957.84,159.64,415,at_risk
CUST000118,DE,Western Europe,email,2025-06-11,2024-06-23,2024-11-02,2,1075.29,537.65,132,churned
CUST001801,SE,Nordic,social_media,2025-11-30,2024-06-24,2025-11-26,4,1514.33,378.58,520,active
CUST002874,FR,Western Europe,paid_search,2024-05-25,2024-06-25,2024-12-14,2,216.27,108.14,172,churned
CUST003575,IT,Southern Europe,email,2024-05-25,2024-06-28,2025-11-20,8,3581.85,447.73,510,active
CUST003557,FR,Western Europe,social_media,2023-04-19,2024-06-30,2025-12-09,4,973.99,243.5,527,active
CUST002951,ES,Southern Europe,paid_search,2025-12-29,2024-06-30,2025-12-10,2,211.74,105.87,528,active
CUST001872,DE,Western Europe,direct,2025-08-20,2024-07-04,2025-11-11,3,1433.77,477.92,495,active
CUST001769,FR,Western Europe,referral,2024-09-01,2024-07-10,2024-12-25,3,1009.14,336.38,168,churned
CUST001266,DE,Western Europe,social_media,2025-11-27,2024-07-16,2024-07-16,1,796.91,796.91,0,churned
CUST003480,FR,Western Europe,referral,2025-01-30,2024-07-16,2025-12-19,3,548.59,182.86,521,active
CUST000490,IT,Southern Europe,paid_search,2023-09-04,2024-07-26,2025-05-03,3,829.50,276.5,281,churned
CUST000826,IT,Southern Europe,referral,2023-06-09,2024-07-27,2025-08-06,6,937.35,156.23,375,at_risk
CUST001052,GB,Western Europe,social_media,2025-09-09,2024-07-28,2025-12-13,10,4295.70,429.57,503,active
CUST001050,DE,Western Europe,organic_search,2023-07-13,2024-08-02,2024-11-01,2,307.45,153.73,91,churned
CUST003472,ES,Southern Europe,social_media,2025-07-30,2024-08-05,2025-09-18,6,1880.44,313.41,409,at_risk
CUST003493,IT,Southern Europe,paid_search,2025-03-27,2024-08-05,2025-09-13,5,1095.41,219.08,404,at_risk
CUST003538,FR,Western Europe,organic_search,2025-06-08,2024-08-06,2025-12-07,9,3164.39,351.6,488,active
CUST001243,ES,Southern Europe,referral,2023-05-19,2024-08-08,2025-11-01,6,2611.43,435.24,450,active
CUST001567,NL,Western Europe,referral,2025-04-08,2024-08-10,2025-05-30,4,1944.46,486.12,293,churned
CUST000444,FR,Western Europe,paid_search,2024-10-30,2024-08-13,2025-09-20,3,717.44,239.15,403,at_risk
CUST002194,GB,Western Europe,social_media,2025-11-15,2024-08-14,2025-06-09,3,633.47,211.16,299,churned
CUST001884,ES,Southern Europe,paid_search,2025-11-30,2024-08-18,2025-11-21,4,1838.19,459.55,460,active
CUST001415,GB,Western Europe,organic_search,2025-12-15,2024-08-20,2024-11-27,3,1550.37,516.79,99,churned
CUST003179,ES,Southern Europe,social_media,2023-04-28,2024-08-21,2025-11-22,7,3443.59,491.94,458,active
CUST002685,FR,Western Europe,email,2023-06-30,2024-08-23,2025-12-31,7,3068.00,438.29,495,active
CUST003548,GB,Western Europe,organic_search,2024-10-10,2024-08-24,2025-11-18,5,399.85,79.97,451,active
CUST003311,NL,Western Europe,email,2023-03-09,2024-08-24,2025-08-01,5,529.00,105.8,342,at_risk
CUST003085,NL,Western Europe,organic_search,2023-09-06,2024-08-25,2025-11-16,3,2179.45,726.48,448,active
CUST001794,NL,Western Europe,direct,2025-04-17,2024-08-27,2025-07-16,4,568.60,142.15,323,at_risk
CUST002619,ES,Southern Europe,direct,2024-06-05,2024-08-30,2024-12-31,3,3092.67,1030.89,123,churned
CUST001137,ES,Southern Europe,organic_search,2025-04-13,2024-08-31,2025-11-01,3,478.43,159.48,427,active
CUST001666,ES,Southern Europe,referral,2023-12-31,2024-09-02,2025-04-17,3,1550.24,516.75,227,churned
CUST003929,NL,Western Europe,social_media,2024-09-23,2024-09-05,2025-01-19,3,431.38,143.79,136,churned
CUST000938,IT,Southern Europe,organic_search,2025-03-25,2024-09-07,2025-12-16,6,2113.99,352.33,465,active
CUST001098,DE,Western Europe,organic_search,2025-06-25,2024-09-07,2025-12-01,6,2474.09,412.35,450,active
CUST002167,GB,Western Europe,paid_search,2025-11-05,2024-09-08,2025-12-29,4,734.80,183.7,477,active
CUST000117,ES,Southern Europe,social_media,2023-03-24,2024-09-09,2025-11-16,6,1308.95,218.16,433,active
CUST003017,NL,Western Europe,referral,2024-02-28,2024-09-10,2025-12-26,5,1845.13,369.03,472,active
CUST002932,NL,Western Europe,paid_search,2023-01-02,2024-09-10,2025-12-08,4,799.55,199.89,454,active
CUST003713,NL,Western Europe,social_media,2023-04-11,2024-09-10,2025-08-04,3,578.33,192.78,328,at_risk
CUST003858,GB,Western Europe,referral,2025-06-10,2024-09-15,2025-12-13,6,2917.25,486.21,454,active
CUST000688,FR,Western Europe,email,2023-10-04,2024-09-17,2025-12-20,6,1885.77,314.3,459,active
CUST000574,GB,Western Europe,email,2025-05-04,2024-09-20,2025-10-15,4,507.58,126.9,390,active
CUST002482,IT,Southern Europe,direct,2025-12-26,2024-09-24,2025-10-23,3,1746.59,582.2,394,active
CUST001456,IT,Southern Europe,email,2025-05-27,2024-09-26,2025-08-29,4,1295.38,323.85,337,at_risk
CUST003204,ES,Southern Europe,social_media,2023-12-07,2024-09-26,2025-12-28,5,929.80,185.96,458,active
CUST001539,DE,Western Europe,referral,2025-01-16,2024-10-05,2025-11-20,4,1541.95,385.49,411,active
CUST003297,GB,Western Europe,email,2025-02-18,2024-10-09,2025-12-03,8,1826.21,228.28,420,active
CUST000958,DE,Western Europe,referral,2024-09-30,2024-10-10,2024-10-10,1,454.73,454.73,0,churned
CUST003027,IT,Southern Europe,direct,2025-08-03,2024-10-11,2025-10-16,2,699.43,349.72,370,active
CUST001889,NL,Western Europe,paid_search,2024-07-26,2024-10-11,2025-11-01,5,853.96,170.79,386,active
CUST000056,IT,Southern Europe,referral,2024-06-18,2024-10-13,2025-11-08,4,1522.76,380.69,391,active
CUST002604,FR,Western Europe,social_media,2023-09-25,2024-10-15,2025-11-13,3,420.08,140.03,394,active
CUST001571,GB,Western Europe,email,2024-07-17,2024-10-18,2025-12-15,7,1874.17,267.74,423,active
CUST000370,DE,Western Europe,referral,2024-05-23,2024-10-22,2025-10-19,2,630.15,315.08,362,active
CUST003964,GB,Western Europe,social_media,2023-05-28,2024-10-24,2025-12-06,5,1951.94,390.39,408,active
CUST003922,FR,Western Europe,direct,2023-03-07,2024-10-26,2025-09-14,5,1421.08,284.22,323,at_risk
CUST001194,GB,Western Europe,email,2024-02-20,2024-10-30,2025-09-04,6,2903.17,483.86,309,at_risk
CUST001139,GB,Western Europe,paid_search,2023-06-21,2024-11-07,2025-02-05,2,1067.53,533.77,90,churned
CUST003663,DE,Western Europe,referral,2024-08-19,2024-11-07,2025-11-10,6,746.09,124.35,368,active
CUST000644,FR,Western Europe,paid_search,2024-11-24,2024-11-08,2025-05-14,2,1013.78,506.89,187,churned
CUST000541,SE,Nordic,referral,2024-11-08,2024-11-09,2025-04-09,4,1087.48,271.87,151,churned
CUST000815,ES,Southern Europe,organic_search,2023-03-01,2024-11-13,2024-12-02,3,781.08,260.36,19,churned
CUST002121,ES,Southern Europe,email,2023-04-10,2024-11-15,2025-10-24,4,1545.78,386.45,343,active
CUST001303,DE,Western Europe,email,2025-03-14,2024-11-22,2025-08-18,4,282.46,70.61,269,at_risk
CUST002139,DE,Western Europe,direct,2023-09-18,2024-11-22,2025-10-21,5,977.83,195.57,333,active
CUST001105,SE,Nordic,paid_search,2023-03-17,2024-11-23,2025-11-17,4,515.48,128.87,359,active
CUST002209,FR,Western Europe,paid_search,2023-08-07,2024-11-24,2025-12-18,5,1141.90,228.38,389,active
CUST003489,DE,Western Europe,organic_search,2025-07-15,2024-11-24,2025-12-16,3,1316.36,438.79,387,active
CUST002686,DE,Western Europe,organic_search,2024-09-28,2024-11-27,2025-09-21,5,2164.13,432.83,298,at_risk
CUST001771,GB,Western Europe,paid_search,2025-06-01,2024-11-29,2025-05-12,2,359.83,179.92,164,churned
CUST000957,GB,Western Europe,email,2025-05-04,2024-11-30,2025-03-03,5,736.20,147.24,93,churned
CUST001737,FR,Western Europe,referral,2023-12-16,2024-12-01,2025-12-10,3,1107.43,369.14,374,active
CUST002023,IT,Southern Europe,referral,2023-06-04,2024-12-06,2025-09-25,4,1275.85,318.96,293,at_risk
CUST003875,DE,Western Europe,organic_search,2023-08-22,2024-12-15,2025-05-17,4,1337.49,334.37,153,churned
CUST003018,FR,Western Europe,direct,2024-02-26,2024-12-18,2025-08-25,4,1195.69,298.92,250,at_risk
CUST001171,GB,Western Europe,email,2024-02-01,2024-12-20,2025-11-17,3,1086.72,362.24,332,active
CUST001505,FR,Western Europe,referral,2025-02-23,2024-12-21,2024-12-21,1,201.64,201.64,0,churned
CUST001420,IT,Southern Europe,social_media,2023-06-01,2024-12-22,2025-12-30,6,1485.20,247.53,373,active
CUST002710,FR,Western Europe,social_media,2024-03-15,2024-12-24,2025-11-13,6,4402.08,733.68,324,active
CUST002768,DE,Western Europe,paid_search,2024-04-05,2024-12-26,2025-11-20,3,1265.99,422.0,329,active
CUST003725,FR,Western Europe,paid_search,2024-01-27,2024-12-27,2025-09-09,4,343.04,85.76,256,at_risk
CUST002961,DE,Western Europe,organic_search,2025-07-08,2024-12-28,2025-11-27,4,1435.65,358.91,334,active
CUST001767,NL,Western Europe,direct,2023-04-13,2025-01-01,2025-10-24,3,492.37,164.12,296,active
CUST001739,FR,Western Europe,organic_search,2023-07-05,2025-01-10,2025-11-01,8,1755.59,219.45,295,active
CUST001721,DE,Western Europe,email,2023-03-04,2025-01-23,2025-12-15,7,2184.87,312.12,326,active
CUST000948,IT,Southern Europe,email,2025-10-06,2025-02-01,2025-08-07,5,624.89,124.98,187,at_risk
CUST003484,IT,Southern Europe,organic_search,2023-11-07,2025-02-06,2025-09-09,4,1880.75,470.19,215,at_risk
CUST001428,SE,Nordic,social_media,2025-01-30,2025-02-12,2025-09-10,5,920.02,184.0,210,at_risk
CUST003382,FR,Western Europe,organic_search,2023-02-03,2025-02-15,2025-12-05,3,1117.11,372.37,293,active
CUST000028,GB,Western Europe,direct,2024-12-26,2025-02-15,2025-03-01,2,206.43,103.22,14,churned
CUST000366,FR,Western Europe,social_media,2023-02-25,2025-02-19,2025-12-16,7,1986.05,283.72,300,active
CUST000280,ES,Southern Europe,social_media,2025-12-12,2025-02-20,2025-12-16,6,2243.40,373.9,299,active
CUST000741,GB,Western Europe,email,2025-09-01,2025-02-28,2025-12-20,3,819.45,273.15,295,active
CUST003308,DE,Western Europe,referral,2025-07-26,2025-03-04,2025-12-06,5,1780.75,356.15,277,active
CUST003873,DE,Western Europe,paid_search,2025-09-22,2025-03-17,2025-12-08,5,1164.01,232.8,266,active
CUST003835,GB,Western Europe,organic_search,2025-01-02,2025-04-29,2025-12-01,4,657.10,164.28,216,active
CUST000201,GB,Western Europe,organic_search,2025-07-14,2025-05-25,2025-12-12,3,587.29,195.76,201,active
CUST001399,GB,Western Europe,organic_search,2023-06-21,2025-06-14,2025-11-19,3,140.85,46.95,158,active
CUST003838,DE,Western Europe,direct,2025-09-01,2025-06-27,2025-12-23,4,910.40,227.6,179,active
CUST002310,FR,Western Europe,direct,2024-02-06,2025-07-16,2025-12-07,2,385.31,192.66,144,active
CUST003414,FR,Western Europe,email,2024-10-21,2025-08-04,2025-10-25,3,151.85,50.62,82,active
CUST001121,IT,Southern Europe,referral,2023-01-05,2025-09-04,2025-11-23,3,270.24,90.08,80,active
CUST003962,FR,Western Europe,social_media,2025-04-17,2025-12-11,2025-12-11,1,769.25,769.25,0,active
CUST000973,NL,Western Europe,email,2025-01-22,2025-12-20,2025-12-20,1,56.68,56.68,0,active
CUST002327,ES,Southern Europe,organic_search,2023-06-21,,,0,0.00,,,never_purchased
CUST001568,DE,Western Europe,organic_search,2025-06-18,,,0,0.00,,,never_purchased
CUST001629,DE,Western Europe,organic_search,2024-04-25,,,0,0.00,,,never_purchased
CUST002684,FR,Western Europe,organic_search,2025-04-24,,,0,0.00,,,never_purchased
CUST002179,NL,Western Europe,email,2023-05-18,,,0,0.00,,,never_purchased
CUST003019,DE,Western Europe,paid_search,2025-11-09,,,0,0.00,,,never_purchased
CUST003131,ES,Southern Europe,paid_search,2024-09-28,,,0,0.00,,,never_purchased
CUST001188,DE,Western Europe,organic_search,2025-02-05,,,0,0.00,,,never_purchased
CUST002204,DE,Western Europe,organic_search,2024-03-24,,,0,0.00,,,never_purchased
CUST003720,FR,Western Europe,social_media,2025-02-05,,,0,0.00,,,never_purchased
CUST001694,DE,Western Europe,email,2025-04-12,,,0,0.00,,,never_purchased
CUST000454,IT,Southern Europe,email,2025-05-23,,,0,0.00,,,never_purchased
CUST000258,NL,Western Europe,direct,2024-03-07,,,0,0.00,,,never_purchased
CUST002313,GB,Western Europe,email,2025-02-13,,,0,0.00,,,never_purchased
CUST003398,ES,Southern Europe,paid_search,2025-05-16,,,0,0.00,,,never_purchased
CUST000840,GB,Western Europe,referral,2025-05-19,,,0,0.00,,,never_purchased
CUST002850,FR,Western Europe,email,2023-09-22,,,0,0.00,,,never_purchased
CUST001344,NL,Western Europe,email,2025-04-10,,,0,0.00,,,never_purchased
CUST002991,DE,Western Europe,email,2023-07-27,,,0,0.00,,,never_purchased
