customer_id,first_name,last_name,email,gender,birth_date,signup_date,country_code,country_name,region,city,acquisition_channel,marketing_opt_in
CUST000001,Lucie,Marie,,F,1947-05-21,2023-08-17,FR,France,Western Europe,Moulin,organic_search,true
CUST000002,Marie-Louise,Axelsson,folkeberg@example.net,F,1974-05-24,2025-05-14,SE,Sweden,Nordic,Göteborg,organic_search,true
CUST000003,Esther,Blonk,molenaarlars@example.net,F,1983-11-16,2025-05-09,NL,Netherlands,Western Europe,Heesch,paid_search,false
CUST000004,Thomas,Reed,lquinn@example.com,M,1956-07-19,2024-11-27,GB,United Kingdom,Western Europe,Cookberg,email,true
CUST000005,Edmund,Davids,vanessawiek@example.com,F,1971-07-16,2025-01-05,DE,Germany,Western Europe,Kaiserslautern,referral,true
CUST000006,Valerij,Reising,doerte40@example.net,Undisclosed,1954-03-06,2025-02-14,DE,Germany,Western Europe,Bitterfeld,social_media,true
CUST000007,Hans-Jochen,Tlustek,marit95@example.net,M,1950-06-01,2023-05-23,DE,Germany,Western Europe,Stendal,paid_search,true
CUST000008,Rita,Guerrero,maria-teresamancebo@example.org,M,2004-08-24,2025-02-17,ES,Spain,Southern Europe,Jaén,social_media,true
CUST000009,Owen,Kelly,sandra52@example.com,F,1963-11-07,2024-06-30,GB,United Kingdom,Western Europe,New Heatherburgh,paid_search,true
CUST000010,Marinus,Mosley,jaydenvan-leuven@example.com,Undisclosed,1992-04-09,2023-12-01,NL,Netherlands,Western Europe,Molenschot,paid_search,false
CUST000011,Magdalene,Jopich,heinmarie@example.org,M,1972-12-25,2023-04-25,DE,Germany,Western Europe,Berchtesgaden,organic_search,true
CUST000012,Marcus,Lövgren,mylarsson@example.net,Undisclosed,1972-08-09,2024-10-06,SE,Sweden,Nordic,Norrköping,social_media,true
CUST000013,Juan José,Romero,emilio38@example.net,Undisclosed,2006-10-12,2024-05-20,ES,Spain,Southern Europe,Huesca,referral,false
CUST000014,Dino,Wende,frederikpechel@example.com,Undisclosed,1948-11-21,2025-01-11,DE,Germany,Western Europe,Döbeln,organic_search,true
CUST000015,Dina,Bolnbach,ljiljanastiffel@example.com,M,1971-11-13,2023-11-10,DE,Germany,Western Europe,Sankt Goar,email,false
CUST000016,Natalja,Atzler,qraedel@example.net,F,1991-12-23,2025-08-16,DE,Germany,Western Europe,Teterow,organic_search,false
CUST000017,Bernadette,Barbier,pauline51@example.com,M,1976-07-23,2024-11-27,FR,France,Western Europe,Sainte Constance,direct,false
CUST000018,Joel,Gray,kathleenwalker@example.net,F,1980-03-25,2025-10-22,GB,United Kingdom,Western Europe,East Karen,social_media,true
CUST000019,Adrien,Joseph,elodiemerle@example.net,Undisclosed,1967-09-28,2023-11-10,FR,France,Western Europe,MoreauBourg,referral,false
CUST000020,Agnès,Le Gall,,M,1961-12-23,2025-09-27,FR,France,Western Europe,Saint Hélène,paid_search,true
CUST000021,Stacey,Miller,cunninghamdanielle@example.org,Undisclosed,1954-06-03,2023-06-25,GB,United Kingdom,Western Europe,Mayburgh,paid_search,false
CUST000022,Suse,Reuter,annelise96@example.org,M,1997-01-29,2023-12-05,DE,Germany,Western Europe,Warendorf,referral,true
CUST000023,Catherine,Mathieu,andree57@example.net,M,1962-07-21,2024-09-30,FR,France,Western Europe,Andre,referral,false
CUST000024,Jacqueline,Vasseur,alphonse98@example.org,F,1946-03-04,2023-09-05,FR,France,Western Europe,Saint MichelBourg,paid_search,true
CUST000025,Frank,White,taylorsteven@example.net,F,1978-09-19,2023-01-15,GB,United Kingdom,Western Europe,New Wayne,organic_search,false
CUST000026,Noemí,Ramírez,yherrero@example.com,M,1958-08-22,2023-05-26,ES,Spain,Southern Europe,Badajoz,paid_search,false
CUST000027,Volker,Vollbrecht,bklapp@example.com,F,1949-05-15,2024-05-12,DE,Germany,Western Europe,Beilngries,direct,false
CUST000028,Frederick,Bates,zbriggs@example.org,Undisclosed,1982-03-06,2024-12-26,GB,United Kingdom,Western Europe,Davidsonburgh,direct,true
CUST000029,Georgina,Gibson,bethany31@example.com,F,1990-01-23,2023-05-05,GB,United Kingdom,Western Europe,North Frankburgh,paid_search,false
CUST000030,Nina,Kühnert,eneureuther@example.org,F,2007-02-04,2023-10-15,DE,Germany,Western Europe,Eckernförde,organic_search,false
CUST000031,Sandra,Hussain,ymetcalfe@example.com,F,1993-01-31,2023-07-20,GB,United Kingdom,Western Europe,Nashport,paid_search,true
CUST000032,Jeannine,Riehl,wendelinbohlander@example.net,M,1949-10-31,2025-04-12,DE,Germany,Western Europe,Bayreuth,paid_search,false
CUST000033,Sofia,Radisch,sauerwinfried@example.net,M,1956-05-25,2023-01-05,DE,Germany,Western Europe,Olpe,direct,false
CUST000034,Baldassare,Gibilisco,fantonibartolomeo@example.net,F,1973-02-27,2023-11-14,IT,Italy,Southern Europe,Piano Maglio,referral,true
CUST000035,Roger,Lindberg,camillaandersson@example.org,Undisclosed,1981-04-04,2024-10-04,SE,Sweden,Nordic,Eskilstuna,referral,true
CUST000036,Juan Manuel,Priego,haydeemiralles@example.org,F,1954-08-03,2023-04-27,ES,Spain,Southern Europe,Lleida,organic_search,true
CUST000037,Laurence,Thibault,odette10@example.com,F,1952-06-27,2025-04-06,FR,France,Western Europe,Saint Corinne-la-Forêt,organic_search,true
CUST000038,Rabea,Henschel,sybillekeudel@example.org,M,1970-10-30,2025-05-08,DE,Germany,Western Europe,Ebermannstadt,paid_search,false
CUST000039,Evy,van der Heijden,tvan-der-sande@example.com,Undisclosed,1946-03-20,2024-05-03,NL,Netherlands,Western Europe,Wilhelminaoord,social_media,true
CUST000040,Gabriel,Gautier,margaud12@example.com,F,1996-03-15,2023-01-20,FR,France,Western Europe,Meyer-la-Forêt,paid_search,false
CUST000041,Heidemarie,Schulz,edda35@example.org,F,2003-09-22,2023-09-29,DE,Germany,Western Europe,Oberviechtach,paid_search,false
CUST000042,Ashleigh,Davison,dsmith@example.org,Undisclosed,1964-07-05,2024-09-11,GB,United Kingdom,Western Europe,North Brettberg,direct,false
CUST000043,Stanislaus,Rörricht,gottfried78@example.net,F,1946-05-05,2023-08-01,DE,Germany,Western Europe,Biedenkopf,direct,true
CUST000044,Berenice,Viola,alinabarcaccia@example.com,M,1955-10-05,2024-07-11,IT,Italy,Southern Europe,Benabbio,direct,false
CUST000045,Stéphanie,Fournier,augustinle-gall@example.com,F,2006-11-08,2025-11-01,FR,France,Western Europe,Lacroix,email,false
CUST000046,Janna,Pratt,,Undisclosed,1991-01-25,2023-04-01,NL,Netherlands,Western Europe,Den Burg,paid_search,false
CUST000047,Océane,Meyer,renee86@example.net,Undisclosed,2008-09-05,2025-05-25,FR,France,Western Europe,Goncalves,referral,true
CUST000048,Brett,Gill,amyjennings@example.net,F,1973-09-13,2025-01-26,GB,United Kingdom,Western Europe,West Sam,social_media,true
CUST000049,Ross,Ryan,cooperian@example.com,F,2008-03-08,2025-01-02,GB,United Kingdom,Western Europe,Stonebury,referral,false
CUST000050,Rochus,Jüttner,andresorgatz@example.org,F,1964-08-22,2023-11-13,DE,Germany,Western Europe,Görlitz,paid_search,false
CUST000051,Sara,Bergman,ellen68@example.com,M,1963-06-17,2023-02-20,SE,Sweden,Nordic,Karlskoga,direct,true
CUST000052,Onofre,Mir,antonio19@example.com,M,1975-05-19,2024-06-30,ES,Spain,Southern Europe,Jaén,email,true
CUST000053,Raffaello,Abbagnale,giovannibattisti@example.net,M,1981-01-23,2024-02-13,IT,Italy,Southern Europe,Torrione Di Salerno,paid_search,true
CUST000054,Luca,Cattaneo,puccio15@example.net,M,1994-08-30,2023-02-18,IT,Italy,Southern Europe,Crociara,social_media,false
CUST000055,Bethan,Doyle,dorothy65@example.com,Undisclosed,1954-05-06,2025-11-09,GB,United Kingdom,Western Europe,South Rosie,organic_search,true
CUST000056,Leone,Pisani,ndraghi@example.net,M,1982-12-21,2024-06-18,IT,Italy,Southern Europe,San Gregorio Matese,referral,false
CUST000057,Edeltrud,Sölzer,kemal36@example.net,Undisclosed,1967-08-12,2024-12-08,DE,Germany,Western Europe,Meißen,organic_search,false
CUST000058,Wilhelm,Wähner,nsteuer@example.net,F,1957-03-25,2024-01-25,DE,Germany,Western Europe,Güstrow,referral,true
CUST000059,Maike,Gumprich,domenico34@example.org,M,1955-09-17,2025-01-15,DE,Germany,Western Europe,Bad Mergentheim,direct,true
CUST000060,Cécile,Legros,christellebourdon@example.org,M,2005-12-26,2024-09-07,FR,France,Western Europe,Leclercq-sur-Wagner,social_media,true
CUST000061,William,Bègue,zcosta@example.org,Undisclosed,1992-06-22,2024-01-28,FR,France,Western Europe,Saint Renée,paid_search,false
CUST000062,Diane,Barthelemy,lvasseur@example.net,M,1949-02-06,2025-04-11,FR,France,Western Europe,MenardBourg,referral,false
CUST000063,Guadalupe,Molins,zcanellas@example.com,Undisclosed,1997-01-28,2025-08-10,ES,Spain,Southern Europe,Salamanca,direct,true
CUST000064,Noémi,Ollivier,clevy@example.org,Undisclosed,1976-04-23,2023-06-23,FR,France,Western Europe,Hamel,paid_search,false
CUST000065,Pauline,Merle,zoediaz@example.com,F,1981-02-26,2024-04-05,FR,France,Western Europe,Toussaint-sur-Mer,email,true
CUST000066,Abdul,Goodwin,chloe14@example.org,F,2006-06-15,2025-07-21,GB,United Kingdom,Western Europe,East Derekbury,email,false
CUST000067,Heinz,Bolnbach,jtaesche@example.net,F,1973-11-30,2025-03-29,DE,Germany,Western Europe,Hohenstein-Ernstthal,organic_search,false
CUST000068,Pepita,Rivera,dricart@example.org,Undisclosed,1972-03-09,2024-03-24,ES,Spain,Southern Europe,Valladolid,referral,true
CUST000069,Kornelius,Weller,amueller@example.com,Undisclosed,1972-03-22,2023-09-06,DE,Germany,Western Europe,Pirmasens,referral,false
CUST000070,Anders,Hasan,walterfredriksson@example.com,Undisclosed,1991-11-25,2025-06-25,SE,Sweden,Nordic,Lund,referral,false
CUST000071,Amando,Prada,ncastell@example.net,M,1985-12-17,2023-11-22,ES,Spain,Southern Europe,Ávila,direct,false
CUST000072,Berend,Heß,dernst@example.org,M,1971-06-25,2025-12-03,DE,Germany,Western Europe,Freudenstadt,social_media,true
CUST000073,Karl-Hans,Weller,vjunken@example.com,F,2002-04-18,2024-07-10,DE,Germany,Western Europe,Greifswald,paid_search,false
CUST000074,Calista,Azorin,sosaalejo@example.net,M,1969-07-01,2023-11-09,ES,Spain,Southern Europe,Segovia,email,false
CUST000075,Tessa,Pons,brievinghlily@example.org,Undisclosed,1959-04-02,2023-05-08,NL,Netherlands,Western Europe,Amstenrade,organic_search,false
CUST000076,Feline,Kathagen,,M,1961-12-01,2025-09-03,NL,Netherlands,Western Europe,Edam,email,true
CUST000077,Adela,Jaén,kcarbo@example.org,F,1997-11-14,2025-09-26,ES,Spain,Southern Europe,Cáceres,direct,false
CUST000078,Walentina,Jockel,wulffmaria-luise@example.org,Undisclosed,1953-01-14,2023-12-05,DE,Germany,Western Europe,Heinsberg,email,true
CUST000079,Denis,Allain,tchauvin@example.org,M,1992-09-05,2023-06-21,FR,France,Western Europe,Henry,social_media,false
CUST000080,Lieschen,Berger,mirjam91@example.net,M,1969-04-23,2024-11-01,DE,Germany,Western Europe,Stendal,email,false
CUST000081,Reina,Rivera,bruno85@example.org,F,2001-08-23,2023-06-17,ES,Spain,Southern Europe,Badajoz,social_media,true
CUST000082,Lindsey,Gould,ohunt@example.com,F,1957-09-01,2023-05-21,GB,United Kingdom,Western Europe,Amberside,paid_search,true
CUST000083,Jeanne,Royer,bturpin@example.net,F,1967-08-13,2023-11-09,FR,France,Western Europe,Fernandez,paid_search,false
CUST000084,Catrin,Schmidt,ramona73@example.com,Undisclosed,1991-02-25,2024-06-08,DE,Germany,Western Europe,Husum,direct,true
CUST000085,Jules,Coulon,costaclaude@example.com,F,1960-02-13,2023-12-02,FR,France,Western Europe,Poirier,referral,false
CUST000086,Alain,Blondel,roger94@example.net,Undisclosed,1958-09-07,2025-03-23,FR,France,Western Europe,Saint Michellenec,direct,true
CUST000087,Guusje,van Tours,sperck@example.com,Undisclosed,1976-03-07,2023-07-28,NL,Netherlands,Western Europe,Alteveer,organic_search,true
CUST000088,Norman,Rogers,harriscarol@example.net,F,1985-04-04,2024-12-12,GB,United Kingdom,Western Europe,Elaineside,social_media,true
CUST000089,Iolanda,Sansoni,pietro85@example.com,M,1964-02-13,2025-05-10,IT,Italy,Southern Europe,Iavre' Vigo Rendena,email,true
CUST000090,Trevor,Reid,dale13@example.com,Undisclosed,1997-07-20,2025-06-10,GB,United Kingdom,Western Europe,East Robin,referral,false
CUST000091,Zeynep,Wesack,uhofmann@example.net,M,1981-05-20,2025-08-10,DE,Germany,Western Europe,Burgdorf,paid_search,true
CUST000092,Jip,Stichter,mellenoordijk@example.com,M,1946-08-24,2024-07-25,NL,Netherlands,Western Europe,Wateringen,direct,false
CUST000093,Edmundo,Lledó,,F,1948-10-12,2024-11-19,ES,Spain,Southern Europe,Navarra,social_media,false
CUST000094,James,Allen,amelia27@example.org,M,1977-08-16,2024-11-28,GB,United Kingdom,Western Europe,Williamsburgh,referral,true
CUST000095,Danilo,Bas,iriarterosalva@example.com,Undisclosed,1972-12-13,2023-06-25,ES,Spain,Southern Europe,Asturias,direct,false
CUST000096,Graham,Turner,hayeslynne@example.com,M,1953-09-29,2025-10-02,GB,United Kingdom,Western Europe,Butlerbury,direct,true
CUST000097,Joan,Scott,cprice@example.com,Undisclosed,1966-06-19,2024-09-19,GB,United Kingdom,Western Europe,New Nigelborough,email,false
CUST000098,Hugues,Dupuis,remypeltier@example.org,M,1957-07-06,2024-12-21,FR,France,Western Europe,Sanchez-les-Bains,direct,true
CUST000099,Desiree,Möchlichen,langetomislav@example.net,Undisclosed,1965-07-03,2024-10-08,DE,Germany,Western Europe,Gelnhausen,paid_search,false
CUST000100,Heidemarie,Heintze,ilse47@example.org,Undisclosed,2008-07-21,2024-07-20,DE,Germany,Western Europe,Schwäbisch Hall,organic_search,true
CUST000101,Helmuth,Seifert,silviodrewes@example.net,F,1955-10-28,2024-08-29,DE,Germany,Western Europe,Diepholz,paid_search,false
CUST000102,Shirley,Woodward,howardmohammad@example.net,Undisclosed,1975-07-27,2023-04-04,GB,United Kingdom,Western Europe,South Charleneport,direct,false
CUST000103,Clémence,Navarro,gmaillard@example.net,M,1951-02-27,2023-07-30,FR,France,Western Europe,Fournier-sur-Lesage,social_media,true
CUST000104,Bernard,Hunt,rachael40@example.org,F,2002-07-27,2023-04-16,GB,United Kingdom,Western Europe,Port Ellieview,email,false
CUST000105,Fernanda,Roth,dulbeccoruggiero@example.net,F,2008-01-09,2023-06-01,IT,Italy,Southern Europe,San Michele Di Pagana,referral,false
CUST000106,Margaretha,Noack,corneliamaelzer@example.net,M,1951-11-22,2023-06-24,DE,Germany,Western Europe,Iserlohn,referral,true
CUST000107,François,Renard,ule-roux@example.net,M,1968-02-16,2025-12-06,FR,France,Western Europe,Lemonnierdan,email,false
CUST000108,Wálter,Borja,gloria68@example.org,F,1967-02-01,2023-05-04,ES,Spain,Southern Europe,Guadalajara,social_media,true
CUST000109,Mariele,Ackermann,wirthronny@example.net,F,1990-06-09,2023-11-18,DE,Germany,Western Europe,Lübben,email,false
CUST000110,Elzbieta,Wernecke,grafanna-maria@example.com,M,1979-08-10,2024-08-19,DE,Germany,Western Europe,Zeulenroda,email,true
CUST000111,Gilles,Hervé,martinsrene@example.net,Undisclosed,1975-07-01,2024-04-23,FR,France,Western Europe,RivièreVille,paid_search,false
CUST000112,Bianca,Austermühle,ingefreudenberger@example.com,M,1983-04-07,2023-08-24,DE,Germany,Western Europe,Bremervörde,organic_search,true
CUST000113,Danilo,Cossiga,rosaliacarli@example.com,Undisclosed,1979-08-07,2023-12-06,IT,Italy,Southern Europe,Invorio,email,true
CUST000114,Yago,Coca,severo77@example.org,M,1971-10-15,2025-08-17,ES,Spain,Southern Europe,Pontevedra,email,false
CUST000115,Maurice,McDonald,brianwhite@example.com,Undisclosed,1980-03-26,2023-06-14,GB,United Kingdom,Western Europe,Paulport,social_media,true
CUST000116,Severino,Condoleo,romina99@example.net,Undisclosed,1976-01-26,2023-07-07,IT,Italy,Southern Europe,Sant'Antonio Valli,organic_search,false
CUST000117,Xavier,Montserrat,nazaret88@example.com,Undisclosed,2004-11-10,2023-03-24,ES,Spain,Southern Europe,Tarragona,social_media,true
CUST000118,Nadia,Wulf,charlottekraus@example.org,F,1973-08-20,2025-06-11,DE,Germany,Western Europe,Hersbruck,email,false
CUST000119,Morena,Corcos,yparri@example.net,M,1979-05-23,2024-10-19,IT,Italy,Southern Europe,Agliana,email,false
CUST000120,Oliver,Cameron,stephaniearnold@example.com,M,1975-08-24,2025-03-31,GB,United Kingdom,Western Europe,New Carolinetown,social_media,false
CUST000121,Adora,Landa,sebastiancortes@example.org,Undisclosed,1968-09-20,2023-08-26,ES,Spain,Southern Europe,Segovia,organic_search,false
CUST000122,Sole,Ubaldi,mondainiserena@example.net,Undisclosed,1971-07-18,2025-04-26,IT,Italy,Southern Europe,Spinimbecco,direct,false
CUST000123,Daniel,Huet,callard@example.net,M,1988-08-19,2023-04-16,FR,France,Western Europe,Dumas,direct,false
CUST000124,Justine,Conradi,,F,1975-03-20,2023-09-06,DE,Germany,Western Europe,Zeulenroda,social_media,true
CUST000125,Krzysztof,Baum,martinguido@example.net,F,1948-10-24,2025-04-15,DE,Germany,Western Europe,Bautzen,organic_search,true
CUST000126,Patrick,Laporte,agathe56@example.org,Undisclosed,1973-09-21,2025-10-17,FR,France,Western Europe,Normand-sur-Arnaud,email,false
CUST000127,Sabina,Piñeiro,gabinobermudez@example.net,F,1987-11-08,2024-05-14,ES,Spain,Southern Europe,Madrid,referral,true
CUST000128,José Manuel,Segura,jesusserra@example.net,M,1963-01-22,2023-05-23,ES,Spain,Southern Europe,Zaragoza,referral,false
CUST000129,Gino,Briemer,rhoevel@example.net,Undisclosed,1975-09-29,2023-01-06,DE,Germany,Western Europe,Rottweil,direct,false
CUST000130,Josh,Ryan,ruth64@example.com,M,1971-11-11,2023-11-01,GB,United Kingdom,Western Europe,Deanfurt,referral,false
CUST000131,Véronique,Delmas,hortense44@example.org,Undisclosed,1972-08-13,2025-07-21,FR,France,Western Europe,Petit,email,true
CUST000132,Marlies,Hörle,auch-schlauchinjuliane@example.com,Undisclosed,1998-06-22,2025-04-21,DE,Germany,Western Europe,Schlüchtern,email,false
CUST000133,Halina,Wende,heinz-otto39@example.com,Undisclosed,1994-09-28,2023-11-08,DE,Germany,Western Europe,Sebnitz,social_media,true
CUST000134,Thierry,Besnard,techermadeleine@example.org,F,1947-12-15,2025-06-20,FR,France,Western Europe,Marchal-sur-Foucher,email,true
CUST000135,Ludovica,Prada,carlomalacarne@example.com,M,1957-08-20,2023-06-03,IT,Italy,Southern Europe,Longega,email,true
CUST000136,Éléonore,Charrier,simonegimenez@example.com,M,2007-11-05,2024-11-03,FR,France,Western Europe,Gaillard,direct,false
CUST000137,Jade,Robson,hayley45@example.org,Undisclosed,1955-04-06,2023-03-15,GB,United Kingdom,Western Europe,Port Sian,paid_search,true
CUST000138,Amin,Rotteveel,fzaal@example.com,Undisclosed,1982-03-13,2025-06-07,NL,Netherlands,Western Europe,Earnewâld,email,true
CUST000139,Margot,Charles,rtessier@example.net,F,1985-06-18,2024-09-05,FR,France,Western Europe,Diazboeuf,social_media,false
CUST000140,Marianne,Larsson,melintore@example.net,Undisclosed,2007-12-19,2023-10-26,SE,Sweden,Nordic,Alingsås,paid_search,true
CUST000141,Linus,Jansson,lundgrentomas@example.net,Undisclosed,1955-03-13,2023-06-11,SE,Sweden,Nordic,Malmö,referral,true
CUST000142,Élise,Dufour,clemence11@example.org,M,1972-02-17,2024-04-20,FR,France,Western Europe,Lemaîtrenec,email,false
CUST000143,Amber,Miles,elizabethwaters@example.com,Undisclosed,1964-09-19,2023-11-20,GB,United Kingdom,Western Europe,Lake Laurenborough,email,false
CUST000144,Eugène,Torres,phebert@example.com,M,1970-09-06,2025-07-24,FR,France,Western Europe,Imbertboeuf,organic_search,true
CUST000145,Gérard,De Sousa,chauvinrobert@example.org,Undisclosed,1951-12-03,2025-02-20,FR,France,Western Europe,Clerc,direct,false
CUST000146,Felicitas,Schenk,,Undisclosed,1947-02-19,2024-07-16,DE,Germany,Western Europe,Holzminden,referral,false
CUST000147,Brian,Burke,malcolmgreenwood@example.org,M,1983-05-25,2024-08-09,GB,United Kingdom,Western Europe,New Robin,paid_search,false
CUST000148,Paul,White,hughrussell@example.net,Undisclosed,1955-07-13,2023-10-08,GB,United Kingdom,Western Europe,New Tony,email,true
CUST000149,Francisco,Austermühle,emilspeer@example.org,M,1970-01-23,2025-01-17,DE,Germany,Western Europe,Rudolstadt,email,true
CUST000150,Gilbert,Traore,alfred24@example.org,M,1974-05-01,2024-02-16,FR,France,Western Europe,NoëlBourg,social_media,true
CUST000151,Ubaldo,Cantimori,xsagredo@example.com,M,1976-06-10,2024-06-10,IT,Italy,Southern Europe,Casa Santa,social_media,true
CUST000152,Iwona,Ziegert,traudelschmiedecke@example.org,F,2007-07-11,2025-08-17,DE,Germany,Western Europe,Miltenberg,direct,false
CUST000153,Slawomir,Striebitz,bolanderwoldemar@example.com,M,1953-01-11,2025-01-19,DE,Germany,Western Europe,Waren,email,false
CUST000154,Tina,Bray,fford@example.com,M,1954-04-09,2024-06-20,GB,United Kingdom,Western Europe,Sarashire,paid_search,false
CUST000155,Sören,Lindholm,ove98@example.com,M,1952-06-07,2023-02-21,SE,Sweden,Nordic,Alingsås,paid_search,true
CUST000156,Sebastian,Kambs,stefanomentzel@example.org,M,2001-12-27,2025-08-08,DE,Germany,Western Europe,Lippstadt,organic_search,true
CUST000157,Mohamed,Reimes,ugenefaas@example.com,F,1971-02-26,2024-09-15,NL,Netherlands,Western Europe,Formerum,paid_search,false
CUST000158,Ciro,Rosales,fbautista@example.org,Undisclosed,1952-04-03,2025-07-18,ES,Spain,Southern Europe,Zaragoza,email,true
CUST000159,Valeska,Rörricht,brigittabonbach@example.net,Undisclosed,1983-11-27,2025-04-29,DE,Germany,Western Europe,Stuttgart,social_media,true
CUST000160,Suus,van Breukeleveen,van-t-welquinn@example.net,F,2004-10-03,2025-01-28,NL,Netherlands,Western Europe,Berkenwoude,organic_search,false
CUST000161,Hortense,Guillou,josephine45@example.org,F,1960-02-28,2025-01-04,FR,France,Western Europe,Descamps,email,true
CUST000162,Suzanne,Owen,gwilson@example.com,F,1997-07-30,2024-03-10,GB,United Kingdom,Western Europe,Marionbury,social_media,true
CUST000163,Jayne,Davies,xbrady@example.net,Undisclosed,1983-07-27,2023-09-15,GB,United Kingdom,Western Europe,New Sylviaview,paid_search,true
CUST000164,Declan,Dodd,gardnerrita@example.com,Undisclosed,1958-01-10,2024-11-03,GB,United Kingdom,Western Europe,New Sylvia,paid_search,true
CUST000165,Evangelia,Becker,jbohnbach@example.net,F,1951-12-05,2024-05-28,DE,Germany,Western Europe,Klötze,social_media,true
CUST000166,Simón,Santiago,,F,1968-11-18,2024-10-25,ES,Spain,Southern Europe,Huesca,referral,true
CUST000167,Émile,Roux,michelle59@example.net,Undisclosed,1956-04-08,2023-05-11,FR,France,Western Europe,Faivre,email,true
CUST000168,Thorsten,Speer,steuerdarius@example.com,Undisclosed,1974-07-15,2023-03-30,DE,Germany,Western Europe,Schlüchtern,email,true
CUST000169,Katherina,Peukert,rliebelt@example.org,M,1953-06-05,2023-05-05,DE,Germany,Western Europe,Malchin,email,false
CUST000170,Holly,Hill,abbottjosephine@example.net,F,1966-09-02,2023-05-31,GB,United Kingdom,Western Europe,East Hannahton,social_media,false
CUST000171,Lisanne,Jacobs,mathieumichael@example.org,M,1997-09-07,2025-02-19,NL,Netherlands,Western Europe,Klooster Lidlum,email,true
CUST000172,Justine,Losekann,matthias10@example.com,Undisclosed,1957-08-21,2023-08-23,DE,Germany,Western Europe,Konstanz,paid_search,false
CUST000173,Owen,Hammond,donnadoherty@example.net,M,2004-04-29,2025-07-13,GB,United Kingdom,Western Europe,South Jackmouth,direct,true
CUST000174,Christel,Lachmann,johannchristine@example.com,M,1993-12-18,2024-10-02,DE,Germany,Western Europe,Hainichen,direct,false
CUST000175,Marian,Nicholls,gibbonsvictor@example.org,M,1992-08-11,2023-05-18,GB,United Kingdom,Western Europe,Craigchester,direct,false
CUST000176,Rolf,Pruschke,henksoeren@example.net,Undisclosed,1951-01-13,2023-09-24,DE,Germany,Western Europe,Heiligenstadt,direct,true
CUST000177,Amélie,Heijmans,kevin52@example.org,M,1981-10-16,2025-04-21,NL,Netherlands,Western Europe,Vessem,direct,true
CUST000178,Nathalie,Imbert,philippineleveque@example.com,Undisclosed,2001-02-22,2024-08-12,FR,France,Western Europe,Huet,paid_search,false
CUST000179,Fedele,Correr,combonigirolamo@example.org,Undisclosed,1997-06-01,2024-04-04,IT,Italy,Southern Europe,Poffabro,social_media,true
CUST000180,Agata,Mitschke,ursulawirth@example.net,Undisclosed,1997-01-08,2025-05-28,DE,Germany,Western Europe,Tecklenburg,direct,true
CUST000181,Geneviève,Weiss,,M,1988-11-30,2024-07-01,FR,France,Western Europe,Breton-sur-Techer,social_media,true
CUST000182,Thoralf,Schüler,gerd71@example.com,M,1966-04-16,2024-01-07,DE,Germany,Western Europe,Saarbrücken,direct,true
CUST000183,Lodovico,Scalfaro,nievotonino@example.org,M,1976-06-08,2023-07-07,IT,Italy,Southern Europe,Cusignana,paid_search,false
CUST000184,Beppe,Bulzoni,pacillorita@example.com,Undisclosed,1987-07-15,2024-09-30,IT,Italy,Southern Europe,Poggio Murella,organic_search,true
CUST000185,Augustin,Lebreton,jblin@example.net,F,2007-07-18,2023-11-19,FR,France,Western Europe,Gilles-sur-Roche,direct,false
CUST000186,Veerle,Dachgelt,eva78@example.org,F,1976-05-04,2025-09-21,NL,Netherlands,Western Europe,Den Dungen,organic_search,false
CUST000187,Francisco Jose,Ariza,lidia18@example.net,Undisclosed,1962-07-17,2025-05-30,ES,Spain,Southern Europe,León,direct,false
CUST000188,Charlotte,Hanson,juliepatel@example.com,F,1968-09-16,2023-04-04,GB,United Kingdom,Western Europe,Port Juliamouth,social_media,true
CUST000189,Emma,Abbott,sheppardnicole@example.net,F,1994-12-07,2023-10-09,GB,United Kingdom,Western Europe,West Jonathan,direct,false
CUST000190,Wanda,Sölzer,simonakiller@example.com,F,1993-03-19,2023-12-26,DE,Germany,Western Europe,Darmstadt,direct,false
CUST000191,Francoise,Zorbach,jesselbritta@example.com,M,1968-01-14,2023-05-28,DE,Germany,Western Europe,Stuttgart,organic_search,false
CUST000192,Aldo,Orlando,randazzotorquato@example.com,M,1966-09-13,2025-05-29,IT,Italy,Southern Europe,Villalvernia,email,true
CUST000193,Gianluca,Cibin,massimilianosperi@example.org,M,1956-03-24,2024-10-27,IT,Italy,Southern Europe,San Sebastiano Da Po,social_media,true
CUST000194,Kerry,Thomas,oliver88@example.net,Undisclosed,1968-08-07,2025-06-13,GB,United Kingdom,Western Europe,New Nicola,organic_search,false
CUST000195,Pénélope,Ferrand,isaacarnaud@example.net,F,2000-09-26,2024-09-27,FR,France,Western Europe,Mace,direct,true
CUST000196,Margaret,Fouquet,abertrand@example.com,M,1961-11-05,2025-12-22,FR,France,Western Europe,Bourdon-la-Forêt,direct,true
CUST000197,Milan,van Mil,ioude-heer@example.org,F,2007-03-14,2024-04-28,NL,Netherlands,Western Europe,Hazerswoude-Rijndijk,direct,true
CUST000198,Marissa,Lombardo,giovanna97@example.com,M,1998-08-20,2023-12-29,IT,Italy,Southern Europe,Camaro Inferiore,referral,false
CUST000199,Edoardo,Greggio,mcutrufo@example.net,F,1949-03-26,2024-10-23,IT,Italy,Southern Europe,Valle San Bartolomeo,email,false
CUST000200,Lucas,Blanes,casandra18@example.org,M,1997-08-12,2024-09-12,ES,Spain,Southern Europe,Cuenca,social_media,false
CUST000201,George,Harding,jhowe@example.com,M,1960-10-16,2025-07-14,GB,United Kingdom,Western Europe,Youngtown,organic_search,false
CUST000202,Peter-Michael,Heinz,zbloch@example.net,Undisclosed,1971-12-18,2025-08-05,DE,Germany,Western Europe,Kleve,email,true
CUST000203,Mechtild,Trüb,andrejuncken@example.org,F,1989-11-29,2024-10-20,DE,Germany,Western Europe,Dinslaken,social_media,true
CUST000204,Ida,Cignaroli,angeloludovisi@example.com,Undisclosed,1997-04-28,2025-10-30,IT,Italy,Southern Europe,Roccanova,email,true
CUST000205,Douglas,Stevens,frichards@example.org,M,1955-11-10,2025-01-15,GB,United Kingdom,Western Europe,Griffithsport,direct,true
CUST000206,Ignatz,Lindner,kurteberhardt@example.org,Undisclosed,1989-03-01,2024-11-16,DE,Germany,Western Europe,Belzig,social_media,true
CUST000207,Alexej,Schüler,ortmanndolores@example.net,M,1980-10-02,2024-11-13,DE,Germany,Western Europe,Weißenfels,direct,false
CUST000208,Fabiënne,Wijland,meesvan-dijk@example.org,M,1962-01-20,2023-09-22,NL,Netherlands,Western Europe,Zaamslag,direct,false
CUST000209,Detlev,Pruschke,qgotthard@example.net,Undisclosed,1970-03-22,2023-09-19,DE,Germany,Western Europe,Passau,referral,true
CUST000210,Aziz,Schuster,krebspascale@example.com,M,1972-01-04,2025-05-17,DE,Germany,Western Europe,Greifswald,paid_search,false
CUST000211,Cameron,Hope,evansjoseph@example.com,F,1988-06-08,2025-09-22,GB,United Kingdom,Western Europe,Port Kimberleymouth,organic_search,true
CUST000212,Olaf,Kunen,bilalwigman@example.net,Undisclosed,2002-03-11,2024-11-20,NL,Netherlands,Western Europe,St.-Jacobiparochie,paid_search,true
CUST000213,Casper,van Kuijc,zlathrope@example.org,M,1948-03-14,2023-12-06,NL,Netherlands,Western Europe,Loon op Zand,paid_search,false
CUST000214,Rena,Berger,azizzorbach@example.org,F,1967-02-28,2024-08-06,DE,Germany,Western Europe,Osterburg,social_media,false
CUST000215,Ben,Lommert,evan-der-sande@example.com,M,1965-02-25,2024-02-02,NL,Netherlands,Western Europe,Noordwijk,social_media,false
CUST000216,Falko,Koch,soelzermehdi@example.com,F,1975-06-02,2025-10-26,DE,Germany,Western Europe,Wolfach,paid_search,false
CUST000217,Colette,Jacquot,vcollin@example.org,Undisclosed,1979-07-17,2023-04-17,FR,France,Western Europe,Paul,direct,true
CUST000218,Thijs,Lamotte,lynn16@example.org,M,1982-10-20,2024-08-06,NL,Netherlands,Western Europe,Loosdrecht,paid_search,false
CUST000219,Bryan,Rogers,timothy15@example.net,M,1986-09-10,2023-07-07,GB,United Kingdom,Western Europe,Thompsonmouth,organic_search,false
CUST000220,Trinidad,Llobet,victoriano05@example.net,M,1989-03-14,2023-04-20,ES,Spain,Southern Europe,Asturias,social_media,true
CUST000221,Ize,Kloppert,gwouters-van-eijndhoven@example.net,Undisclosed,1947-10-21,2023-02-27,NL,Netherlands,Western Europe,Epen,paid_search,true
CUST000222,Leah,Owen,ehowells@example.org,Undisclosed,1971-09-26,2023-03-20,GB,United Kingdom,Western Europe,New Carlmouth,direct,false
CUST000223,Freddy,Radisch,peer71@example.net,F,1970-08-27,2025-07-07,DE,Germany,Western Europe,Helmstedt,paid_search,false
CUST000224,Julien,Didier,paul10@example.net,F,1980-11-30,2023-08-16,FR,France,Western Europe,GuilbertBourg,email,false
CUST000225,Juliette,Renault,philippine47@example.org,Undisclosed,1992-11-27,2023-05-09,FR,France,Western Europe,BourgeoisBourg,direct,true
CUST000226,Hagen,Trüb,monikabriemer@example.com,M,1975-12-22,2023-10-22,DE,Germany,Western Europe,Teterow,email,true
CUST000227,Leif,Gustafsson,eva18@example.net,Undisclosed,1956-05-26,2023-06-25,SE,Sweden,Nordic,Östersund,referral,true
CUST000228,Noël,Teixeira,gerardbourgeois@example.org,M,1947-06-22,2025-03-10,FR,France,Western Europe,Lenoir,social_media,true
CUST000229,Valentina,Brichese,ruggero82@example.net,Undisclosed,1950-02-27,2025-01-01,IT,Italy,Southern Europe,Bondanello,organic_search,false
CUST000230,Kerry,Ali,uwatkins@example.com,Undisclosed,1973-07-18,2023-10-01,GB,United Kingdom,Western Europe,East Elliottland,direct,false
CUST000231,Omar,Castellanos,rsolano@example.net,F,2005-06-05,2025-09-07,ES,Spain,Southern Europe,Vizcaya,email,true
CUST000232,Harry,Joyce,annkerr@example.org,F,1966-05-19,2024-08-23,GB,United Kingdom,Western Europe,East Brandon,social_media,false
CUST000233,Glen,Baker,denismay@example.net,F,1962-09-26,2025-08-27,GB,United Kingdom,Western Europe,Lake Lynn,organic_search,false
CUST000234,Colin,Kerr,malcolm49@example.net,M,1957-02-27,2024-07-13,GB,United Kingdom,Western Europe,East Katy,email,false
CUST000235,Danny,Bien,mercedes90@example.org,Undisclosed,1989-05-02,2024-01-18,DE,Germany,Western Europe,Stadtsteinach,organic_search,false
CUST000236,Floortje,Booden,lisannevan-beek@example.net,F,1979-07-29,2023-06-11,NL,Netherlands,Western Europe,Westkapelle,social_media,true
CUST000237,Susan,Pottier,lucy47@example.org,M,1973-04-26,2023-06-13,FR,France,Western Europe,De Sousa,email,true
CUST000238,Theodor,Liebelt,strohbruno@example.org,M,1978-08-21,2025-06-28,DE,Germany,Western Europe,Forchheim,email,false
CUST000239,Stanley,Hunter,lynda25@example.net,M,2004-04-04,2023-04-28,GB,United Kingdom,Western Europe,Traceyberg,direct,true
CUST000240,Immo,Mohaupt,anka81@example.com,M,1954-01-08,2023-03-05,DE,Germany,Western Europe,Meppen,organic_search,true
CUST000241,Jacopo,Pastine,elmocagnin@example.org,F,2004-06-27,2025-01-20,IT,Italy,Southern Europe,Spinges,direct,false
CUST000242,Ruth,Nilsson,susannastrom@example.com,Undisclosed,1958-08-08,2025-01-29,SE,Sweden,Nordic,Uddevalla,social_media,false
CUST000243,Alessio,Bulzoni,ttarantino@example.com,F,1972-06-11,2024-10-05,IT,Italy,Southern Europe,Montegemoli,paid_search,false
CUST000244,Benoît,Girard,martinguillon@example.com,M,1964-10-30,2025-11-26,FR,France,Western Europe,Godarddan,direct,false
CUST000245,Frank-Peter,Hettner,ariane01@example.com,M,1995-03-11,2024-03-15,DE,Germany,Western Europe,Zschopau,paid_search,true
CUST000246,Arnaldo,Zampa,costinelli@example.com,F,1958-12-06,2025-07-14,IT,Italy,Southern Europe,Dogana,social_media,false
CUST000247,Paulette,Dias,david68@example.com,M,1964-09-19,2023-05-13,FR,France,Western Europe,Bazin-sur-Bourdon,direct,true
CUST000248,Lena,Hedberg,bjorkdaniel@example.com,F,1970-07-25,2025-01-10,SE,Sweden,Nordic,Gävle,paid_search,false
CUST000249,Felix,Hansson,ckarlsson@example.org,M,1977-12-02,2023-02-23,SE,Sweden,Nordic,Norrköping,referral,true
CUST000250,Rubén,Martínez,naciomontalban@example.org,Undisclosed,1986-02-01,2023-06-26,ES,Spain,Southern Europe,Málaga,referral,false
CUST000251,Christelle,Durand,kneveu@example.com,M,1970-10-01,2025-04-18,FR,France,Western Europe,Maillet,email,false
CUST000252,Stéphanie,Pages,delattreisabelle@example.com,Undisclosed,2005-01-11,2025-11-25,FR,France,Western Europe,Sainte Rémy,paid_search,true
CUST000253,Alexandra,Donaire,lorenaaznar@example.net,F,1981-05-10,2025-06-05,ES,Spain,Southern Europe,Burgos,social_media,true
CUST000254,Frédéric,Aubert,arthurbaudry@example.net,M,1946-12-21,2023-11-28,FR,France,Western Europe,Bouviernec,referral,false
CUST000255,Salih,Otto,sandorstumpf@example.org,Undisclosed,1998-06-03,2023-06-11,DE,Germany,Western Europe,Wittenberg,direct,false
CUST000256,Chelsea,Rose,colemaureen@example.org,Undisclosed,1990-09-30,2025-12-28,GB,United Kingdom,Western Europe,Careymouth,paid_search,true
CUST000257,Alina,Nolcini,romeotuzzolino@example.com,F,1991-09-04,2024-11-22,IT,Italy,Southern Europe,Cireggio,direct,false
CUST000258,Dana,Spruyt,ploreal@example.com,Undisclosed,1960-12-26,2024-03-07,NL,Netherlands,Western Europe,Luttelgeest,direct,false
CUST000259,Catherine,Stone,geraldine37@example.com,Undisclosed,1999-10-23,2024-09-10,GB,United Kingdom,Western Europe,Gerardville,email,true
CUST000260,Klaus Dieter,Berger,wkroker@example.org,M,1965-04-04,2023-05-03,DE,Germany,Western Europe,Ingolstadt,referral,true
CUST000261,Allan,Howell,vlynch@example.com,M,1982-05-02,2024-10-02,GB,United Kingdom,Western Europe,Chelseaview,paid_search,false
CUST000262,Jonathan,Mattsson,elliotnordstrom@example.org,M,1981-10-27,2025-11-20,SE,Sweden,Nordic,Lidköping,email,true
CUST000263,Max,Trupp,bernfriedditschlerin@example.com,M,1977-10-30,2023-10-16,DE,Germany,Western Europe,Tecklenburg,email,true
CUST000264,Jane,Riley,christopherarnold@example.org,Undisclosed,2005-08-11,2023-11-24,GB,United Kingdom,Western Europe,Jonesborough,paid_search,false
CUST000265,Fernanda,Giannetti,ludovico40@example.org,M,1982-02-06,2025-11-20,IT,Italy,Southern Europe,Marina Di Nicotera,email,false
CUST000266,Mia,de Swart,stefankoster@example.org,F,1999-04-21,2024-05-08,NL,Netherlands,Western Europe,Udenhout,referral,false
CUST000267,Alex,Spruyt,stellaslaetsdochter@example.org,M,1984-05-01,2024-08-08,NL,Netherlands,Western Europe,Dieden,social_media,false
CUST000268,Adriana,Hulshouts,matthijs78@example.net,Undisclosed,2003-08-07,2025-04-05,NL,Netherlands,Western Europe,Veendam,social_media,false
CUST000269,Vincent,Goncalves,mmaillard@example.org,Undisclosed,1995-06-09,2023-05-31,FR,France,Western Europe,Jourdan-la-Forêt,referral,true
CUST000270,Sophie,Collet,alexandregallet@example.com,M,1984-04-27,2023-09-21,FR,France,Western Europe,Roger,social_media,true
CUST000271,Chema,Pérez,groma@example.com,F,1991-03-24,2024-02-12,ES,Spain,Southern Europe,Cádiz,paid_search,false
CUST000272,Adolfo,Julián,albinamorales@example.org,Undisclosed,1971-10-14,2025-08-28,ES,Spain,Southern Europe,León,referral,false
CUST000273,Constanza,Alberdi,narciso49@example.net,M,1963-06-25,2023-11-29,ES,Spain,Southern Europe,Tarragona,referral,false
CUST000274,Livio,Curatoli,augustocasale@example.com,M,1973-04-09,2024-09-05,IT,Italy,Southern Europe,San Fior Di Sotto,email,false
CUST000275,Jayne,Quinn,hollie14@example.com,Undisclosed,1954-10-09,2023-02-24,GB,United Kingdom,Western Europe,Gouldstad,referral,true
CUST000276,Rosie,Mason,ecampbell@example.net,Undisclosed,1997-07-12,2023-04-16,GB,United Kingdom,Western Europe,Lake Jodie,email,true
CUST000277,Juliana,Pardo,zaragozavictoriano@example.net,F,1950-12-31,2024-05-11,ES,Spain,Southern Europe,Almería,email,false
CUST000278,Toby,Davis,marionwilkinson@example.org,M,1975-10-02,2025-05-07,GB,United Kingdom,Western Europe,Lake Russellshire,referral,false
CUST000279,Maja,Coenen,ggarret@example.com,Undisclosed,1976-07-16,2023-05-08,NL,Netherlands,Western Europe,Eext,direct,false
CUST000280,Celia,Sevilla,ksaura@example.org,M,1991-06-19,2025-12-12,ES,Spain,Southern Europe,Toledo,social_media,false
CUST000281,Lucrezia,Gaito,petrassigiovanni@example.org,F,1985-01-14,2024-06-25,IT,Italy,Southern Europe,Bee,social_media,true
CUST000282,Christophe,Allard,briandadelaide@example.net,Undisclosed,1949-10-13,2024-09-01,FR,France,Western Europe,Sainte Arthur-la-Forêt,social_media,false
CUST000283,Pauline,Clerc,xarnaud@example.org,Undisclosed,1995-04-24,2024-12-15,FR,France,Western Europe,Bessonnec,organic_search,false
CUST000284,Hatice,Speer,ykostolzin@example.org,F,2005-03-13,2025-03-19,DE,Germany,Western Europe,Staffelstein,social_media,true
CUST000285,Debra,Clarke,terence28@example.com,Undisclosed,1960-11-01,2024-12-10,GB,United Kingdom,Western Europe,Port Danielport,paid_search,false
CUST000286,Sigurd,Reichmann,usteinberg@example.net,Undisclosed,1971-06-29,2024-07-10,DE,Germany,Western Europe,Gotha,organic_search,true
CUST000287,Nathan,Higgins,rward@example.org,Undisclosed,1990-08-11,2024-04-21,GB,United Kingdom,Western Europe,Richardstown,direct,true
CUST000288,Joshua,Williams,russellrice@example.net,F,1991-06-01,2023-01-11,GB,United Kingdom,Western Europe,East Samuelfurt,email,false
CUST000289,Olivie,Diallo,irey@example.org,M,1949-07-10,2024-02-13,FR,France,Western Europe,Gaudin,organic_search,true
CUST000290,June,Clements,donald95@example.net,F,2001-05-17,2025-12-31,GB,United Kingdom,Western Europe,Frankport,paid_search,false
CUST000291,Sandro,Jacob,gertrudepoelitz@example.org,M,1964-05-28,2023-12-27,DE,Germany,Western Europe,Ravensburg,paid_search,false
CUST000292,Tülay,Schäfer,,F,2005-07-19,2023-03-18,DE,Germany,Western Europe,Schwäbisch Hall,social_media,false
CUST000293,Fernanda,Piquer,dvalcarcel@example.com,M,1999-02-27,2025-07-19,ES,Spain,Southern Europe,Tarragona,paid_search,false
CUST000294,Alexandria,Gonzalez,jlejeune@example.com,F,1997-01-08,2024-07-12,FR,France,Western Europe,Reynaud-sur-Mer,direct,false
CUST000295,Miriam,Hecker,,M,1966-02-23,2024-01-17,DE,Germany,Western Europe,Monschau,paid_search,true
CUST000296,Melanie,Macdonald,moorehelen@example.net,F,1962-03-18,2025-04-10,GB,United Kingdom,Western Europe,Dennismouth,organic_search,true
CUST000297,Cirino,Farré,sandovalrebeca@example.com,F,1949-03-10,2023-10-15,ES,Spain,Southern Europe,Jaén,paid_search,false
CUST000298,Isabella,Steckel,briemerhans-heinrich@example.net,Undisclosed,1983-09-18,2024-06-30,DE,Germany,Western Europe,Neubrandenburg,social_media,false
CUST000299,Phillip,Cross,brettstokes@example.org,M,1996-02-21,2024-04-28,GB,United Kingdom,Western Europe,Lake Catherinebury,direct,false
CUST000300,Mario,Wulf,roberthenck@example.net,M,1964-12-11,2023-08-29,DE,Germany,Western Europe,Mühldorf am Inn,paid_search,true
CUST000301,Rebecca,Oestrovsky,leszek45@example.net,Undisclosed,1977-05-24,2025-09-06,DE,Germany,Western Europe,Werdau,direct,false
CUST000302,Lauren,Webster,ucarter@example.org,Undisclosed,1948-10-17,2024-03-23,GB,United Kingdom,Western Europe,Lake Jacob,organic_search,false
CUST000303,Helen,Harris,smithfiona@example.net,Undisclosed,1959-01-13,2025-12-17,GB,United Kingdom,Western Europe,Bernardfurt,referral,true
CUST000304,Tom,Smith,dawnwalton@example.net,M,2001-08-04,2023-11-03,GB,United Kingdom,Western Europe,Morganfort,paid_search,false
CUST000305,Jelte,Janse,ukoster@example.com,F,1994-09-13,2023-07-06,NL,Netherlands,Western Europe,Westzaan,referral,false
CUST000306,Solveig,Karlsson,idanielsson@example.net,Undisclosed,2002-10-13,2025-07-24,SE,Sweden,Nordic,Piteå,direct,true
CUST000307,Harriet,Barnes,milleramy@example.org,F,1993-10-21,2025-03-21,GB,United Kingdom,Western Europe,North Charlie,organic_search,false
CUST000308,Lucie,Martineau,dbesson@example.net,F,1987-08-21,2024-12-06,FR,France,Western Europe,Delmasdan,organic_search,false
CUST000309,Sergio,Albero,agudobernardita@example.net,F,1946-10-27,2023-03-06,ES,Spain,Southern Europe,Murcia,direct,false
CUST000310,Franck,Pereira,alfred86@example.org,M,1981-05-14,2025-02-05,FR,France,Western Europe,Guillot,direct,true
CUST000311,Sylvie,Monnier,laurelaine@example.com,M,1963-11-16,2024-12-13,FR,France,Western Europe,Chevalierboeuf,direct,true
CUST000312,Herta,Hecker,kmies@example.org,M,1966-02-04,2023-01-08,DE,Germany,Western Europe,Staffelstein,referral,false
CUST000313,Pietro,Rohleder,davidsruben@example.com,M,1978-01-28,2025-12-25,DE,Germany,Western Europe,Soest,social_media,true
CUST000314,Elsa,Hansson,nilssonchrister@example.com,Undisclosed,2004-01-25,2023-08-20,SE,Sweden,Nordic,Motala,organic_search,true
CUST000315,Susana,Talavera,grashector@example.net,M,1964-02-18,2024-02-27,ES,Spain,Southern Europe,Asturias,direct,true
CUST000316,Bastiaan,Lambregt,robin89@example.net,F,2003-07-22,2024-05-16,NL,Netherlands,Western Europe,Mensingeweer,organic_search,true
CUST000317,Odette,Mendès,guillaumejacqueline@example.org,Undisclosed,2001-07-18,2025-10-28,FR,France,Western Europe,Garnier-la-Forêt,referral,false
CUST000318,Martha,Krebs,carlahendriks@example.net,Undisclosed,1991-10-03,2024-04-30,DE,Germany,Western Europe,Kulmbach,email,false
CUST000319,Dagobert,Otto,liselottestroh@example.net,Undisclosed,1996-05-30,2024-07-17,DE,Germany,Western Europe,Bamberg,direct,false
CUST000320,Zacharie,Texier,nguyennicolas@example.org,Undisclosed,1998-01-05,2025-10-12,FR,France,Western Europe,Valentin-sur-Chauvin,referral,false
CUST000321,Julian,Evans,robert47@example.com,F,1971-03-26,2025-05-02,GB,United Kingdom,Western Europe,Skinnershire,email,true
CUST000322,Melle,Poncelet,xfrankhuizen@example.net,M,1994-03-18,2024-04-06,NL,Netherlands,Western Europe,Broekhuizenvorst,referral,false
CUST000323,Joy,Keltenie,ruttenjan@example.com,F,1996-01-07,2025-05-03,NL,Netherlands,Western Europe,Oudenbosch,social_media,true
CUST000324,Thibault,Hebert,agnes11@example.org,Undisclosed,1970-03-05,2025-07-10,FR,France,Western Europe,Henry,organic_search,false
CUST000325,Annika,Jansson,christofferjohansson@example.net,F,1947-06-21,2025-02-11,SE,Sweden,Nordic,Trollhättan,referral,true
CUST000326,Ali,Smit,veldermannisa@example.com,M,1973-11-04,2025-09-08,NL,Netherlands,Western Europe,Oudebildtzijl,organic_search,true
CUST000327,Alexandra,Reynolds,woodyvonne@example.org,M,1992-04-26,2024-01-25,GB,United Kingdom,Western Europe,Thompsonview,direct,true
CUST000328,Mohammed,Williams,max72@example.org,M,1974-05-04,2025-03-23,GB,United Kingdom,Western Europe,Pamelaland,referral,false
CUST000329,Laetitia,Pierre,philippe37@example.net,M,1976-11-03,2024-09-23,FR,France,Western Europe,Saint ThibautVille,direct,false
CUST000330,Magda,Jüttner,nkade@example.com,M,1975-08-22,2024-10-17,DE,Germany,Western Europe,Malchin,paid_search,true
CUST000331,Marine,Bourgeois,theophilelebrun@example.net,Undisclosed,1978-04-12,2023-02-03,FR,France,Western Europe,Schmitt,social_media,true
CUST000332,Jordana,Tudela,smontana@example.net,F,1984-11-14,2024-02-06,ES,Spain,Southern Europe,Guadalajara,direct,false
CUST000333,Ottomar,Drewes,yholt@example.com,Undisclosed,1984-01-20,2024-06-11,DE,Germany,Western Europe,Saarlouis,email,false
CUST000334,Andrey,Vogt,hannywilmsen@example.net,F,1977-02-04,2023-12-11,DE,Germany,Western Europe,Mayen,email,true
CUST000335,Alice,Etzold,marleen16@example.net,F,1988-10-12,2023-05-01,DE,Germany,Western Europe,Gießen,direct,true
CUST000336,Claus-Peter,Meister,gertraud26@example.com,F,1986-05-16,2023-01-14,DE,Germany,Western Europe,Roth,paid_search,true
CUST000337,Candelaria,Arco,svelazquez@example.com,Undisclosed,1999-06-29,2024-03-23,ES,Spain,Southern Europe,Tarragona,referral,false
CUST000338,Quinty,van der Linden,,M,1986-02-03,2025-09-26,NL,Netherlands,Western Europe,Clinge,referral,false
CUST000339,Raymond,Hilton,,Undisclosed,1990-06-07,2024-08-10,GB,United Kingdom,Western Europe,Mohammedton,paid_search,true
CUST000340,Ehrenfried,Atzler,vweller@example.com,Undisclosed,1952-05-23,2023-07-17,DE,Germany,Western Europe,Gadebusch,social_media,false
CUST000341,Josephine,Fox,katiepatel@example.com,M,1979-09-28,2025-03-23,GB,United Kingdom,Western Europe,West Peter,direct,true
CUST000342,Connor,Holden,awebb@example.org,Undisclosed,1995-05-15,2024-09-06,GB,United Kingdom,Western Europe,West Graeme,direct,true
CUST000343,Nicolai,Mülichen,ullrich38@example.com,M,1952-04-29,2023-07-11,DE,Germany,Western Europe,Werdau,organic_search,true
CUST000344,Benjamin,Lacombe,ejulien@example.com,M,1953-07-07,2023-06-19,FR,France,Western Europe,Sainte Madeleine,organic_search,true
CUST000345,Nicole,Berger,labbesusanne@example.org,Undisclosed,1980-10-18,2024-04-15,FR,France,Western Europe,Courtois,organic_search,true
CUST000346,Dale,Roberts,mohamedmoore@example.com,F,1988-07-15,2024-07-28,GB,United Kingdom,Western Europe,East Ruth,social_media,true
CUST000347,Joe,Power,vbyrne@example.net,Undisclosed,1974-11-30,2024-02-29,GB,United Kingdom,Western Europe,Burgessborough,organic_search,false
CUST000348,Manuela,Bolnbach,karl-heinrichweller@example.net,M,1984-12-21,2023-11-29,DE,Germany,Western Europe,Pinneberg,referral,false
CUST000349,Céline,Noël,aimeegermain@example.org,Undisclosed,1963-07-15,2025-02-25,FR,France,Western Europe,Evrardboeuf,referral,false
CUST000350,Damien,Parsons,ltalbot@example.org,F,1976-11-03,2023-04-20,GB,United Kingdom,Western Europe,Port Ellie,referral,false
CUST000351,Diana,Roberts,,M,2008-03-13,2024-10-30,GB,United Kingdom,Western Europe,Lake Aaronmouth,social_media,false
CUST000352,Gervasio,Perea,gomezmarcos@example.org,M,1992-11-14,2025-06-03,ES,Spain,Southern Europe,Málaga,referral,false
CUST000353,Elin,de Hoog,mvan-bergen@example.org,F,1974-06-21,2024-05-19,NL,Netherlands,Western Europe,Hank,direct,true
CUST000354,Sofia,Seidel,ischuster@example.net,F,1957-06-21,2025-03-08,DE,Germany,Western Europe,Neustadtner Waldnaab,email,false
CUST000355,Elly,Bloch,fridolin25@example.com,M,2004-07-31,2024-07-06,DE,Germany,Western Europe,Amberg,referral,false
CUST000356,Danielle,Khan,,F,2001-02-27,2023-07-31,GB,United Kingdom,Western Europe,Robsonhaven,social_media,false
CUST000357,Senol,Tröst,rlange@example.com,F,2002-11-02,2023-01-26,DE,Germany,Western Europe,Neustadtner Waldnaab,referral,true
CUST000358,Iain,Rhodes,jakearmstrong@example.org,F,1960-12-25,2025-12-03,GB,United Kingdom,Western Europe,Lesliemouth,social_media,false
CUST000359,Antonina,Carnera,gvianello@example.org,M,1963-11-30,2023-10-26,IT,Italy,Southern Europe,Piozzo,organic_search,false
CUST000360,Charlie,Scott,carterchloe@example.net,M,1952-08-26,2024-05-30,GB,United Kingdom,Western Europe,West Ryan,paid_search,false
CUST000361,Brigitte,Lemaire,wcharles@example.org,M,1998-06-19,2023-08-08,FR,France,Western Europe,Lacroix,referral,false
CUST000362,Amber,Khan,carolyn96@example.org,Undisclosed,1959-09-29,2024-11-05,GB,United Kingdom,Western Europe,Port Darren,paid_search,false
CUST000363,Leslie,Turnbull,stacey49@example.net,M,1993-08-05,2024-10-18,GB,United Kingdom,Western Europe,Gregoryshire,email,false
CUST000364,Darren,Chambers,katherine12@example.com,Undisclosed,2004-09-07,2024-08-19,GB,United Kingdom,Western Europe,Lake Wayne,social_media,false
CUST000365,Maria,Perozzo,enniomilanesi@example.org,F,1978-12-28,2024-07-28,IT,Italy,Southern Europe,Collegiove,paid_search,true
CUST000366,Denis,Couturier,lorraine66@example.com,Undisclosed,1999-10-03,2023-02-25,FR,France,Western Europe,Sainte Denise-la-Forêt,social_media,true
CUST000367,Adam,Olsson,tage75@example.net,M,1995-07-18,2025-04-17,SE,Sweden,Nordic,Karlskrona,direct,true
CUST000368,Gian,Riccardi,serafina18@example.com,Undisclosed,2001-10-24,2025-05-16,IT,Italy,Southern Europe,Cleulis,email,false
CUST000369,Miguel,Rogge,uheuser@example.com,Undisclosed,1985-01-04,2023-03-17,DE,Germany,Western Europe,Rehau,organic_search,true
CUST000370,Klothilde,Biggen,vzirme@example.net,Undisclosed,1948-10-22,2024-05-23,DE,Germany,Western Europe,Schwäbisch Hall,referral,false
CUST000371,Thilo,Meyer,hbachmann@example.org,F,1945-09-23,2024-11-10,DE,Germany,Western Europe,Flöha,paid_search,true
CUST000372,Giovanni,Höfig,raphaelaseip@example.com,Undisclosed,1952-01-13,2025-07-01,DE,Germany,Western Europe,Gransee,referral,true
CUST000373,Guenter,Birnbaum,koehlergiovanna@example.net,M,1972-08-27,2024-12-07,DE,Germany,Western Europe,Wertingen,organic_search,true
CUST000374,Duuk,Aarden,thijngarret@example.net,F,1960-03-16,2023-10-18,NL,Netherlands,Western Europe,Swichum,social_media,false
CUST000375,Annaliese,Stiffel,eigenwilligdenise@example.org,M,1975-12-21,2023-07-19,DE,Germany,Western Europe,Amberg,organic_search,true
CUST000376,Gilles,Martel,therese16@example.net,Undisclosed,1950-07-03,2023-02-16,FR,France,Western Europe,Jacob,direct,true
CUST000377,Quirino,Martínez,calatayudcristian@example.com,Undisclosed,1955-01-06,2025-11-22,ES,Spain,Southern Europe,Vizcaya,email,true
CUST000378,Charles,Radisch,florencestey@example.org,Undisclosed,1984-01-06,2025-04-09,DE,Germany,Western Europe,Schongau,organic_search,true
CUST000379,Ignacio,Cordero,valerioortega@example.net,Undisclosed,2008-04-13,2025-07-09,ES,Spain,Southern Europe,Salamanca,social_media,true
CUST000380,Guillaume,Chrétien,fcarpentier@example.org,M,1954-01-24,2023-07-28,FR,France,Western Europe,Chauveau-sur-Jacob,email,true
CUST000381,Ivo,Hofmann,viviane65@example.org,Undisclosed,1989-07-20,2024-06-21,DE,Germany,Western Europe,Grafenau,email,false
CUST000382,Anne,van de Veen,lize04@example.org,Undisclosed,1958-07-09,2023-08-22,NL,Netherlands,Western Europe,Oudesluis,direct,false
CUST000383,Emma,Clark,leah03@example.com,F,1979-09-06,2023-06-23,GB,United Kingdom,Western Europe,New Jamesstad,paid_search,false
CUST000384,Mirko,Vergassola,donatello69@example.com,F,1992-02-27,2023-10-17,IT,Italy,Southern Europe,Cavriglia,email,true
CUST000385,Colin,Bastiaense,bduivenvoorden@example.net,Undisclosed,1963-07-11,2025-09-23,NL,Netherlands,Western Europe,Hilvarenbeek,paid_search,true
CUST000386,Antonia,Macías,barrenamontserrat@example.com,M,1988-06-16,2025-09-29,ES,Spain,Southern Europe,Las Palmas,social_media,true
CUST000387,Élise,Chauvet,operez@example.net,Undisclosed,1956-01-27,2025-09-19,FR,France,Western Europe,Perez,email,false
CUST000388,Apollonia,Junken,damian83@example.org,M,1972-04-09,2025-10-04,DE,Germany,Western Europe,Heiligenstadt,referral,true
CUST000389,Chema,Rovira,dgomez@example.org,Undisclosed,1953-07-29,2024-03-27,ES,Spain,Southern Europe,Salamanca,email,false
CUST000390,Gema,Echevarría,mendozagriselda@example.net,Undisclosed,1953-10-23,2025-11-12,ES,Spain,Southern Europe,Teruel,social_media,true
CUST000391,Ann,Olsson,helenacarlsson@example.com,F,1994-09-24,2025-06-22,SE,Sweden,Nordic,Lund,direct,true
CUST000392,Xavier,Gilbert,gilbert41@example.org,M,1964-03-11,2024-09-01,FR,France,Western Europe,Andre-la-Forêt,organic_search,false
CUST000393,Agnès,Lefèvre,mahececile@example.net,Undisclosed,1979-09-06,2023-08-29,FR,France,Western Europe,Brun-sur-Tessier,social_media,false
CUST000394,Ileana,Carlos,jose-maricalderon@example.net,F,1961-03-24,2023-12-06,ES,Spain,Southern Europe,Alicante,referral,false
CUST000395,Aimée,Jacob,moulinbenjamin@example.com,M,2008-04-21,2025-12-26,FR,France,Western Europe,Colin,social_media,false
CUST000396,Lucia,Pucci,virgilioninetta@example.net,Undisclosed,1960-12-17,2024-07-01,IT,Italy,Southern Europe,Baselga Di Vezzano,paid_search,false
CUST000397,Paola,Bermejo,sigfridomontero@example.com,F,1984-07-29,2023-05-02,ES,Spain,Southern Europe,Baleares,paid_search,true
CUST000398,Benjamin,Maréchal,colinmaurice@example.net,Undisclosed,1950-05-17,2023-10-27,FR,France,Western Europe,Carre-la-Forêt,paid_search,false
CUST000399,Rafa,Fonseca,chema87@example.org,F,1965-07-11,2025-04-28,ES,Spain,Southern Europe,Valencia,direct,false
CUST000400,Ana,Ferrán,abrilpedrosa@example.net,Undisclosed,1995-07-12,2025-01-25,ES,Spain,Southern Europe,Burgos,direct,true
CUST000401,Ayten,Kensy,langeandre@example.org,F,1988-12-16,2025-07-27,DE,Germany,Western Europe,Hoyerswerda,email,true
CUST000402,Lilla,Martucci,paolettisandra@example.net,M,1952-10-03,2025-05-29,IT,Italy,Southern Europe,Cerasomma,social_media,true
CUST000403,Patrick,Ellis,samanthahughes@example.org,F,1952-01-06,2025-09-20,GB,United Kingdom,Western Europe,East Mariachester,direct,false
CUST000404,Anselma,Cañellas,alvaro19@example.org,M,1989-01-17,2023-02-03,ES,Spain,Southern Europe,Asturias,email,true
CUST000405,Noël,Klein,gaymargaud@example.org,M,1963-06-11,2023-09-28,FR,France,Western Europe,Carlier,social_media,false
CUST000406,Benvenuto,Fioravanti,luciano74@example.org,F,1954-12-12,2023-06-18,IT,Italy,Southern Europe,Rodano,direct,false
CUST000407,Chantal,Bouvier,franckgaillard@example.com,F,1973-05-06,2024-04-24,FR,France,Western Europe,Sainte Pénélope-sur-Mer,email,true
CUST000408,Monica,Dussen van,djaentsch@example.com,M,1951-11-02,2023-09-29,DE,Germany,Western Europe,Torgau,direct,false
CUST000409,Romana,Mondadori,ramona90@example.org,F,1955-10-11,2023-09-04,IT,Italy,Southern Europe,Ioggi,paid_search,false
CUST000410,Anika,Binner,wendelinklemm@example.com,M,1991-10-07,2023-07-02,DE,Germany,Western Europe,Griesbach Rottal,social_media,true
CUST000411,Frédérique,Bouvet,antoinelebon@example.com,F,1983-02-13,2025-02-22,FR,France,Western Europe,Gauthier,direct,true
CUST000412,Erik,Andersson,yberg@example.org,Undisclosed,1998-10-29,2023-05-21,SE,Sweden,Nordic,Jönköping,social_media,true
CUST000413,Sandra,Asp,lovisaholmstrom@example.net,M,1985-07-27,2023-11-07,SE,Sweden,Nordic,Västerås,organic_search,true
CUST000414,Louise,Law,turnerjoe@example.net,M,1951-12-11,2023-10-14,GB,United Kingdom,Western Europe,Adrianton,email,false
CUST000415,Hannah,Hughes,kbentley@example.com,F,1971-09-23,2023-10-14,GB,United Kingdom,Western Europe,Lordborough,referral,false
CUST000416,Henri,Fontaine,robertguyot@example.com,M,1987-06-22,2023-02-24,FR,France,Western Europe,Chauvet-sur-Moulin,referral,true
CUST000417,Charles,Fernandez,colette68@example.com,F,1964-09-20,2025-03-13,FR,France,Western Europe,Dos Santosnec,organic_search,true
CUST000418,Louise,Devaux,lucylaine@example.org,F,1999-10-10,2025-10-20,FR,France,Western Europe,Sainte Sabine,social_media,true
CUST000419,Sanne,van de Biesenbos,wouter87@example.com,M,1967-07-27,2025-03-03,NL,Netherlands,Western Europe,Oudehaske,paid_search,false
CUST000420,Julián,Escolano,,M,1947-06-16,2023-05-30,ES,Spain,Southern Europe,Pontevedra,organic_search,false
CUST000421,Nydia,Suarez,amorlucas@example.org,M,1981-09-17,2025-11-03,ES,Spain,Southern Europe,Vizcaya,email,true
CUST000422,Gala,Hernando,felicianocabrera@example.org,Undisclosed,1963-10-27,2023-11-09,ES,Spain,Southern Europe,Valladolid,paid_search,false
CUST000423,Sylvie,Gerlach,christinekraushaar@example.com,Undisclosed,1957-08-31,2025-03-11,DE,Germany,Western Europe,Saarlouis,organic_search,false
CUST000424,Geraldine,Harrison,amelia59@example.org,F,1984-04-24,2025-06-14,GB,United Kingdom,Western Europe,New Roy,email,true
CUST000425,Adeline,Bender,triehl@example.org,Undisclosed,1951-10-29,2025-07-17,DE,Germany,Western Europe,Genthin,direct,true
CUST000426,Mandy,Lloyd,,F,1981-07-04,2023-09-02,GB,United Kingdom,Western Europe,Savageborough,social_media,false
CUST000427,Suzanne,Breton,zachariewagner@example.org,M,1949-09-26,2023-12-08,FR,France,Western Europe,Saint Jacqueline,organic_search,true
CUST000428,Sonia,Ossani,matildacapuana@example.net,F,1950-08-14,2024-11-17,IT,Italy,Southern Europe,Noto,referral,true
CUST000429,Thibaut,Breton,gcoste@example.com,M,1954-12-20,2025-10-13,FR,France,Western Europe,Foucher,paid_search,false
CUST000430,Friedl,Junck,ozorbach@example.com,Undisclosed,1957-07-15,2023-11-19,DE,Germany,Western Europe,Gardelegen,organic_search,true
CUST000431,Gislinde,Schacht,,F,2001-02-08,2025-11-08,DE,Germany,Western Europe,Koblenz,email,false
CUST000432,Luisina,Abellán,macarena42@example.org,F,1993-06-15,2025-02-23,ES,Spain,Southern Europe,Vizcaya,direct,false
CUST000433,Ross,Dawson,claytonelliott@example.net,Undisclosed,1952-10-07,2024-04-04,GB,United Kingdom,Western Europe,Davidsonland,organic_search,false
CUST000434,Ewa,Cichorius,necatijuncken@example.org,F,2001-08-06,2023-09-02,DE,Germany,Western Europe,Mellrichstadt,referral,true
CUST000435,Henni,Börner,hettnerhassan@example.org,M,1969-07-14,2025-04-01,DE,Germany,Western Europe,Bützow,social_media,false
CUST000436,Kim,van Bernicia,budsami@example.com,F,1957-01-01,2023-06-26,NL,Netherlands,Western Europe,Reuver,social_media,true
CUST000437,Philipp,Ditschlerin,wkostolzin@example.net,F,2002-01-31,2025-08-08,DE,Germany,Western Europe,Roding,referral,true
CUST000438,Florina,Gomis,,F,1956-10-01,2023-11-05,ES,Spain,Southern Europe,Asturias,direct,true
CUST000439,Luna,Bosch,,Undisclosed,1965-10-01,2024-11-17,NL,Netherlands,Western Europe,Amstelveen,organic_search,true
CUST000440,Gustav,Kohl,johannes11@example.com,F,1956-08-19,2025-12-21,DE,Germany,Western Europe,Pößneck,paid_search,false
CUST000441,Rose,Nette,kambsdesiree@example.net,Undisclosed,1993-08-16,2023-07-10,DE,Germany,Western Europe,Malchin,social_media,false
CUST000442,Dennis,Ekman,danielajohansson@example.org,Undisclosed,1958-08-12,2023-06-23,SE,Sweden,Nordic,Ängelholm,organic_search,true
CUST000443,Étienne,Girard,margaud44@example.org,M,1972-06-02,2025-06-09,FR,France,Western Europe,Dias-sur-Marin,social_media,false
CUST000444,Aurélie,Fernandez,bernardalves@example.org,F,1965-09-23,2024-10-30,FR,France,Western Europe,Voisin-sur-Bourgeois,paid_search,true
CUST000445,Felicia,Manzanares,amigohilario@example.org,M,1951-04-05,2023-11-15,ES,Spain,Southern Europe,Baleares,referral,false
CUST000446,Virginia,Iannuzzi,mercedes67@example.com,F,1951-11-20,2024-03-01,IT,Italy,Southern Europe,Pollutri,direct,false
CUST000447,Sture,Forsberg,olofhakansson@example.org,F,1977-05-01,2023-03-24,SE,Sweden,Nordic,Mölndal,paid_search,false
CUST000448,Guadalupe,Caballero,cintia02@example.net,M,1951-07-08,2025-03-22,ES,Spain,Southern Europe,Zaragoza,paid_search,true
CUST000449,Françoise,Bonnet,lboulay@example.org,Undisclosed,2002-11-25,2025-04-08,FR,France,Western Europe,Barbenec,email,true
CUST000450,Kristian,Budig,pruppersberger@example.com,F,1972-07-19,2023-10-14,DE,Germany,Western Europe,Nürtingen,email,false
CUST000451,Florencio,Galán,dionisiosanchez@example.org,F,2000-09-12,2023-06-22,ES,Spain,Southern Europe,Barcelona,organic_search,true
CUST000452,Reece,Turner,davisonjill@example.com,M,1988-05-13,2025-06-27,GB,United Kingdom,Western Europe,Port Marilyn,email,true
CUST000453,Frédérique,Chauvin,timothee11@example.com,Undisclosed,1983-04-02,2023-12-11,FR,France,Western Europe,Baron,organic_search,false
CUST000454,Eleanora,Tresoldi,yanastasi@example.net,F,1998-11-16,2025-05-23,IT,Italy,Southern Europe,Castelsilano,email,true
CUST000455,Carolina,Schacht,liebeltgeorgios@example.org,Undisclosed,1985-05-02,2023-03-12,DE,Germany,Western Europe,Büsingen am Hochrhein,email,false
CUST000456,Victoria,Pritchard,thorntonpaula@example.com,M,1990-03-29,2023-05-05,GB,United Kingdom,Western Europe,Allenfort,referral,true
CUST000457,Friedrich,Schönland,gerlachkarl-august@example.com,M,1987-02-07,2023-02-09,DE,Germany,Western Europe,Bad Kissingen,email,false
CUST000458,Frank,Parker,vball@example.net,F,1978-01-08,2025-10-25,GB,United Kingdom,Western Europe,Christinetown,paid_search,true
CUST000459,Meryem,Noack,margret44@example.com,Undisclosed,2004-02-01,2024-07-29,DE,Germany,Western Europe,Geithain,referral,true
CUST000460,Lea,Jungfer,kunoweimer@example.com,M,1964-01-07,2023-11-23,DE,Germany,Western Europe,Schleiz,direct,true
CUST000461,Sigrid,Ladeck,grafthomas@example.org,M,1996-02-08,2024-03-25,DE,Germany,Western Europe,Zerbst,paid_search,true
CUST000462,Graeme,Ellis,william82@example.org,Undisclosed,1973-02-18,2024-04-29,GB,United Kingdom,Western Europe,Port Judith,referral,true
CUST000463,Mia,Cornelisse,kuiperjoost@example.org,Undisclosed,1962-08-30,2024-12-21,NL,Netherlands,Western Europe,Bad Nieuweschans,email,false
CUST000464,Joe,Robertson,xbentley@example.net,F,2001-09-21,2023-12-26,GB,United Kingdom,Western Europe,Loweville,organic_search,false
CUST000465,Harald,Selin,erikssonwilhelm@example.com,F,1985-08-14,2023-01-02,SE,Sweden,Nordic,Trollhättan,paid_search,false
CUST000466,Isaac,Poirier,,F,1996-08-25,2023-05-02,FR,France,Western Europe,Sainte Antoinenec,referral,false
CUST000467,Renée,Benoit,goncalvesdominique@example.net,M,2004-01-04,2023-05-29,FR,France,Western Europe,Jourdan,social_media,false
CUST000468,Florinda,Recio,inesgabaldon@example.com,M,1980-08-11,2024-10-22,ES,Spain,Southern Europe,Vizcaya,email,false
CUST000469,Frieda,Gerlach,muehlesiegrid@example.org,Undisclosed,1986-08-04,2023-12-23,DE,Germany,Western Europe,Gardelegen,paid_search,true
CUST000470,Marta,Rosén,desiree44@example.com,F,1976-12-01,2025-02-13,SE,Sweden,Nordic,Borås,organic_search,false
CUST000471,Mariechen,Scholz,rjacobi-jaeckel@example.net,Undisclosed,1972-09-16,2023-03-08,DE,Germany,Western Europe,Altötting,referral,true
CUST000472,Leo,Berggren,beatrice99@example.com,F,1950-01-10,2025-10-13,SE,Sweden,Nordic,Karlstad,social_media,true
CUST000473,Ingelore,Siering,nathalie44@example.net,Undisclosed,1966-01-06,2023-07-01,DE,Germany,Western Europe,Dresden,email,true
CUST000474,Patrizio,Mezzetta,vittoriabettin@example.net,M,1992-01-04,2024-06-27,IT,Italy,Southern Europe,Montaperto,organic_search,true
CUST000475,Samantha,Gibbons,lynchbryan@example.com,F,1995-10-26,2023-04-09,GB,United Kingdom,Western Europe,New Lindseyshire,email,false
CUST000476,Anna,Olsson,milannilsson@example.net,M,2007-05-16,2024-12-20,SE,Sweden,Nordic,Lidingö,referral,true
CUST000477,Klaus-Peter,Dietz,michelle28@example.org,F,1977-09-20,2023-11-30,DE,Germany,Western Europe,Witzenhausen,social_media,false
CUST000478,Craig,Morton,yvonne25@example.net,M,1960-11-17,2023-08-03,GB,United Kingdom,Western Europe,Emilymouth,organic_search,true
CUST000479,Torbjörn,Sandin,karl-erik47@example.org,M,1985-05-24,2024-11-23,SE,Sweden,Nordic,Skellefteå,email,true
CUST000480,Margaret,Hill,donnabaldwin@example.net,F,1973-10-17,2025-06-08,GB,United Kingdom,Western Europe,Port Derekberg,email,false
CUST000481,Clare,Wilkins,glennhanson@example.net,M,2004-05-14,2024-07-30,GB,United Kingdom,Western Europe,Port Jonathan,email,true
CUST000482,Mohamed,Cornelisse,overmeulen@example.org,M,1946-01-02,2023-04-22,NL,Netherlands,Western Europe,Sint-Oedenrode,direct,false
CUST000483,Wendy,Thornton,rhys29@example.org,Undisclosed,1998-09-29,2024-02-13,GB,United Kingdom,Western Europe,East Jaynechester,organic_search,false
CUST000484,Christopher,Thomas,eahmed@example.com,M,1959-04-03,2023-08-25,GB,United Kingdom,Western Europe,Stephenmouth,social_media,true
CUST000485,Frederick,Wilson,jackdavies@example.net,M,2005-05-12,2025-03-04,GB,United Kingdom,Western Europe,Graemeberg,organic_search,false
CUST000486,Liberto,Desio,passalacquatiziano@example.net,M,1950-02-15,2025-06-19,IT,Italy,Southern Europe,Ca' Venier,paid_search,true
CUST000487,Anne,Schenk,tuelay47@example.net,M,1981-05-08,2023-06-25,DE,Germany,Western Europe,Marienberg,referral,true
CUST000488,Odette,Roche,zachariecamus@example.com,M,1956-11-26,2023-05-05,FR,France,Western Europe,Moreau-sur-Mer,direct,false
CUST000489,Anders,Karlsson,ingridbjorklund@example.net,Undisclosed,1954-01-24,2024-04-27,SE,Sweden,Nordic,Alingsås,referral,true
CUST000490,Giovanni,Ughi,panicucciteresa@example.net,F,1988-02-02,2023-09-04,IT,Italy,Southern Europe,Matassino,paid_search,true
CUST000491,Anthony,Marshall,adamshilary@example.org,M,1974-01-17,2023-03-29,GB,United Kingdom,Western Europe,Palmerside,direct,true
CUST000492,Joyce,Yates,elaine23@example.net,F,1966-03-05,2024-06-12,GB,United Kingdom,Western Europe,Adamshaven,referral,false
CUST000493,Véronique,Duval,laurence92@example.com,F,1980-06-30,2024-10-29,FR,France,Western Europe,Lemaire-sur-Carre,referral,false
CUST000494,Hans-Ulrich,Schlosser,ziegertehrhard@example.com,Undisclosed,1959-04-11,2023-08-19,DE,Germany,Western Europe,Parsberg,organic_search,true
CUST000495,Shaun,Thomas,sarahcampbell@example.com,M,1979-06-17,2023-07-26,GB,United Kingdom,Western Europe,Lake Hayley,social_media,false
CUST000496,Emmanuel,Masson,noel00@example.net,F,2002-07-09,2025-09-21,FR,France,Western Europe,Laroche-sur-Teixeira,paid_search,false
CUST000497,Oliver,Franklin,georgemarsh@example.org,Undisclosed,1989-07-13,2023-03-21,GB,United Kingdom,Western Europe,South Bryan,direct,false
CUST000498,Patrizia,Benthin,vitali01@example.org,M,2003-09-05,2024-07-04,DE,Germany,Western Europe,Kamenz,email,true
CUST000499,Alexander,Blomberg,ruben11@example.org,M,1989-09-22,2024-04-11,SE,Sweden,Nordic,Luleå,social_media,false
CUST000500,Daniel,Persson,marita94@example.net,M,1958-02-16,2025-05-03,SE,Sweden,Nordic,Falun,email,false
CUST000501,Jaylinn,van Opper-Lotharingen,rvan-kasteelen@example.com,Undisclosed,2000-02-12,2025-11-23,NL,Netherlands,Western Europe,Roden,organic_search,false
CUST000502,Darren,Robinson,nathandaniels@example.net,Undisclosed,2003-02-21,2025-11-03,GB,United Kingdom,Western Europe,North Helen,organic_search,true
CUST000503,Jules,Bourdon,rcolas@example.com,F,1971-07-11,2024-01-30,FR,France,Western Europe,Raymond,email,true
CUST000504,Daniel,Reina,castrilloalmudena@example.com,M,1975-09-03,2025-01-08,ES,Spain,Southern Europe,Asturias,direct,true
CUST000505,Noor,van den Pol,ilse50@example.net,M,1997-11-30,2023-03-04,NL,Netherlands,Western Europe,Zetten,email,false
CUST000506,Annaliese,Preiß,zofiastaude@example.com,Undisclosed,1992-07-08,2024-12-06,DE,Germany,Western Europe,Mallersdorf,organic_search,false
CUST000507,Giorgia,Pavanello,santinomuti@example.net,Undisclosed,1955-10-19,2023-02-26,IT,Italy,Southern Europe,Campodoro,paid_search,true
CUST000508,Reyes,Valcárcel,crespoanselma@example.com,M,2004-11-05,2024-04-06,ES,Spain,Southern Europe,Asturias,direct,true
CUST000509,Gustavo,Benussi,pmichelangeli@example.com,Undisclosed,1980-03-06,2025-08-28,IT,Italy,Southern Europe,Cinisello Balsamo,paid_search,false
CUST000510,Tyler,van Gent,pden-teuling@example.org,M,2000-03-17,2024-09-17,NL,Netherlands,Western Europe,Zeddam,email,false
CUST000511,Guy,Iqbal,fnicholson@example.com,Undisclosed,1979-07-13,2025-07-29,GB,United Kingdom,Western Europe,North Sophiechester,referral,false
CUST000512,Auguste,Pascal,,M,1983-01-18,2023-07-29,FR,France,Western Europe,Saint Sophie,referral,false
CUST000513,Filippa,Saraceno,veronica88@example.org,M,1968-11-16,2024-09-03,IT,Italy,Southern Europe,Torre Maina,direct,false
CUST000514,Natanael,Suárez,gisbertrafaela@example.com,Undisclosed,1994-06-14,2024-07-21,ES,Spain,Southern Europe,Teruel,paid_search,true
CUST000515,Helfried,Adler,gdrewes@example.net,Undisclosed,1968-11-29,2023-04-27,DE,Germany,Western Europe,Siegen,social_media,true
CUST000516,Ehrhard,Bien,bernhardine85@example.net,M,2006-09-19,2023-02-22,DE,Germany,Western Europe,Niesky,email,false
CUST000517,Michelle,Lejeune,valentinewagner@example.net,F,1952-12-17,2023-03-14,FR,France,Western Europe,Bourdon,direct,true
CUST000518,Ildefonso,Sebastián,godofredocarrillo@example.com,Undisclosed,2001-10-17,2025-12-30,ES,Spain,Southern Europe,Teruel,social_media,true
CUST000519,Margareta,Lindberg,elias60@example.net,Undisclosed,1998-03-24,2024-01-06,SE,Sweden,Nordic,Karlskrona,referral,true
CUST000520,Annette,Wähner,walburgaortmann@example.org,F,1948-12-27,2024-11-18,DE,Germany,Western Europe,Rothenburg ob der Tauber,social_media,false
CUST000521,Hazel,Whitehead,xbennett@example.org,M,1995-05-24,2024-11-09,GB,United Kingdom,Western Europe,North Charlotte,email,true
CUST000522,Marine,Ledoux,corinne66@example.net,F,1962-07-30,2023-05-26,FR,France,Western Europe,Chauvin,email,false
CUST000523,Rikard,Nilsson,therese72@example.org,F,1996-08-12,2025-04-26,SE,Sweden,Nordic,Ängelholm,social_media,false
CUST000524,Hugo,Manso,leonor83@example.org,F,1992-05-28,2025-07-26,ES,Spain,Southern Europe,Soria,email,false
CUST000525,Candela,Mora,leocadiaenriquez@example.net,M,1994-01-08,2023-12-29,ES,Spain,Southern Europe,Valladolid,paid_search,true
CUST000526,Dorothy,Ellis,chelsea79@example.net,F,1991-07-26,2025-09-29,GB,United Kingdom,Western Europe,Marytown,direct,false
CUST000527,Bernard,Leconte,laurentalex@example.org,F,1949-07-14,2025-04-06,FR,France,Western Europe,Da Costa,paid_search,false
CUST000528,William,Bonnet,sebastiennormand@example.com,Undisclosed,1992-09-04,2023-01-29,FR,France,Western Europe,Martins,direct,true
CUST000529,Edmund,Schmiedt,klemtmargaretha@example.com,M,2004-10-02,2024-05-24,DE,Germany,Western Europe,Wolfach,email,false
CUST000530,Lucio,Arévalo,ggamez@example.net,M,1971-08-26,2023-12-09,ES,Spain,Southern Europe,La Rioja,referral,false
CUST000531,José,Franco,carmina00@example.net,M,1987-11-30,2025-06-07,ES,Spain,Southern Europe,Ceuta,email,false
CUST000532,Kerstin,Wallin,julia89@example.org,M,1965-09-13,2024-01-21,SE,Sweden,Nordic,Umeå,paid_search,true
CUST000533,Erik,Andersson,davidssonhans@example.net,F,1964-09-04,2024-03-08,SE,Sweden,Nordic,Jönköping,direct,true
CUST000534,Mohamed,Hall,fionabaker@example.org,Undisclosed,1956-03-20,2025-02-07,GB,United Kingdom,Western Europe,East Brandonton,referral,true
CUST000535,Camilo,Moll,amor98@example.com,Undisclosed,1981-06-08,2023-08-10,ES,Spain,Southern Europe,Cádiz,email,false
CUST000536,Alessia,Valier,tirabassiermes@example.com,F,1973-02-18,2023-09-11,IT,Italy,Southern Europe,Cosola Di Cabella,direct,true
CUST000537,Poncio,Marin,ismael35@example.com,Undisclosed,1960-07-19,2024-09-08,ES,Spain,Southern Europe,Navarra,referral,true
CUST000538,Tilmann,Hendriks,drewesgrazyna@example.com,Undisclosed,2007-03-27,2025-05-07,DE,Germany,Western Europe,Bad Kreuznach,social_media,true
CUST000539,Sheila,Wood,margaret16@example.com,M,1947-05-14,2023-08-06,GB,United Kingdom,Western Europe,Katherinehaven,paid_search,false
CUST000540,Roswita,Siering,cneuschaefer@example.com,M,1958-10-13,2025-04-19,DE,Germany,Western Europe,Osterburg,direct,false
CUST000541,Anna,Lund,sorensengoran@example.net,F,1960-01-11,2024-11-08,SE,Sweden,Nordic,Sandviken,referral,false
CUST000542,Rita,Shaw,nlee@example.net,F,1996-02-18,2023-11-02,GB,United Kingdom,Western Europe,Willisland,organic_search,false
CUST000543,Mehdi,Bender,andremies@example.net,M,1951-08-22,2024-04-18,DE,Germany,Western Europe,Bamberg,organic_search,true
CUST000544,Cornelis,Oda,louiserackham@example.net,Undisclosed,2007-09-04,2023-03-22,NL,Netherlands,Western Europe,Kolhorn,direct,true
CUST000545,Ann,Saunders,omccarthy@example.com,F,1972-03-10,2023-07-14,GB,United Kingdom,Western Europe,New Thomasland,direct,true
CUST000546,Agathe,Gaudin,bonninclaude@example.org,Undisclosed,1952-11-27,2024-11-04,FR,France,Western Europe,Torres,direct,true
CUST000547,Ralf-Dieter,Kroker,edeltrud14@example.com,M,2001-08-17,2025-02-02,DE,Germany,Western Europe,Naila,email,false
CUST000548,Leah,de Leeuw,benthemudden@example.org,M,1999-11-26,2025-02-28,NL,Netherlands,Western Europe,Westknollendam,paid_search,true
CUST000549,Eileen,Patel,ashleigh24@example.net,F,1946-06-11,2023-09-29,GB,United Kingdom,Western Europe,North Luke,referral,false
CUST000550,Che,Mayol,pradobrigida@example.net,M,1959-12-23,2025-06-16,ES,Spain,Southern Europe,Castellón,direct,true
CUST000551,Shaun,Akhtar,ghowe@example.org,M,1987-08-30,2025-09-16,GB,United Kingdom,Western Europe,Gordonville,organic_search,false
CUST000552,Gerardo,Ballester,,Undisclosed,2003-08-15,2024-10-05,ES,Spain,Southern Europe,Segovia,referral,true
CUST000553,Nigel,Chapman,harrisjoseph@example.com,Undisclosed,1985-03-11,2024-11-23,GB,United Kingdom,Western Europe,Watsonstad,direct,true
CUST000554,Glen,Bibi,vanessalynch@example.org,M,2006-12-08,2025-09-13,GB,United Kingdom,Western Europe,West Danielle,referral,true
CUST000555,Liberto,Corradi,nmondaini@example.net,M,1984-03-02,2023-01-24,IT,Italy,Southern Europe,Caldine,paid_search,true
CUST000556,Paul,Louis,aurelie20@example.com,M,1994-02-23,2025-10-03,FR,France,Western Europe,Baronboeuf,paid_search,false
CUST000557,Pia,Naser,hannahwagner@example.com,M,1977-03-07,2025-04-05,DE,Germany,Western Europe,Kaiserslautern,email,true
CUST000558,Freia,auch Schlauchin,zlatko81@example.org,M,1951-04-06,2025-10-17,DE,Germany,Western Europe,Dieburg,organic_search,true
CUST000559,Carlos,Alfonso,juan-josebenito@example.net,F,2003-07-01,2025-04-06,ES,Spain,Southern Europe,Palencia,referral,false
CUST000560,Lynn,Smith,nhilton@example.org,M,2006-07-09,2025-11-07,GB,United Kingdom,Western Europe,Lambertberg,social_media,true
CUST000561,Nienke,Smeets,sebastiaan39@example.net,Undisclosed,1954-10-17,2024-04-01,NL,Netherlands,Western Europe,St.-Jacobiparochie,direct,false
CUST000562,Albrecht,Spieß,kruschwitzotto@example.net,F,1961-12-09,2025-07-15,DE,Germany,Western Europe,Wurzen,social_media,false
CUST000563,Carolin,Rosemann,tilofreudenberger@example.org,F,1990-07-22,2025-12-05,DE,Germany,Western Europe,Wittenberg,direct,false
CUST000564,Klara,Neuschäfer,cklemt@example.org,F,1961-06-15,2023-08-08,DE,Germany,Western Europe,Grimmen,email,true
CUST000565,Sophie,Alves,nicolas03@example.net,M,1972-02-04,2025-07-25,FR,France,Western Europe,De SousaVille,email,true
CUST000566,Geraldine,Morgan,robinsonbrandon@example.org,Undisclosed,1988-10-18,2023-09-10,GB,United Kingdom,Western Europe,Marcusshire,referral,true
CUST000567,Émilie,Colas,,Undisclosed,1957-07-07,2025-10-18,FR,France,Western Europe,Guibertnec,referral,false
CUST000568,Alexandria,Hubert,jacqueline18@example.com,Undisclosed,1980-10-27,2025-11-07,FR,France,Western Europe,Benardboeuf,direct,true
CUST000569,Temistocle,Cignaroli,msonnino@example.org,M,1975-08-14,2023-08-01,IT,Italy,Southern Europe,Madrigale,email,false
CUST000570,Roger,Lecomte,denisbuisson@example.net,M,1955-11-28,2024-05-23,FR,France,Western Europe,Barbier,paid_search,true
CUST000571,Mohamed,Atkinson,mandy13@example.com,Undisclosed,1978-06-14,2025-04-25,GB,United Kingdom,Western Europe,Jonesshire,direct,false
CUST000572,Jose Francisco,Aroca,florreig@example.org,M,1954-05-21,2024-03-21,ES,Spain,Southern Europe,Barcelona,direct,true
CUST000573,Jacques,Poirier,baudrywilliam@example.org,M,2008-06-15,2023-12-31,FR,France,Western Europe,Blondel,social_media,false
CUST000574,Jack,Shaw,kfoster@example.net,Undisclosed,1995-03-22,2025-05-04,GB,United Kingdom,Western Europe,Grahamborough,email,true
CUST000575,Isidoro,Reig,esoto@example.org,F,1986-07-27,2025-12-06,ES,Spain,Southern Europe,Zamora,paid_search,false
CUST000576,Fabio,Moschino,eleanoratorlonia@example.com,F,2008-06-13,2023-11-26,IT,Italy,Southern Europe,Giais,direct,false
CUST000577,Franco,Dörr,heinpirmin@example.com,M,1946-10-23,2024-02-22,DE,Germany,Western Europe,Parsberg,direct,true
CUST000578,Federigo,Silvestri,mconte@example.org,Undisclosed,2007-01-14,2025-03-07,IT,Italy,Southern Europe,Badia Polesine,direct,true
CUST000579,Mandy,Powell,greenkaty@example.org,Undisclosed,1945-10-06,2025-02-20,GB,United Kingdom,Western Europe,Bishopstad,referral,true
CUST000580,Michel,Leduc,rochereleonore@example.com,M,1999-05-31,2023-01-27,FR,France,Western Europe,MartyBourg,direct,false
CUST000581,Jake,Abbott,ebrowne@example.org,M,2005-05-07,2024-02-07,GB,United Kingdom,Western Europe,Smithtown,direct,true
CUST000582,Oscar,Ekman,liljegrenerik@example.org,F,2000-05-31,2024-01-18,SE,Sweden,Nordic,Kalmar,email,false
CUST000583,Fiona,Smith,kenneth26@example.net,M,2003-11-12,2024-06-25,GB,United Kingdom,Western Europe,Armstrongview,email,true
CUST000584,Françoise,Pascal,nfaivre@example.com,F,1978-07-07,2023-03-23,FR,France,Western Europe,Lemaître,direct,false
CUST000585,Leigh,Russell,tsmith@example.net,F,1972-10-10,2025-10-01,GB,United Kingdom,Western Europe,Port Katy,social_media,true
CUST000586,Liesel,Thies,weinholdhermann-josef@example.com,F,1956-09-10,2024-01-12,DE,Germany,Western Europe,Fulda,referral,false
CUST000587,Elif,Textor,vzimmer@example.net,Undisclosed,1992-04-07,2023-07-08,DE,Germany,Western Europe,Ebersberg,social_media,false
CUST000588,Marie-Theres,Fiebig,aschuster@example.org,M,1977-10-12,2024-03-23,DE,Germany,Western Europe,Brandenburg,direct,true
CUST000589,Daniel,Schlosser,hessehelfried@example.com,Undisclosed,1948-04-02,2023-08-23,DE,Germany,Western Europe,Lobenstein,referral,true
CUST000590,Filiz,Oderwald,ingetraud90@example.org,F,1975-07-22,2023-03-23,DE,Germany,Western Europe,Flöha,referral,false
CUST000591,Ann,Thanel,hans-ludwig09@example.net,M,1961-06-13,2023-02-20,DE,Germany,Western Europe,Sulzbach-Rosenberg,referral,false
CUST000592,Charles,Hopkins,evansabbie@example.org,F,1964-06-17,2025-09-23,GB,United Kingdom,Western Europe,Ingramfurt,organic_search,true
CUST000593,Alexandros,Walter,mschaaf@example.net,Undisclosed,1993-07-25,2023-12-09,DE,Germany,Western Europe,Bremen,organic_search,true
CUST000594,Adélaïde,Baron,monique89@example.com,F,1961-01-30,2024-03-12,FR,France,Western Europe,Leclercq-sur-De Sousa,direct,false
CUST000595,Pier,Tognazzi,qagostinelli@example.org,M,1952-12-05,2023-05-28,IT,Italy,Southern Europe,Macchia Albanese,organic_search,true
CUST000596,Shannon,Bradley,maurice18@example.com,Undisclosed,1984-10-21,2023-05-31,GB,United Kingdom,Western Europe,Annettemouth,paid_search,false
CUST000597,Lina,Volcke,xvan-rooij@example.org,M,1998-06-18,2025-04-14,NL,Netherlands,Western Europe,Soesterberg,email,true
CUST000598,Hannelore,Mies,,F,2006-09-10,2025-12-31,DE,Germany,Western Europe,Neunburg vorm Wald,referral,true
CUST000599,Evelin,Zirme,hesercengiz@example.com,M,1960-09-05,2023-05-29,DE,Germany,Western Europe,Herford,social_media,true
CUST000600,Alberto,Thies,hkitzmann@example.net,M,2002-04-24,2024-07-30,DE,Germany,Western Europe,Grafenau,organic_search,false
CUST000601,Birthe,Gieß,dogan65@example.org,M,1978-02-10,2023-11-17,DE,Germany,Western Europe,Jülich,referral,false
CUST000602,Océane,Normand,henrietteroyer@example.org,Undisclosed,2007-08-09,2023-10-23,FR,France,Western Europe,Didier,organic_search,true
CUST000603,Paola,Hettner,horst-guenterwaehner@example.org,M,1959-10-03,2023-09-10,DE,Germany,Western Europe,Flöha,organic_search,false
CUST000604,Gerolf,Wulff,maryschoenland@example.com,M,1952-12-10,2024-03-06,DE,Germany,Western Europe,Bitterfeld,direct,true
CUST000605,Vera,Berger,aschmiedecke@example.net,M,2003-05-23,2023-11-26,DE,Germany,Western Europe,Kitzingen,paid_search,true
CUST000606,Justin,Robinson,valerie94@example.com,Undisclosed,2008-01-07,2025-08-02,GB,United Kingdom,Western Europe,Patriciabury,organic_search,true
CUST000607,Wojciech,Reuter,bernwardputz@example.com,Undisclosed,1947-11-25,2025-09-24,DE,Germany,Western Europe,Leipziger Land,organic_search,false
CUST000608,Diane,Jacques,celinemathieu@example.net,M,1967-03-01,2023-05-23,FR,France,Western Europe,Saint Margot,direct,false
CUST000609,Linda,Osborne,jessicajackson@example.com,M,1963-05-10,2023-11-09,GB,United Kingdom,Western Europe,New Marcus,paid_search,true
CUST000610,Oscar,Zaal,marijnvan-nes@example.net,Undisclosed,1958-03-14,2024-10-03,NL,Netherlands,Western Europe,Ulrum,social_media,false
CUST000611,Katalin,Köhler,ahaering@example.net,M,1970-07-12,2023-10-03,DE,Germany,Western Europe,Göttingen,social_media,false
CUST000612,Coral,Granados,kescolano@example.org,Undisclosed,2001-02-01,2025-09-24,ES,Spain,Southern Europe,Toledo,social_media,true
CUST000613,Dominic,Lane,damian86@example.com,F,1995-12-10,2024-02-07,GB,United Kingdom,Western Europe,South John,organic_search,true
CUST000614,Rose,Schuchhardt,siegwardortmann@example.org,F,1980-11-12,2025-04-09,DE,Germany,Western Europe,Neustadt am Rübenberge,referral,false
CUST000615,Paride,Calarco,giorgio89@example.org,Undisclosed,1992-09-03,2023-11-01,IT,Italy,Southern Europe,San Gregorio Di Catania,social_media,true
CUST000616,Salvi,Caffarelli,gaddapaoletta@example.com,M,1976-04-18,2025-08-09,IT,Italy,Southern Europe,Campomaggiore San Luca,direct,true
CUST000617,Swantje,Hertrampf,oswin58@example.net,F,1969-02-06,2023-12-06,DE,Germany,Western Europe,Lörrach,referral,true
CUST000618,Louis,Verdier,martymargaret@example.net,M,1984-11-14,2025-09-17,FR,France,Western Europe,Roger-la-Forêt,social_media,false
CUST000619,Victoriano,Bermudez,moreno87@example.net,M,1971-08-13,2024-04-24,ES,Spain,Southern Europe,Lleida,email,true
CUST000620,Madelief,Vial,noorkosten@example.net,Undisclosed,1974-05-22,2023-03-23,NL,Netherlands,Western Europe,Zaltbommel,direct,false
CUST000621,Mohammad,Heidrich,fboucsein@example.org,M,1967-01-06,2024-06-23,DE,Germany,Western Europe,Staffelstein,social_media,true
CUST000622,Rigo,Hiller,ingeborg49@example.net,F,2006-02-02,2025-11-24,DE,Germany,Western Europe,Karlsruhe,social_media,false
CUST000623,Dominique,Simon,kpasquier@example.org,F,1954-03-11,2025-09-24,FR,France,Western Europe,Peltier,paid_search,false
CUST000624,Patricia,Webb,beth13@example.org,M,1950-01-09,2023-12-06,GB,United Kingdom,Western Europe,Parrytown,paid_search,true
CUST000625,Marcus,Richards,fbarry@example.org,Undisclosed,1951-06-03,2025-01-11,GB,United Kingdom,Western Europe,Gordonbury,social_media,true
CUST000626,Virginie,Picard,capucine22@example.net,Undisclosed,1947-08-18,2025-09-13,FR,France,Western Europe,Sainte Victor,email,true
CUST000627,Lorraine,Williams,ijones@example.com,F,1993-02-26,2024-05-14,GB,United Kingdom,Western Europe,New Jodie,referral,true
CUST000628,Floortje,van der Laan,hvan-duvenvoirde@example.net,F,1966-10-03,2023-10-28,NL,Netherlands,Western Europe,Nij Altoenae,email,true
CUST000629,Thomas,Jäntsch,oreuter@example.org,Undisclosed,1970-07-29,2024-08-03,DE,Germany,Western Europe,Griesbach Rottal,email,true
CUST000630,Dorothée,Thierry,thibautdubois@example.org,Undisclosed,2003-05-21,2024-03-25,FR,France,Western Europe,Barre,paid_search,false
CUST000631,Senna,van Veen,vincent80@example.net,M,1997-02-03,2023-12-10,NL,Netherlands,Western Europe,Swifterbant,organic_search,true
CUST000632,Gianni,Aldobrandi,agnolo64@example.net,F,1982-12-27,2025-02-13,IT,Italy,Southern Europe,Bufalata,referral,false
CUST000633,Hannah,Smith,victoriayoung@example.com,Undisclosed,1994-05-02,2023-11-03,GB,United Kingdom,Western Europe,Finchbury,referral,true
CUST000634,Molly,Mann,jason63@example.net,Undisclosed,1992-04-09,2023-07-10,GB,United Kingdom,Western Europe,Glenside,organic_search,false
CUST000635,Franz-Xaver,Hoffmann,sandor31@example.org,Undisclosed,1953-03-11,2025-12-05,DE,Germany,Western Europe,Schwarzenberg,paid_search,false
CUST000636,Claudine,Roche,smaillard@example.net,Undisclosed,1967-07-03,2025-02-19,FR,France,Western Europe,Saint Benoît,email,true
CUST000637,Max,Harvey,skinnertimothy@example.com,F,1975-07-08,2024-06-05,GB,United Kingdom,Western Europe,East Georgeberg,referral,false
CUST000638,Sieghard,Jockel,nohlmansheinz-guenther@example.com,F,1999-02-25,2024-06-11,DE,Germany,Western Europe,Kitzingen,organic_search,true
CUST000639,Vincent,Faure,ygrenier@example.org,M,2003-02-01,2025-02-07,FR,France,Western Europe,Lefèvre,organic_search,true
CUST000640,Charlotte,Arnaud,philippine61@example.net,Undisclosed,1958-10-05,2025-05-22,FR,France,Western Europe,Weber,social_media,false
CUST000641,Jacek,Krause,eberhardtyvette@example.net,Undisclosed,1998-03-01,2025-03-24,DE,Germany,Western Europe,Gotha,social_media,false
CUST000642,Pénélope,Gauthier,philippeceline@example.net,Undisclosed,1981-02-22,2024-06-03,FR,France,Western Europe,Reynaud,paid_search,true
CUST000643,Giorgio,Schuchhardt,tstiffel@example.com,F,1995-03-29,2024-04-15,DE,Germany,Western Europe,Wolfenbüttel,referral,false
CUST000644,Théophile,Philippe,fleurychristine@example.net,Undisclosed,1970-03-18,2024-11-24,FR,France,Western Europe,Saint Frédéric,paid_search,false
CUST000645,Alexandre,Geisel,evangelialuebs@example.com,M,1999-09-28,2023-01-11,DE,Germany,Western Europe,Rothenburg ob der Tauber,email,true
CUST000646,Agnolo,Basso,petrassimonica@example.org,Undisclosed,1985-03-23,2023-05-12,IT,Italy,Southern Europe,Cortenuova,email,false
CUST000647,Charles,Knight,christinewelch@example.org,F,1992-05-12,2025-12-03,GB,United Kingdom,Western Europe,Kayleighton,paid_search,false
CUST000648,Bryan,Willemsen,,Undisclosed,1989-07-18,2025-06-18,NL,Netherlands,Western Europe,Frederiksoord,organic_search,true
CUST000649,Maximiliano,Olivera,casasamarilis@example.org,Undisclosed,2000-07-01,2023-12-14,ES,Spain,Southern Europe,Toledo,paid_search,true
CUST000650,Aaron,Smith,michaelconway@example.com,M,1948-05-15,2024-07-19,GB,United Kingdom,Western Europe,Coleside,paid_search,true
CUST000651,Hans-Günter,Ring,babette73@example.net,Undisclosed,1969-05-05,2023-05-21,DE,Germany,Western Europe,Wiedenbrück,referral,false
CUST000652,Shaun,Rees,mwhite@example.net,Undisclosed,1956-03-26,2024-12-12,GB,United Kingdom,Western Europe,Doyleview,email,false
CUST000653,Jeffrey,Young,sandra08@example.com,F,1987-11-09,2023-01-10,GB,United Kingdom,Western Europe,Jasminebury,referral,false
CUST000654,Jonathan,van den Oever,juul18@example.com,M,1992-03-05,2024-11-27,NL,Netherlands,Western Europe,Uitwellingerga,referral,false
CUST000655,Anouk,Clerc,juliettecarre@example.com,F,1967-08-06,2025-06-25,FR,France,Western Europe,Saint DorothéeBourg,email,false
CUST000656,Hansgeorg,Döring,ehlerthans-josef@example.org,M,1978-09-17,2023-02-26,DE,Germany,Western Europe,Burg,paid_search,true
CUST000657,Margaux,Camus,masselucy@example.com,Undisclosed,1981-06-19,2024-10-08,FR,France,Western Europe,Boutin-sur-Maury,social_media,true
CUST000658,Michelle,Guérin,benoit53@example.net,M,1946-07-29,2024-08-11,FR,France,Western Europe,Bègue,paid_search,false
CUST000659,Ruth,Long,fmurray@example.com,M,1983-08-28,2024-10-04,GB,United Kingdom,Western Europe,Fullerton,direct,true
CUST000660,Martin,Curtis,debra01@example.com,F,1981-01-12,2025-10-18,GB,United Kingdom,Western Europe,North Daleside,paid_search,true
CUST000661,Margaux,Menard,maubert@example.net,M,1984-06-22,2024-02-20,FR,France,Western Europe,Pascal,organic_search,true
CUST000662,Britt,Melin,xnorman@example.net,Undisclosed,1993-06-28,2023-06-10,SE,Sweden,Nordic,Linköping,referral,true
CUST000663,Tom,Moss,jeremywalton@example.net,Undisclosed,1982-01-06,2025-09-14,GB,United Kingdom,Western Europe,McDonaldmouth,email,true
CUST000664,Steffen,van der Dussen,michaele56@example.net,Undisclosed,1967-09-11,2025-11-12,DE,Germany,Western Europe,Regensburg,referral,false
CUST000665,Stilla,Weinhage,philippwilms@example.net,M,1962-12-22,2025-09-06,DE,Germany,Western Europe,Merseburg,direct,true
CUST000666,Apostolos,Hölzenbecher,akruschwitz@example.net,M,1986-03-23,2025-07-25,DE,Germany,Western Europe,Paderborn,organic_search,true
CUST000667,Kuno,Hartung,romyjacobi-jaeckel@example.org,M,1960-04-20,2024-03-07,DE,Germany,Western Europe,Aschaffenburg,social_media,true
CUST000668,Cecilia,Rudolph,sofia88@example.net,Undisclosed,1956-03-18,2024-06-22,DE,Germany,Western Europe,Bad Kissingen,paid_search,false
CUST000669,Joseph,Kobelt,jklemm@example.org,M,2006-03-22,2025-05-18,DE,Germany,Western Europe,Genthin,email,false
CUST000670,Andrée,Colas,suzanne41@example.net,Undisclosed,2008-02-23,2025-07-12,FR,France,Western Europe,Peron,organic_search,false
CUST000671,Hajo,Neuschäfer,ullrichmarten@example.com,F,2001-11-15,2024-04-27,DE,Germany,Western Europe,Sangerhausen,direct,true
CUST000672,Melina,Bertolucci,angelo96@example.org,M,2008-06-01,2025-08-26,IT,Italy,Southern Europe,Rasa Di Velate,direct,false
CUST000673,Olivia,Winkler,radmila66@example.org,Undisclosed,1961-02-10,2025-09-23,DE,Germany,Western Europe,Siegen,organic_search,true
CUST000674,Stanley,Powell,hcollier@example.org,Undisclosed,1955-11-11,2023-05-03,GB,United Kingdom,Western Europe,Stephaniebury,direct,false
CUST000675,Anaïs,Cohen,benoitmaillet@example.net,M,1996-11-29,2024-06-16,FR,France,Western Europe,Bruneau-sur-Bodin,email,true
CUST000676,Gabriel,Hasan,engvallleif@example.com,F,1978-01-24,2024-12-20,SE,Sweden,Nordic,Örnsköldsvik,direct,true
CUST000677,Aline,Lübs,fhesse@example.com,M,1998-05-05,2024-08-05,DE,Germany,Western Europe,Zossen,email,true
CUST000678,Claire,Delaunay,christinevaillant@example.org,F,1990-01-25,2025-02-19,FR,France,Western Europe,Pierre-sur-Guilbert,direct,false
CUST000679,Mats,Svensson,jonathanforslund@example.com,F,1951-10-12,2025-05-13,SE,Sweden,Nordic,Piteå,social_media,true
CUST000680,Graciano,Montes,xroda@example.com,M,1969-02-16,2024-10-04,ES,Spain,Southern Europe,Vizcaya,email,false
CUST000681,Estrella,Coello,fortunato59@example.com,Undisclosed,1975-08-28,2025-06-30,ES,Spain,Southern Europe,Ceuta,email,false
CUST000682,Olivie,Petitjean,mariannebesson@example.org,Undisclosed,2003-09-18,2023-12-09,FR,France,Western Europe,Saint NicoleVille,social_media,true
CUST000683,Olena,Hövel,tuerkanscholl@example.org,F,1946-08-14,2024-03-07,DE,Germany,Western Europe,Uelzen,email,true
CUST000684,Arthur,Verhoeven,strijkertom@example.com,F,1959-11-27,2023-02-23,NL,Netherlands,Western Europe,Wemeldinge,referral,true
CUST000685,Luisa,Guicciardini,gastonevergerio@example.net,M,1983-01-11,2023-06-22,IT,Italy,Southern Europe,Tergu,direct,false
CUST000686,Nicola,Jackson,annetteharrison@example.org,F,1990-11-02,2025-06-26,GB,United Kingdom,Western Europe,West Ronaldton,direct,false
CUST000687,Natalie,Waters,marc94@example.org,Undisclosed,1946-04-02,2024-10-28,GB,United Kingdom,Western Europe,South Ireneview,referral,false
CUST000688,Alice,Grondin,franck04@example.net,F,1971-08-04,2023-10-04,FR,France,Western Europe,LacombeBourg,email,false
CUST000689,Gilberto,Flor,amada98@example.org,M,1979-10-02,2025-12-08,ES,Spain,Southern Europe,Navarra,paid_search,true
CUST000690,Leo,Kade,benthinivan@example.net,F,1979-01-09,2025-06-23,DE,Germany,Western Europe,Wolfenbüttel,organic_search,true
CUST000691,Adrienne,Monnier,alfredperrot@example.net,Undisclosed,1988-03-25,2024-12-05,FR,France,Western Europe,Huet,email,false
CUST000692,Sylvie,Martinez,suzanne04@example.com,Undisclosed,1983-06-13,2023-01-19,FR,France,Western Europe,Jean,organic_search,false
CUST000693,Ashley,Nicholson,mauricebartlett@example.net,M,1971-09-10,2024-01-22,GB,United Kingdom,Western Europe,South Cameron,direct,false
CUST000694,Maurice,Meister,slawomirjockel@example.net,Undisclosed,1982-08-01,2025-02-13,DE,Germany,Western Europe,Forst,referral,false
CUST000695,Luitgard,Gutknecht,concettariehl@example.net,M,2004-05-19,2024-08-06,DE,Germany,Western Europe,Heiligenstadt,organic_search,true
CUST000696,Abbie,Begum,sharonturner@example.org,Undisclosed,2008-02-03,2023-10-07,GB,United Kingdom,Western Europe,West Joseph,direct,false
CUST000697,Nathalie,Martinez,gonzaleztimothee@example.org,Undisclosed,1997-10-08,2024-01-20,FR,France,Western Europe,Pasquier,organic_search,false
CUST000698,Henry,Wyatt,vstokes@example.net,F,1958-06-22,2024-07-05,GB,United Kingdom,Western Europe,East Jeffreytown,paid_search,true
CUST000699,Dina,Heinrich,edeltraud99@example.org,M,1961-05-25,2025-10-07,DE,Germany,Western Europe,Kaiserslautern,email,true
CUST000700,Stephanie,Baker,holmeslesley@example.org,F,1977-08-01,2024-11-07,GB,United Kingdom,Western Europe,Jeffreyfurt,email,true
CUST000701,Eric,Higgins,kjones@example.org,M,1997-09-16,2025-08-20,GB,United Kingdom,Western Europe,West Amybury,organic_search,true
CUST000702,Hans D.,Mangold,katihaase@example.org,F,2004-09-09,2024-05-24,DE,Germany,Western Europe,Tuttlingen,organic_search,true
CUST000703,Philippine,Dupont,celine36@example.com,Undisclosed,1987-01-20,2025-08-01,FR,France,Western Europe,Fouquetboeuf,email,false
CUST000704,Desiree,Reising,vschmidtke@example.net,Undisclosed,1981-06-04,2024-10-01,DE,Germany,Western Europe,Parchim,referral,true
CUST000705,Pia,Henschel,mentzelurs@example.org,M,1980-12-24,2024-06-02,DE,Germany,Western Europe,Wittenberg,direct,true
CUST000706,Susanna,Edlund,larssonanette@example.net,F,1975-08-06,2023-08-20,SE,Sweden,Nordic,Växjö,social_media,true
CUST000707,Juliette,Vincent,celina26@example.com,F,1992-08-19,2025-03-21,FR,France,Western Europe,Blancharddan,direct,false
CUST000708,Daniel,Escolano,ubotella@example.net,F,1998-09-04,2023-11-14,ES,Spain,Southern Europe,La Coruña,direct,false
CUST000709,Joseph,De Sousa,cbreton@example.org,Undisclosed,1985-11-08,2023-05-03,FR,France,Western Europe,De Sousa,organic_search,true
CUST000710,Hanna,Kolster,prinsnathan@example.net,Undisclosed,1994-07-27,2025-09-26,NL,Netherlands,Western Europe,Earnewâld,email,true
CUST000711,Fabiana,Parejo,carbonelllara@example.com,F,1951-06-28,2023-02-13,ES,Spain,Southern Europe,Toledo,organic_search,false
CUST000712,Ronald,Walker,gemmawalton@example.org,M,1984-03-01,2025-06-15,GB,United Kingdom,Western Europe,East Jacob,paid_search,false
CUST000713,Katie,Barber,leeburton@example.com,Undisclosed,1957-12-24,2024-10-24,GB,United Kingdom,Western Europe,East Reecetown,referral,true
CUST000714,Émilie,Thomas,alexandre77@example.com,M,1987-01-21,2023-05-22,FR,France,Western Europe,Gomez-sur-Mer,email,true
CUST000715,Édouard,Brunel,ade-sousa@example.com,F,1986-07-09,2025-11-02,FR,France,Western Europe,Saint Emmanuelle,social_media,true
CUST000716,Fiorino,Comolli,donatella83@example.org,Undisclosed,1949-06-06,2024-10-18,IT,Italy,Southern Europe,Calea,paid_search,false
CUST000717,Guadalupe,Martín,codinaricarda@example.org,Undisclosed,1968-03-19,2023-11-12,ES,Spain,Southern Europe,Almería,organic_search,true
CUST000718,Lars,Magnusson,johannessonharald@example.net,F,1993-04-22,2023-03-31,SE,Sweden,Nordic,Karlskrona,email,true
CUST000719,Mark,Koch,svetlana01@example.com,M,2006-10-05,2023-07-22,DE,Germany,Western Europe,Bergzabern,referral,false
CUST000720,Wesley,Hulskes,evan-der-wal@example.com,F,1953-12-26,2023-04-11,NL,Netherlands,Western Europe,Lattrop-Breklenkamp,paid_search,false
CUST000721,Ida,Forza,vincentio68@example.org,M,1987-05-02,2023-06-13,IT,Italy,Southern Europe,Pianoscafo,email,false
CUST000722,Annemie,Christoph,rudolphjanet@example.net,F,1978-08-06,2023-04-30,DE,Germany,Western Europe,Main-Höchst,social_media,true
CUST000723,Nikolaus,Ehlert,joerg89@example.net,Undisclosed,1987-06-27,2024-03-18,DE,Germany,Western Europe,Parchim,email,true
CUST000724,Phileine,Osterhoudt,zvan-velthoven@example.org,Undisclosed,1993-11-26,2024-01-31,NL,Netherlands,Western Europe,Lithoijen,referral,false
CUST000725,Kayleigh,Roberts,davidiqbal@example.com,Undisclosed,1995-11-13,2023-08-05,GB,United Kingdom,Western Europe,Port Amber,direct,false
CUST000726,Pancho,Garay,criba@example.com,M,1946-06-14,2023-08-02,ES,Spain,Southern Europe,Tarragona,direct,true
CUST000727,Amanda,Rogner,jaroslaw14@example.com,M,1967-09-23,2025-12-29,DE,Germany,Western Europe,Celle,referral,false
CUST000728,Ambrosio,Echevarría,nestor69@example.net,Undisclosed,1958-11-20,2025-01-31,ES,Spain,Southern Europe,Guipúzcoa,paid_search,true
CUST000729,Freia,Ernst,zmuehle@example.org,M,1978-06-13,2025-02-07,DE,Germany,Western Europe,Sebnitz,email,false
CUST000730,Veli,Reising,,M,2006-08-26,2025-03-24,DE,Germany,Western Europe,Moers,referral,true
CUST000731,Lili,Lehmann,,F,1996-03-20,2024-09-10,DE,Germany,Western Europe,Parchim,organic_search,false
CUST000732,Alejo,Galindo,clara58@example.net,F,1984-12-22,2025-11-13,ES,Spain,Southern Europe,Zaragoza,email,false
CUST000733,Olaf,de Bruin,chris24@example.org,Undisclosed,1988-04-26,2023-11-16,NL,Netherlands,Western Europe,Waterlandkerkje,social_media,false
CUST000734,Marilyn,Clark,alexandrabutler@example.org,F,1998-12-03,2023-07-08,GB,United Kingdom,Western Europe,Dianamouth,direct,false
CUST000735,Colette,Gomez,maillardantoinette@example.org,Undisclosed,1970-12-20,2025-09-15,FR,France,Western Europe,Hernandez-sur-Mer,organic_search,false
CUST000736,Melania,Finotto,federico15@example.org,F,2007-11-02,2023-03-18,IT,Italy,Southern Europe,Marchesino,social_media,false
CUST000737,Constance,Brunet,bguillou@example.com,F,1958-08-17,2025-06-08,FR,France,Western Europe,Guillet,referral,true
CUST000738,Paca,Villalonga,maura52@example.org,M,1991-09-25,2025-02-22,ES,Spain,Southern Europe,Castellón,paid_search,false
CUST000739,Dorothée,Ferreira,jacquesamelie@example.net,Undisclosed,1945-12-18,2025-10-25,FR,France,Western Europe,Bertrand,email,false
CUST000740,François,Dijoux,le-rouxchantal@example.org,M,1997-10-27,2025-10-30,FR,France,Western Europe,Simon,social_media,true
CUST000741,Alex,Hussain,ruth35@example.org,M,1981-11-26,2025-09-01,GB,United Kingdom,Western Europe,Chloeville,email,false
CUST000742,Alexandre,Loiseau,henri24@example.org,F,1983-10-07,2023-09-25,FR,France,Western Europe,Henry-sur-Mer,direct,true
CUST000743,Suze,Schuurmans,charlotte54@example.org,M,1984-09-30,2025-12-09,NL,Netherlands,Western Europe,Kalenberg,referral,true
CUST000744,Sheila,Williams,stevenkemp@example.com,M,1954-07-15,2023-08-19,GB,United Kingdom,Western Europe,South Franceston,social_media,true
CUST000745,Slawomir,Krein,krausbernward@example.org,M,1957-11-11,2024-09-16,DE,Germany,Western Europe,Schwandorf,email,true
CUST000746,Maria,Ubaldi,lorenzo53@example.net,Undisclosed,1951-01-11,2024-04-23,IT,Italy,Southern Europe,Arensod,organic_search,true
CUST000747,Étienne,Pineau,ericrocher@example.com,M,1966-10-21,2024-05-12,FR,France,Western Europe,Lelièvre-sur-Mer,direct,true
CUST000748,Garry,Walker,garethtaylor@example.net,F,1972-05-13,2024-09-16,GB,United Kingdom,Western Europe,Lake Rosie,paid_search,true
CUST000749,Amadeo,Bocelli,milena57@example.com,Undisclosed,1978-01-11,2025-12-07,IT,Italy,Southern Europe,Moniego Di Noale,paid_search,true
CUST000750,Damien,Butler,catherine72@example.com,F,1954-05-09,2025-02-10,GB,United Kingdom,Western Europe,South Kennethmouth,organic_search,false
CUST000751,Victor,Kühnert,zorbachlambert@example.net,F,1985-11-13,2024-02-16,DE,Germany,Western Europe,Gerolzhofen,organic_search,true
CUST000752,Oreste,Boezio,allegracundari@example.com,Undisclosed,1968-11-13,2025-03-06,IT,Italy,Southern Europe,Ponzano Di Fermo,organic_search,true
CUST000753,Glenn,Dunn,bleonard@example.net,F,1961-10-02,2024-08-22,GB,United Kingdom,Western Europe,Lake Aimee,referral,true
CUST000754,Virginie,Coulon,roussetmichele@example.net,F,1953-06-18,2024-10-08,FR,France,Western Europe,Godard-sur-Barthelemy,referral,false
CUST000755,Leopold,Lachmann,blanka17@example.org,M,1950-06-03,2023-02-14,DE,Germany,Western Europe,Tirschenreuth,email,true
CUST000756,Gertrudis,Barriga,fmoran@example.net,Undisclosed,1951-11-05,2023-02-07,ES,Spain,Southern Europe,Barcelona,referral,false
CUST000757,Alison,Hill,peacockirene@example.org,F,1972-03-22,2023-05-07,GB,United Kingdom,Western Europe,Chapmanmouth,social_media,true
CUST000758,Leigh,Scott,shirley46@example.net,F,1985-05-03,2023-11-07,GB,United Kingdom,Western Europe,New Denisefurt,email,true
CUST000759,Napoleone,Vezzali,serenamajewski@example.org,M,1949-04-19,2025-05-04,IT,Italy,Southern Europe,Semonte,social_media,false
CUST000760,Toni,Prado,damian40@example.org,Undisclosed,1988-03-24,2023-09-27,ES,Spain,Southern Europe,Teruel,paid_search,true
CUST000761,Beatrix,Hahn,ylachmann@example.com,F,1990-10-07,2024-09-24,DE,Germany,Western Europe,Nauen,paid_search,true
CUST000762,Zoé,Alves,laurentberthelot@example.com,Undisclosed,2002-11-04,2024-10-12,FR,France,Western Europe,Brunet-la-Forêt,social_media,true
CUST000763,Friederike,Bachmann,franzatzler@example.org,M,1955-06-26,2023-03-02,DE,Germany,Western Europe,Staßfurt,social_media,false
CUST000764,Frederique,van Beeck Beeckmans,fhoning@example.org,F,2004-03-20,2024-07-14,NL,Netherlands,Western Europe,Sluis,referral,false
CUST000765,Anett,Löffler,lscholz@example.com,F,1983-04-02,2024-04-17,DE,Germany,Western Europe,Kulmbach,direct,false
CUST000766,Thomas,Whitehead,eric26@example.net,Undisclosed,2003-04-23,2023-10-02,GB,United Kingdom,Western Europe,Lake Donna,paid_search,false
CUST000767,Anastasio,Arellano,segismundo89@example.com,F,1984-05-06,2025-10-03,ES,Spain,Southern Europe,Teruel,organic_search,false
CUST000768,Bernardo,Civaschi,costanzo97@example.net,F,1995-05-16,2025-04-25,IT,Italy,Southern Europe,Montazzoli,organic_search,true
CUST000769,Juliette,Blanc,fblondel@example.net,M,1962-05-16,2025-06-18,FR,France,Western Europe,LombardBourg,paid_search,false
CUST000770,Melania,Alba,emperatriz05@example.net,M,1977-08-03,2025-04-09,ES,Spain,Southern Europe,Málaga,email,true
CUST000771,Siegmund,Kitzmann,uruppersberger@example.com,F,2000-01-01,2025-12-02,DE,Germany,Western Europe,Hainichen,paid_search,false
CUST000772,Milagros,Juliá,andres-felipemateu@example.net,Undisclosed,1949-11-11,2023-03-22,ES,Spain,Southern Europe,Palencia,paid_search,false
CUST000773,Klaus-Dieter,Walter,christa-mariabirnbaum@example.net,M,1988-03-02,2025-06-19,DE,Germany,Western Europe,Gütersloh,email,false
CUST000774,Denis,Lopes,iperez@example.net,M,1962-11-01,2023-04-22,FR,France,Western Europe,Chauvet,email,true
CUST000775,Dani,Díaz,leonardo40@example.net,Undisclosed,2007-08-14,2025-10-22,ES,Spain,Southern Europe,Sevilla,email,false
CUST000776,John,Zänker,zkoch-ii@example.org,Undisclosed,1993-05-15,2024-10-24,DE,Germany,Western Europe,Neuss,paid_search,false
CUST000777,Mohamed,Caspar,luiseraedel@example.org,Undisclosed,1955-07-22,2023-07-04,DE,Germany,Western Europe,Norden,direct,true
CUST000778,Tijn,Kortman,pde-heer@example.net,M,1960-01-12,2023-07-06,NL,Netherlands,Western Europe,Zevenhuizen,direct,false
CUST000779,Jelle,van Loon,bram41@example.org,Undisclosed,1972-10-25,2025-11-13,NL,Netherlands,Western Europe,Suwâld,paid_search,false
CUST000780,Jill,Cole,alice83@example.com,Undisclosed,1977-12-23,2023-11-04,GB,United Kingdom,Western Europe,Jacobhaven,social_media,false
CUST000781,Ryan,Totwiller,sbakker@example.com,F,1981-10-07,2025-07-02,NL,Netherlands,Western Europe,Beekbergen,organic_search,false
CUST000782,Ann,Morrison,bellkim@example.com,Undisclosed,1990-01-21,2023-01-26,GB,United Kingdom,Western Europe,Albertview,referral,false
CUST000783,Isabelle,Michaud,suzanne14@example.net,M,1977-01-22,2024-05-02,FR,France,Western Europe,Peron,organic_search,true
CUST000784,Marie,Arnaud,dorotheemarques@example.net,Undisclosed,1967-01-01,2024-05-16,FR,France,Western Europe,DuboisVille,paid_search,true
CUST000785,Annelene,Döhn,aumannsami@example.org,F,1992-05-01,2024-01-14,DE,Germany,Western Europe,Jena,organic_search,false
CUST000786,Fredo,Bandello,lilianalopresti@example.com,M,1947-04-19,2024-11-09,IT,Italy,Southern Europe,Cosola Di Cabella,paid_search,false
CUST000787,June,Dawson,singhsylvia@example.org,M,1993-11-13,2023-12-30,GB,United Kingdom,Western Europe,North Rachaelberg,organic_search,false
CUST000788,Geneviève,Gonzalez,wdescamps@example.net,F,2006-08-28,2024-10-23,FR,France,Western Europe,Saint Philippe-la-Forêt,referral,true
CUST000789,Sandra,Preston,ebenson@example.net,M,1964-06-28,2024-08-22,GB,United Kingdom,Western Europe,Marshallmouth,email,true
CUST000790,Orazio,Pedroni,ernesto14@example.org,Undisclosed,1968-04-27,2024-03-04,IT,Italy,Southern Europe,Pergine Valsugana,referral,true
CUST000791,Christof,Noack,valeria42@example.com,Undisclosed,1959-05-04,2025-09-17,DE,Germany,Western Europe,Eisenhüttenstadt,referral,false
CUST000792,Charlie,Flynn,igriffiths@example.com,M,1952-11-29,2024-06-15,GB,United Kingdom,Western Europe,Edwardsville,referral,false
CUST000793,Tony,O'Donnell,fordalexandra@example.net,F,1946-12-17,2025-11-30,GB,United Kingdom,Western Europe,Braytown,paid_search,false
CUST000794,Ian,King,,Undisclosed,1963-10-25,2024-02-01,GB,United Kingdom,Western Europe,Lake Hugh,direct,true
CUST000795,Imke,Winkler,aruppert@example.net,Undisclosed,1979-01-27,2025-04-29,DE,Germany,Western Europe,Marktheidenfeld,paid_search,true
CUST000796,Adamo,Pausini,ibonatti@example.org,F,1992-08-02,2024-02-17,IT,Italy,Southern Europe,Marina Di Savelletri,referral,false
CUST000797,Mariano,Marcacci,zolaadelasia@example.com,M,1972-12-11,2023-01-13,IT,Italy,Southern Europe,Calzolaro,referral,true
CUST000798,Kelly,Carter,owenmaurice@example.org,Undisclosed,1965-05-31,2023-12-26,GB,United Kingdom,Western Europe,East Andrea,email,true
CUST000799,Micha,de Korte,de-hooghindy@example.org,Undisclosed,2006-09-08,2023-10-06,NL,Netherlands,Western Europe,Deventer,email,false
CUST000800,Franco,Cilibrasi,sergius17@example.net,Undisclosed,1948-02-11,2023-04-25,IT,Italy,Southern Europe,Sorgono,referral,true
CUST000801,Casper,van der Plas,passchierszakaria@example.com,M,1989-06-19,2024-03-02,NL,Netherlands,Western Europe,Marken,paid_search,false
CUST000802,Waltraut,Bachmann,zreinhardt@example.com,Undisclosed,1948-03-15,2023-03-05,DE,Germany,Western Europe,Bautzen,referral,false
CUST000803,Hilary,King,luke61@example.org,M,1976-11-15,2024-01-19,GB,United Kingdom,Western Europe,Lake Rosemary,social_media,true
CUST000804,Wendy,Lambert,stevensims@example.org,F,1977-10-01,2024-07-10,GB,United Kingdom,Western Europe,East Ritaberg,social_media,true
CUST000805,Thibault,Pereira,giraudlouise@example.org,F,1976-09-22,2025-12-11,FR,France,Western Europe,Picard-sur-Maury,organic_search,false
CUST000806,Casper,Guit,,Undisclosed,1953-06-14,2025-11-02,NL,Netherlands,Western Europe,Uithuizermeeden,social_media,false
CUST000807,Martino,Pignatti,azegliofioravanti@example.com,F,1967-09-30,2025-12-08,IT,Italy,Southern Europe,Montorio Al Vomano,referral,true
CUST000808,Carla,Dovara,ludovicofusani@example.org,Undisclosed,1968-07-06,2024-02-25,IT,Italy,Southern Europe,Castropignano,organic_search,true
CUST000809,Bethan,Charlton,robertsonelizabeth@example.org,Undisclosed,1956-11-29,2024-09-28,GB,United Kingdom,Western Europe,Smithshire,social_media,false
CUST000810,Elfi,Kohl,eimereckhard@example.net,Undisclosed,1998-08-08,2023-04-05,DE,Germany,Western Europe,Apolda,referral,false
CUST000811,Petra,Nilsson,aaronsson@example.org,M,1986-02-01,2024-03-05,SE,Sweden,Nordic,Kalmar,email,true
CUST000812,Felicidad,Lillo,ncastaneda@example.org,F,1981-04-12,2024-07-12,ES,Spain,Southern Europe,La Rioja,referral,true
CUST000813,Hella,Bender,tatianagertz@example.net,M,1986-04-05,2024-02-28,DE,Germany,Western Europe,Weißenfels,direct,false
CUST000814,Maurilio,Proietti,obrunelleschi@example.com,M,1945-12-29,2024-05-16,IT,Italy,Southern Europe,Banari,organic_search,true
CUST000815,Porfirio,Vera,desideriobustos@example.net,F,1960-08-09,2023-03-01,ES,Spain,Southern Europe,Vizcaya,organic_search,false
CUST000816,Kieran,Richardson,martynmanning@example.org,Undisclosed,2007-09-17,2025-03-13,GB,United Kingdom,Western Europe,Stephensonburgh,direct,false
CUST000817,Rhys,Williams,collierjulie@example.com,Undisclosed,1968-06-06,2024-12-29,GB,United Kingdom,Western Europe,Thomaston,referral,true
CUST000818,Denise,Ferreira,huguesleroy@example.com,Undisclosed,1950-07-04,2025-08-11,FR,France,Western Europe,Mace,email,false
CUST000819,Siegbert,Gumprich,lscheel@example.com,F,1996-07-09,2025-08-11,DE,Germany,Western Europe,Geldern,referral,false
CUST000820,Noël,Gallet,germainmichel@example.org,Undisclosed,1973-10-05,2025-01-14,FR,France,Western Europe,Mallet,social_media,false
CUST000821,Amada,Ballester,candelariosotelo@example.net,M,2006-04-13,2025-09-25,ES,Spain,Southern Europe,Burgos,paid_search,false
CUST000822,Hans Georg,Kraushaar,susannaschmidt@example.com,F,1971-02-06,2024-12-14,DE,Germany,Western Europe,Miltenberg,direct,true
CUST000823,Luc,Daniel,louisepelletier@example.com,M,1954-05-04,2024-10-29,FR,France,Western Europe,Saint Roger,email,false
CUST000824,Astrid,Picard,fredericturpin@example.com,M,1997-06-04,2024-05-03,FR,France,Western Europe,Vasseur,social_media,true
CUST000825,Melissa,Morgan,rachael29@example.org,M,2003-11-13,2025-06-01,GB,United Kingdom,Western Europe,North Victoria,paid_search,true
CUST000826,Romina,Scandone,lgagliano@example.com,M,1964-09-05,2023-06-09,IT,Italy,Southern Europe,Perloz,referral,false
CUST000827,Victor,Gay,pguyon@example.org,F,1985-02-11,2024-10-28,FR,France,Western Europe,Maury,email,true
CUST000828,Benjamin,Fournier,henriettethomas@example.com,M,1977-09-17,2023-08-11,FR,France,Western Europe,Fontainenec,direct,true
CUST000829,Maud,Ghoerle,zvan-oudewater@example.net,Undisclosed,1976-06-21,2023-07-05,NL,Netherlands,Western Europe,Uden,direct,true
CUST000830,Hazel,Chandler,jakedoherty@example.org,M,1960-07-08,2023-10-28,GB,United Kingdom,Western Europe,West Bryan,referral,false
CUST000831,Wolf-Dieter,Staude,friederickeconradi@example.org,M,1966-06-05,2024-02-05,DE,Germany,Western Europe,Vilsbiburg,direct,false
CUST000832,Peter,Stewart,vtaylor@example.net,F,1977-03-29,2025-06-09,GB,United Kingdom,Western Europe,Port Geraldine,referral,false
CUST000833,Erica,Mitschke,ygorlitz@example.com,Undisclosed,1993-08-01,2023-09-19,DE,Germany,Western Europe,Sebnitz,organic_search,false
CUST000834,Meik,Radisch,krauserose@example.net,F,1947-11-29,2023-08-13,DE,Germany,Western Europe,Main-Höchst,referral,false
CUST000835,Gavin,Greenwood,amelia98@example.net,M,1951-03-12,2024-10-13,GB,United Kingdom,Western Europe,Williamhaven,direct,true
CUST000836,Chantal,Maurice,bernard16@example.com,M,1948-06-18,2025-08-30,FR,France,Western Europe,Poulain,paid_search,false
CUST000837,Baldassare,Zamengo,fabriziazaccardo@example.net,F,1993-12-14,2023-09-15,IT,Italy,Southern Europe,Scampia,email,false
CUST000838,Gabriel,Delahaye,xavierdupuis@example.net,M,1978-03-31,2023-10-06,FR,France,Western Europe,Boutin-sur-Lacroix,direct,false
CUST000839,Stephanie,Davies,dannyparsons@example.com,M,1964-07-17,2024-01-04,GB,United Kingdom,Western Europe,North Christinestad,paid_search,true
CUST000840,Pauline,Ellis,hjones@example.org,Undisclosed,1991-11-04,2025-05-19,GB,United Kingdom,Western Europe,Alisonstad,referral,false
CUST000841,Dieter,Butte,grafrosalia@example.com,F,1972-04-08,2025-04-21,DE,Germany,Western Europe,Hagenow,referral,false
CUST000842,Finn,Jorlink,hanebergjayson@example.com,Undisclosed,1979-06-17,2025-01-24,NL,Netherlands,Western Europe,Ferwoude,direct,false
CUST000843,Klaus-Michael,Lindau,anne-kathrinschottin@example.org,Undisclosed,1992-02-14,2025-08-10,DE,Germany,Western Europe,Naila,email,true
CUST000844,Björn,Singh,roland04@example.org,Undisclosed,1961-06-29,2024-10-01,SE,Sweden,Nordic,Kalmar,email,false
CUST000845,Gislinde,Textor,gerdi57@example.net,M,1981-10-05,2025-11-15,DE,Germany,Western Europe,Miltenberg,social_media,false
CUST000846,Sophie,Bertin,helene24@example.org,Undisclosed,1961-02-11,2023-12-10,FR,France,Western Europe,Guichard-la-Forêt,referral,false
CUST000847,Ulrich,Geisel,finkenikolas@example.com,Undisclosed,1987-10-13,2023-05-06,DE,Germany,Western Europe,Waren,social_media,true
CUST000848,Johnny,Andersson,henrik22@example.org,F,1967-03-25,2024-08-10,SE,Sweden,Nordic,Kristianstad,social_media,false
CUST000849,Lindsey,Howells,lauren23@example.net,M,1967-04-02,2023-09-29,GB,United Kingdom,Western Europe,Seanstad,organic_search,true
CUST000850,Josh,Blake,kpowell@example.net,F,1947-05-19,2023-11-06,GB,United Kingdom,Western Europe,Begumberg,direct,true
CUST000851,Wibke,Warmer,jjuncken@example.org,F,1982-11-06,2025-09-20,DE,Germany,Western Europe,Stade,organic_search,true
CUST000852,Jake,van Geest,wessel49@example.net,M,1968-09-24,2023-11-12,NL,Netherlands,Western Europe,Dokkum,paid_search,false
CUST000853,Bianca,Drub,ibenthin@example.net,M,1966-08-25,2023-12-09,DE,Germany,Western Europe,Lobenstein,social_media,true
CUST000854,Marcantonio,Bersani,riccardonovaro@example.org,M,1987-01-25,2023-04-18,IT,Italy,Southern Europe,Brancaleone Marina,referral,true
CUST000855,Hans-Michael,Barkholz,liesawilms@example.com,M,1951-05-16,2025-02-16,DE,Germany,Western Europe,Säckingen,email,true
CUST000856,Adeline,Junck,peukertrichard@example.org,Undisclosed,1986-09-23,2024-08-14,DE,Germany,Western Europe,Strasburg,referral,true
CUST000857,Recep,Köhler,robin26@example.com,M,1946-07-07,2023-07-19,DE,Germany,Western Europe,Ilmenau,direct,false
CUST000858,Robin,Wood,mohammad78@example.org,M,1975-11-30,2024-11-17,GB,United Kingdom,Western Europe,Robertsport,email,false
CUST000859,Bradley,Lee,dianebriggs@example.com,F,1986-05-16,2024-05-10,GB,United Kingdom,Western Europe,East Gavinport,direct,true
CUST000860,Sybille,Schäfer,vpruschke@example.org,F,1997-02-19,2024-10-03,DE,Germany,Western Europe,Brandenburg,organic_search,true
CUST000861,Severino,Díez,reciofeliciana@example.com,M,1983-07-04,2025-07-02,ES,Spain,Southern Europe,Teruel,organic_search,true
CUST000862,Gregory,Naylor,marcskinner@example.com,F,1948-07-22,2023-04-27,GB,United Kingdom,Western Europe,Fionaport,direct,true
CUST000863,Richard,James,dmoore@example.org,M,1956-03-01,2023-09-03,GB,United Kingdom,Western Europe,Cliffordfort,direct,true
CUST000864,Arnaude,Colin,guibertmargot@example.com,M,1979-02-26,2023-08-16,FR,France,Western Europe,Leroy,organic_search,false
CUST000865,Daniel,Joseph,salmonrobert@example.com,Undisclosed,1996-06-02,2024-07-20,FR,France,Western Europe,Blin,social_media,false
CUST000866,Joyce,Jones,qarmstrong@example.net,F,1992-12-04,2023-11-28,GB,United Kingdom,Western Europe,West Sallyshire,social_media,true
CUST000867,Boris,Fiebig,hesergotthold@example.net,M,1967-06-09,2024-06-12,DE,Germany,Western Europe,Ueckermünde,paid_search,false
CUST000868,Jörn,Klingelhöfer,olefroehlich@example.org,Undisclosed,1974-03-26,2024-01-01,DE,Germany,Western Europe,Badalzungen,paid_search,true
CUST000869,Guillermo,Español,lupe81@example.net,F,1997-09-20,2025-06-23,ES,Spain,Southern Europe,Pontevedra,direct,false
CUST000870,Marcella,Desio,,Undisclosed,1982-09-07,2025-07-02,IT,Italy,Southern Europe,Cagnola,organic_search,false
CUST000871,Marthe,Lagarde,valerie44@example.net,M,1970-05-09,2024-06-29,FR,France,Western Europe,Sainte Valentine-les-Bains,referral,false
CUST000872,Alix,Merle,dos-santosdiane@example.com,F,1978-09-06,2025-09-06,FR,France,Western Europe,Leblanc-les-Bains,organic_search,false
CUST000873,Roy,James,lloydstephanie@example.org,M,1983-09-13,2025-09-14,GB,United Kingdom,Western Europe,South Kellyland,social_media,false
CUST000874,Adèle,Langlois,payetalfred@example.com,F,1992-09-16,2023-04-24,FR,France,Western Europe,Joly,social_media,true
CUST000875,H.-Dieter,Tröst,hschenk@example.com,F,1966-06-01,2025-07-30,DE,Germany,Western Europe,Wolfenbüttel,organic_search,false
CUST000876,Friedhelm,Stroh,hartungfilippo@example.net,F,1961-02-06,2024-01-27,DE,Germany,Western Europe,Cuxhaven,social_media,false
CUST000877,Jaylinn,Heere,hendrikemmen@example.com,F,1950-12-22,2023-06-23,NL,Netherlands,Western Europe,Amerongen,paid_search,true
CUST000878,Fedde,Bosch,cvan-dommelen@example.org,Undisclosed,1999-08-26,2024-05-03,NL,Netherlands,Western Europe,Vinkenbuurt,email,false
CUST000879,Axel,Bolzmann,moechlichenernst@example.com,Undisclosed,1966-03-18,2023-02-03,DE,Germany,Western Europe,Wunsiedel,organic_search,true
CUST000880,Harm,Schaaf,zaenkerfalk@example.net,Undisclosed,2007-01-03,2025-12-07,DE,Germany,Western Europe,Erbisdorf,referral,true
CUST000881,Theodora,Holsten,angelo12@example.net,Undisclosed,1985-02-18,2023-05-28,DE,Germany,Western Europe,Jessen,referral,true
CUST000882,Evy,Perrono,naomivan-wijland@example.net,F,1980-01-16,2024-05-12,NL,Netherlands,Western Europe,Ysbrechtum,social_media,true
CUST000883,Konstanze,Austermühle,dippelmaria-theresia@example.net,F,1981-09-02,2025-07-23,DE,Germany,Western Europe,Weimar,organic_search,true
CUST000884,Sabine,Wende,waldtrautholzapfel@example.org,F,1982-03-27,2025-10-15,DE,Germany,Western Europe,Wertingen,email,false
CUST000885,Renata,Taboada,gargallozoraida@example.net,Undisclosed,1970-08-15,2025-04-03,ES,Spain,Southern Europe,León,social_media,true
CUST000886,Raik,Löffler,girschnermartha@example.com,F,1960-04-06,2023-04-04,DE,Germany,Western Europe,Ludwigsburg,email,true
CUST000887,Felix,van den Eijssel,timmermansgiovanni@example.com,Undisclosed,1954-12-07,2025-01-27,NL,Netherlands,Western Europe,Uffelte,organic_search,false
CUST000888,Klothilde,Klingelhöfer,,F,1993-08-22,2023-11-20,DE,Germany,Western Europe,Ravensburg,organic_search,false
CUST000889,Erhard,Krause,carstenmatthias@example.com,M,1964-12-25,2025-05-02,DE,Germany,Western Europe,Saulgau,paid_search,true
CUST000890,Rupert,Hoffmann,heidemarie73@example.net,F,2003-11-22,2024-07-08,DE,Germany,Western Europe,Erfurt,organic_search,true
CUST000891,Rick,Lambregt,van-ommerensterre@example.net,M,1946-07-21,2025-10-20,NL,Netherlands,Western Europe,Tuil,organic_search,true
CUST000892,Genoveva,Blázquez,prietourbano@example.net,F,1953-10-18,2024-01-29,ES,Spain,Southern Europe,La Coruña,referral,true
CUST000893,Berto,Parra,vcal@example.org,M,1959-03-26,2025-08-08,ES,Spain,Southern Europe,Cantabria,organic_search,true
CUST000894,Monique,Didier,oriviere@example.com,F,1964-08-20,2025-08-29,FR,France,Western Europe,Allain-sur-Maillard,social_media,false
CUST000895,Esther,die Pelser,ewillemsen@example.net,M,1978-08-28,2024-03-05,NL,Netherlands,Western Europe,Vierhouten,direct,true
CUST000896,Jan,Niemeier,gaetano71@example.org,Undisclosed,1979-07-10,2023-12-27,DE,Germany,Western Europe,Sebnitz,paid_search,false
CUST000897,Bernard,Mercier,antoineperrin@example.net,M,1979-08-01,2024-10-29,FR,France,Western Europe,Saint Alex,organic_search,false
CUST000898,Cipriano,Borsellino,eraldo49@example.net,F,1990-09-02,2024-04-11,IT,Italy,Southern Europe,Vialfre',paid_search,true
CUST000899,Alena,Noack,sgutknecht@example.net,M,1980-01-13,2025-08-22,DE,Germany,Western Europe,Potsdam,referral,false
CUST000900,Urte,Wieloch,mara88@example.org,Undisclosed,1947-11-01,2023-12-31,DE,Germany,Western Europe,Cloppenburg,social_media,false
CUST000901,Thorben,Mies,umende@example.com,Undisclosed,1948-02-18,2024-02-19,DE,Germany,Western Europe,Eisenberg,paid_search,true
CUST000902,Franz,Jockel,reingard27@example.com,M,1994-05-22,2025-08-11,DE,Germany,Western Europe,Neustadt am Rübenberge,social_media,true
CUST000903,Gertrud,Röhrdanz,roskothgunhild@example.com,F,1992-04-28,2023-12-15,DE,Germany,Western Europe,Nauen,referral,false
CUST000904,Olivia,Wright,kathleenhartley@example.com,M,1971-05-24,2024-03-19,GB,United Kingdom,Western Europe,Glenmouth,email,true
CUST000905,Gilbert,Poulain,leroyjeanne@example.org,Undisclosed,1969-06-04,2024-05-22,FR,France,Western Europe,Michel-sur-Salmon,referral,true
CUST000906,Michele,Polizzi,nino16@example.com,M,1969-08-02,2025-05-05,IT,Italy,Southern Europe,Castri Di Lecce,referral,true
CUST000907,Mateo,Blazquez,jose-miguelguitart@example.net,Undisclosed,2007-08-20,2025-05-21,ES,Spain,Southern Europe,Granada,email,false
CUST000908,Élise,Germain,marquesjean@example.org,Undisclosed,1948-03-24,2024-05-07,FR,France,Western Europe,Descampsnec,paid_search,true
CUST000909,Charlotte,Pruvost,bda-costa@example.net,F,1947-03-13,2025-01-04,FR,France,Western Europe,Hoareau,direct,false
CUST000910,Susan,Camus,kbreton@example.org,Undisclosed,1952-06-28,2023-11-28,FR,France,Western Europe,Marques,email,false
CUST000911,Declan,Thompson,wkerr@example.net,M,1966-01-24,2023-10-11,GB,United Kingdom,Western Europe,Amandaborough,direct,true
CUST000912,Zoé,Regnier,ybousquet@example.org,Undisclosed,1960-04-01,2023-05-25,FR,France,Western Europe,Aubry,email,false
CUST000913,Eric,Johnson,jordanmarion@example.com,M,1951-12-10,2024-02-29,GB,United Kingdom,Western Europe,New Tomview,organic_search,false
CUST000914,Christelle,Launay,duhamelsuzanne@example.net,Undisclosed,1959-12-16,2023-04-16,FR,France,Western Europe,Garnier,social_media,true
CUST000915,Sheila,Sinclair,leanne46@example.net,F,1973-11-16,2023-05-18,GB,United Kingdom,Western Europe,Smithhaven,paid_search,true
CUST000916,Jules,Moreau,wleconte@example.net,Undisclosed,1988-05-29,2025-09-06,FR,France,Western Europe,Lemoinedan,direct,true
CUST000917,René,Diaz,margaudbernier@example.com,Undisclosed,1981-12-07,2024-10-18,FR,France,Western Europe,Lecoq-sur-Gay,organic_search,true
CUST000918,Romolo,Comisso,trentinigalasso@example.com,Undisclosed,1962-01-15,2025-02-02,IT,Italy,Southern Europe,Montagna In Valtellina,email,false
CUST000919,Rosalina,Baró,rafaela66@example.com,Undisclosed,1988-10-27,2025-07-14,ES,Spain,Southern Europe,La Rioja,organic_search,true
CUST000920,Heidelore,Schinke,marie-theres42@example.com,F,1961-10-02,2025-07-26,DE,Germany,Western Europe,Gerolzhofen,organic_search,true
CUST000921,Jose Luis,Menéndez,conesagregorio@example.org,M,1977-04-08,2023-12-04,ES,Spain,Southern Europe,Navarra,paid_search,true
CUST000922,Sam,Sharpe,coliver@example.org,F,1947-09-01,2024-08-23,GB,United Kingdom,Western Europe,Rickyside,email,false
CUST000923,Sebastiano,Antonucci,evangelistabasso@example.net,F,1949-06-13,2023-02-13,IT,Italy,Southern Europe,Marcigliana,referral,false
CUST000924,Teófila,Parra,eligia41@example.com,M,1991-05-23,2025-04-23,ES,Spain,Southern Europe,La Coruña,direct,false
CUST000925,Nathalie,Charrier,noelmarie@example.net,M,1953-11-22,2025-07-26,FR,France,Western Europe,Chartier-la-Forêt,social_media,true
CUST000926,Evangelos,Wirth,pconradi@example.net,F,2000-07-30,2025-09-18,DE,Germany,Western Europe,Hohenmölsen,social_media,false
CUST000927,Audrey,Carpentier,vbouvet@example.org,Undisclosed,1955-07-03,2023-12-07,FR,France,Western Europe,Saint Marcel-la-Forêt,paid_search,true
CUST000928,Abigail,Ashton,lmiles@example.org,M,1993-04-17,2023-11-27,GB,United Kingdom,Western Europe,West Janicechester,email,false
CUST000929,Linda,Jones,rrichardson@example.org,F,1970-09-16,2025-01-27,GB,United Kingdom,Western Europe,Michaelton,social_media,true
CUST000930,Olivier,Fleury,blotsimone@example.net,Undisclosed,1983-04-19,2025-02-02,FR,France,Western Europe,Ruizboeuf,organic_search,false
CUST000931,Nadja,Margraf,reinhardtnuray@example.org,M,1972-02-13,2025-10-19,DE,Germany,Western Europe,Leipziger Land,direct,false
CUST000932,Humberto,Cueto,marcial13@example.com,Undisclosed,2008-01-04,2024-08-28,ES,Spain,Southern Europe,Santa Cruz de Tenerife,referral,false
CUST000933,Maria,Persson,mariana60@example.com,F,1979-02-22,2024-11-24,SE,Sweden,Nordic,Kalmar,referral,true
CUST000934,Brett,Edwards,,F,2005-05-07,2024-09-22,GB,United Kingdom,Western Europe,Port Shaunview,organic_search,false
CUST000935,Jane,Rogge,kitzmannsiegmar@example.net,Undisclosed,1995-11-21,2023-04-23,DE,Germany,Western Europe,Mettmann,social_media,true
CUST000936,Lucy,Gonzalez,ledouxbernard@example.net,Undisclosed,1988-07-25,2023-02-16,FR,France,Western Europe,Clerc-les-Bains,organic_search,false
CUST000937,Leon,Johann,kuehnerthans-werner@example.net,Undisclosed,1984-11-12,2024-02-03,DE,Germany,Western Europe,Calau,direct,false
CUST000938,Marissa,Cesarotti,gionatatozzo@example.net,M,2003-04-27,2025-03-25,IT,Italy,Southern Europe,Pozzilli,organic_search,false
CUST000939,Hakan,Striebitz,tony72@example.com,Undisclosed,1986-01-14,2024-12-07,DE,Germany,Western Europe,Günzburg,direct,false
CUST000940,Lisa,Hawkins,grahamcarroll@example.org,Undisclosed,2002-06-26,2025-05-01,GB,United Kingdom,Western Europe,North Daniel,email,false
CUST000941,Rémy,Boutin,emmanuelpinto@example.org,F,2003-08-26,2023-10-13,FR,France,Western Europe,Girard,email,false
CUST000942,Kieran,Archer,mrichards@example.com,M,1970-09-20,2023-05-16,GB,United Kingdom,Western Europe,New Terence,email,false
CUST000943,Meike,van Vermandois,van-den-veldenthomas@example.com,Undisclosed,1953-09-30,2025-04-28,NL,Netherlands,Western Europe,Hooge Zwaluwe,paid_search,true
CUST000944,Margarita,Urrutia,gracianolarrea@example.com,M,1971-09-07,2024-01-16,ES,Spain,Southern Europe,Las Palmas,social_media,false
CUST000945,Ivonne,Stey,dorithande@example.com,F,1958-07-27,2025-10-08,DE,Germany,Western Europe,Eisleben,paid_search,false
CUST000946,Klaus Dieter,Hesse,jzorbach@example.org,M,1961-09-16,2024-09-06,DE,Germany,Western Europe,Grafenau,direct,false
CUST000947,Walfried,Eimer,cora71@example.org,Undisclosed,2004-12-25,2025-05-04,DE,Germany,Western Europe,Ueckermünde,organic_search,false
CUST000948,Isabella,Ramazzotti,tfranzese@example.com,Undisclosed,1995-10-10,2025-10-06,IT,Italy,Southern Europe,Pavignane,email,false
CUST000949,Arnaldo,Monte,caetanianita@example.org,Undisclosed,1961-08-31,2024-06-12,IT,Italy,Southern Europe,Gerenzano,social_media,true
CUST000950,Howard,Pollard,lynda90@example.org,M,1971-08-10,2024-06-15,GB,United Kingdom,Western Europe,Hannahstad,direct,true
CUST000951,Elliot,Thompson,yvonnethomas@example.org,M,1979-03-22,2025-01-01,GB,United Kingdom,Western Europe,Jadeberg,social_media,true
CUST000952,Thom,Jansse,uittenboschjosephine@example.net,F,1963-05-28,2024-08-16,NL,Netherlands,Western Europe,Drempt,direct,true
CUST000953,Karen,Klingelhöfer,baldur27@example.com,M,1974-12-13,2023-07-13,DE,Germany,Western Europe,Grimma,direct,false
CUST000954,Luchino,Strangio,ugo56@example.org,F,1997-08-26,2024-07-09,IT,Italy,Southern Europe,Rivignano Teor,social_media,true
CUST000955,Bernard,Rolland,mvincent@example.org,M,1958-02-23,2023-01-27,FR,France,Western Europe,Sainte Raymond,paid_search,true
CUST000956,Gabriel,Costa,marysebigot@example.com,F,1948-06-16,2024-03-22,FR,France,Western Europe,Hamondan,referral,true
CUST000957,Harry,Stone,uhughes@example.org,F,1959-07-19,2025-05-04,GB,United Kingdom,Western Europe,Jeremyburgh,email,false
CUST000958,Wilhelmine,Adolph,carina93@example.net,M,1981-06-24,2024-09-30,DE,Germany,Western Europe,Lübz,referral,false
CUST000959,Gülsen,Dehmel,hentschelkristina@example.com,F,2006-01-25,2023-12-19,DE,Germany,Western Europe,Auerbach,direct,true
CUST000960,Ella,Guit,jade16@example.com,F,2002-08-22,2024-04-09,NL,Netherlands,Western Europe,Moerstraten,organic_search,true
CUST000961,Marjan,Trommler,angelobutte@example.com,F,1990-07-25,2023-02-08,DE,Germany,Western Europe,Mettmann,organic_search,true
CUST000962,Abbie,Johnson,marilyn05@example.org,F,1976-07-07,2025-08-18,GB,United Kingdom,Western Europe,Shirleyberg,organic_search,true
CUST000963,Karl-Wilhelm,Junitz,nerminbiggen@example.net,F,1999-12-31,2023-09-11,DE,Germany,Western Europe,Wolfach,social_media,true
CUST000964,Éric,Alexandre,levyjosette@example.com,M,1963-01-18,2023-07-05,FR,France,Western Europe,Dupuis,social_media,false
CUST000965,Isaac,Chevallier,bblanc@example.org,Undisclosed,1998-09-23,2023-11-25,FR,France,Western Europe,Jacquet-les-Bains,referral,true
CUST000966,Nathalie,Ruiz,legerclaudine@example.com,Undisclosed,2007-03-08,2023-07-22,FR,France,Western Europe,Payet-sur-Pelletier,paid_search,false
CUST000967,Zakaria,van Ginkel,zevenboomangelina@example.org,Undisclosed,2005-12-08,2023-12-18,NL,Netherlands,Western Europe,Oudega,paid_search,false
CUST000968,Audrey,Robin,kroyer@example.net,Undisclosed,1997-02-28,2025-01-20,FR,France,Western Europe,Tessier-les-Bains,paid_search,false
CUST000969,Sally,Cook,fyates@example.org,M,1977-03-23,2025-02-16,GB,United Kingdom,Western Europe,Lake Joyce,social_media,true
CUST000970,Judith,Short,oliviahill@example.net,M,1977-07-18,2025-08-12,GB,United Kingdom,Western Europe,Hooperfort,referral,true
CUST000971,Anouk,van Dagsburg,james24@example.org,M,1965-10-16,2023-06-18,NL,Netherlands,Western Europe,Wyns,direct,false
CUST000972,Ubaldo,Canil,vigorellibeppe@example.org,M,1980-06-07,2025-06-28,IT,Italy,Southern Europe,Plawenn,organic_search,false
CUST000973,Juliette,Recer,dgeneart@example.net,M,1969-11-14,2025-01-22,NL,Netherlands,Western Europe,Klijndijk,email,false
CUST000974,Ercan,Weihmann,wilmsenalmuth@example.org,F,1990-09-14,2025-12-06,DE,Germany,Western Europe,Eisenhüttenstadt,direct,true
CUST000975,David,Lindau,meryemkreusel@example.org,M,2005-05-06,2023-12-12,DE,Germany,Western Europe,Helmstedt,email,true
CUST000976,Laurence,Aubry,qboulay@example.com,M,1968-11-28,2024-04-21,FR,France,Western Europe,Lecomte,referral,false
CUST000977,Garry,Carr,jasonmorris@example.net,M,1952-12-01,2025-03-30,GB,United Kingdom,Western Europe,Wilkinsontown,referral,false
CUST000978,Gerhild,Müller,adrub@example.org,M,1976-12-30,2023-10-29,DE,Germany,Western Europe,Staßfurt,paid_search,true
CUST000979,Hollie,Davies,nstokes@example.com,F,1992-08-28,2023-03-02,GB,United Kingdom,Western Europe,Nelsonland,organic_search,true
CUST000980,Andrew,Booth,barrybrown@example.org,M,1958-06-29,2025-02-22,GB,United Kingdom,Western Europe,East Hayleyberg,organic_search,true
CUST000981,Laurent,Fernandez,bernadettetoussaint@example.net,F,1966-02-28,2025-11-30,FR,France,Western Europe,Carondan,email,false
CUST000982,Vanesa,Corominas,halmeida@example.org,Undisclosed,1995-12-16,2025-10-30,ES,Spain,Southern Europe,Madrid,organic_search,false
CUST000983,Imre,Gutknecht,cbaerer@example.net,M,1965-09-30,2023-09-01,DE,Germany,Western Europe,Badoberan,organic_search,true
CUST000984,Mira,Oderwald,alan16@example.com,M,1995-11-04,2023-12-29,DE,Germany,Western Europe,Bad Freienwalde,paid_search,false
CUST000985,Ella,van Spreeuwel,fde-vrome@example.net,M,1961-06-19,2025-06-01,NL,Netherlands,Western Europe,Bocholtz,referral,false
CUST000986,Philip,Phillips,oliverguy@example.net,Undisclosed,1989-10-19,2025-08-20,GB,United Kingdom,Western Europe,Gregoryville,social_media,false
CUST000987,Ties,Bezemer,cwendt@example.net,M,1956-08-29,2025-02-12,NL,Netherlands,Western Europe,Limmen,organic_search,true
CUST000988,Nicolas,Guillou,charlottebarre@example.com,Undisclosed,1960-08-19,2023-09-20,FR,France,Western Europe,Pottier-sur-Maillot,direct,false
CUST000989,Ingelore,Krebs,seigenwillig@example.net,M,1974-01-19,2025-02-18,DE,Germany,Western Europe,Nabburg,organic_search,true
CUST000990,Jessica,Boix,estergalan@example.com,F,1991-01-28,2024-05-22,ES,Spain,Southern Europe,Barcelona,organic_search,false
CUST000991,Amparo,Cabrero,heracliocrespi@example.net,M,1999-09-06,2023-08-23,ES,Spain,Southern Europe,Madrid,direct,false
CUST000992,Arie,Wipstrik,laurens38@example.org,Undisclosed,2005-08-18,2025-11-20,NL,Netherlands,Western Europe,Kootstertille,organic_search,false
CUST000993,Arthur,Andre,margaret22@example.net,F,1968-08-31,2025-02-12,FR,France,Western Europe,Noël-sur-Mer,organic_search,true
CUST000994,Maurice,McKenzie,mooreholly@example.com,Undisclosed,1998-01-14,2024-11-19,GB,United Kingdom,Western Europe,Port Nicoleview,referral,false
CUST000995,Josette,Laroche,dominiqueblot@example.net,Undisclosed,1952-10-08,2025-01-14,FR,France,Western Europe,Sainte Susanne,organic_search,true
CUST000996,Liesa,Schmidt,hwende@example.org,Undisclosed,1987-03-04,2024-08-11,DE,Germany,Western Europe,Regen,paid_search,true
CUST000997,Elisa,Casagrande,tolentinocoluccio@example.org,Undisclosed,2004-12-11,2023-07-14,IT,Italy,Southern Europe,Garrufo Di Campli,email,false
CUST000998,Alexa,Wagner,gerwin47@example.net,M,2004-12-02,2024-03-05,DE,Germany,Western Europe,Döbeln,social_media,false
CUST000999,Stefan,Jeppsson,michael21@example.org,Undisclosed,1998-01-06,2024-10-03,SE,Sweden,Nordic,Södertälje,direct,true
CUST001000,Jean,Clément,sleblanc@example.net,F,1963-10-14,2023-02-08,FR,France,Western Europe,Auger,paid_search,false
CUST001001,Isidor,Flantz,oklingelhoefer@example.net,Undisclosed,1996-12-09,2024-07-02,DE,Germany,Western Europe,Geithain,email,true
CUST001002,Clare,Watson,anneali@example.com,F,1980-10-22,2025-12-05,GB,United Kingdom,Western Europe,Robertmouth,direct,false
CUST001003,Olga,Trapanese,martaalonzi@example.net,F,1950-06-02,2025-06-10,IT,Italy,Southern Europe,Alfiano Natta,email,false
CUST001004,Cas,de Pauw,mohammed62@example.com,Undisclosed,1997-05-06,2024-08-10,NL,Netherlands,Western Europe,Bant,paid_search,true
CUST001005,Leyre,Vizcaíno,vanesabarco@example.net,M,1965-10-22,2023-11-04,ES,Spain,Southern Europe,La Coruña,referral,false
CUST001006,Meike,Scholten,juul55@example.org,F,2006-12-10,2025-05-14,NL,Netherlands,Western Europe,Wageningen,organic_search,false
CUST001007,Féline,Mathurin,jilldie-bont@example.com,F,2006-01-30,2024-07-22,NL,Netherlands,Western Europe,Westervelde,email,true
CUST001008,Sandalio,Figueroa,zojeda@example.net,Undisclosed,2005-08-19,2023-04-24,ES,Spain,Southern Europe,Ávila,organic_search,false
CUST001009,Isolde,Tschentscher,rennermesut@example.com,M,1996-01-17,2025-01-14,DE,Germany,Western Europe,Parchim,direct,true
CUST001010,Graeme,Bishop,allan18@example.net,F,1997-03-14,2024-04-28,GB,United Kingdom,Western Europe,North Matthew,referral,false
CUST001011,Emin,Wagenknecht,ilja46@example.net,F,1949-10-05,2025-10-13,DE,Germany,Western Europe,Grevesmühlen,social_media,false
CUST001012,Birgitta,Adolfsson,erik17@example.com,M,1968-10-01,2025-03-09,SE,Sweden,Nordic,Karlskoga,organic_search,true
CUST001013,Gelsomina,Cilibrasi,mauriziomannoia@example.com,M,1994-04-18,2024-03-14,IT,Italy,Southern Europe,Velina,organic_search,false
CUST001014,Constanze,Gröttner,egonjunken@example.net,M,2001-09-04,2025-12-28,DE,Germany,Western Europe,Mettmann,email,true
CUST001015,Melissa,van Allemanië,jonkerjoy@example.com,M,1951-04-05,2024-07-22,NL,Netherlands,Western Europe,De Groeve,social_media,false
CUST001016,Salvi,Gabbana,rauricavanessa@example.org,F,1976-01-17,2023-02-13,IT,Italy,Southern Europe,Poggio Favaro,direct,true
CUST001017,Britta,Pohl,guelsen86@example.net,Undisclosed,1998-09-06,2024-05-05,DE,Germany,Western Europe,Grimmen,social_media,true
CUST001018,Wendy,Chandler,cwoods@example.net,M,1974-01-20,2025-12-31,GB,United Kingdom,Western Europe,East Leanne,email,false
CUST001019,Irma,Toselli,sebastianosatriani@example.org,F,2004-06-05,2024-09-08,IT,Italy,Southern Europe,L'Alzoni,paid_search,false
CUST001020,Justina,Franke,ullrichmuehle@example.org,M,1983-09-22,2024-10-11,DE,Germany,Western Europe,Cloppenburg,social_media,true
CUST001021,Elena,Slagmolen,hharing@example.com,M,1948-06-04,2025-10-03,NL,Netherlands,Western Europe,Vrouwenakker,organic_search,true
CUST001022,Alix,Bailly,georgesguichard@example.com,Undisclosed,1965-09-08,2024-06-18,FR,France,Western Europe,Leroy-les-Bains,referral,false
CUST001023,Vincenza,Marini,mercedesquasimodo@example.org,Undisclosed,2006-03-08,2025-07-17,IT,Italy,Southern Europe,Chieti Stazione,direct,false
CUST001024,Jesper,Persson,,M,1978-12-12,2023-10-06,SE,Sweden,Nordic,Helsingborg,organic_search,true
CUST001025,Antonina,Mastandrea,baldassare06@example.com,Undisclosed,1984-03-08,2023-11-20,IT,Italy,Southern Europe,Rasun Di Sotto,referral,false
CUST001026,Ashley,Lowe,gemma79@example.org,F,1977-01-18,2024-10-16,GB,United Kingdom,Western Europe,Kingberg,direct,false
CUST001027,Roldán,Guerrero,chuy99@example.com,F,2006-12-11,2024-07-31,ES,Spain,Southern Europe,Guipúzcoa,email,true
CUST001028,Flavia,Borrego,salazarmagdalena@example.com,Undisclosed,2004-08-11,2023-02-12,ES,Spain,Southern Europe,Teruel,paid_search,true
CUST001029,Thierry,Guilbert,masselouise@example.net,F,1989-08-02,2025-08-05,FR,France,Western Europe,Saint LéonVille,referral,false
CUST001030,Teófila,Alfonso,maricelatamarit@example.net,F,1953-11-13,2024-06-16,ES,Spain,Southern Europe,Albacete,organic_search,true
CUST001031,Mechtild,Sager,lilly33@example.net,M,1975-11-30,2025-12-12,DE,Germany,Western Europe,Pfaffenhofen an der Ilm,email,true
CUST001032,Daniel,Cook,joanne90@example.com,M,1957-12-19,2024-04-04,GB,United Kingdom,Western Europe,Jenningshaven,email,false
CUST001033,Eckehard,Riehl,ralf-peter41@example.org,F,1957-02-15,2023-09-24,DE,Germany,Western Europe,Dinkelsbühl,social_media,true
CUST001034,German,Jäntsch,jens-peterwilmsen@example.org,F,1973-05-25,2025-05-06,DE,Germany,Western Europe,Beeskow,social_media,true
CUST001035,Reinhardt,Dippel,hans-bernd00@example.com,Undisclosed,1967-06-18,2025-07-12,DE,Germany,Western Europe,Lübben,organic_search,true
CUST001036,Joshua,Pauwels,lukas61@example.org,Undisclosed,1996-11-12,2025-08-18,NL,Netherlands,Western Europe,Zurich,paid_search,false
CUST001037,Alice,Noël,clemencegregoire@example.net,F,1964-01-04,2025-05-16,FR,France,Western Europe,Sainte Célina,organic_search,false
CUST001038,Sil,Otto,edijkman@example.org,Undisclosed,2007-11-12,2024-04-25,NL,Netherlands,Western Europe,America,referral,true
CUST001039,Kläre,Röhricht,birte91@example.org,M,1990-01-08,2023-01-11,DE,Germany,Western Europe,Hansestadttralsund,direct,false
CUST001040,Constance,Martins,fcohen@example.net,Undisclosed,1998-12-16,2023-09-28,FR,France,Western Europe,Besson,paid_search,false
CUST001041,Suzanne,Price,duncanpowell@example.com,M,1945-10-01,2024-11-25,GB,United Kingdom,Western Europe,Huntport,email,true
CUST001042,Leandro,Iglesia,aaronbarrena@example.com,F,2002-10-23,2024-06-17,ES,Spain,Southern Europe,Huelva,social_media,false
CUST001043,Benjamin,Renard,isabellegros@example.com,Undisclosed,1995-12-26,2025-05-30,FR,France,Western Europe,ThibaultBourg,social_media,false
CUST001044,Suzanne,Watkins,craig61@example.org,M,2005-06-13,2025-06-11,GB,United Kingdom,Western Europe,Kellyhaven,paid_search,false
CUST001045,Rocco,Leblanc,valentina54@example.net,F,1962-06-02,2023-04-19,IT,Italy,Southern Europe,Lombardore,social_media,true
CUST001046,Andrew,Johnston,rhys79@example.com,M,1954-10-13,2025-08-14,GB,United Kingdom,Western Europe,New Alicetown,social_media,false
CUST001047,Branka,Textor,steinberghakan@example.com,F,1993-07-17,2025-07-26,DE,Germany,Western Europe,Zossen,organic_search,true
CUST001048,Gabriele,Buchholz,frenner@example.net,Undisclosed,1982-05-04,2024-08-04,DE,Germany,Western Europe,Stuttgart,referral,true
CUST001049,Ramona,Odescalchi,wcastioni@example.com,M,1972-01-01,2023-01-09,IT,Italy,Southern Europe,Belmonte Mezzagno,paid_search,false
CUST001050,Tabea,Gröttner,ebertvincenzo@example.com,Undisclosed,1975-12-09,2023-07-13,DE,Germany,Western Europe,Gadebusch,organic_search,false
CUST001051,Micheletto,Fermi,lollobrigidagiulia@example.net,M,1951-10-22,2025-02-04,IT,Italy,Southern Europe,Montelaterone,organic_search,false
CUST001052,Alan,White,donaldrobinson@example.com,Undisclosed,2007-03-27,2025-09-09,GB,United Kingdom,Western Europe,North Dominic,social_media,true
CUST001053,Temistocle,Tafuri,rcapuana@example.net,Undisclosed,1957-04-14,2025-07-16,IT,Italy,Southern Europe,Cristo,referral,true
CUST001054,Berto,Castejón,bertocastellanos@example.net,M,1963-05-09,2024-03-08,ES,Spain,Southern Europe,Melilla,organic_search,true
CUST001055,Karl,Larsson,hakan08@example.net,F,1976-07-28,2025-02-20,SE,Sweden,Nordic,Skövde,email,true
CUST001056,Robert,Rivière,bretonaurore@example.com,M,1991-12-20,2023-02-12,FR,France,Western Europe,Turpindan,direct,true
CUST001057,Leopoldo,Rivera,asuncion03@example.org,Undisclosed,1981-11-30,2023-09-04,ES,Spain,Southern Europe,Guadalajara,social_media,true
CUST001058,Édouard,Masse,michaudleon@example.com,Undisclosed,2000-08-23,2025-01-05,FR,France,Western Europe,Saint Marie,email,false
CUST001059,Roger,Mills,phayward@example.org,F,1949-12-16,2025-09-02,GB,United Kingdom,Western Europe,North Catherinechester,social_media,true
CUST001060,Tony,Smith,wrightkayleigh@example.com,Undisclosed,1977-11-28,2025-06-08,GB,United Kingdom,Western Europe,West Alexander,email,true
CUST001061,Donatella,Rosiello,umberto31@example.net,Undisclosed,1997-09-05,2023-11-14,IT,Italy,Southern Europe,Zumaglia,social_media,false
CUST001062,Nathalie,Hussein,flind@example.org,M,2006-04-03,2025-06-14,SE,Sweden,Nordic,Jönköping,paid_search,false
CUST001063,Emiliana,Rosales,salamancabartolome@example.com,F,1950-02-28,2024-05-24,ES,Spain,Southern Europe,Soria,organic_search,true
CUST001064,Claude,Weber,vaillantbernard@example.com,Undisclosed,1973-01-06,2025-11-11,FR,France,Western Europe,Sainte NicolasVille,social_media,false
CUST001065,Laure,Legendre,djacob@example.com,F,1952-07-29,2024-06-05,FR,France,Western Europe,Gilles,direct,false
CUST001066,Elizabeth,Lorreijn,van-hoevel-en-van-zwindrechtannabel@example.com,F,1953-01-12,2024-01-03,NL,Netherlands,Western Europe,Den Bommel,direct,false
CUST001067,Delia,Zobel,scheibeingried@example.org,Undisclosed,2002-11-24,2024-10-04,DE,Germany,Western Europe,Rochlitz,social_media,false
CUST001068,Norman,Linke,fannypechel@example.com,Undisclosed,1978-06-11,2024-01-19,DE,Germany,Western Europe,Erding,direct,true
CUST001069,Gilbert,Langlois,guillaumebertrand@example.org,F,1985-06-17,2025-06-07,FR,France,Western Europe,Blanchetboeuf,direct,false
CUST001070,Charlotte,Ruiz,isabelle82@example.org,Undisclosed,1986-09-27,2025-07-31,FR,France,Western Europe,Klein,email,false
CUST001071,Margaret,Rodrigues,alain89@example.net,Undisclosed,1949-08-01,2025-01-08,FR,France,Western Europe,Guillou,social_media,true
CUST001072,Zenta,Gute,loechelmohammed@example.org,F,1989-04-10,2023-09-14,DE,Germany,Western Europe,Berlin,paid_search,true
CUST001073,Helmtrud,Kabus,hans-henning77@example.net,F,2003-08-30,2024-03-04,DE,Germany,Western Europe,Schwandorf,direct,true
CUST001074,Ulf,Zobel,severin52@example.org,M,2007-08-24,2023-06-26,DE,Germany,Western Europe,Norden,organic_search,true
CUST001075,Johan,Ljunggren,noralundh@example.net,M,1961-12-12,2023-11-09,SE,Sweden,Nordic,Luleå,email,true
CUST001076,Valérie,Robert,zleclerc@example.org,M,1970-05-16,2024-02-17,FR,France,Western Europe,Saint Agathe,organic_search,true
CUST001077,Stéphane,Besnard,berthelotgabriel@example.org,Undisclosed,1958-11-29,2025-06-03,FR,France,Western Europe,Salmon-sur-Alves,direct,false
CUST001078,Matthijs,Kuipers,boetetjorn@example.org,Undisclosed,1960-07-31,2023-03-17,NL,Netherlands,Western Europe,Kortehemmen,direct,false
CUST001079,Hans Josef,Gunpf,milanroehrdanz@example.org,M,1947-02-23,2024-04-19,DE,Germany,Western Europe,Grimma,referral,true
CUST001080,Edoardo,Parini,arganrita@example.net,M,1990-03-31,2024-07-02,IT,Italy,Southern Europe,Milano,referral,false
CUST001081,Rafael,Perales,humberto47@example.org,M,1990-08-28,2025-07-07,ES,Spain,Southern Europe,Melilla,email,false
CUST001082,Friedrich-Karl,Ehlert,etrub@example.org,Undisclosed,1999-10-11,2025-06-16,DE,Germany,Western Europe,Euskirchen,referral,false
CUST001083,Joséphine,Gilbert,xlemonnier@example.com,M,1988-12-21,2023-09-26,FR,France,Western Europe,Lambert,direct,false
CUST001084,Monica,Condoleo,silviaungaretti@example.com,Undisclosed,1967-12-25,2025-08-25,IT,Italy,Southern Europe,San Nicola Da Crissa,direct,true
CUST001085,Serafina,Tomasetti,littizzettosylvia@example.org,Undisclosed,1985-06-06,2025-09-15,IT,Italy,Southern Europe,Valle Di Murialdo,email,false
CUST001086,Jayne,Collins,jonathanmckenzie@example.net,F,1980-04-17,2024-09-13,GB,United Kingdom,Western Europe,Myershaven,social_media,false
CUST001087,Danny,Edwards,dawn87@example.org,Undisclosed,1981-06-10,2023-11-21,GB,United Kingdom,Western Europe,Edwardsfort,organic_search,false
CUST001088,Fatima,Zobel,lheuser@example.com,Undisclosed,1985-06-03,2025-05-31,DE,Germany,Western Europe,Freising,social_media,false
CUST001089,Per,Gustavsson,marjattajohansson@example.org,Undisclosed,2006-02-27,2024-12-28,SE,Sweden,Nordic,Nyköping,paid_search,true
CUST001090,Betty,Caspar,sylviekoester@example.com,M,1954-10-28,2023-04-14,DE,Germany,Western Europe,Hamburg,organic_search,true
CUST001091,Berenice,Basadonna,wtravaglio@example.org,F,1977-05-05,2023-07-28,IT,Italy,Southern Europe,Cogna,organic_search,true
CUST001092,Laura,Roberts,bprice@example.com,M,1967-04-04,2025-01-10,GB,United Kingdom,Western Europe,Margarettown,email,true
CUST001093,Keith,Evans,angelabarnes@example.net,F,1951-04-17,2023-11-12,GB,United Kingdom,Western Europe,Donnahaven,paid_search,false
CUST001094,Terence,Hammond,thorntonjulian@example.org,M,1948-04-15,2025-05-01,GB,United Kingdom,Western Europe,West Dominic,referral,true
CUST001095,Ilona,Schleich,james44@example.org,M,1955-01-24,2023-06-24,DE,Germany,Western Europe,Amberg,direct,true
CUST001096,Marie,Sager,karl-peter56@example.com,F,1997-04-02,2023-11-07,DE,Germany,Western Europe,Nabburg,email,false
CUST001097,Henrik,Ullrich,normakruschwitz@example.org,Undisclosed,1996-08-29,2025-04-18,DE,Germany,Western Europe,Naila,social_media,true
CUST001098,Kati,Mosemann,annschaaf@example.net,Undisclosed,1994-11-07,2025-06-25,DE,Germany,Western Europe,Hünfeld,organic_search,false
CUST001099,Timoteo,Rios,millanraquel@example.org,M,1959-12-12,2024-10-06,ES,Spain,Southern Europe,León,organic_search,true
CUST001100,Gilbert,Schneider,bessonguillaume@example.net,Undisclosed,1995-11-22,2023-04-29,FR,France,Western Europe,Sainte Suzanne,social_media,false
CUST001101,Heide-Marie,Weller,milan36@example.com,M,1973-02-17,2025-04-03,DE,Germany,Western Europe,Hildesheim,social_media,false
CUST001102,Gunnar,Törnqvist,larssonandreas@example.org,Undisclosed,1968-02-27,2023-01-17,SE,Sweden,Nordic,Borlänge,direct,false
CUST001103,Orlando,Farinelli,ottoneboccaccio@example.net,Undisclosed,1977-12-28,2025-07-02,IT,Italy,Southern Europe,Sigmundskro,direct,false
CUST001104,Fausto,Campanella,antonia74@example.org,M,1991-08-11,2024-12-08,IT,Italy,Southern Europe,Tribano,social_media,true
CUST001105,Herman,Andersson,peterssonchristina@example.org,Undisclosed,1971-12-11,2023-03-17,SE,Sweden,Nordic,Borås,paid_search,false
CUST001106,Christoph,Metz,klaus-dsorgatz@example.net,Undisclosed,1949-08-05,2024-03-13,DE,Germany,Western Europe,Paderborn,direct,true
CUST001107,Alain,Picard,,Undisclosed,1967-12-02,2023-02-17,FR,France,Western Europe,Michaud-les-Bains,social_media,false
CUST001108,Ale,Bayona,castellobrunilda@example.com,M,1972-02-26,2025-10-31,ES,Spain,Southern Europe,Barcelona,referral,false
CUST001109,Isa,van Oirschot,milanvan-dongen@example.net,F,1956-06-27,2023-09-11,NL,Netherlands,Western Europe,Zeijerveen,referral,true
CUST001110,Hedy,Mielcarek,caecilie38@example.net,Undisclosed,1964-06-05,2025-07-17,DE,Germany,Western Europe,Altötting,referral,true
CUST001111,Elodia,Huerta,victor-manuelbaro@example.com,Undisclosed,1981-06-20,2024-12-18,ES,Spain,Southern Europe,Ourense,paid_search,false
CUST001112,Arnold,Walter,dmies@example.net,Undisclosed,1951-11-19,2025-11-30,DE,Germany,Western Europe,Spremberg,social_media,false
CUST001113,Ljiljana,Huhn,skensy@example.net,M,1972-04-18,2023-07-20,DE,Germany,Western Europe,Lübeck,organic_search,false
CUST001114,Ann,Murphy,antonylyons@example.net,M,2007-08-31,2023-09-24,GB,United Kingdom,Western Europe,Lake Shirley,email,false
CUST001115,Charles,Robertson,leachsamuel@example.org,M,1988-06-04,2024-06-24,GB,United Kingdom,Western Europe,Dorothyland,email,false
CUST001116,Adrian,Turner,valerieali@example.net,Undisclosed,1950-11-22,2023-11-30,GB,United Kingdom,Western Europe,New Victorchester,direct,true
CUST001117,Amalie,Beyer,qgehringer@example.org,F,1977-02-18,2024-03-11,DE,Germany,Western Europe,Bersenbrück,social_media,true
CUST001118,Pasqual,Ferrari,vparri@example.net,M,1972-09-04,2025-04-16,IT,Italy,Southern Europe,Zerfaliu,paid_search,true
CUST001119,Grégoire,Millet,deschampsgabriel@example.net,M,1991-04-19,2025-01-30,FR,France,Western Europe,Valléedan,paid_search,true
CUST001120,Imre,Trüb,carstenbertha@example.net,M,1975-06-21,2025-05-13,DE,Germany,Western Europe,Nabburg,direct,false
CUST001121,Clelia,Callegari,rosalia22@example.org,F,1957-09-29,2023-01-05,IT,Italy,Southern Europe,Magliano Vetere,referral,false
CUST001122,Eva,Ahmadi,khanper@example.org,M,1964-04-11,2025-07-15,SE,Sweden,Nordic,Kristianstad,referral,true
CUST001123,Berta,Garzón,gaspar30@example.net,M,1975-10-07,2023-10-11,ES,Spain,Southern Europe,Santa Cruz de Tenerife,paid_search,false
CUST001124,Vicente,Badía,porterojenny@example.com,M,1986-05-23,2023-07-02,ES,Spain,Southern Europe,Almería,email,false
CUST001125,Saar,Passchiers,pmartel@example.com,Undisclosed,1959-04-17,2023-04-04,NL,Netherlands,Western Europe,De Falom,organic_search,true
CUST001126,Alex,Davies,oliverstephen@example.com,Undisclosed,1949-12-25,2023-02-20,GB,United Kingdom,Western Europe,North Rosie,direct,true
CUST001127,Senol,Peukert,isabellgeisel@example.org,Undisclosed,1953-01-04,2023-06-24,DE,Germany,Western Europe,Hildburghausen,referral,true
CUST001128,Anastasie,Gilbert,laurenceguillaume@example.net,Undisclosed,1953-11-26,2025-09-01,FR,France,Western Europe,Benoit,paid_search,true
CUST001129,Alexandre,Maréchal,hamontristan@example.org,Undisclosed,1990-03-10,2024-07-17,FR,France,Western Europe,Richard,referral,false
CUST001130,Christophe,Descamps,dlecomte@example.org,M,2001-02-24,2023-06-23,FR,France,Western Europe,Delahaye,email,true
CUST001131,Michael,van Wickerode,bilal13@example.com,Undisclosed,1952-08-11,2024-11-27,NL,Netherlands,Western Europe,Weidum,social_media,true
CUST001132,Victor,Robinson,tonyschofield@example.net,M,1993-01-25,2023-08-23,GB,United Kingdom,Western Europe,Daviesberg,social_media,true
CUST001133,Metin,Bähr,hanno57@example.org,F,1987-02-04,2023-11-12,DE,Germany,Western Europe,Kronach,social_media,true
CUST001134,Alessandro,Heintze,almuthschaaf@example.net,F,1947-02-16,2023-02-25,DE,Germany,Western Europe,Heiligenstadt,email,false
CUST001135,Faye,Erhout,kyravan-dam@example.org,F,1949-10-05,2024-06-12,NL,Netherlands,Western Europe,Ellewoutsdijk,paid_search,true
CUST001136,Philippe,Haase,alexandra43@example.org,F,1989-05-16,2025-10-06,DE,Germany,Western Europe,Germersheim,social_media,false
CUST001137,Maximino,Ariño,imulet@example.com,Undisclosed,1981-02-16,2025-04-13,ES,Spain,Southern Europe,Segovia,organic_search,false
CUST001138,Norman,Martin,peter35@example.com,F,1949-05-13,2023-07-27,GB,United Kingdom,Western Europe,Port Joyce,email,false
CUST001139,Danny,Akhtar,tinawong@example.net,F,1988-07-16,2023-06-21,GB,United Kingdom,Western Europe,North Abigailland,paid_search,true
CUST001140,Dennis,Harvey,leethomson@example.org,F,1957-07-02,2025-05-17,GB,United Kingdom,Western Europe,East Kathleen,email,false
CUST001141,Cayetano,Rojas,,M,1995-01-07,2023-12-09,ES,Spain,Southern Europe,Granada,social_media,false
CUST001142,Audrey,Schmitt,michellephilippe@example.org,Undisclosed,1986-11-29,2024-12-20,FR,France,Western Europe,Bailly,paid_search,true
CUST001143,Ninthe,van Rheineck,eline73@example.com,F,1951-02-16,2024-09-07,NL,Netherlands,Western Europe,Nunhem,social_media,false
CUST001144,Mary,Lowe,epatel@example.com,M,1995-09-11,2024-03-07,GB,United Kingdom,Western Europe,Carterfort,social_media,false
CUST001145,Dominique,Perez,ledouxalex@example.com,M,1997-04-28,2025-07-16,FR,France,Western Europe,Valentin,email,false
CUST001146,Nino,Scarfoglio,angelicaduodo@example.com,F,1966-06-30,2023-02-02,IT,Italy,Southern Europe,San Martino D'Ocre,organic_search,true
CUST001147,Calixto,Mínguez,remigio89@example.com,Undisclosed,1954-12-25,2023-12-22,ES,Spain,Southern Europe,Cantabria,email,true
CUST001148,Ali,van Wijland,sarahlinschoten@example.org,Undisclosed,1995-05-21,2023-06-08,NL,Netherlands,Western Europe,Oosterleek,organic_search,false
CUST001149,Manuelita,Perea,aquiroga@example.com,F,1971-10-26,2025-02-09,ES,Spain,Southern Europe,Granada,direct,true
CUST001150,África,Casanova,rebollosonia@example.org,M,1971-11-14,2023-09-13,ES,Spain,Southern Europe,Cantabria,direct,true
CUST001151,Philip,van de Veen,xreimes@example.net,F,1993-12-09,2024-07-29,NL,Netherlands,Western Europe,Tjerkwerd,referral,false
CUST001152,Magdalena,Huerta,josefina06@example.com,M,1962-03-05,2024-03-28,ES,Spain,Southern Europe,Alicante,email,true
CUST001153,Eva,van Hulten,fien02@example.com,M,1992-01-11,2023-01-15,NL,Netherlands,Western Europe,Evertsoord,social_media,false
CUST001154,Mila,Koeman,loek99@example.net,Undisclosed,1946-07-10,2023-12-16,NL,Netherlands,Western Europe,Drempt,referral,true
CUST001155,Diana,Grant,berryjacqueline@example.com,F,2006-12-30,2023-05-14,GB,United Kingdom,Western Europe,New Roychester,referral,true
CUST001156,Jesusa,Matas,paularoldan@example.com,Undisclosed,1979-10-02,2025-12-07,ES,Spain,Southern Europe,Palencia,direct,false
CUST001157,Leopold,Wagner,,Undisclosed,1973-09-10,2025-07-18,DE,Germany,Western Europe,Bützow,organic_search,false
CUST001158,Giacobbe,Pezzali,paoletta24@example.net,F,1993-04-01,2025-06-04,IT,Italy,Southern Europe,Campo Calabro,email,false
CUST001159,Achille,Cagnin,dibiasipatrizia@example.com,Undisclosed,1950-06-08,2025-01-10,IT,Italy,Southern Europe,Trava,social_media,false
CUST001160,Stephan,Geißler,ssoelzer@example.net,F,1957-09-08,2025-12-26,DE,Germany,Western Europe,Erding,referral,true
CUST001161,Ani,Canet,hectortorrecilla@example.org,F,1976-05-08,2024-04-07,ES,Spain,Southern Europe,Cádiz,paid_search,true
CUST001162,Mara,Werner,brankoweiss@example.org,F,1958-09-28,2024-11-05,DE,Germany,Western Europe,Ludwigslust,email,true
CUST001163,Luce,Brun,ntoussaint@example.org,M,1951-02-11,2024-11-15,FR,France,Western Europe,Clément,social_media,true
CUST001164,Oscar,Boetet,rhoes@example.org,F,1985-07-15,2024-11-14,NL,Netherlands,Western Europe,IJlst,referral,false
CUST001165,Alberto,Bolander,rneureuther@example.org,F,1963-10-16,2023-07-15,DE,Germany,Western Europe,Stollberg,organic_search,false
CUST001166,Máxima,Aguilar,caballerohector@example.net,F,1971-04-01,2024-10-03,ES,Spain,Southern Europe,Madrid,email,true
CUST001167,Nicodemo,Peláez,mnavas@example.com,F,1992-01-31,2024-09-09,ES,Spain,Southern Europe,Guadalajara,referral,true
CUST001168,Kathryn,Tomlinson,rebeccaking@example.com,Undisclosed,1969-11-29,2024-08-26,GB,United Kingdom,Western Europe,Olivertown,paid_search,true
CUST001169,Martina,Etzold,zthanel@example.net,Undisclosed,1947-06-07,2025-07-17,DE,Germany,Western Europe,Peine,social_media,true
CUST001170,Laure,Torres,martine35@example.com,F,1990-07-09,2025-07-18,FR,France,Western Europe,Buissonnec,referral,true
CUST001171,Andrew,Thomson,paulfleming@example.com,Undisclosed,2005-02-13,2024-02-01,GB,United Kingdom,Western Europe,Port Victormouth,email,false
CUST001172,Lena,Hellgren,cristinajakobsson@example.net,F,1978-01-31,2025-06-29,SE,Sweden,Nordic,Borlänge,social_media,false
CUST001173,Alexandra,McKenzie,lynda32@example.net,M,1994-06-14,2025-11-16,GB,United Kingdom,Western Europe,East Jeanland,referral,true
CUST001174,Caroline,Ferreira,victoire87@example.org,M,1978-06-30,2023-10-29,FR,France,Western Europe,Guillot-sur-Mer,organic_search,true
CUST001175,Beth,Archer,ronaldmitchell@example.net,Undisclosed,1975-04-12,2023-04-28,GB,United Kingdom,Western Europe,East Tobyfurt,email,false
CUST001176,Harry,King,gerald47@example.net,F,2008-06-22,2024-02-05,GB,United Kingdom,Western Europe,Greenmouth,social_media,true
CUST001177,Olegario,Pi,coralbaron@example.net,Undisclosed,2007-08-15,2025-09-01,ES,Spain,Southern Europe,Segovia,referral,false
CUST001178,Erhard,Hoffmann,oheintze@example.com,M,1951-08-26,2024-09-05,DE,Germany,Western Europe,Brandenburg,organic_search,false
CUST001179,David,Pedro,manu93@example.net,Undisclosed,1954-05-09,2024-03-25,ES,Spain,Southern Europe,Jaén,referral,true
CUST001180,Karl,Baker,kempmarie@example.net,M,1974-07-08,2024-05-04,GB,United Kingdom,Western Europe,Julieberg,email,true
CUST001181,Mario,Persson,eliasahlstrom@example.com,M,1965-11-18,2025-03-30,SE,Sweden,Nordic,Uddevalla,social_media,true
CUST001182,William,Letellier,mcaron@example.com,Undisclosed,1990-12-17,2023-08-24,FR,France,Western Europe,Sainte Thierry,social_media,true
CUST001183,Lesley,Yates,robertsondiana@example.net,F,1960-05-12,2023-03-02,GB,United Kingdom,Western Europe,Harrisfurt,direct,true
CUST001184,Giacobbe,Gasperi,montecchieraldo@example.net,F,1993-05-06,2024-11-26,IT,Italy,Southern Europe,Moricone,social_media,true
CUST001185,Renato,Jacob,nadinneuschaefer@example.net,Undisclosed,2001-02-22,2023-02-12,DE,Germany,Western Europe,Aschaffenburg,organic_search,false
CUST001186,Salvatore,Navarria,bmoresi@example.net,M,1997-03-31,2024-03-06,IT,Italy,Southern Europe,Torre De' Busi,referral,false
CUST001187,Matthias,Schroeff,hdrysdale@example.net,F,1993-01-26,2023-05-14,NL,Netherlands,Western Europe,Heel,paid_search,false
CUST001188,Katalin,Zorbach,idietz@example.com,Undisclosed,1985-03-06,2025-02-05,DE,Germany,Western Europe,Wanzleben,organic_search,true
CUST001189,Capucine,Grenier,celine29@example.org,F,1978-07-07,2024-08-25,FR,France,Western Europe,Rodrigues,social_media,true
CUST001190,Hannah,Ariens,kaylutterveld@example.net,F,1970-05-02,2025-11-06,NL,Netherlands,Western Europe,Zeist,email,true
CUST001191,Pierre,Loos,stiebitzliliane@example.org,Undisclosed,1991-12-02,2023-12-09,DE,Germany,Western Europe,Bautzen,social_media,false
CUST001192,Lee,Hardy,evanselaine@example.org,M,1980-10-04,2025-11-28,GB,United Kingdom,Western Europe,Jennachester,email,false
CUST001193,Patrick,Fontaine,lorrainemace@example.com,Undisclosed,1953-10-07,2025-08-28,FR,France,Western Europe,Chauvin,paid_search,true
CUST001194,Hilary,Morris,mstokes@example.org,F,1998-06-24,2024-02-20,GB,United Kingdom,Western Europe,Port Gillianfurt,email,true
CUST001195,Ernst-Dieter,Drub,evamaria75@example.org,F,1951-04-22,2025-02-05,DE,Germany,Western Europe,Neustadtner Waldnaab,referral,false
CUST001196,Griselda,Caccioppoli,alessiosokolov@example.com,Undisclosed,1999-09-27,2024-04-16,IT,Italy,Southern Europe,Figino,email,false
CUST001197,Sigvard,Larsson,pjonsson@example.net,M,1952-06-13,2025-06-04,SE,Sweden,Nordic,Västerås,organic_search,true
CUST001198,Astrid,Klasson,pontusnilsson@example.com,M,2000-12-14,2025-06-23,SE,Sweden,Nordic,Västerås,social_media,true
CUST001199,Renske,Hendricks,meijeryasmin@example.net,F,1957-12-23,2024-07-20,NL,Netherlands,Western Europe,Guttecoven,referral,true
CUST001200,Ewald,Benthin,roehrichttimm@example.com,M,1954-06-13,2024-11-14,DE,Germany,Western Europe,Staffelstein,direct,false
CUST001201,Cesar,Casanovas,chuchojerez@example.org,Undisclosed,1980-02-16,2024-01-26,ES,Spain,Southern Europe,Huesca,social_media,true
CUST001202,Iwan,Jacob,sigmarsontag@example.org,M,1948-10-28,2024-09-05,DE,Germany,Western Europe,Steinfurt,referral,true
CUST001203,Henrike,Johann,ketzold@example.com,F,1981-04-01,2025-08-24,DE,Germany,Western Europe,Schlüchtern,paid_search,true
CUST001204,Thérèse,Bertrand,marieperrin@example.net,Undisclosed,1961-10-26,2024-03-05,FR,France,Western Europe,Saint Guy,direct,false
CUST001205,Robin,Wright,robin29@example.net,F,1964-07-23,2024-11-28,GB,United Kingdom,Western Europe,Lake Brenda,direct,false
CUST001206,Juan Bautista,Pizarro,jbenavente@example.com,F,1989-11-25,2024-03-05,ES,Spain,Southern Europe,La Coruña,referral,true
CUST001207,Teun,Janssens,qfeltzer@example.net,Undisclosed,1982-02-24,2024-09-17,NL,Netherlands,Western Europe,Hekelingen,social_media,true
CUST001208,Luce,Grenier,lombardnath@example.com,Undisclosed,1989-08-12,2025-05-08,FR,France,Western Europe,Delannoy,social_media,true
CUST001209,Astrid,Brunet,genevieve89@example.org,M,1967-03-19,2023-03-07,FR,France,Western Europe,GilletVille,referral,false
CUST001210,Gertrud,Jansson,carlbergstrom@example.org,Undisclosed,1968-02-05,2025-02-19,SE,Sweden,Nordic,Östersund,email,true
CUST001211,Robert,Dubois,renee42@example.org,M,1952-05-07,2024-11-04,FR,France,Western Europe,Louisnec,organic_search,true
CUST001212,Kerry,Briggs,gillharry@example.org,F,1966-07-18,2023-03-07,GB,United Kingdom,Western Europe,Greenstad,organic_search,false
CUST001213,Rosita,Biggen,bianka49@example.org,Undisclosed,1957-04-20,2024-08-04,DE,Germany,Western Europe,Wolmirstedt,organic_search,false
CUST001214,Roque,Escrivá,,M,1969-03-04,2025-11-27,ES,Spain,Southern Europe,Lugo,organic_search,true
CUST001215,Angelina,Ketting,lukasariens-ansems@example.net,F,1990-06-06,2025-05-06,NL,Netherlands,Western Europe,Edam,paid_search,false
CUST001216,Jozef,Bloch,piusrosenow@example.net,F,2008-03-07,2025-06-04,DE,Germany,Western Europe,Waldmünchen,social_media,true
CUST001217,Ilse,Mielcarek,halinaschlosser@example.com,F,1958-02-22,2025-10-26,DE,Germany,Western Europe,Jülich,paid_search,false
CUST001218,Tirza,van Dalem,svan-de-biesenbos@example.com,F,1981-02-09,2023-05-12,NL,Netherlands,Western Europe,Hornhuizen,referral,false
CUST001219,Liv,Tillmanno,fleur14@example.com,F,2003-03-15,2025-07-31,NL,Netherlands,Western Europe,Darp,email,false
CUST001220,Éric,Gaillard,garniernathalie@example.org,F,1984-10-31,2024-09-01,FR,France,Western Europe,Saint Noémi,paid_search,false
CUST001221,Felicia,Svensson,annika70@example.com,Undisclosed,1954-12-19,2025-07-26,SE,Sweden,Nordic,Uddevalla,email,true
CUST001222,Hans-Hermann,Weinhage,lachmannalex@example.net,Undisclosed,1946-03-07,2024-05-05,DE,Germany,Western Europe,Viersen,direct,true
CUST001223,Julie,Pons,patrick89@example.org,Undisclosed,1957-02-24,2024-03-20,FR,France,Western Europe,Jean-les-Bains,social_media,true
CUST001224,Uberto,Nitti,ovadiarosa@example.org,M,1949-02-23,2023-08-04,IT,Italy,Southern Europe,Basico',social_media,true
CUST001225,Frédéric,Maillot,kgillet@example.com,Undisclosed,2007-11-19,2025-11-02,FR,France,Western Europe,Gimenez,direct,false
CUST001226,Arthur,Dobson,harrispamela@example.com,F,1995-11-27,2025-02-19,GB,United Kingdom,Western Europe,Lloydport,organic_search,false
CUST001227,Bertrand,Hamon,barthelemylaure@example.com,Undisclosed,1946-01-31,2023-08-23,FR,France,Western Europe,Jacques-sur-Boulanger,email,false
CUST001228,Michelle,Lemoine,adrienne10@example.com,Undisclosed,1973-01-16,2023-05-20,FR,France,Western Europe,Petit,paid_search,false
CUST001229,Amelie,Brolin,johanssoningmar@example.net,F,1954-02-10,2024-07-25,SE,Sweden,Nordic,Stockholm,paid_search,false
CUST001230,Maurice,Lelièvre,paulinedescamps@example.com,F,1972-08-02,2023-09-12,FR,France,Western Europe,Ribeiro,organic_search,false
CUST001231,Corrado,Rosiello,pomponio28@example.com,Undisclosed,1990-05-05,2023-11-11,IT,Italy,Southern Europe,Canossa,direct,true
CUST001232,Swen,Adolph,fredyklapp@example.net,Undisclosed,1970-02-16,2025-06-24,DE,Germany,Western Europe,Calau,direct,true
CUST001233,Rico,Linke,kasimirbenthin@example.org,Undisclosed,1996-04-22,2025-03-10,DE,Germany,Western Europe,Backnang,email,true
CUST001234,Veronique,Stadelmann,gittagumprich@example.com,F,1963-10-09,2024-05-26,DE,Germany,Western Europe,Lüdinghausen,organic_search,true
CUST001235,Joëlle,Honing,fvan-der-ven@example.net,F,1967-10-17,2024-11-21,NL,Netherlands,Western Europe,Pernis Rotterdam,organic_search,true
CUST001236,Sophie,Lefebvre,hpayet@example.org,M,1954-04-07,2023-12-09,FR,France,Western Europe,Barre,direct,true
CUST001237,Paula,Nogués,guzmanbaldomero@example.net,M,1974-12-03,2024-02-29,ES,Spain,Southern Europe,Las Palmas,paid_search,true
CUST001238,Anne,Smith,fharris@example.org,Undisclosed,1956-01-23,2024-12-31,GB,United Kingdom,Western Europe,East Leonard,email,true
CUST001239,Eva,Johansson,sandbergwilma@example.org,M,1977-12-06,2025-07-28,SE,Sweden,Nordic,Ängelholm,social_media,true
CUST001240,Evelyn,Fischer,hans-helmutschaefer@example.net,Undisclosed,1961-04-17,2023-05-18,DE,Germany,Western Europe,Deggendorf,organic_search,true
CUST001241,Úrsula,Coll,rarenas@example.org,Undisclosed,1974-09-10,2024-05-30,ES,Spain,Southern Europe,Salamanca,direct,true
CUST001242,Saturnino,Zapata,ciriacoazcona@example.com,Undisclosed,1966-07-15,2024-11-11,ES,Spain,Southern Europe,Ceuta,direct,false
CUST001243,Teófilo,Aznar,teodosio70@example.net,Undisclosed,1966-05-23,2023-05-19,ES,Spain,Southern Europe,Cuenca,referral,true
CUST001244,Miguel,Asenjo,lisandro56@example.org,F,1958-01-19,2025-10-28,ES,Spain,Southern Europe,Álava,organic_search,false
CUST001245,Agustina,Losada,montoyaiban@example.com,Undisclosed,2007-07-04,2024-04-29,ES,Spain,Southern Europe,Las Palmas,paid_search,false
CUST001246,Albert,Rogers,howardwells@example.com,F,1952-04-11,2025-10-18,GB,United Kingdom,Western Europe,Lake Lynnberg,paid_search,false
CUST001247,Edda,Köhler,oswald59@example.net,F,1961-11-23,2024-11-04,DE,Germany,Western Europe,Freital,email,false
CUST001248,Etta,Weimer,gchristoph@example.org,M,1986-08-21,2023-02-18,DE,Germany,Western Europe,Bad Langensalza,referral,true
CUST001249,Benvenuto,Vergerio,fredorusticucci@example.org,F,1987-10-22,2024-05-23,IT,Italy,Southern Europe,Serravalle Di Chienti,email,false
CUST001250,Carl,Thomas,elaine38@example.net,M,1958-09-23,2024-01-11,GB,United Kingdom,Western Europe,Waltonview,paid_search,true
CUST001251,Liliana,Carpio,teresa57@example.net,F,2007-09-01,2023-10-17,ES,Spain,Southern Europe,Asturias,paid_search,true
CUST001252,Mohammed,Anderson,gburton@example.org,M,1993-02-03,2025-11-05,GB,United Kingdom,Western Europe,West Jordan,paid_search,true
CUST001253,Margarethe,Kruschwitz,taeschehans-hermann@example.net,M,1979-05-15,2025-05-18,DE,Germany,Western Europe,Eckernförde,direct,true
CUST001254,Caren,Zahn,gweitzel@example.com,M,1972-03-28,2024-07-10,DE,Germany,Western Europe,Schlüchtern,paid_search,false
CUST001255,Elena,Molen,jules20@example.org,M,1985-12-23,2025-06-22,NL,Netherlands,Western Europe,Abbega,email,true
CUST001256,Édith,Poirier,tgaudin@example.net,M,1966-05-01,2025-02-20,FR,France,Western Europe,Collet,paid_search,true
CUST001257,Bartholomäus,Reinhardt,birgid12@example.org,M,1961-11-22,2024-06-10,DE,Germany,Western Europe,Bad Kreuznach,referral,false
CUST001258,Lee,Graham,rickybennett@example.com,F,1962-08-18,2023-05-28,GB,United Kingdom,Western Europe,New Connor,paid_search,true
CUST001259,Edelgard,Koch,seipnick@example.net,M,1967-10-09,2023-01-27,DE,Germany,Western Europe,Vohenstrauß,email,false
CUST001260,Victor,Robinson,aaron69@example.com,Undisclosed,1988-04-12,2025-02-03,GB,United Kingdom,Western Europe,Port Susanbury,organic_search,true
CUST001261,Margaux,Merle,joseph40@example.net,M,1998-10-18,2025-02-27,FR,France,Western Europe,Gautier-sur-Mace,direct,false
CUST001262,Elisabet,Fábregas,ojimenez@example.net,M,2001-04-08,2025-11-09,ES,Spain,Southern Europe,Ceuta,direct,false
CUST001263,Susan,Chrétien,rene39@example.net,F,1972-08-05,2025-05-18,FR,France,Western Europe,Cohen,social_media,true
CUST001264,Colin,Hughes,tracyconnolly@example.com,Undisclosed,1976-12-11,2023-10-30,GB,United Kingdom,Western Europe,Port Edward,paid_search,true
CUST001265,Hans-Adolf,Seifert,cathrinnoack@example.net,Undisclosed,1964-11-16,2023-01-26,DE,Germany,Western Europe,Heiligenstadt,email,true
CUST001266,Heidemarie,Schlosser,reinhildgierschner@example.com,F,1958-06-19,2025-11-27,DE,Germany,Western Europe,Dinkelsbühl,social_media,false
CUST001267,Madeleine,Antoine,launaypatrick@example.com,M,1952-07-03,2025-10-22,FR,France,Western Europe,Dos SantosVille,direct,false
CUST001268,James,Miller,patelmichael@example.org,M,1989-07-16,2023-07-02,GB,United Kingdom,Western Europe,East Frederickland,social_media,true
CUST001269,Kenneth,Freeman,gareth90@example.org,F,2001-05-13,2025-03-26,GB,United Kingdom,Western Europe,Lindseyland,organic_search,true
CUST001270,Capucine,Goncalves,guillaumevoisin@example.net,M,1966-08-08,2023-05-24,FR,France,Western Europe,Voisin,direct,false
CUST001271,Jenna,Ruijs,lexcoolen@example.net,F,1988-05-20,2023-12-16,NL,Netherlands,Western Europe,Westerland,paid_search,true
CUST001272,Cristian,Martin,almazanpaloma@example.org,F,1952-08-30,2025-07-11,ES,Spain,Southern Europe,Burgos,paid_search,true
CUST001273,Teófilo,Pol,gomezamado@example.org,M,1955-09-18,2024-06-15,ES,Spain,Southern Europe,Segovia,referral,true
CUST001274,Guntram,Dörschner,henner61@example.com,F,1960-12-17,2023-12-07,DE,Germany,Western Europe,Günzburg,social_media,true
CUST001275,Rebecca,Bennett,martin95@example.org,F,2008-04-12,2024-04-25,GB,United Kingdom,Western Europe,North Rachaelberg,social_media,true
CUST001276,Dorit,Girschner,stanislawradisch@example.com,F,1991-12-02,2023-03-27,DE,Germany,Western Europe,Dresden,referral,false
CUST001277,Jörg,Ortmann,emma45@example.org,M,1990-09-18,2025-09-22,DE,Germany,Western Europe,Grimmen,direct,false
CUST001278,Kristin,Borg,olssonmaria@example.org,Undisclosed,1955-09-28,2024-10-07,SE,Sweden,Nordic,Kristianstad,referral,true
CUST001279,Stanislaus,Vogt,hboerner@example.net,F,1964-08-19,2024-12-30,DE,Germany,Western Europe,Bremen,direct,false
CUST001280,Brandon,Turner,,Undisclosed,1958-01-22,2023-10-12,GB,United Kingdom,Western Europe,Parsonsfort,direct,true
CUST001281,Heather,Shepherd,ajones@example.net,M,2000-04-08,2025-01-24,GB,United Kingdom,Western Europe,South Samantha,direct,true
CUST001282,Bente,van der Linden,ivan-der-mast@example.com,M,2001-07-31,2023-01-07,NL,Netherlands,Western Europe,Houwerzijl,social_media,true
CUST001283,Kerry,Whitehead,tshort@example.com,M,1992-11-16,2024-10-28,GB,United Kingdom,Western Europe,Lake Nicholas,referral,true
CUST001284,Mirjana,Bachmann,otfriedadler@example.org,M,1970-05-06,2024-12-14,DE,Germany,Western Europe,Delitzsch,direct,true
CUST001285,Claude,Merle,lopezadele@example.com,F,2001-06-01,2025-02-27,FR,France,Western Europe,Cousin,referral,true
CUST001286,Norman,Kelly,jconnor@example.com,Undisclosed,1960-12-19,2023-09-19,GB,United Kingdom,Western Europe,Lake Ashleyville,email,true
CUST001287,Herma,Löffler,piotrwagner@example.org,Undisclosed,1970-12-23,2025-07-02,DE,Germany,Western Europe,Viersen,paid_search,true
CUST001288,Christiane,Valentin,dupreines@example.org,F,2004-12-01,2023-07-03,FR,France,Western Europe,Martinez,social_media,false
CUST001289,Ioannis,Buchholz,paolofaust@example.org,M,1946-07-14,2024-07-28,DE,Germany,Western Europe,Dresden,direct,true
CUST001290,Karin,Rädel,waltherweimer@example.org,M,1993-03-21,2023-10-06,DE,Germany,Western Europe,München,direct,false
CUST001291,Sabine,Imbert,vmace@example.com,Undisclosed,1992-12-29,2024-04-03,FR,France,Western Europe,Sainte Frédéric,social_media,false
CUST001292,Dörthe,Weitzel,brunosegebahn@example.org,M,1957-06-30,2025-02-20,DE,Germany,Western Europe,Angermünde,paid_search,false
CUST001293,Andrea,Ellis,rlee@example.com,M,1963-03-30,2023-08-25,GB,United Kingdom,Western Europe,Carolynbury,paid_search,true
CUST001294,Anouk,de Gratie,rkleibrink@example.org,M,1954-03-14,2025-01-23,NL,Netherlands,Western Europe,Heukelom,organic_search,false
CUST001295,Gerónimo,Berenguer,obarba@example.com,M,2001-04-01,2023-05-07,ES,Spain,Southern Europe,Lugo,social_media,false
CUST001296,Bert,Köhler,galina66@example.org,F,1989-09-08,2023-09-16,DE,Germany,Western Europe,Eutin,organic_search,false
CUST001297,Dunja,Wulff,elias11@example.com,F,2003-04-18,2024-10-09,DE,Germany,Western Europe,Augsburg,email,true
CUST001298,Eitel,Bolzmann,karl-peterfroehlich@example.net,Undisclosed,1960-02-08,2024-08-03,DE,Germany,Western Europe,Wurzen,social_media,false
CUST001299,Ryan,Smith,roy83@example.net,Undisclosed,1951-06-21,2025-10-25,GB,United Kingdom,Western Europe,New Pamelaton,direct,true
CUST001300,Alex,Wilmont,tinsdirk@example.com,F,1996-11-01,2025-10-10,NL,Netherlands,Western Europe,Leunen,social_media,true
CUST001301,Kata,Krein,motto@example.com,F,1995-01-25,2024-03-07,DE,Germany,Western Europe,Darmstadt,organic_search,true
CUST001302,Tiziano,Callegaro,montanaripier@example.net,Undisclosed,1979-11-09,2025-09-25,IT,Italy,Southern Europe,Valle Castellana,paid_search,true
CUST001303,Winfried,Schaaf,schaaflouise@example.com,M,2004-10-21,2025-03-14,DE,Germany,Western Europe,Hainichen,email,true
CUST001304,Kayleigh,Green,derekrichardson@example.org,F,1994-07-29,2025-12-17,GB,United Kingdom,Western Europe,East Gail,referral,false
CUST001305,Annabel,van den Nuwenhuysen,liseknuf@example.net,Undisclosed,1997-12-27,2023-07-19,NL,Netherlands,Western Europe,Nieuwegein,organic_search,false
CUST001306,Michelotto,Ricciardi,vchechi@example.com,M,1948-05-28,2025-07-26,IT,Italy,Southern Europe,Tovo Di Sant'Agata,social_media,true
CUST001307,Dina,van Wallaert,julianehlert@example.org,Undisclosed,1952-04-24,2024-03-05,NL,Netherlands,Western Europe,Alem,social_media,true
CUST001308,Rufina,Bonet,maria-doloresmendoza@example.net,Undisclosed,1979-08-20,2023-10-30,ES,Spain,Southern Europe,Lleida,organic_search,true
CUST001309,Roger,Verdier,jean42@example.org,F,1970-05-29,2024-12-29,FR,France,Western Europe,Blanc,referral,false
CUST001310,Juan,Sáenz,escamillaleocadia@example.com,M,1963-02-08,2025-06-07,ES,Spain,Southern Europe,Segovia,organic_search,true
CUST001311,Zoran,Benthin,teresaebert@example.net,F,1970-06-02,2025-03-23,DE,Germany,Western Europe,Lobenstein,email,true
CUST001312,Ubaldo,Mazzini,ccerutti@example.com,M,1971-02-10,2025-08-07,IT,Italy,Southern Europe,Eppan,email,false
CUST001313,Luke,Houghton,qlowe@example.net,M,1989-07-01,2023-01-24,GB,United Kingdom,Western Europe,Lake Duncanside,referral,true
CUST001314,Luis Ángel,Peña,cortesreyna@example.org,M,1956-06-13,2023-02-17,ES,Spain,Southern Europe,Asturias,direct,true
CUST001315,Colin,Stone,charlottecameron@example.net,Undisclosed,1977-07-25,2024-01-06,GB,United Kingdom,Western Europe,Griffithsburgh,referral,true
CUST001316,Marc,Alexander,bellpatricia@example.com,Undisclosed,1950-01-26,2023-07-23,GB,United Kingdom,Western Europe,Glennfort,direct,true
CUST001317,Ricky,Murphy,ritacox@example.org,Undisclosed,1982-10-11,2025-03-17,GB,United Kingdom,Western Europe,South Jacob,referral,true
CUST001318,Liz,de Gruijter,muhammedborman@example.net,F,1949-12-05,2024-02-29,NL,Netherlands,Western Europe,Odiliapeel,direct,true
CUST001319,Heiner,Barkholz,nmuehle@example.org,F,1997-04-22,2023-01-11,DE,Germany,Western Europe,Gräfenhainichen,referral,true
CUST001320,Christian,Höfig,evi21@example.org,F,1973-04-01,2023-11-27,DE,Germany,Western Europe,Hammelburg,organic_search,false
CUST001321,Gretchen,Heser,hlindner@example.org,Undisclosed,1958-03-18,2025-01-14,DE,Germany,Western Europe,Bremervörde,social_media,true
CUST001322,Gregor,Gumprich,wkarz@example.com,Undisclosed,1969-06-14,2025-11-29,DE,Germany,Western Europe,Neunburg vorm Wald,referral,false
CUST001323,Ida,Romagnoli,sungaretti@example.org,M,1969-10-26,2024-10-02,IT,Italy,Southern Europe,Ceresara,referral,true
CUST001324,Hans-Ulrich,Buchholz,roerrichtliesel@example.net,F,1994-11-12,2023-07-22,DE,Germany,Western Europe,Hildburghausen,social_media,true
CUST001325,Maria,Berglund,alf72@example.com,M,1991-07-19,2023-10-02,SE,Sweden,Nordic,Eskilstuna,direct,false
CUST001326,Luce,Lebreton,lebretonvictoire@example.org,Undisclosed,1989-02-28,2023-06-02,FR,France,Western Europe,Pereira-sur-Da Silva,email,false
CUST001327,Hermine,Ritter,juliegraf@example.com,Undisclosed,1998-05-19,2023-06-20,DE,Germany,Western Europe,Saulgau,paid_search,true
CUST001328,Graciano,Alcaraz,wgarzon@example.org,F,1970-11-17,2024-07-05,ES,Spain,Southern Europe,Albacete,referral,true
CUST001329,Jill,van Westfalen,renske48@example.org,M,1989-11-03,2025-05-09,NL,Netherlands,Western Europe,Sluis,referral,true
CUST001330,Rachel,Norris,wcraig@example.net,Undisclosed,1997-09-30,2023-06-08,GB,United Kingdom,Western Europe,Geoffreyburgh,organic_search,false
CUST001331,Marilyn,Marsden,lrowe@example.net,M,1975-05-06,2023-07-02,GB,United Kingdom,Western Europe,Kirbychester,paid_search,false
CUST001332,Maartje,Groenendaal,jinthe91@example.org,F,1951-10-13,2023-01-21,NL,Netherlands,Western Europe,Almkerk,organic_search,true
CUST001333,Kata,Scholz,fdoehn@example.net,Undisclosed,1982-10-02,2023-12-26,DE,Germany,Western Europe,Siegen,email,true
CUST001334,Eva,Rosén,zkarlsson@example.org,M,1960-02-07,2025-12-19,SE,Sweden,Nordic,Karlskrona,referral,true
CUST001335,Niklas,Osman,ebergman@example.org,M,1977-04-03,2023-04-09,SE,Sweden,Nordic,Alingsås,direct,false
CUST001336,Amira,Schuurmans,xappelman@example.org,Undisclosed,1963-11-23,2025-09-03,NL,Netherlands,Western Europe,Krewerd,paid_search,true
CUST001337,Ruth,Liebelt,mechthilde63@example.org,F,1947-11-28,2023-10-20,DE,Germany,Western Europe,Auerbach,direct,false
CUST001338,Maryam,Ulrich,lotde-bruijn@example.net,M,1968-06-26,2024-05-25,NL,Netherlands,Western Europe,Gorinchem,social_media,false
CUST001339,Hans-Josef,Schmiedt,jhendriks@example.com,Undisclosed,1989-07-15,2025-10-25,DE,Germany,Western Europe,Badoberan,paid_search,false
CUST001340,Zita,Vogt,oeckbauer@example.com,M,1957-07-03,2023-06-28,DE,Germany,Western Europe,Hersbruck,direct,true
CUST001341,Mathilde,Marchand,bernadettegrondin@example.org,F,1979-12-31,2023-06-07,FR,France,Western Europe,Sainte Zoé-la-Forêt,organic_search,false
CUST001342,Richard,Williams,brandonmartin@example.org,M,1988-06-24,2025-10-06,GB,United Kingdom,Western Europe,North Marian,direct,true
CUST001343,Macarena,Castrillo,pineiroamador@example.net,Undisclosed,1976-07-22,2025-09-09,ES,Spain,Southern Europe,Cádiz,direct,true
CUST001344,Leon,Mulders,,Undisclosed,1965-11-21,2025-04-10,NL,Netherlands,Western Europe,Hazerswoude-Dorp,email,false
CUST001345,Inaya,Carnotte,katede-groot@example.com,Undisclosed,1964-05-24,2024-05-15,NL,Netherlands,Western Europe,Cadier en Keer,organic_search,false
CUST001346,Inès,Henry,lorrainesimon@example.net,Undisclosed,1953-03-26,2023-12-12,FR,France,Western Europe,GodardBourg,paid_search,true
CUST001347,Jules,Morin,blanchardroland@example.com,F,1950-12-13,2025-01-21,FR,France,Western Europe,Étienne-sur-Mer,email,true
CUST001348,Antoinette,Legrand,froussel@example.org,Undisclosed,1978-10-16,2025-02-03,FR,France,Western Europe,Saint Mariannenec,referral,true
CUST001349,Linnea,Dahlin,oskoog@example.com,F,1946-05-17,2024-08-17,SE,Sweden,Nordic,Piteå,direct,false
CUST001350,Necati,Nette,drubinzehra@example.com,Undisclosed,1987-06-20,2024-03-21,DE,Germany,Western Europe,Ebern,organic_search,false
CUST001351,Amor,Alvarado,angeles13@example.net,M,1980-12-06,2025-09-26,ES,Spain,Southern Europe,Castellón,social_media,true
CUST001352,Ashley,Lloyd,geoffrey30@example.com,M,1995-03-17,2023-01-11,GB,United Kingdom,Western Europe,West Henry,organic_search,false
CUST001353,Mathilde,Courtois,fbourgeois@example.com,F,1990-01-17,2025-10-04,FR,France,Western Europe,Bigot,email,true
CUST001354,Senna,Louws,gvan-egisheim@example.com,M,1962-09-14,2023-11-15,NL,Netherlands,Western Europe,Graauw,social_media,false
CUST001355,Leonard,Hunt,joycebaker@example.net,M,1952-09-07,2025-05-27,GB,United Kingdom,Western Europe,Rogerborough,email,false
CUST001356,Cassandra,Lancisi,crismondo@example.com,F,2001-03-16,2023-11-28,IT,Italy,Southern Europe,Albe,direct,true
CUST001357,Antonella,Niscoromni,pasquapomponio@example.org,M,1971-02-17,2023-08-15,IT,Italy,Southern Europe,Tobbiana,social_media,true
CUST001358,Philippe,Coste,cbrun@example.net,Undisclosed,1973-07-27,2023-11-25,FR,France,Western Europe,Texier,organic_search,false
CUST001359,Suzanne,Breton,anastasie01@example.org,Undisclosed,1974-11-26,2025-09-28,FR,France,Western Europe,Pelletier,email,false
CUST001360,Christine,Daly,liamstevens@example.com,F,1967-01-30,2023-09-27,GB,United Kingdom,Western Europe,North Stanleytown,social_media,true
CUST001361,Vittoria,Giannini,giampaolo79@example.com,M,1983-11-26,2024-04-29,IT,Italy,Southern Europe,Ghislarengo,direct,true
CUST001362,Anneliese,Harloff,mhoelzenbecher@example.org,F,1952-09-08,2025-06-08,DE,Germany,Western Europe,Weimar,paid_search,true
CUST001363,Jill,Davey,allenleah@example.com,F,1967-04-23,2025-11-13,GB,United Kingdom,Western Europe,Joeborough,direct,true
CUST001364,Henry,Oliver,robertsdawn@example.org,F,1954-02-16,2025-05-28,GB,United Kingdom,Western Europe,Thompsonmouth,referral,true
CUST001365,Matthijs,Belpere,koversteeg@example.org,Undisclosed,1989-06-26,2024-01-22,NL,Netherlands,Western Europe,Zelhem,organic_search,true
CUST001366,Melitta,Kusch,misicherkarsten@example.org,F,1948-03-14,2025-04-01,DE,Germany,Western Europe,Husum,referral,true
CUST001367,Melissa,van Beeck,dorsmanvincent@example.org,Undisclosed,1994-11-25,2023-07-06,NL,Netherlands,Western Europe,Maasbree,direct,true
CUST001368,Angelina,Mazzi,luciano56@example.org,Undisclosed,1979-04-15,2024-03-30,IT,Italy,Southern Europe,Alserio,organic_search,false
CUST001369,Änne,Segebahn,shuhn@example.com,M,2007-08-22,2023-08-14,DE,Germany,Western Europe,Kleve,paid_search,false
CUST001370,Marieluise,Atzler,baumhelmar@example.org,Undisclosed,1955-02-15,2023-04-08,DE,Germany,Western Europe,Hildburghausen,paid_search,false
CUST001371,Inger,Persson,feriksson@example.org,M,2001-03-22,2025-08-24,SE,Sweden,Nordic,Ängelholm,email,false
CUST001372,Emin,Biggen,heserregina@example.org,F,1966-05-23,2024-11-15,DE,Germany,Western Europe,Grimmen,paid_search,false
CUST001373,Jovita,Domínguez,javiera96@example.com,Undisclosed,2008-08-14,2025-01-08,ES,Spain,Southern Europe,Palencia,social_media,true
CUST001374,Fiona,Gregory,ubaldwin@example.org,F,2006-08-15,2024-07-19,GB,United Kingdom,Western Europe,Toddville,direct,true
CUST001375,Adelinde,Holt,cindymueller@example.net,Undisclosed,1967-08-04,2023-03-26,DE,Germany,Western Europe,Garmisch-Partenkirchen,paid_search,false
CUST001376,Lara,Bramante,iannottimarisa@example.com,M,1969-09-15,2023-07-22,IT,Italy,Southern Europe,Sant'Anastasia,email,true
CUST001377,Clémence,Lopez,marinegarnier@example.org,F,1960-02-22,2025-12-28,FR,France,Western Europe,Saint Chantal,direct,false
CUST001378,Gavin,Bradley,gkay@example.com,Undisclosed,1997-07-05,2024-12-12,GB,United Kingdom,Western Europe,Graememouth,email,true
CUST001379,Gilles,Vasseur,claudebodin@example.org,Undisclosed,2008-01-24,2025-09-15,FR,France,Western Europe,Collin,paid_search,false
CUST001380,Tracey,Kay,gtaylor@example.org,F,1964-08-03,2023-09-22,GB,United Kingdom,Western Europe,O'Brienport,direct,true
CUST001381,Juliana,Dörschner,finkevictor@example.org,Undisclosed,1962-01-20,2025-03-25,DE,Germany,Western Europe,Mittweida,paid_search,false
CUST001382,Margaud,Laporte,reneleroy@example.com,M,1976-06-26,2025-11-09,FR,France,Western Europe,Aubry,paid_search,true
CUST001383,Jan,Jacobsson,svenssonchristian@example.com,Undisclosed,1975-01-01,2023-01-08,SE,Sweden,Nordic,Uppsala,referral,false
CUST001384,Benoît,Delahaye,xmaillard@example.org,M,1971-09-18,2025-10-28,FR,France,Western Europe,Leclercq-la-Forêt,social_media,false
CUST001385,Mason,van der Heijden,sethlabado@example.net,F,1987-01-08,2023-09-01,NL,Netherlands,Western Europe,Tynaarlo,direct,true
CUST001386,Madeleine,Menard,rnicolas@example.org,F,1953-03-29,2024-07-22,FR,France,Western Europe,Noël,paid_search,true
CUST001387,Jorge,Bastida,araujocoral@example.com,Undisclosed,1981-11-23,2025-12-30,ES,Spain,Southern Europe,Cuenca,social_media,false
CUST001388,Irena,Lachmann,rebeccascholl@example.net,M,1972-05-08,2023-06-20,DE,Germany,Western Europe,Burgdorf,email,false
CUST001389,Åke,Chen,irmasjogren@example.com,F,1959-07-15,2024-10-26,SE,Sweden,Nordic,Lidköping,paid_search,false
CUST001390,Paul,Green,diana94@example.net,Undisclosed,1979-12-06,2023-12-28,GB,United Kingdom,Western Europe,Coxbury,referral,true
CUST001391,Guiseppe,Gotthard,mahmoudstiffel@example.org,Undisclosed,1968-04-14,2025-02-21,DE,Germany,Western Europe,Diepholz,referral,true
CUST001392,Meinrad,Bärer,stahrwilli@example.com,Undisclosed,1957-10-06,2025-06-24,DE,Germany,Western Europe,Bischofswerda,email,true
CUST001393,Desiree,Kitzmann,hannahwesack@example.org,M,1977-12-05,2025-07-02,DE,Germany,Western Europe,Neustadtner Waldnaab,email,true
CUST001394,Kirsty,Davies,megangriffiths@example.org,F,1965-06-18,2025-10-12,GB,United Kingdom,Western Europe,New Stephanie,email,true
CUST001395,Jacques,Faivre,,F,1955-08-29,2024-07-31,FR,France,Western Europe,Saint Thibautboeuf,direct,true
CUST001396,Caridad,Jiménez,vtrujillo@example.com,M,1990-10-30,2023-05-23,ES,Spain,Southern Europe,Córdoba,email,true
CUST001397,Mathilde,Le Roux,celine05@example.com,F,2006-05-05,2025-12-14,FR,France,Western Europe,Beckerdan,email,false
CUST001398,Jadwiga,Schwital,hillerheide-marie@example.net,Undisclosed,1947-02-04,2023-02-12,DE,Germany,Western Europe,Lörrach,paid_search,true
CUST001399,Jean,Holland,katyturner@example.com,Undisclosed,1984-12-26,2023-06-21,GB,United Kingdom,Western Europe,Evansland,organic_search,true
CUST001400,Fedde,Schatteleijn,selinade-gratie@example.net,F,2005-05-16,2024-11-24,NL,Netherlands,Western Europe,Westerwijtwerd,referral,false
CUST001401,Sibylle,Stiebitz,lputz@example.com,F,1969-06-03,2023-12-01,DE,Germany,Western Europe,Kötzting,direct,false
CUST001402,Damaris,Lindau,,Undisclosed,1964-06-25,2023-09-10,DE,Germany,Western Europe,Erkelenz,referral,false
CUST001403,Athanasios,Sager,,F,1981-01-27,2023-10-18,DE,Germany,Western Europe,Schrobenhausen,paid_search,false
CUST001404,Dina,Wendt,van-doornlois@example.com,M,1965-04-23,2024-08-10,NL,Netherlands,Western Europe,Diphoorn,direct,true
CUST001405,Jake,van Luyssel,van-wessexsilke@example.net,F,1992-01-08,2025-10-04,NL,Netherlands,Western Europe,Ferwert,social_media,false
CUST001406,Holly,Barber,sara82@example.com,F,2000-02-09,2023-06-06,GB,United Kingdom,Western Europe,Stephenmouth,referral,true
CUST001407,Duilio,Baena,gelabertlorenzo@example.net,F,1978-12-01,2023-12-31,ES,Spain,Southern Europe,Álava,paid_search,false
CUST001408,Aureliano,Iglesias,qortuno@example.org,M,1955-01-21,2024-08-10,ES,Spain,Southern Europe,Girona,social_media,true
CUST001409,Dominic,Williams,nicholasedwards@example.org,Undisclosed,2008-03-03,2023-01-05,GB,United Kingdom,Western Europe,West Geraldton,paid_search,false
CUST001410,Febe,Pomares,ppacheco@example.net,M,1974-06-09,2025-07-03,ES,Spain,Southern Europe,Badajoz,organic_search,false
CUST001411,Hajo,Rose,solveig49@example.com,F,1975-05-05,2024-07-24,DE,Germany,Western Europe,Rosenheim,email,false
CUST001412,James,Ernst,heddawilmsen@example.org,M,1974-01-05,2024-10-15,DE,Germany,Western Europe,Hannoversch Münden,direct,false
CUST001413,Célina,Morvan,emile49@example.net,F,1958-02-28,2023-10-11,FR,France,Western Europe,NguyenBourg,referral,false
CUST001414,Luis,Paffrath,anneliesmargraf@example.net,F,1992-04-22,2025-12-29,DE,Germany,Western Europe,Mühlhausen,referral,false
CUST001415,Bethany,Day,rachel76@example.com,Undisclosed,1983-09-19,2025-12-15,GB,United Kingdom,Western Europe,Port Emilyland,organic_search,true
CUST001416,Margherita,Cimarosa,,F,1987-07-20,2025-01-10,IT,Italy,Southern Europe,Bisacquino,email,true
CUST001417,Ferdinand,Scholl,claerepeukert@example.com,F,1982-08-27,2023-08-14,DE,Germany,Western Europe,Bamberg,paid_search,false
CUST001418,Adrian,Misicher,zeberth@example.net,Undisclosed,2000-08-19,2024-05-11,DE,Germany,Western Europe,Bamberg,direct,true
CUST001419,Brett,Wright,hollowayfrancesca@example.org,M,2001-08-13,2025-02-12,GB,United Kingdom,Western Europe,Annafort,direct,true
CUST001420,Bettina,Torlonia,stefani01@example.net,F,1995-12-30,2023-06-01,IT,Italy,Southern Europe,Tires,social_media,true
CUST001421,Nicole,Costa,dianemeunier@example.net,M,1954-12-19,2023-06-11,FR,France,Western Europe,Parent,paid_search,false
CUST001422,Thomas,Nelson,joshjohnson@example.net,M,1988-02-15,2023-10-14,GB,United Kingdom,Western Europe,North Joseph,direct,false
CUST001423,Annamaria,Dietz,fliegnerdoerte@example.org,M,1962-07-04,2025-06-28,DE,Germany,Western Europe,Böblingen,organic_search,true
CUST001424,Reinhold,Blümel,gbarth@example.com,M,1953-12-21,2023-12-22,DE,Germany,Western Europe,Luckenwalde,email,false
CUST001425,Karl,Lindström,paberg@example.net,F,1975-07-26,2025-10-24,SE,Sweden,Nordic,Skövde,organic_search,false
CUST001426,Emma,Carlsson,elisabethdanielsson@example.net,F,1996-02-26,2023-09-14,SE,Sweden,Nordic,Skellefteå,paid_search,true
CUST001427,Eckhard,Schacht,shoffmann@example.net,M,1979-03-25,2025-08-17,DE,Germany,Western Europe,Strasburg,paid_search,true
CUST001428,Linnéa,Borgström,per17@example.com,F,1964-12-20,2025-01-30,SE,Sweden,Nordic,Helsingborg,social_media,false
CUST001429,Leah,Brooks,tbrown@example.org,F,1990-05-28,2023-02-27,GB,United Kingdom,Western Europe,Thomasstad,referral,true
CUST001430,Agapito,Cuadrado,adelinasedano@example.com,F,1970-01-10,2024-09-25,ES,Spain,Southern Europe,Huelva,organic_search,true
CUST001431,Derek,Parsons,llewis@example.net,M,1994-08-17,2025-09-17,GB,United Kingdom,Western Europe,Kellyberg,social_media,false
CUST001432,Leah,Jones,katy46@example.org,M,1977-10-14,2025-03-26,GB,United Kingdom,Western Europe,New Lindsey,paid_search,true
CUST001433,Damien,Jackson,callum59@example.net,F,2002-02-26,2024-11-09,GB,United Kingdom,Western Europe,Townsendtown,paid_search,true
CUST001434,Fabian,van Westfalen,kyanogerritse@example.net,F,1991-11-29,2025-02-21,NL,Netherlands,Western Europe,Swalmen,paid_search,false
CUST001435,Rotraut,Gertz,kira33@example.org,Undisclosed,1995-03-27,2023-06-11,DE,Germany,Western Europe,Wunsiedel,paid_search,true
CUST001436,James,Drewes,dbolnbach@example.net,Undisclosed,1948-03-25,2023-11-26,DE,Germany,Western Europe,Meißen,referral,false
CUST001437,Franck,Rocher,julie02@example.com,M,1976-04-09,2025-07-05,FR,France,Western Europe,Lucas-sur-Mer,email,true
CUST001438,Ize,Serra,lucavan-tours@example.com,Undisclosed,1961-01-10,2025-03-04,NL,Netherlands,Western Europe,Heijen,paid_search,false
CUST001439,Diedrich,Säuberlich,swenraedel@example.org,M,1947-05-02,2023-07-19,DE,Germany,Western Europe,Forchheim,organic_search,false
CUST001440,Rafael,le Luc,jansenpuk@example.org,M,1984-05-10,2023-07-12,NL,Netherlands,Western Europe,Westzaan,social_media,false
CUST001441,Ellen,Karlsson,hedingabriella@example.net,M,2002-04-30,2024-12-24,SE,Sweden,Nordic,Nyköping,email,false
CUST001442,Elli,Römer,wotto@example.com,F,2003-10-04,2025-06-24,DE,Germany,Western Europe,Bergzabern,email,true
CUST001443,Norah,Dries,ovan-dagsburg@example.com,Undisclosed,1984-05-31,2025-01-14,NL,Netherlands,Western Europe,Buggenum,paid_search,false
CUST001444,Eugène,Lemaire,sabineblondel@example.com,M,1979-08-15,2025-01-21,FR,France,Western Europe,Roux,direct,false
CUST001445,Rosario,Pallarès,alonso34@example.com,Undisclosed,1950-04-22,2025-11-02,ES,Spain,Southern Europe,Girona,direct,true
CUST001446,Monique,Pohl,reinhardtchristina@example.org,F,1987-04-12,2024-05-16,DE,Germany,Western Europe,Lippstadt,social_media,false
CUST001447,Elise,van Nederlotharingen,van-der-staeljet@example.org,F,2008-02-10,2023-11-21,NL,Netherlands,Western Europe,Koudekerke,email,true
CUST001448,Juan Carlos,Fonseca,antuneznilo@example.com,M,1968-06-13,2024-12-15,ES,Spain,Southern Europe,Barcelona,paid_search,true
CUST001449,Tina,Blasi,allegramonicelli@example.net,M,1961-09-19,2025-03-23,IT,Italy,Southern Europe,Mezzate,social_media,false
CUST001450,Tessa,van Beek,bourgondie-vanpepijn@example.org,M,1986-05-22,2024-03-11,NL,Netherlands,Western Europe,Buren,referral,true
CUST001451,Luke,Webb,rmay@example.net,Undisclosed,1979-06-23,2025-08-20,GB,United Kingdom,Western Europe,Lake Bruce,referral,false
CUST001452,Michael,Begum,yjones@example.org,M,1947-06-24,2023-05-08,GB,United Kingdom,Western Europe,New Tina,paid_search,true
CUST001453,Baldomero,Pombo,jalfaro@example.com,Undisclosed,1997-10-15,2024-03-09,ES,Spain,Southern Europe,Tarragona,social_media,true
CUST001454,Ashley,Clark,sharonharrison@example.net,F,1953-09-17,2023-06-21,GB,United Kingdom,Western Europe,Jayborough,direct,false
CUST001455,Ditmar,Schacht,sueleyman03@example.org,M,1946-05-14,2025-05-09,DE,Germany,Western Europe,Lübben,organic_search,true
CUST001456,Gionata,Bettin,anguillaratatiana@example.net,F,1950-11-24,2025-05-27,IT,Italy,Southern Europe,Mollaro,email,false
CUST001457,Bilal,Timmermans,tijmenlamotte@example.com,Undisclosed,1969-06-24,2025-08-31,NL,Netherlands,Western Europe,Kaard,direct,false
CUST001458,Imke,Heyne,hendrik96@example.com,F,1990-05-13,2023-01-21,NL,Netherlands,Western Europe,Brunssum,direct,true
CUST001459,Harold,Oderwald,hermanntatiana@example.net,Undisclosed,1993-09-04,2024-10-25,DE,Germany,Western Europe,Füssen,direct,false
CUST001460,Mees,Pierson,xstichter@example.net,F,1981-07-14,2023-01-30,NL,Netherlands,Western Europe,Kwadendamme,social_media,true
CUST001461,Bernard,Perrot,marthe88@example.org,M,2006-12-16,2025-04-12,FR,France,Western Europe,Munozdan,paid_search,false
CUST001462,Kyano,Strijker,daniel32@example.net,F,1996-03-03,2023-07-19,NL,Netherlands,Western Europe,Wijnbergen,referral,true
CUST001463,Margita,Zirme,ewaldkoehler@example.net,F,1955-05-06,2025-02-12,DE,Germany,Western Europe,Gera,referral,true
CUST001464,Alyssa,Bosman,hvan-hoevel-en-van-zwindrecht@example.org,M,1964-01-29,2025-01-28,NL,Netherlands,Western Europe,Leiderdorp,organic_search,false
CUST001465,Lars,Lindqvist,fgustafsson@example.org,Undisclosed,1979-05-24,2025-07-22,SE,Sweden,Nordic,Borlänge,social_media,true
CUST001466,Harold,Kramer,cmartin@example.org,Undisclosed,1958-03-26,2023-12-27,DE,Germany,Western Europe,Perleberg,referral,false
CUST001467,Sandra,Sundin,magnussonandreas@example.com,Undisclosed,1997-01-09,2025-02-20,SE,Sweden,Nordic,Eskilstuna,social_media,true
CUST001468,Monique,Loiseau,olivieleroy@example.com,Undisclosed,1975-03-23,2023-06-29,FR,France,Western Europe,ChauveauVille,email,true
CUST001469,Giovanna,Luna,viscontiosvaldo@example.net,Undisclosed,2004-02-08,2025-10-13,IT,Italy,Southern Europe,Villimpenta,email,true
CUST001470,Rico,Solsona,qvillena@example.org,M,1996-06-03,2024-08-16,ES,Spain,Southern Europe,Barcelona,organic_search,true
CUST001471,Graham,Watkins,whitejill@example.com,M,1998-03-04,2025-08-19,GB,United Kingdom,Western Europe,Tomshire,direct,false
CUST001472,Ravi,Sam,nbrese@example.com,Undisclosed,1990-07-18,2023-01-16,NL,Netherlands,Western Europe,Kerkdriel,direct,false
CUST001473,Fortunata,Micheletti,catenazzilivio@example.net,M,2002-07-28,2024-09-21,IT,Italy,Southern Europe,Fino Del Monte,organic_search,false
CUST001474,Camille,Colin,,M,1975-11-19,2023-03-08,FR,France,Western Europe,Duranddan,referral,false
CUST001475,Christiane,Diaz,turpinauguste@example.com,M,2003-02-20,2024-11-17,FR,France,Western Europe,Carpentiernec,email,true
CUST001476,Chloé,Timmermans,erhoutmason@example.net,Undisclosed,1950-01-15,2025-03-16,NL,Netherlands,Western Europe,Schokland,direct,false
CUST001477,Ruperta,Uría,juanllorente@example.com,F,1954-05-05,2023-12-22,ES,Spain,Southern Europe,Santa Cruz de Tenerife,organic_search,true
CUST001478,Darío,Arenas,eugenioayala@example.org,M,1958-03-22,2025-10-29,ES,Spain,Southern Europe,Palencia,direct,false
CUST001479,Lidia,Jove,ariel83@example.org,F,1963-03-15,2023-11-22,ES,Spain,Southern Europe,Soria,organic_search,true
CUST001480,Adèle,Nicolas,elodie09@example.org,F,1950-12-15,2023-02-26,FR,France,Western Europe,HebertBourg,organic_search,true
CUST001481,Concepción,Pera,galvezherminio@example.com,F,2002-02-08,2025-07-18,ES,Spain,Southern Europe,Asturias,paid_search,false
CUST001482,Mathias,auch Schlauchin,jholzapfel@example.org,M,1999-04-26,2024-02-01,DE,Germany,Western Europe,Hoyerswerda,direct,true
CUST001483,Billy,Johnson,xbartlett@example.com,F,1956-08-04,2024-07-17,GB,United Kingdom,Western Europe,Samuelport,referral,true
CUST001484,Ehrhard,Schlosser,siegriedschaefer@example.org,F,1960-01-28,2023-08-16,DE,Germany,Western Europe,Oranienburg,social_media,true
CUST001485,Margaux,Pages,martin69@example.org,F,1955-11-24,2023-07-10,FR,France,Western Europe,LedouxBourg,email,true
CUST001486,Hortense,Lombard,hubertgenevieve@example.net,F,1982-12-28,2025-04-27,FR,France,Western Europe,TanguyBourg,email,false
CUST001487,Édith,Dijoux,seguincharlotte@example.net,F,1975-09-11,2024-10-04,FR,France,Western Europe,Royer,organic_search,true
CUST001488,Niek,Peters,miasmits@example.org,M,2000-01-21,2023-03-06,NL,Netherlands,Western Europe,Odoornerveen,referral,true
CUST001489,Gabriel,Jacquot,cecilegomes@example.net,F,1962-02-01,2023-11-21,FR,France,Western Europe,Peronnec,organic_search,true
CUST001490,Denis,Étienne,edouard58@example.net,M,1990-02-21,2025-11-26,FR,France,Western Europe,Texier-sur-Mer,paid_search,true
CUST001491,Cathrin,Eberth,azimmer@example.org,Undisclosed,2008-09-04,2024-11-01,DE,Germany,Western Europe,Ludwigsburg,social_media,false
CUST001492,Zacharie,Bouvier,juliebertin@example.com,Undisclosed,1953-09-17,2025-09-13,FR,France,Western Europe,Sainte Astrid-les-Bains,social_media,false
CUST001493,Rotraut,Girschner,xschueler@example.org,F,2005-04-28,2025-10-12,DE,Germany,Western Europe,Ansbach,paid_search,false
CUST001494,Kreszentia,Röhrdanz,erollindner@example.com,Undisclosed,1994-02-03,2025-03-15,DE,Germany,Western Europe,Wolfach,paid_search,false
CUST001495,Peter,Marshall,clarkejoshua@example.com,Undisclosed,1950-08-26,2025-06-06,GB,United Kingdom,Western Europe,New Melanie,social_media,true
CUST001496,Sepp,Peronne,wvan-brenen@example.org,M,1994-02-18,2025-02-23,NL,Netherlands,Western Europe,Loon op Zand,organic_search,false
CUST001497,Tina,Richards,holttom@example.net,M,1994-10-29,2023-12-09,GB,United Kingdom,Western Europe,North Owenmouth,social_media,false
CUST001498,Michelle,Yates,,M,1996-02-02,2025-03-26,GB,United Kingdom,Western Europe,Barberfort,paid_search,false
CUST001499,Pauline,Pruvost,nathvidal@example.net,M,2008-01-15,2024-05-17,FR,France,Western Europe,Perez-les-Bains,social_media,true
CUST001500,Wilfredo,Pinilla,pelayoileana@example.net,M,1967-06-28,2023-01-20,ES,Spain,Southern Europe,Cádiz,referral,false
CUST001501,Maurice,Parker,lewis34@example.com,Undisclosed,1980-11-28,2024-04-21,GB,United Kingdom,Western Europe,Hussainfurt,paid_search,true
CUST001502,Rhys,Crawford,antony20@example.net,Undisclosed,1964-08-14,2024-07-23,GB,United Kingdom,Western Europe,Nigelstad,direct,false
CUST001503,Zenon,Mangold,guenther14@example.com,F,1960-11-25,2025-06-10,DE,Germany,Western Europe,Hagenow,email,false
CUST001504,Roger,Blanchard,julie13@example.net,F,1952-03-19,2023-04-06,FR,France,Western Europe,Courtois,referral,false
CUST001505,Élodie,Tanguy,antoinejoseph@example.org,F,2000-01-21,2025-02-23,FR,France,Western Europe,Robert,referral,true
CUST001506,Roland,Masse,xmichel@example.org,M,1974-09-15,2025-08-03,FR,France,Western Europe,Dijoux-les-Bains,referral,true
CUST001507,Diana,Bell,hharris@example.net,F,1953-11-05,2024-11-21,GB,United Kingdom,Western Europe,Gregoryfort,email,false
CUST001508,Aimee,Clark,nicholas24@example.net,F,1969-10-02,2024-07-16,GB,United Kingdom,Western Europe,Lake Rossland,social_media,false
CUST001509,Sandra,Yates,charles85@example.com,M,1980-07-31,2023-04-07,GB,United Kingdom,Western Europe,Lake Charlenemouth,direct,true
CUST001510,Narcisa,Vázquez,rossellocornelio@example.net,F,1967-04-17,2025-02-04,ES,Spain,Southern Europe,Navarra,organic_search,true
CUST001511,Delia,Peñalver,aguilojose-luis@example.org,Undisclosed,2005-01-11,2023-08-04,ES,Spain,Southern Europe,Soria,paid_search,true
CUST001512,Youssef,Levesque,maartenvan-mook@example.org,Undisclosed,1995-08-08,2024-01-27,NL,Netherlands,Western Europe,Uithoorn,direct,true
CUST001513,Johanna,Abrahamsson,erik18@example.net,F,1950-04-05,2024-06-15,SE,Sweden,Nordic,Örnsköldsvik,organic_search,false
CUST001514,Sergio,Stroh,ingeborggiess@example.org,M,1963-08-02,2024-11-05,DE,Germany,Western Europe,Senftenberg,paid_search,true
CUST001515,Annette,Sontag,fatimakeudel@example.com,F,1957-12-08,2025-08-01,DE,Germany,Western Europe,Gelnhausen,email,false
CUST001516,Rene,Scheuermann,gordana77@example.net,M,1969-12-26,2023-09-08,DE,Germany,Western Europe,Hamburg,social_media,false
CUST001517,Katie,Rose,lloydgerard@example.com,M,1990-10-05,2025-09-15,GB,United Kingdom,Western Europe,Clarkmouth,social_media,true
CUST001518,Paride,Ceri,fortunata15@example.net,M,1998-05-01,2024-02-26,IT,Italy,Southern Europe,Urbe,organic_search,true
CUST001519,Horst-Günter,Baum,aschinke@example.net,F,1965-06-25,2025-08-16,DE,Germany,Western Europe,Ochsenfurt,referral,false
CUST001520,Annamaria,Miniati,veronicapizziol@example.org,Undisclosed,1963-06-27,2024-09-30,IT,Italy,Southern Europe,Goricizza E Pozzo,paid_search,true
CUST001521,Silvio,Kuhl,zkrein@example.com,Undisclosed,1963-06-04,2025-01-14,DE,Germany,Western Europe,Großenhain,email,true
CUST001522,Pierina,Beccheria,vgaliazzo@example.net,M,1966-09-05,2023-05-21,IT,Italy,Southern Europe,Brunico,referral,true
CUST001523,Élise,Leclerc,klouis@example.org,F,1998-09-24,2023-10-29,FR,France,Western Europe,Sainte GillesVille,email,true
CUST001524,Undine,Ullmann,,M,1947-02-13,2024-06-30,DE,Germany,Western Europe,Bremen,organic_search,true
CUST001525,Adam,Joyce,jay81@example.net,Undisclosed,1970-04-28,2024-12-26,GB,United Kingdom,Western Europe,East Paula,social_media,true
CUST001526,Suzanne,Renard,owagner@example.com,Undisclosed,2007-08-27,2025-06-22,FR,France,Western Europe,Rémy,email,true
CUST001527,Paul,Richard,jfabre@example.net,M,1948-02-20,2024-08-25,FR,France,Western Europe,Saint Constance,email,false
CUST001528,Roland,Hernandez,cvallee@example.org,F,1947-05-02,2023-08-12,FR,France,Western Europe,Lefort,organic_search,true
CUST001529,Duilio,Pina,anastasiollado@example.net,M,1990-04-10,2024-06-29,ES,Spain,Southern Europe,Barcelona,referral,false
CUST001530,Geraldine,Carter,graham11@example.net,Undisclosed,1973-12-13,2025-03-13,GB,United Kingdom,Western Europe,North Joannaberg,paid_search,true
CUST001531,Léon,Seguin,guyonjacqueline@example.com,Undisclosed,2004-02-28,2024-02-21,FR,France,Western Europe,Breton,organic_search,true
CUST001532,Henry,Nicholls,blewis@example.com,M,1952-06-19,2024-01-15,GB,United Kingdom,Western Europe,Abbieshire,direct,true
CUST001533,Dirk,Muller,sde-graaf@example.com,F,1973-05-02,2023-12-15,NL,Netherlands,Western Europe,Wissenkerke,email,true
CUST001534,Patrick,Weber,christine48@example.net,F,1946-11-08,2023-01-27,FR,France,Western Europe,Petitjeannec,social_media,true
CUST001535,Maurice,Verdier,paulette81@example.com,Undisclosed,1947-05-18,2023-12-16,FR,France,Western Europe,Pires-sur-Mer,email,true
CUST001536,Elmar,Seifert,ekoch-ii@example.net,F,1966-10-27,2025-09-27,DE,Germany,Western Europe,Dinkelsbühl,referral,false
CUST001537,Hartmut,Niemeier,dehmelbaerbel@example.org,F,1986-01-24,2024-04-12,DE,Germany,Western Europe,Borken,organic_search,false
CUST001538,Karlijn,Osterhoudt,sethvan-northeim@example.net,Undisclosed,1949-09-10,2024-11-18,NL,Netherlands,Western Europe,Tynaarlo,email,false
CUST001539,Arnd,Jungfer,samir45@example.org,M,1992-07-27,2025-01-16,DE,Germany,Western Europe,Altentreptow,referral,false
CUST001540,Janice,Knight,hollie38@example.com,Undisclosed,1990-01-19,2023-08-19,GB,United Kingdom,Western Europe,West Bethany,email,true
CUST001541,Kim,Evers,jvan-den-berg@example.net,Undisclosed,2008-05-16,2023-10-18,NL,Netherlands,Western Europe,Den Oever,email,false
CUST001542,Ferdinand,Wernecke,ethies@example.com,M,1946-08-11,2024-02-27,DE,Germany,Western Europe,Parchim,social_media,false
CUST001543,Ian,Young,thompsonjennifer@example.org,M,1979-05-19,2025-12-15,GB,United Kingdom,Western Europe,Lake Judith,email,false
CUST001544,Astrid,Alexandre,vjoly@example.net,Undisclosed,1946-04-25,2024-07-19,FR,France,Western Europe,Lemaire,referral,true
CUST001545,Krister,Hammar,uostberg@example.net,M,2006-03-20,2025-06-06,SE,Sweden,Nordic,Nyköping,organic_search,false
CUST001546,Dennis,Roberts,patrickharris@example.net,M,1994-04-21,2023-10-29,GB,United Kingdom,Western Europe,Maureenview,direct,true
CUST001547,Áurea,Cerdá,nsevillano@example.com,M,1956-11-10,2024-09-13,ES,Spain,Southern Europe,Álava,organic_search,true
CUST001548,Joseph,Turner,helen22@example.com,M,1946-01-24,2024-08-02,GB,United Kingdom,Western Europe,Ritaborough,email,false
CUST001549,Valentin,Kabus,henridehmel@example.net,M,1952-02-17,2023-01-02,DE,Germany,Western Europe,Schwäbisch Gmünd,referral,true
CUST001550,Heather,Moore,ewright@example.com,Undisclosed,1961-01-23,2023-06-26,GB,United Kingdom,Western Europe,Teresatown,referral,true
CUST001551,Carola,Gustavsson,kurtpersson@example.com,M,1988-03-07,2024-08-18,SE,Sweden,Nordic,Eskilstuna,direct,false
CUST001552,Robin,White,martinwright@example.org,M,1963-07-30,2025-05-15,GB,United Kingdom,Western Europe,East Zoeshire,referral,false
CUST001553,Elodia,Lluch,kmurillo@example.net,M,2000-08-14,2023-12-21,ES,Spain,Southern Europe,Castellón,paid_search,true
CUST001554,Carlo,Comencini,adamogiannelli@example.org,M,1955-06-09,2024-05-27,IT,Italy,Southern Europe,Monticello Brianza,social_media,false
CUST001555,Rosi,Birnbaum,uackermann@example.org,M,1955-01-02,2024-01-11,DE,Germany,Western Europe,Magdeburg,referral,false
CUST001556,Kira,Drubin,tjunken@example.net,M,1962-01-25,2024-10-03,DE,Germany,Western Europe,Koblenz,email,false
CUST001557,Zoe,Saunders,wcole@example.com,Undisclosed,1951-01-02,2025-05-11,GB,United Kingdom,Western Europe,East Ashleigh,email,true
CUST001558,Capucine,Camus,michele26@example.net,F,1992-12-25,2023-10-15,FR,France,Western Europe,Pottier,social_media,true
CUST001559,Gaspar,Amaya,rozasflorinda@example.com,F,2004-08-15,2024-08-23,ES,Spain,Southern Europe,Lleida,organic_search,false
CUST001560,Annalisa,Federico,lilla63@example.net,F,1971-09-17,2025-11-26,IT,Italy,Southern Europe,Vigolzone,direct,true
CUST001561,Capucine,Alves,oceanedubois@example.org,Undisclosed,1981-06-23,2024-11-13,FR,France,Western Europe,Thomas,social_media,true
CUST001562,Alma,Aumann,matthaeus15@example.com,Undisclosed,1986-12-22,2023-09-06,DE,Germany,Western Europe,Bad Brückenau,direct,true
CUST001563,Josefa,Isern,felisa76@example.org,M,1964-05-04,2025-11-23,ES,Spain,Southern Europe,Ourense,direct,true
CUST001564,Louise,De Sousa,wagnercharlotte@example.net,F,1979-01-18,2024-09-08,FR,France,Western Europe,Reynaud,referral,true
CUST001565,Emperatriz,Coronado,arenasrafael@example.org,F,1993-09-13,2023-08-23,ES,Spain,Southern Europe,Barcelona,paid_search,true
CUST001566,Bertrand,Hebert,humbertvictoire@example.org,M,1989-01-23,2023-08-01,FR,France,Western Europe,Sainte Étienne,organic_search,false
CUST001567,Amir,Vermeulen,nadine39@example.net,F,2002-08-29,2025-04-08,NL,Netherlands,Western Europe,Mheer,referral,false
CUST001568,Tilly,Kobelt,saskiaschaaf@example.net,M,1980-10-26,2025-06-18,DE,Germany,Western Europe,Stollberg,organic_search,true
CUST001569,Benjamin,Collins,qfletcher@example.net,F,2001-10-29,2023-10-18,GB,United Kingdom,Western Europe,Lake Vincent,direct,true
CUST001570,Tina,Ryan,thompsonsamuel@example.com,F,1980-01-30,2025-09-02,GB,United Kingdom,Western Europe,Lordtown,email,false
CUST001571,Maurice,Hall,henry85@example.org,F,2002-07-31,2024-07-17,GB,United Kingdom,Western Europe,New Gillianland,email,true
CUST001572,Diedrich,Gotthard,conradihans-detlef@example.net,M,1967-04-16,2023-02-27,DE,Germany,Western Europe,Eichstätt,social_media,true
CUST001573,Tyler,Evers,molegraaffloor@example.com,F,2005-05-17,2025-06-29,NL,Netherlands,Western Europe,Kapel-Avezaath,direct,false
CUST001574,Mario,Feijoo,,Undisclosed,1996-07-17,2024-07-21,ES,Spain,Southern Europe,Granada,referral,true
CUST001575,Hans Georg,Holsten,kramerilona@example.com,Undisclosed,1955-03-29,2024-12-15,DE,Germany,Western Europe,Lübben,direct,true
CUST001576,Regina,Gute,martinagraf@example.com,M,1957-09-26,2024-12-21,DE,Germany,Western Europe,Grevesmühlen,paid_search,false
CUST001577,Norman,Sager,fhettner@example.com,Undisclosed,1970-06-05,2024-09-12,DE,Germany,Western Europe,Sondershausen,email,true
CUST001578,Alan,Giles,rburke@example.org,F,1985-07-04,2025-11-04,GB,United Kingdom,Western Europe,Bryanshire,referral,false
CUST001579,Jill,Roberts,ritawilliams@example.net,Undisclosed,1959-10-20,2025-04-06,GB,United Kingdom,Western Europe,Bethhaven,organic_search,true
CUST001580,Charlie,Jones,george83@example.com,F,1947-10-28,2025-10-19,GB,United Kingdom,Western Europe,New Katyburgh,direct,true
CUST001581,Mark,Köhler,detzold@example.net,M,1984-01-18,2023-08-04,DE,Germany,Western Europe,Steinfurt,email,true
CUST001582,Louise,Pelletier,bretonmartine@example.org,Undisclosed,2004-11-03,2023-05-07,FR,France,Western Europe,Saint Astrid,social_media,true
CUST001583,Christian,Johnston,pshepherd@example.org,M,1966-07-11,2023-12-23,GB,United Kingdom,Western Europe,South Janice,direct,true
CUST001584,Caroline,Wright,danielwilliams@example.net,M,1992-12-10,2024-02-05,GB,United Kingdom,Western Europe,Elliottfort,direct,true
CUST001585,Viggo,Jakobsson,karlholmstrom@example.com,F,1948-05-31,2025-06-07,SE,Sweden,Nordic,Lidingö,organic_search,true
CUST001586,Ute,Rust,linkeslavko@example.com,F,1972-12-14,2024-02-21,DE,Germany,Western Europe,Eberswalde,email,true
CUST001587,Yasmin,van den Oever,sennasteenbeek@example.net,Undisclosed,1959-03-10,2024-11-28,NL,Netherlands,Western Europe,Wouw,email,true
CUST001588,Simone,Vincent,gillesdupre@example.com,M,1951-11-01,2024-02-29,FR,France,Western Europe,Gosselin,referral,true
CUST001589,Anastasie,Gaillard,suzanneperrot@example.com,F,1977-01-09,2023-05-18,FR,France,Western Europe,Saint Luc,paid_search,false
CUST001590,Joey,Overeem,michaeltakkelenburg@example.org,Undisclosed,2004-01-20,2023-07-26,NL,Netherlands,Western Europe,Heinkenszand,organic_search,true
CUST001591,Jan,de Bruijn,ugalenzone@example.org,Undisclosed,1946-01-07,2024-08-16,NL,Netherlands,Western Europe,Swolgen,paid_search,false
CUST001592,Per,Elofsson,mohamedjohnsson@example.net,Undisclosed,1977-10-28,2023-06-03,SE,Sweden,Nordic,Karlskrona,referral,false
CUST001593,Filippo,Junck,klaeredietz@example.com,F,1997-08-10,2025-03-28,DE,Germany,Western Europe,Lippstadt,social_media,true
CUST001594,Ricardo,Reinhardt,roswita46@example.net,M,1950-07-24,2023-03-08,DE,Germany,Western Europe,Neustadtner Waldnaab,organic_search,true
CUST001595,Jip,Ouwerkerk,mulderspien@example.net,Undisclosed,1970-10-20,2024-02-23,NL,Netherlands,Western Europe,Oeffelt,organic_search,true
CUST001596,Patricia,Austin,donna09@example.net,Undisclosed,1989-08-12,2025-10-07,GB,United Kingdom,Western Europe,East Dawn,organic_search,false
CUST001597,Bernadette,Morin,benjaminlecomte@example.com,Undisclosed,1968-10-16,2023-05-25,FR,France,Western Europe,Guibert-les-Bains,referral,false
CUST001598,Reimar,Steuer,sflantz@example.com,F,2001-07-27,2023-09-23,DE,Germany,Western Europe,Bad Brückenau,paid_search,false
CUST001599,Rocco,Stoll,veronica62@example.org,F,1980-11-20,2025-06-02,DE,Germany,Western Europe,Mühldorf am Inn,organic_search,true
CUST001600,Ciro,Pirandello,naccarigiuseppina@example.net,Undisclosed,2000-05-13,2024-02-06,IT,Italy,Southern Europe,Cavatore,organic_search,false
CUST001601,Amelie,Kraus,marcoeckbauer@example.net,F,1992-05-21,2023-04-17,DE,Germany,Western Europe,Angermünde,email,true
CUST001602,Audrey,Pires,qguibert@example.com,M,1949-05-23,2023-08-25,FR,France,Western Europe,Lamy,social_media,false
CUST001603,Alla,Köhler,jolanthe19@example.com,F,1998-10-30,2023-04-29,DE,Germany,Western Europe,Waren,direct,true
CUST001604,Simone,Colin,camille85@example.org,F,1974-07-17,2023-01-31,FR,France,Western Europe,Thierrynec,paid_search,false
CUST001605,Trudi,Trommler,fischerahmed@example.com,Undisclosed,1985-11-04,2024-01-05,DE,Germany,Western Europe,Feuchtwangen,paid_search,false
CUST001606,Simon,Blake,dwilliams@example.com,F,1979-01-01,2023-09-23,GB,United Kingdom,Western Europe,Owenstad,organic_search,false
CUST001607,Babette,Hethur,simon54@example.org,M,1957-11-05,2024-02-26,DE,Germany,Western Europe,Jüterbog,paid_search,false
CUST001608,Manuel,Aranda,calemany@example.com,M,1986-03-24,2024-09-11,ES,Spain,Southern Europe,Huelva,paid_search,false
CUST001609,Jacek,Gertz,reichmannjo@example.com,F,1951-05-27,2024-10-15,DE,Germany,Western Europe,Cuxhaven,email,false
CUST001610,Leigh,Page,ashleighhughes@example.com,Undisclosed,1992-07-26,2024-07-26,GB,United Kingdom,Western Europe,Port Judith,direct,true
CUST001611,Niccolò,Baroffio,ebarzini@example.com,F,1955-09-02,2023-09-09,IT,Italy,Southern Europe,Levada,paid_search,false
CUST001612,Nout,Stettyn,uvan-de-water@example.org,F,1974-06-09,2025-07-18,NL,Netherlands,Western Europe,Philippine,referral,false
CUST001613,Hilary,Reid,akhtardouglas@example.net,M,1951-01-29,2024-09-07,GB,United Kingdom,Western Europe,Arnoldborough,email,false
CUST001614,Dominique,Berger,thibaut98@example.net,F,1992-12-04,2023-02-08,FR,France,Western Europe,Sainte Henriette,email,true
CUST001615,Robert,Letellier,wfabre@example.com,F,1992-07-23,2025-06-01,FR,France,Western Europe,Baron,social_media,true
CUST001616,Ize,Scuylenborchs,de-vriessaar@example.org,Undisclosed,1964-03-28,2024-11-19,NL,Netherlands,Western Europe,'t Zandt,organic_search,false
CUST001617,Emma,Fredriksson,yekstrom@example.com,Undisclosed,1977-02-25,2025-06-07,SE,Sweden,Nordic,Linköping,organic_search,false
CUST001618,Naud,Mulder,kickbeourgeois@example.net,M,1950-01-07,2024-08-11,NL,Netherlands,Western Europe,Limbricht,direct,false
CUST001619,Hugh,Henderson,ofox@example.net,F,1978-01-18,2023-11-29,GB,United Kingdom,Western Europe,West Mauricemouth,organic_search,false
CUST001620,Naomi,van Wessex,maya72@example.com,Undisclosed,1960-01-07,2024-07-15,NL,Netherlands,Western Europe,Warten,referral,false
CUST001621,Ryan,Benson,ellieblack@example.com,Undisclosed,1984-07-24,2023-03-21,GB,United Kingdom,Western Europe,Lake Hollyside,direct,true
CUST001622,Leander,Hornich,david38@example.com,M,1996-10-11,2023-09-12,DE,Germany,Western Europe,Merseburg,email,false
CUST001623,Mohammed,Johnson,nday@example.net,M,1984-02-15,2023-02-05,GB,United Kingdom,Western Europe,Allantown,referral,true
CUST001624,Olivia,Björklund,astrid73@example.com,M,1986-12-31,2025-04-16,SE,Sweden,Nordic,Linköping,referral,false
CUST001625,Cecilia,Hoffmann,nharloff@example.org,M,1957-11-02,2023-05-12,DE,Germany,Western Europe,Wittenberg,email,true
CUST001626,Lieke,Molegraaf,avan-der-ven@example.com,Undisclosed,1974-02-20,2024-04-10,NL,Netherlands,Western Europe,Lekkerkerk,paid_search,true
CUST001627,Reingard,Striebitz,kunigunde51@example.net,M,1988-10-07,2023-03-20,DE,Germany,Western Europe,Nürtingen,organic_search,true
CUST001628,Gillian,Hussain,zwilson@example.com,M,2008-08-06,2023-05-05,GB,United Kingdom,Western Europe,Fraserburgh,social_media,true
CUST001629,Marita,Käster,ahoevel@example.net,M,1997-08-07,2024-04-25,DE,Germany,Western Europe,Starnberg,organic_search,true
CUST001630,Kimberley,Lambert,jillwalker@example.com,Undisclosed,1974-02-23,2024-02-22,GB,United Kingdom,Western Europe,Barretttown,direct,false
CUST001631,Elena,Rebollo,emilianovaquero@example.org,M,1947-03-28,2024-08-02,ES,Spain,Southern Europe,Salamanca,email,false
CUST001632,Charlotte,Pottier,jacquescolas@example.net,F,1951-11-15,2025-08-21,FR,France,Western Europe,Simon,organic_search,false
CUST001633,Tygo,Zuidweg,mvan-de-ven@example.org,Undisclosed,1994-11-20,2023-11-04,NL,Netherlands,Western Europe,Ittervoort,social_media,false
CUST001634,Eligio,Marcos,agustinafolch@example.com,Undisclosed,1950-02-03,2024-03-16,ES,Spain,Southern Europe,Castellón,email,true
CUST001635,Chiara,Ruffini,psauro@example.net,Undisclosed,1962-02-22,2023-06-08,IT,Italy,Southern Europe,Rotabile,referral,false
CUST001636,Magarete,Schleich,potto@example.org,F,2002-09-13,2023-09-06,DE,Germany,Western Europe,Ebern,direct,false
CUST001637,Aimé,Bouvet,celinamace@example.org,M,1947-11-19,2024-10-11,FR,France,Western Europe,Dijouxdan,social_media,true
CUST001638,Vera,Heß,yboucsein@example.com,F,2005-10-17,2025-01-11,DE,Germany,Western Europe,Weimar,email,false
CUST001639,Lennart,Jakobsson,johanssonmadeleine@example.org,F,2001-08-22,2025-01-11,SE,Sweden,Nordic,Östersund,direct,false
CUST001640,Ranieri,Renzi,otornatore@example.net,Undisclosed,1999-04-08,2024-04-16,IT,Italy,Southern Europe,Molino Di Bascio,paid_search,true
CUST001641,Nathan,Atkinson,lanemarcus@example.net,Undisclosed,1970-08-15,2025-04-14,GB,United Kingdom,Western Europe,Lynchberg,social_media,false
CUST001642,Juan Luis,Caballero,nataliatolosa@example.org,Undisclosed,1968-02-21,2024-10-04,ES,Spain,Southern Europe,Lleida,referral,false
CUST001643,Glenn,Harris,wmitchell@example.com,F,1975-12-11,2024-02-10,GB,United Kingdom,Western Europe,Barbaraview,email,false
CUST001644,Zoe,Barber,marilyn02@example.org,F,1960-09-21,2025-08-20,GB,United Kingdom,Western Europe,Lynnestad,organic_search,true
CUST001645,Leo,Mülichen,leonhard29@example.net,M,1994-03-17,2023-05-30,DE,Germany,Western Europe,Suhl,social_media,true
CUST001646,Luís,Plana,fabian22@example.net,M,1963-03-12,2025-04-03,ES,Spain,Southern Europe,Albacete,social_media,true
CUST001647,Corinna,Aumann,cordulajaehn@example.org,M,1963-05-03,2023-04-03,DE,Germany,Western Europe,Werdau,direct,false
CUST001648,Omar,Costa,ntapia@example.org,F,1985-08-21,2025-06-11,ES,Spain,Southern Europe,Melilla,direct,true
CUST001649,Alma,Echevarría,reyes72@example.net,M,1978-08-14,2023-11-08,ES,Spain,Southern Europe,Álava,email,false
CUST001650,Jules,Neuzerling,wagenvoortkick@example.com,Undisclosed,1955-11-24,2024-10-18,NL,Netherlands,Western Europe,Leidschendam,organic_search,true
CUST001651,Alexandra,Mies,seiphans-rainer@example.com,Undisclosed,1984-06-06,2024-08-31,DE,Germany,Western Europe,Wolfratshausen,referral,false
CUST001652,Margot,David,nicolerenaud@example.com,F,1972-10-19,2024-08-07,FR,France,Western Europe,Sainte CorinneBourg,organic_search,true
CUST001653,Susanne,Lefèvre,francoise88@example.org,Undisclosed,1976-01-29,2025-05-31,FR,France,Western Europe,Barbe-sur-Hoarau,social_media,false
CUST001654,Marie,Gilles,pierrerousset@example.org,M,2004-01-14,2023-12-06,FR,France,Western Europe,Dumas,paid_search,false
CUST001655,Jost,Rohleder,cgierschner@example.net,F,1964-07-25,2024-06-15,DE,Germany,Western Europe,Wolfach,paid_search,true
CUST001656,Valerio,Marcacci,liviaboccaccio@example.org,F,1949-10-28,2024-02-28,IT,Italy,Southern Europe,Campagna,organic_search,true
CUST001657,Lesley,Hall,normangrant@example.net,M,1982-03-22,2023-01-14,GB,United Kingdom,Western Europe,West Ashleighland,referral,false
CUST001658,Émile,Ollivier,christianeferreira@example.com,M,1959-02-12,2025-06-30,FR,France,Western Europe,Saint Joséphinedan,direct,true
CUST001659,Frédéric,Fouquet,helene09@example.com,F,2006-01-04,2025-06-29,FR,France,Western Europe,Merle-sur-Mer,social_media,true
CUST001660,Joséphine,Dupuy,qmartin@example.com,F,1979-03-16,2024-12-25,FR,France,Western Europe,Boulanger,social_media,true
CUST001661,Arthur,Taylor,plewis@example.com,Undisclosed,1962-08-18,2025-11-04,GB,United Kingdom,Western Europe,Henryside,organic_search,false
CUST001662,Holly,Bailey,kayleigh71@example.org,Undisclosed,2006-06-23,2023-03-20,GB,United Kingdom,Western Europe,Hughesburgh,referral,true
CUST001663,Cesare,Ruberto,rienzogiada@example.com,F,1968-12-26,2023-01-17,IT,Italy,Southern Europe,Monteorsello,social_media,false
CUST001664,Mohammad,Knight,raymondmiller@example.org,M,1967-06-18,2023-11-07,GB,United Kingdom,Western Europe,Webbport,paid_search,true
CUST001665,Håkan,Ivarsson,birgittabroman@example.org,F,1957-05-16,2025-11-23,SE,Sweden,Nordic,Trelleborg,email,true
CUST001666,Francisca,Riera,maximovillalonga@example.com,Undisclosed,1998-09-29,2023-12-31,ES,Spain,Southern Europe,Ceuta,referral,true
CUST001667,Leonardo,Kade,wieslaw45@example.org,F,1995-02-19,2024-12-15,DE,Germany,Western Europe,Wolfenbüttel,paid_search,false
CUST001668,Panfilo,Priuli,roberto46@example.net,Undisclosed,1946-01-25,2025-09-20,IT,Italy,Southern Europe,Terranova Di Pollino,email,false
CUST001669,Magret,Etzold,langenikolaus@example.net,M,1976-10-10,2023-07-17,DE,Germany,Western Europe,Arnstadt,email,false
CUST001670,Pepita,Perea,horaciojaen@example.com,M,1947-04-18,2024-05-21,ES,Spain,Southern Europe,Las Palmas,direct,true
CUST001671,Nicole,Bourgeois,jgermain@example.net,M,1999-12-14,2024-12-12,FR,France,Western Europe,Maurice,email,false
CUST001672,Tiziano,Rossellini,,F,2003-12-18,2024-04-25,IT,Italy,Southern Europe,Grisignano Di Zocco,email,true
CUST001673,Máximo,Tena,benaventejose-carlos@example.org,M,1994-10-07,2024-10-23,ES,Spain,Southern Europe,Alicante,email,false
CUST001674,Elvira,Perez,ptorrens@example.com,Undisclosed,1949-09-20,2024-06-17,ES,Spain,Southern Europe,Almería,direct,true
CUST001675,Águeda,Luís,leoncio85@example.com,F,1953-03-28,2024-09-23,ES,Spain,Southern Europe,Barcelona,direct,true
CUST001676,Antoinette,Fernandes,germainphilippine@example.net,Undisclosed,2005-02-26,2024-11-06,FR,France,Western Europe,Pruvost,email,true
CUST001677,Thaddäus,Henschel,christiana38@example.org,Undisclosed,1967-12-29,2024-11-13,DE,Germany,Western Europe,Ravensburg,organic_search,true
CUST001678,Simone,Bonnin,marie02@example.org,Undisclosed,1994-02-04,2025-01-11,FR,France,Western Europe,Alves,direct,true
CUST001679,Marijan,Mosemann,nweinhold@example.org,M,1961-03-06,2024-08-17,DE,Germany,Western Europe,Karlsruhe,referral,true
CUST001680,Leah,Blees,jorn44@example.net,Undisclosed,1955-03-25,2023-01-28,NL,Netherlands,Western Europe,Drijber,email,false
CUST001681,Susanne,Rousseau,zlaunay@example.com,F,2002-04-12,2023-03-28,FR,France,Western Europe,Lopezboeuf,direct,true
CUST001682,Maria,Hansson,larssonyvonne@example.net,M,1982-05-08,2023-03-11,SE,Sweden,Nordic,Halmstad,paid_search,false
CUST001683,Colin,Simpson,ashleigh11@example.net,Undisclosed,1998-10-20,2023-06-23,GB,United Kingdom,Western Europe,New Samhaven,email,true
CUST001684,Graciano,Beltran,solisemilia@example.net,F,1997-11-19,2023-01-31,ES,Spain,Southern Europe,Cuenca,referral,false
CUST001685,Gabriela,Kabus,vmentzel@example.org,M,1950-08-27,2024-02-02,DE,Germany,Western Europe,Stade,direct,true
CUST001686,Samu,Marin,wilfredo86@example.org,M,1946-02-11,2024-09-10,ES,Spain,Southern Europe,Albacete,referral,false
CUST001687,Enzo,Guidone,gattoluigi@example.com,M,2003-11-27,2025-02-10,IT,Italy,Southern Europe,Pozzonovo,email,false
CUST001688,Owen,Lawrence,stacey73@example.net,M,1994-05-02,2025-12-28,GB,United Kingdom,Western Europe,East Sean,social_media,true
CUST001689,Eleanor,Foster,mohammadclayton@example.org,M,2003-03-02,2025-07-15,GB,United Kingdom,Western Europe,Port Scottside,email,false
CUST001690,Gema,Gallardo,bruno55@example.org,M,1959-05-30,2025-09-03,ES,Spain,Southern Europe,Cáceres,direct,true
CUST001691,Laila,Klapp,ohiller@example.org,M,1947-07-17,2023-07-15,DE,Germany,Western Europe,Meiningen,organic_search,true
CUST001692,Louise,Taylor,leenicola@example.org,Undisclosed,2003-10-23,2025-04-05,GB,United Kingdom,Western Europe,South Adam,paid_search,true
CUST001693,Lucas,Pires,znavarro@example.org,M,1971-07-30,2025-10-07,FR,France,Western Europe,Denis-sur-Morin,organic_search,false
CUST001694,Ann-Kathrin,Eberhardt,amandasager@example.net,F,1956-10-07,2025-04-12,DE,Germany,Western Europe,Coburg,email,false
CUST001695,Océane,Prévost,mtraore@example.com,M,1973-12-07,2024-10-03,FR,France,Western Europe,Lacroix,referral,true
CUST001696,Jens,Pechel,patbergoskar@example.com,F,1953-04-21,2023-08-04,DE,Germany,Western Europe,Apolda,paid_search,true
CUST001697,Roland,Ditschlerin,kramermagarete@example.com,F,1969-10-26,2023-12-07,DE,Germany,Western Europe,Heiligenstadt,email,false
CUST001698,Kuno,Hein,luebstraudl@example.net,F,1993-05-26,2023-12-16,DE,Germany,Western Europe,Stadtsteinach,referral,false
CUST001699,Ellinor,Ingvarsson,,M,1977-10-04,2025-03-28,SE,Sweden,Nordic,Karlstad,direct,false
CUST001700,Anna,Bailey,jordan23@example.org,Undisclosed,1980-12-22,2025-12-06,GB,United Kingdom,Western Europe,East Annette,paid_search,false
CUST001701,Linda,Sandin,dolander@example.net,Undisclosed,1990-08-30,2025-12-07,SE,Sweden,Nordic,Östersund,referral,false
CUST001702,Jérôme,Paul,abarbier@example.org,Undisclosed,1955-12-26,2025-08-24,FR,France,Western Europe,Marchal,paid_search,true
CUST001703,Lucas,Schneider,goncalvesantoine@example.com,M,1973-02-24,2025-12-09,FR,France,Western Europe,Aubry,paid_search,false
CUST001704,Pauline,Hancock,matthew05@example.org,Undisclosed,2005-01-09,2023-05-18,GB,United Kingdom,Western Europe,South Jordan,direct,true
CUST001705,Édith,Roy,mledoux@example.net,M,1956-06-12,2025-07-28,FR,France,Western Europe,Saint Adèle-sur-Mer,organic_search,false
CUST001706,Wendelin,Mülichen,lindnercelal@example.org,F,1977-04-15,2024-04-07,DE,Germany,Western Europe,Pinneberg,email,false
CUST001707,David,Kemp,mmacdonald@example.net,M,1977-08-19,2025-01-22,GB,United Kingdom,Western Europe,Scottmouth,direct,true
CUST001708,Aenne,Weiß,valeska91@example.com,F,2002-03-28,2023-06-08,DE,Germany,Western Europe,Cuxhaven,social_media,true
CUST001709,Eric,Slater,katherineclarke@example.org,M,1996-04-03,2023-09-17,GB,United Kingdom,Western Europe,Lake Sophieport,referral,false
CUST001710,Joey,Steinmeiern,prattkick@example.com,F,1968-01-18,2025-08-27,NL,Netherlands,Western Europe,Spier,organic_search,true
CUST001711,Philip,Speer,kira25@example.com,M,1955-07-26,2023-10-21,DE,Germany,Western Europe,Wolfratshausen,organic_search,true
CUST001712,Hans-Detlef,Austermühle,dschueler@example.org,M,1955-05-31,2025-11-13,DE,Germany,Western Europe,Germersheim,referral,true
CUST001713,Concha,Terrón,regulomora@example.org,M,1978-08-11,2024-05-08,ES,Spain,Southern Europe,Cantabria,social_media,false
CUST001714,Brenda,Smith,nprice@example.com,Undisclosed,1975-08-13,2025-12-05,GB,United Kingdom,Western Europe,Lake Leonardhaven,paid_search,false
CUST001715,Maja,Neuschäfer,michel24@example.com,M,1998-03-21,2023-10-20,DE,Germany,Western Europe,Sternberg,social_media,true
CUST001716,Kent,Olsson,martinssonmikael@example.net,M,1974-09-16,2025-06-10,SE,Sweden,Nordic,Landskrona,direct,false
CUST001717,Marita,Dörschner,dominikheidrich@example.com,F,1953-11-13,2025-05-18,DE,Germany,Western Europe,Cuxhaven,paid_search,true
CUST001718,Suus,Feenstra,mike76@example.net,F,2004-09-05,2024-02-06,NL,Netherlands,Western Europe,Veenhuizen,social_media,true
CUST001719,Ingemar,Pettersson,petersoderberg@example.net,F,1960-10-12,2025-01-25,SE,Sweden,Nordic,Gävle,organic_search,false
CUST001720,Natalija,Radisch,anneli92@example.net,Undisclosed,1981-05-31,2025-09-07,DE,Germany,Western Europe,Perleberg,direct,true
CUST001721,Petros,Freudenberger,auguste38@example.org,Undisclosed,1952-06-30,2023-03-04,DE,Germany,Western Europe,Sigmaringen,email,true
CUST001722,Gerfried,Reuter,meryemweitzel@example.net,Undisclosed,1987-03-04,2025-08-27,DE,Germany,Western Europe,Flöha,organic_search,false
CUST001723,Dorothée,De Oliveira,benoit64@example.com,Undisclosed,2006-07-03,2023-03-01,FR,France,Western Europe,Bigotboeuf,paid_search,true
CUST001724,Conrad,Hermann,irmtraudjacob@example.org,M,1993-11-19,2025-05-09,DE,Germany,Western Europe,Freising,organic_search,false
CUST001725,Imran,Jdotte,corstiaenslily@example.com,F,1978-05-30,2023-07-19,NL,Netherlands,Western Europe,Geersdijk,direct,true
CUST001726,Freya,Lindner,remozimmer@example.org,M,1972-04-16,2024-11-12,DE,Germany,Western Europe,Grafenau,paid_search,false
CUST001727,Bruce,Bruce,,M,1964-06-24,2025-11-23,GB,United Kingdom,Western Europe,South Harry,direct,true
CUST001728,Karin,Ahmad,janbodin@example.com,F,1953-08-31,2023-05-14,SE,Sweden,Nordic,Motala,organic_search,true
CUST001729,Urbano,Martín,sotelojesus@example.net,Undisclosed,2001-08-20,2025-06-27,ES,Spain,Southern Europe,Murcia,paid_search,true
CUST001730,Maurice,Hawkins,wdyer@example.net,M,1948-06-21,2024-09-29,GB,United Kingdom,Western Europe,Bullview,direct,true
CUST001731,Isabelle,Roy,toussaintchantal@example.com,F,2005-04-24,2025-08-06,FR,France,Western Europe,Thierry-la-Forêt,paid_search,false
CUST001732,Mandy,Schofield,zoewebb@example.net,F,2004-07-20,2023-02-11,GB,United Kingdom,Western Europe,Cameronfort,email,true
CUST001733,Leonard,Gray,ooliver@example.org,F,1995-07-11,2024-05-20,GB,United Kingdom,Western Europe,Tonyhaven,direct,true
CUST001734,Alexandre,Roussel,astrid45@example.org,F,1994-03-18,2024-09-27,FR,France,Western Europe,Bergerdan,referral,false
CUST001735,Jost,Döhn,danielleluebs@example.net,F,1998-10-28,2025-04-27,DE,Germany,Western Europe,Regen,social_media,false
CUST001736,Ansaldo,Canil,qtravaglio@example.com,Undisclosed,1985-11-09,2025-06-19,IT,Italy,Southern Europe,Stanghella,direct,false
CUST001737,Agnès,Blin,lemairepaulette@example.org,M,1991-06-15,2023-12-16,FR,France,Western Europe,De Oliveira-sur-Carlier,referral,true
CUST001738,Monica,Mies,kensyfrieda@example.com,M,1984-09-12,2025-06-07,DE,Germany,Western Europe,Lippstadt,direct,false
CUST001739,Hélène,Arnaud,blaroche@example.org,F,1947-04-30,2023-07-05,FR,France,Western Europe,Perrin,organic_search,true
CUST001740,Agathe,Normand,antoinette07@example.com,F,1969-02-04,2025-11-24,FR,France,Western Europe,Menard,social_media,false
CUST001741,Jovita,Jódar,victor-manuel05@example.com,M,1997-12-26,2025-02-12,ES,Spain,Southern Europe,Castellón,direct,false
CUST001742,Mirte,van Wickerode,lara65@example.org,M,2003-12-24,2023-01-17,NL,Netherlands,Western Europe,Dalerpeel,organic_search,true
CUST001743,Noa,Goñi,pastor98@example.net,F,1967-03-23,2025-01-03,ES,Spain,Southern Europe,Badajoz,email,false
CUST001744,Elvira,Oestrovsky,schwitalrudi@example.com,F,1989-03-14,2025-06-09,DE,Germany,Western Europe,Wurzen,social_media,false
CUST001745,Claire,Marty,qrenaud@example.net,F,1968-08-13,2025-09-15,FR,France,Western Europe,Étienne-les-Bains,referral,true
CUST001746,Kimberley,Kemp,brandonbrown@example.org,Undisclosed,1980-02-15,2025-05-12,GB,United Kingdom,Western Europe,Yvonneside,organic_search,true
CUST001747,Cord,Gumprich,roccoschoenland@example.net,Undisclosed,1952-01-14,2025-11-14,DE,Germany,Western Europe,Waren,referral,true
CUST001748,Zacharie,Rossi,jcharles@example.net,F,1969-10-04,2023-10-13,FR,France,Western Europe,Lucasnec,social_media,true
CUST001749,Celestino,Morante,marinencarna@example.net,F,1960-12-25,2024-12-09,ES,Spain,Southern Europe,Alicante,paid_search,true
CUST001750,Kai-Uwe,Bauer,bertafoerster@example.net,F,1979-05-02,2024-09-09,DE,Germany,Western Europe,Uelzen,direct,true
CUST001751,Eileen,Barker,duncangardiner@example.com,M,1955-07-30,2023-11-12,GB,United Kingdom,Western Europe,West Normantown,paid_search,false
CUST001752,Bianca,Rosenow,amangold@example.net,Undisclosed,1958-10-07,2023-07-24,DE,Germany,Western Europe,Erding,email,false
CUST001753,Justine,Heß,kschottin@example.com,F,1993-10-11,2025-08-07,DE,Germany,Western Europe,Grimma,social_media,true
CUST001754,Marek,Reuter,xkoch-ii@example.org,Undisclosed,1969-12-25,2025-03-29,DE,Germany,Western Europe,Ueckermünde,email,false
CUST001755,Jörgen,Knutsson,matheopetersson@example.net,Undisclosed,1954-06-12,2025-12-29,SE,Sweden,Nordic,Lidingö,organic_search,true
CUST001756,Javier,Olivé,gmir@example.net,M,1994-07-07,2023-12-31,ES,Spain,Southern Europe,Lleida,organic_search,false
CUST001757,Stefan,Lindblad,bodil07@example.net,F,1950-01-31,2023-06-08,SE,Sweden,Nordic,Göteborg,social_media,false
CUST001758,Lesley,Taylor,dmoore@example.com,M,1955-09-30,2023-07-10,GB,United Kingdom,Western Europe,Lake Owenland,social_media,false
CUST001759,Dora,Noack,cathrin40@example.net,M,1975-01-01,2025-09-11,DE,Germany,Western Europe,Lemgo,email,true
CUST001760,Bethan,Davies,ireneprice@example.net,Undisclosed,1968-03-05,2025-08-10,GB,United Kingdom,Western Europe,New Natasha,email,true
CUST001761,Kate,McLean,iconnor@example.net,M,1946-02-22,2023-11-26,GB,United Kingdom,Western Europe,Lake Sarahshire,organic_search,false
CUST001762,Benita,Riba,beldaencarna@example.org,M,1995-05-21,2025-04-02,ES,Spain,Southern Europe,Toledo,direct,true
CUST001763,Martine,Girschner,jacekschinke@example.org,Undisclosed,1947-09-09,2025-07-11,DE,Germany,Western Europe,Wetzlar,referral,false
CUST001764,Marion,Harrison,fryneil@example.com,Undisclosed,1992-04-27,2023-08-17,GB,United Kingdom,Western Europe,Nelsonfurt,direct,true
CUST001765,Hermine,Mühle,,Undisclosed,1955-02-09,2023-11-04,DE,Germany,Western Europe,Emmendingen,paid_search,false
CUST001766,Mathilde,Perret,langloisadrienne@example.org,F,2005-07-03,2025-06-09,FR,France,Western Europe,Didier,email,false
CUST001767,Jort,Nollee,leeneluke@example.com,M,1969-08-01,2023-04-13,NL,Netherlands,Western Europe,Burgum,direct,false
CUST001768,Michael,Shaw,alison18@example.com,M,1949-10-29,2023-02-18,GB,United Kingdom,Western Europe,Lake Karenville,email,false
CUST001769,Aimé,Millet,adrienevrard@example.org,M,1971-11-13,2024-09-01,FR,France,Western Europe,Leroy,referral,false
CUST001770,Laure,Didier,daniel23@example.net,F,1958-01-20,2024-05-24,FR,France,Western Europe,Carpentierboeuf,direct,false
CUST001771,Karen,Allen,carrdean@example.net,M,2006-05-06,2025-06-01,GB,United Kingdom,Western Europe,Coleburgh,paid_search,false
CUST001772,Esther,Arias,odalyssalgado@example.org,F,1982-04-07,2023-03-25,ES,Spain,Southern Europe,Zaragoza,direct,true
CUST001773,Filippo,Travaglia,lamberto15@example.net,M,1957-01-27,2025-02-21,IT,Italy,Southern Europe,Magnano,direct,false
CUST001774,Nora,Svärd,jedvardsson@example.net,Undisclosed,1990-06-29,2025-05-15,SE,Sweden,Nordic,Kristianstad,direct,true
CUST001775,Pío,Cid,bastidanilo@example.org,Undisclosed,1961-12-23,2025-06-06,ES,Spain,Southern Europe,Cantabria,social_media,true
CUST001776,Christiane,Delmas,wdupont@example.org,M,1993-11-02,2023-04-11,FR,France,Western Europe,Perrin-sur-Dijoux,direct,true
CUST001777,Demi,van der Kaay,vaessensam@example.net,M,1981-03-08,2024-07-20,NL,Netherlands,Western Europe,Overasselt,direct,false
CUST001778,Olivie,Morvan,,M,1989-06-14,2024-07-12,FR,France,Western Europe,Carre,social_media,false
CUST001779,Lorraine,Launay,gregoire73@example.com,M,1973-03-11,2025-08-05,FR,France,Western Europe,HoareauBourg,paid_search,true
CUST001780,Modesto,Tomé,falvarez@example.org,Undisclosed,1987-03-04,2024-10-26,ES,Spain,Southern Europe,Granada,email,false
CUST001781,Käte,Stolze,xzimmer@example.com,Undisclosed,1993-03-30,2024-11-04,DE,Germany,Western Europe,Pegnitz,social_media,false
CUST001782,Victoria,Venier,farinellicamillo@example.com,Undisclosed,1957-06-24,2024-12-10,IT,Italy,Southern Europe,Zeccone,referral,true
CUST001783,Emma,Kay,wilkinsonanthony@example.com,Undisclosed,1982-04-12,2025-03-09,GB,United Kingdom,Western Europe,Port Lydiachester,direct,false
CUST001784,Samuel,Walker,natashamiddleton@example.net,Undisclosed,1952-05-24,2024-12-08,GB,United Kingdom,Western Europe,Gilesbury,social_media,false
CUST001785,Elena,Beekman,daan37@example.org,Undisclosed,1948-10-05,2025-07-13,NL,Netherlands,Western Europe,Orvelte,referral,false
CUST001786,Adelmo,Giunti,vittoriacarullo@example.com,M,1990-07-27,2025-06-02,IT,Italy,Southern Europe,Stilves,email,true
CUST001787,Joanne,Thomas,janetmason@example.com,Undisclosed,1955-04-29,2025-02-07,GB,United Kingdom,Western Europe,New Aimee,organic_search,true
CUST001788,Hilary,Pratt,mary94@example.org,Undisclosed,1964-03-26,2025-03-21,GB,United Kingdom,Western Europe,Marshallchester,paid_search,false
CUST001789,Margitta,Wulff,rkostolzin@example.org,Undisclosed,1978-11-27,2025-04-16,DE,Germany,Western Europe,Saulgau,social_media,true
CUST001790,Bethan,Perkins,johnsonhannah@example.org,F,1954-06-15,2024-10-12,GB,United Kingdom,Western Europe,North Kim,email,false
CUST001791,Cemal,Gnatz,drubgiovanni@example.com,F,1982-03-22,2024-08-09,DE,Germany,Western Europe,Eggenfelden,organic_search,false
CUST001792,Maurits,Scuylenborchs,valerie64@example.net,F,2003-11-25,2025-08-08,NL,Netherlands,Western Europe,Ysbrechtum,direct,false
CUST001793,Nicholas,Duffy,raymond16@example.org,Undisclosed,1979-07-28,2025-05-06,GB,United Kingdom,Western Europe,East Maureen,referral,true
CUST001794,Finn,Oennen,van-milwouter@example.org,F,1948-04-09,2025-04-17,NL,Netherlands,Western Europe,Oudega,direct,false
CUST001795,Maike,Börner,deniswiek@example.net,Undisclosed,1962-02-18,2023-07-06,DE,Germany,Western Europe,Schwandorf,direct,false
CUST001796,Krystyna,Berger,thaddaeus27@example.net,F,1990-10-16,2025-11-13,DE,Germany,Western Europe,Freital,direct,true
CUST001797,Olivier,Prinsen,bilal90@example.org,F,2008-05-31,2023-12-25,NL,Netherlands,Western Europe,Grijpskerk,social_media,true
CUST001798,Raimund,Fliegner,vincent30@example.com,F,1965-07-16,2023-03-05,DE,Germany,Western Europe,Garmisch-Partenkirchen,email,true
CUST001799,Gerti,Ullmann,erikagude@example.com,F,1975-07-20,2023-12-29,DE,Germany,Western Europe,Meiningen,social_media,true
CUST001800,Kenneth,Roht,henscheldorothea@example.net,F,1956-08-24,2024-05-16,DE,Germany,Western Europe,Pößneck,direct,false
CUST001801,Anna,Lindvall,bertil16@example.net,F,1957-03-31,2025-11-30,SE,Sweden,Nordic,Östersund,social_media,true
CUST001802,Janne,Otto,janssensromy@example.org,Undisclosed,1946-01-31,2025-12-29,NL,Netherlands,Western Europe,Oranjewoud,email,true
CUST001803,Pauline,Duhamel,thibaultbertrand@example.com,Undisclosed,1953-10-28,2025-01-14,FR,France,Western Europe,Ledoux,email,true
CUST001804,Alphonse,Delahaye,thibaultemilie@example.org,Undisclosed,2001-10-03,2023-08-01,FR,France,Western Europe,Massenec,organic_search,true
CUST001805,Océane,Gomez,marianne96@example.com,F,1992-02-26,2025-01-20,FR,France,Western Europe,Raymond-la-Forêt,paid_search,false
CUST001806,Wálter,Palomino,fanny77@example.org,M,1960-11-30,2023-07-18,ES,Spain,Southern Europe,Girona,email,true
CUST001807,Olivia,Knoers,yarade-kok@example.com,M,1970-09-24,2024-06-16,NL,Netherlands,Western Europe,Amsterdam-Duivendrecht,direct,false
CUST001808,Vassilios,Langern,jjacob@example.org,F,1994-01-17,2024-07-17,DE,Germany,Western Europe,Lobenstein,organic_search,true
CUST001809,Hartmuth,Lachmann,melanieschomber@example.com,M,1974-05-05,2025-01-29,DE,Germany,Western Europe,Mittweida,paid_search,false
CUST001810,Ottmar,Kallert,ymartin@example.com,F,1967-11-14,2025-08-31,DE,Germany,Western Europe,Delitzsch,direct,true
CUST001811,Jonathan,Luitgardis van Neustrië,liammol@example.net,M,2005-02-17,2023-10-28,NL,Netherlands,Western Europe,Ohé en Laak,organic_search,true
CUST001812,Marino,García,xreal@example.net,M,1972-05-31,2024-09-12,ES,Spain,Southern Europe,Lugo,direct,false
CUST001813,Théophile,Becker,allardmanon@example.com,M,2004-11-22,2025-09-03,FR,France,Western Europe,Pasquier-sur-Roux,referral,false
CUST001814,Romana,Franke,heinz-guentherkallert@example.net,M,1990-07-28,2025-12-07,DE,Germany,Western Europe,Osterode am Harz,referral,false
CUST001815,Henri,Haering,cgirschner@example.org,Undisclosed,1971-12-13,2023-12-26,DE,Germany,Western Europe,Guben,social_media,true
CUST001816,Gert,Hagström,ellenliden@example.org,Undisclosed,1962-05-27,2024-09-25,SE,Sweden,Nordic,Uddevalla,organic_search,true
CUST001817,Lorraine,Da Silva,juliette98@example.net,Undisclosed,1991-09-12,2024-12-31,FR,France,Western Europe,Saint ÉmileVille,direct,true
CUST001818,Matías,Palacios,baenanatanael@example.org,Undisclosed,1959-07-01,2024-02-19,ES,Spain,Southern Europe,Castellón,social_media,true
CUST001819,Carole,Franklin,gary59@example.com,Undisclosed,1976-01-28,2024-07-09,GB,United Kingdom,Western Europe,Cookburgh,organic_search,true
CUST001820,Henri,Goncalves,thibaut18@example.org,M,1973-12-08,2025-07-03,FR,France,Western Europe,Sainte Huguesdan,paid_search,true
CUST001821,Traudel,Finke,helena31@example.net,F,2007-07-21,2024-04-12,DE,Germany,Western Europe,Bruchsal,social_media,false
CUST001822,Wilfried,Kramer,ernstrahel@example.com,F,1978-02-18,2023-07-07,DE,Germany,Western Europe,Artern,paid_search,false
CUST001823,Lucy,Lawrence,chloe99@example.org,Undisclosed,1979-02-23,2023-05-05,GB,United Kingdom,Western Europe,Declanland,organic_search,true
CUST001824,Marcelo,Prada,bruno22@example.net,M,2008-01-26,2024-10-15,ES,Spain,Southern Europe,Baleares,organic_search,false
CUST001825,Jake,Evans,ashleighpotter@example.net,Undisclosed,2000-01-29,2024-02-09,GB,United Kingdom,Western Europe,Brownshire,referral,true
CUST001826,Alex,Lewis,xchambers@example.com,M,1981-02-05,2025-05-30,GB,United Kingdom,Western Europe,South Stanleyburgh,paid_search,false
CUST001827,Leonardo,Hesse,seipignaz@example.net,M,1976-03-26,2023-01-02,DE,Germany,Western Europe,Husum,paid_search,false
CUST001828,Thomas,Aronsson,fredrikssonylva@example.net,Undisclosed,1983-03-13,2025-11-04,SE,Sweden,Nordic,Jönköping,referral,true
CUST001829,Heraclio,Soriano,aliagamarciano@example.com,M,1971-07-18,2024-11-29,ES,Spain,Southern Europe,Alicante,organic_search,true
CUST001830,Marine,Maillet,,Undisclosed,1964-01-28,2025-09-25,FR,France,Western Europe,Danielboeuf,paid_search,true
CUST001831,Sarah,Nilsson,vjansson@example.org,F,1983-04-10,2023-05-15,SE,Sweden,Nordic,Uddevalla,email,false
CUST001832,Graham,Nelson,vincent17@example.net,F,2007-11-02,2024-01-10,GB,United Kingdom,Western Europe,Natashaville,referral,false
CUST001833,Keith,Williamson,barkerkenneth@example.org,Undisclosed,1950-02-07,2024-10-17,GB,United Kingdom,Western Europe,New Frank,referral,true
CUST001834,Ali,Vos,eijkelboomalex@example.net,M,2004-11-23,2023-11-13,NL,Netherlands,Western Europe,Breezand,paid_search,true
CUST001835,Samanta,Muro,dafneserna@example.net,Undisclosed,1999-03-07,2024-10-28,ES,Spain,Southern Europe,Salamanca,email,false
CUST001836,Jort,Evers,coretjohanna@example.org,M,1958-04-24,2024-04-13,NL,Netherlands,Western Europe,De Glind,social_media,false
CUST001837,Holm,Häring,adlerstjepan@example.net,M,1949-01-31,2024-12-25,DE,Germany,Western Europe,Kyritz,email,false
CUST001838,Thérèse,Philippe,lorraine83@example.com,M,1993-11-17,2023-01-12,FR,France,Western Europe,Texier-les-Bains,paid_search,false
CUST001839,Ruggiero,Lupo,,F,1995-06-20,2024-07-15,IT,Italy,Southern Europe,Collinas,social_media,false
CUST001840,Thorben,Gorlitz,,M,1980-03-23,2025-02-03,DE,Germany,Western Europe,Bitterfeld,referral,true
CUST001841,Élodie,Bruneau,louischarles@example.org,M,1958-07-27,2024-03-16,FR,France,Western Europe,Saint Laurent-les-Bains,paid_search,true
CUST001842,Luce,Allain,olivie32@example.com,Undisclosed,1965-11-16,2024-10-28,FR,France,Western Europe,Pasquier-sur-Guillou,organic_search,false
CUST001843,Nathalie,Guillot,martin64@example.com,Undisclosed,1981-10-14,2025-09-24,FR,France,Western Europe,Sainte Roland,organic_search,true
CUST001844,Leigh,Poole,garylong@example.com,M,1949-10-17,2024-12-02,GB,United Kingdom,Western Europe,Francismouth,paid_search,true
CUST001845,Marta,Opizzi,brunelleschilucio@example.net,F,1993-03-09,2024-10-26,IT,Italy,Southern Europe,Favignana,referral,false
CUST001846,Josefa,Naser,iwona57@example.com,M,1970-11-22,2024-02-14,DE,Germany,Western Europe,Hannover,direct,false
CUST001847,Hans-Hermann,Heidrich,ijohann@example.net,F,1985-08-23,2025-12-23,DE,Germany,Western Europe,Bad Langensalza,organic_search,false
CUST001848,Stefania,Kusch,sahin77@example.com,F,1977-03-26,2025-01-09,DE,Germany,Western Europe,Merseburg,email,true
CUST001849,Alfio,Cilea,elmopavarotti@example.com,Undisclosed,1999-04-29,2025-08-01,IT,Italy,Southern Europe,Nodica,referral,true
CUST001850,Tracey,Owen,oscott@example.org,M,1975-03-30,2023-10-15,GB,United Kingdom,Western Europe,East Jenna,organic_search,true
CUST001851,Anaïs,Georges,martingauthier@example.org,F,1955-11-19,2025-11-15,FR,France,Western Europe,Marques,social_media,false
CUST001852,Federico,Mateos,alfredovalencia@example.com,Undisclosed,2002-02-24,2024-08-01,ES,Spain,Southern Europe,Ceuta,organic_search,true
CUST001853,Trinidad,Cuesta,amandavalera@example.com,F,1978-11-05,2025-12-25,ES,Spain,Southern Europe,Huelva,email,true
CUST001854,Albina,Mancebo,bautistamoises@example.net,M,1955-04-24,2023-05-30,ES,Spain,Southern Europe,Melilla,direct,true
CUST001855,Alberico,Marzorati,agagliano@example.com,M,1988-08-28,2024-11-07,IT,Italy,Southern Europe,Braone,direct,false
CUST001856,Juliette,Rivière,louise49@example.com,Undisclosed,1986-06-15,2023-02-13,FR,France,Western Europe,Laporte,organic_search,true
CUST001857,Clara,Sáenz,nestor52@example.com,F,1949-12-23,2024-04-06,ES,Spain,Southern Europe,León,social_media,false
CUST001858,Charlene,Barnes,helen33@example.com,M,2005-01-05,2024-02-15,GB,United Kingdom,Western Europe,Ashleighfort,direct,true
CUST001859,Jovita,Ferreras,catalina59@example.com,F,2007-01-20,2024-01-22,ES,Spain,Southern Europe,Guadalajara,referral,true
CUST001860,Zakaria,van Mook,jolijnpaillet@example.org,M,2006-04-14,2023-09-18,NL,Netherlands,Western Europe,Ammerstol,paid_search,true
CUST001861,Estrella,Montoya,ariadna16@example.org,M,1951-03-20,2024-02-18,ES,Spain,Southern Europe,Lleida,paid_search,false
CUST001862,Lotte,Schenk,colin76@example.org,M,1994-02-16,2023-02-25,NL,Netherlands,Western Europe,Epse,email,true
CUST001863,Hellmuth,Schulz,minna07@example.org,F,1945-11-21,2025-06-28,DE,Germany,Western Europe,Jüterbog,email,false
CUST001864,Stanley,Jones,ymoore@example.com,Undisclosed,1967-01-23,2025-03-28,GB,United Kingdom,Western Europe,Port Leah,organic_search,true
CUST001865,Lennart,Andersson,sonialindgren@example.org,F,2005-11-22,2025-11-03,SE,Sweden,Nordic,Motala,paid_search,true
CUST001866,Pierina,Amaldi,gionata66@example.net,M,1965-12-22,2025-09-28,IT,Italy,Southern Europe,San Lorenzo De' Picenardi,paid_search,true
CUST001867,Angelo,Siering,friedrich-karlhuebel@example.org,F,1989-07-04,2025-11-04,DE,Germany,Western Europe,Bitterfeld,organic_search,true
CUST001868,Ralf-Peter,Röhricht,vittorio27@example.net,F,1956-05-13,2025-02-17,DE,Germany,Western Europe,Zerbst,social_media,true
CUST001869,Hans-Theo,Trapp,ekkehart47@example.com,F,1986-12-16,2025-06-08,DE,Germany,Western Europe,Güstrow,organic_search,false
CUST001870,Jayden,Horrocks,,Undisclosed,1967-08-26,2025-08-23,NL,Netherlands,Western Europe,Alphen aan den Rijn,social_media,true
CUST001871,Carmina,Tejada,badiarufina@example.com,F,1970-10-13,2023-10-16,ES,Spain,Southern Europe,Guadalajara,paid_search,true
CUST001872,Sylvester,Seidel,brogner@example.net,F,1967-09-22,2025-08-20,DE,Germany,Western Europe,Eisenhüttenstadt,direct,false
CUST001873,Anna,Davey,molly04@example.com,M,1948-05-12,2025-01-31,GB,United Kingdom,Western Europe,Lake Waynefort,referral,true
CUST001874,Cristian,Yáñez,bayoenrique@example.org,F,1956-10-19,2024-01-07,ES,Spain,Southern Europe,Ávila,paid_search,false
CUST001875,Stan,Walter,yinthe55@example.org,M,1996-10-11,2025-04-06,NL,Netherlands,Western Europe,Brantgum,organic_search,true
CUST001876,Valerie,Matthews,,Undisclosed,1949-11-29,2024-11-10,GB,United Kingdom,Western Europe,Grahamfurt,email,true
CUST001877,Lucy,Walsh,lorrainewest@example.org,F,1997-08-03,2025-02-11,GB,United Kingdom,Western Europe,Julianbury,organic_search,false
CUST001878,Lee,Graham,berrynicole@example.org,F,1993-02-18,2024-04-01,GB,United Kingdom,Western Europe,South Luke,email,false
CUST001879,Honoré,Dos Santos,vasseurpatricia@example.org,Undisclosed,1979-10-01,2025-06-20,FR,France,Western Europe,Breton,email,false
CUST001880,Jack,Dennis,qdavey@example.com,M,1965-05-24,2024-06-10,GB,United Kingdom,Western Europe,Brownchester,direct,true
CUST001881,Ben,Melet,brievinghjort@example.net,Undisclosed,1961-04-20,2025-09-05,NL,Netherlands,Western Europe,Zuidhorn,paid_search,true
CUST001882,Biagio,Pacelli,waldobrandi@example.net,F,1980-04-30,2023-10-20,IT,Italy,Southern Europe,Sant'Ilario Milanese,social_media,true
CUST001883,Teresa,Reid,ikelly@example.org,Undisclosed,1964-10-31,2024-05-26,GB,United Kingdom,Western Europe,Suzannestad,direct,false
CUST001884,José María,Nadal,mcuesta@example.net,M,1959-01-02,2025-11-30,ES,Spain,Southern Europe,Córdoba,paid_search,false
CUST001885,Tony,Baum,pdussen-van@example.com,Undisclosed,1976-01-02,2025-05-14,DE,Germany,Western Europe,Forchheim,organic_search,false
CUST001886,Russell,Thorpe,nathanthomas@example.org,F,1984-06-26,2023-04-09,GB,United Kingdom,Western Europe,Hollieborough,organic_search,true
CUST001887,Erdmute,Hein,oswin70@example.net,M,1984-04-04,2023-11-28,DE,Germany,Western Europe,Fürstenwalde,social_media,true
CUST001888,Marit,Girschner,jesselaleksandr@example.org,Undisclosed,2004-03-25,2025-04-10,DE,Germany,Western Europe,Forst,email,true
CUST001889,Tygo,de Leeuw,ude-kok@example.com,M,1986-08-21,2024-07-26,NL,Netherlands,Western Europe,Genemuiden,paid_search,false
CUST001890,Lena,Marklund,mjonsson@example.com,Undisclosed,1962-08-05,2024-11-29,SE,Sweden,Nordic,Trelleborg,organic_search,false
CUST001891,Elly,Binner,ackermannmonika@example.org,M,2004-01-05,2025-11-29,DE,Germany,Western Europe,Gunzenhausen,referral,true
CUST001892,Nathalie,Duhamel,baillycapucine@example.com,F,1956-07-15,2023-07-13,FR,France,Western Europe,Saint Alexandrie-sur-Mer,direct,false
CUST001893,Lino,Rios,teoperalta@example.org,M,1990-02-28,2023-09-16,ES,Spain,Southern Europe,Granada,organic_search,true
CUST001894,Jonathan,Meyer,dussen-vanlambert@example.org,Undisclosed,2006-01-25,2025-03-25,DE,Germany,Western Europe,Coburg,direct,true
CUST001895,Stephen,Clark,shawalice@example.org,Undisclosed,1995-01-03,2023-02-04,GB,United Kingdom,Western Europe,South Rosemary,paid_search,true
CUST001896,Casper,Keijser,marinus09@example.com,Undisclosed,1960-05-06,2025-12-27,NL,Netherlands,Western Europe,Borne,paid_search,true
CUST001897,Jean,Williams,bdavies@example.org,F,1977-05-17,2023-12-06,GB,United Kingdom,Western Europe,Jarvistown,direct,true
CUST001898,Inge,Holzapfel,sontagcarl@example.com,M,1994-08-08,2025-05-18,DE,Germany,Western Europe,Flöha,referral,false
CUST001899,Marie,Pons,andre43@example.org,M,2000-10-29,2025-09-02,FR,France,Western Europe,Saint Geneviève,social_media,false
CUST001900,Ligia,Arévalo,ytorres@example.org,F,1965-03-07,2024-03-03,ES,Spain,Southern Europe,Ávila,email,true
CUST001901,Karen,Slater,caroline78@example.org,F,1970-12-13,2023-10-22,GB,United Kingdom,Western Europe,West Ruth,paid_search,false
CUST001902,Pero,Mosemann,rudolph29@example.com,M,1969-04-29,2025-03-11,DE,Germany,Western Europe,Donaueschingen,social_media,true
CUST001903,Chema,Isern,xraya@example.com,Undisclosed,2005-11-22,2025-04-02,ES,Spain,Southern Europe,Guipúzcoa,email,true
CUST001904,Nathalie,Stiffel,frederike77@example.net,F,1956-11-11,2024-07-18,DE,Germany,Western Europe,Illertissen,referral,true
CUST001905,Fien,Klomp Jan,esmeevrancken@example.net,F,2003-08-08,2025-08-22,NL,Netherlands,Western Europe,Zeeland,referral,false
CUST001906,Mariechen,Süßebier,zitazorbach@example.org,Undisclosed,1972-08-27,2023-11-11,DE,Germany,Western Europe,Lüdenscheid,social_media,true
CUST001907,Edvin,Abrahamsson,astromanna@example.net,Undisclosed,1983-02-21,2025-02-20,SE,Sweden,Nordic,Mölndal,referral,true
CUST001908,Virginie,Besson,claudine15@example.net,F,1983-01-02,2025-09-24,FR,France,Western Europe,Barbenec,direct,false
CUST001909,Anouk,Lagarde,hortensemarty@example.net,Undisclosed,1996-10-29,2024-05-09,FR,France,Western Europe,Saint Luciedan,email,true
CUST001910,Irena,Ackermann,martataesche@example.org,Undisclosed,2006-06-19,2023-08-04,DE,Germany,Western Europe,Norden,social_media,false
CUST001911,Olivier,Faivre,davidlemonnier@example.com,M,1973-04-27,2025-05-09,FR,France,Western Europe,Lacroix,organic_search,false
CUST001912,Amadeo,Malaparte,federicoalfio@example.org,M,1953-12-03,2024-05-12,IT,Italy,Southern Europe,Ribordone,organic_search,false
CUST001913,Karl,Torstensson,madeleinemohammad@example.org,Undisclosed,1974-05-24,2025-02-08,SE,Sweden,Nordic,Piteå,referral,true
CUST001914,Théophile,Le Goff,sdubois@example.net,F,1972-01-26,2023-07-21,FR,France,Western Europe,Guillaume,direct,false
CUST001915,Luce,Bonneau,aurelie99@example.com,Undisclosed,1986-01-22,2025-03-17,FR,France,Western Europe,Sainte Arthur,email,true
CUST001916,Lucas,van Northeim,wuphus@example.org,M,2004-04-14,2025-03-27,NL,Netherlands,Western Europe,Ottersum,organic_search,true
CUST001917,Marcella,Vasari,,F,1998-01-25,2024-01-06,IT,Italy,Southern Europe,Villamagna,email,true
CUST001918,Lydia,Jones,nholmes@example.com,Undisclosed,1947-07-18,2025-07-24,GB,United Kingdom,Western Europe,Thomasfort,paid_search,false
CUST001919,Éric,Perez,ollivierphilippe@example.net,Undisclosed,1962-05-20,2025-07-02,FR,France,Western Europe,Sainte Alexboeuf,social_media,true
CUST001920,Tristan,Ruiz,josettelelievre@example.org,Undisclosed,1983-04-16,2024-03-04,FR,France,Western Europe,Fabrenec,email,false
CUST001921,Emily,Boer,artsjanne@example.org,M,1980-02-20,2023-12-19,NL,Netherlands,Western Europe,Sexbierum,referral,true
CUST001922,Karl,Textor,paffrathhans-bernd@example.com,Undisclosed,1984-02-19,2024-10-10,DE,Germany,Western Europe,Pinneberg,email,false
CUST001923,Georgia,Hughes,smithterence@example.net,F,2007-01-30,2025-10-15,GB,United Kingdom,Western Europe,Harrisburgh,direct,false
CUST001924,Aurélie,Masson,charpentierjosephine@example.com,M,1992-06-02,2024-12-19,FR,France,Western Europe,Garnier,paid_search,false
CUST001925,Adelardo,Ponce,almatorre@example.org,Undisclosed,1998-06-22,2023-02-02,ES,Spain,Southern Europe,Vizcaya,referral,false
CUST001926,Hellmuth,Karge,tbeyer@example.org,F,2004-08-01,2023-12-31,DE,Germany,Western Europe,Geldern,direct,false
CUST001927,Roger,Khan,hmann@example.org,M,1996-01-24,2024-06-23,GB,United Kingdom,Western Europe,South Jeanstad,email,true
CUST001928,Laura,Thomson,hbrown@example.net,M,1952-12-01,2024-08-24,GB,United Kingdom,Western Europe,Jonesview,email,true
CUST001929,Gary,Hopkins,brandall@example.org,M,2005-06-01,2024-05-18,GB,United Kingdom,Western Europe,Alicefurt,paid_search,true
CUST001930,Andreas,Fritsch,semraetzler@example.org,F,1951-07-24,2024-05-17,DE,Germany,Western Europe,Stollberg,social_media,true
CUST001931,Karen,Bevan,katieknowles@example.net,M,1978-03-15,2023-02-12,GB,United Kingdom,Western Europe,Port Sylviaburgh,referral,true
CUST001932,Reece,Kennedy,cclark@example.org,M,1954-10-01,2025-04-24,GB,United Kingdom,Western Europe,Brownton,email,false
CUST001933,Fiona,Hill,clarkrosie@example.com,M,1966-04-29,2025-01-15,GB,United Kingdom,Western Europe,West Norman,paid_search,false
CUST001934,Alice,Jones,mroberts@example.net,M,1960-04-03,2025-01-01,GB,United Kingdom,Western Europe,East Charlotteside,direct,true
CUST001935,Nikki,van de Velde,jonesisabel@example.org,Undisclosed,1955-07-31,2023-09-21,NL,Netherlands,Western Europe,Bovensmilde,referral,false
CUST001936,Fidel,Huerta,evilanova@example.net,Undisclosed,1988-05-06,2023-08-03,ES,Spain,Southern Europe,Santa Cruz de Tenerife,direct,true
CUST001937,Odette,Lesage,maurice46@example.org,M,1948-08-08,2025-08-10,FR,France,Western Europe,Valette,email,false
CUST001938,Lucila,Pereira,mamoros@example.net,Undisclosed,1972-04-10,2023-05-13,ES,Spain,Southern Europe,Pontevedra,direct,true
CUST001939,Jane,Willis,scottjones@example.net,F,1997-02-02,2024-12-12,GB,United Kingdom,Western Europe,East June,organic_search,false
CUST001940,Anthony,Lindau,aleksandra16@example.net,Undisclosed,1950-03-13,2024-05-31,DE,Germany,Western Europe,Vilsbiburg,email,true
CUST001941,Paul-Heinz,Holsten,larasegebahn@example.org,Undisclosed,1972-06-11,2025-03-22,DE,Germany,Western Europe,Monschau,social_media,false
CUST001942,Thibault,Lelièvre,thibaut89@example.com,M,1980-06-26,2024-04-21,FR,France,Western Europe,Collin-les-Bains,referral,false
CUST001943,Amelia,Noriega,fnavas@example.net,M,1981-12-08,2023-01-14,ES,Spain,Southern Europe,Córdoba,organic_search,true
CUST001944,Angelina,Oda,sophie44@example.net,F,1966-12-26,2025-12-20,NL,Netherlands,Western Europe,Molenhoek,referral,true
CUST001945,Victoria,Heras,,Undisclosed,1984-03-14,2024-01-07,ES,Spain,Southern Europe,Huelva,organic_search,true
CUST001946,Victoria,White,alex58@example.net,M,1986-05-12,2025-04-06,GB,United Kingdom,Western Europe,Daviesborough,email,false
CUST001947,Théodore,Aubert,suzannepires@example.net,M,1992-06-10,2023-10-11,FR,France,Western Europe,Mendès,direct,false
CUST001948,Hakan,Drubin,harald79@example.net,M,1994-12-28,2024-05-31,DE,Germany,Western Europe,Soest,social_media,true
CUST001949,Véronique,Marques,lucasjoseph@example.net,M,1958-02-21,2024-11-26,FR,France,Western Europe,Besson-sur-Mer,referral,true
CUST001950,Hélène,Jacques,tguillet@example.com,F,1982-04-03,2023-05-02,FR,France,Western Europe,Rodrigues,referral,true
CUST001951,Waltraut,Kohl,edeltraut14@example.org,Undisclosed,2001-01-06,2023-01-10,DE,Germany,Western Europe,Ahaus,organic_search,true
CUST001952,Susanna,Oderwald,grafmaren@example.com,Undisclosed,1976-08-18,2024-01-22,DE,Germany,Western Europe,Oranienburg,social_media,true
CUST001953,Teresa,Robinson,dryan@example.com,M,1986-03-11,2023-11-13,GB,United Kingdom,Western Europe,South Amandafurt,paid_search,true
CUST001954,Ravi,Claesdr,giel22@example.org,Undisclosed,1948-06-22,2025-06-30,NL,Netherlands,Western Europe,Breedenbroek,organic_search,false
CUST001955,Kristina,Svensson,elias84@example.org,Undisclosed,1992-05-31,2024-08-19,SE,Sweden,Nordic,Borås,organic_search,false
CUST001956,Costanzo,Moresi,zitoatenulf@example.org,M,1988-03-03,2024-01-31,IT,Italy,Southern Europe,Marina Di Grosseto,direct,false
CUST001957,Marian,Butler,sharon33@example.org,F,1996-11-02,2025-07-06,GB,United Kingdom,Western Europe,Lynnstad,social_media,true
CUST001958,Isabelle,Prévost,henrisimon@example.net,M,1997-07-24,2024-05-05,FR,France,Western Europe,Picard,organic_search,false
CUST001959,Shaun,Green,nmartin@example.org,Undisclosed,1996-01-27,2023-07-22,GB,United Kingdom,Western Europe,Danielleville,referral,false
CUST001960,Ismael,Herranz,hozramona@example.com,F,1976-12-14,2024-02-16,ES,Spain,Southern Europe,Cádiz,direct,false
CUST001961,Ignaz,Steckel,karl-hermanndoering@example.org,F,1966-09-04,2025-04-07,DE,Germany,Western Europe,Rosenheim,social_media,false
CUST001962,Eugène,Faure,ncohen@example.org,M,1973-06-26,2025-03-07,FR,France,Western Europe,Pichon-les-Bains,direct,true
CUST001963,María Del Carmen,Llabrés,bpinto@example.net,F,1959-08-23,2025-12-16,ES,Spain,Southern Europe,Las Palmas,referral,true
CUST001964,Laetitia,Chevallier,tristan07@example.net,F,2002-09-22,2024-10-04,FR,France,Western Europe,Seguin-sur-Mer,email,true
CUST001965,Jill,Patel,gareth19@example.net,Undisclosed,1999-04-24,2024-12-21,GB,United Kingdom,Western Europe,Martinmouth,direct,true
CUST001966,Gregory,Sutton,carol43@example.net,F,1971-07-04,2025-11-07,GB,United Kingdom,Western Europe,Huntshire,paid_search,true
CUST001967,Torben,Trüb,frederikethanel@example.org,F,2000-02-17,2024-10-17,DE,Germany,Western Europe,Königs Wusterhausen,referral,true
CUST001968,Bernadette,Ramos,agnes60@example.com,Undisclosed,1975-12-27,2023-04-03,FR,France,Western Europe,Blancnec,social_media,true
CUST001969,Raymond,Voisin,adele34@example.com,M,1956-06-10,2024-05-07,FR,France,Western Europe,Vasseur,email,true
CUST001970,Ottokar,Biggen,milenabeier@example.com,F,1997-06-13,2025-01-31,DE,Germany,Western Europe,Bremen,paid_search,false
CUST001971,Birgitt,Binner,dittmarschmiedt@example.net,Undisclosed,1962-09-21,2025-05-15,DE,Germany,Western Europe,Pasewalk,direct,false
CUST001972,Rosa María,Ruano,victor24@example.org,M,1964-08-20,2025-04-18,ES,Spain,Southern Europe,Ceuta,paid_search,false
CUST001973,Daniel,Grondin,klanglois@example.net,M,2005-01-03,2024-06-03,FR,France,Western Europe,Saint Henriette-les-Bains,email,true
CUST001974,Damian,Brown,lorraine76@example.org,F,1958-12-24,2024-04-01,GB,United Kingdom,Western Europe,North Oliverview,email,true
CUST001975,Françoise,Samson,elisabethdenis@example.com,Undisclosed,1970-10-15,2024-01-11,FR,France,Western Europe,Brunet,direct,false
CUST001976,Silvia,Donà,gioelealighieri@example.com,Undisclosed,1997-10-31,2024-08-06,IT,Italy,Southern Europe,Pavone Canavese,organic_search,false
CUST001977,Anaïs,Dufour,charriercorinne@example.org,M,1957-01-17,2024-02-18,FR,France,Western Europe,Sainte Honoré,referral,true
CUST001978,Henriette,Lopes,olivierraynaud@example.com,F,1977-02-24,2025-08-18,FR,France,Western Europe,De Sousa,paid_search,true
CUST001979,Gionata,Cutrufo,jolandacapone@example.net,M,1989-03-30,2023-05-19,IT,Italy,Southern Europe,Borgo Carige,email,true
CUST001980,Lucio,Serna,pielias@example.org,F,1981-09-03,2025-10-28,ES,Spain,Southern Europe,Soria,organic_search,true
CUST001981,Ronny,Pruschke,irogner@example.net,F,1977-06-08,2023-11-09,DE,Germany,Western Europe,Schlüchtern,paid_search,true
CUST001982,Flavio,Vaquero,higlesias@example.com,Undisclosed,2004-01-24,2025-03-12,ES,Spain,Southern Europe,Barcelona,paid_search,true
CUST001983,Joel,Clark,martingrace@example.com,M,2007-03-19,2024-11-18,GB,United Kingdom,Western Europe,Cooperport,paid_search,false
CUST001984,Andrew,Stevens,peter57@example.org,F,1998-06-05,2023-11-26,GB,United Kingdom,Western Europe,South Marie,organic_search,false
CUST001985,Ingolf,Faust,friedljacobi-jaeckel@example.com,F,1946-10-19,2025-11-26,DE,Germany,Western Europe,Mayen,social_media,false
CUST001986,Vittorio,Köhler,zenon67@example.net,F,2005-09-23,2023-03-20,DE,Germany,Western Europe,Monschau,organic_search,true
CUST001987,Tess,Jochems,stefcarnotte@example.org,F,2006-09-23,2025-03-04,NL,Netherlands,Western Europe,Delfstrahuizen,organic_search,true
CUST001988,Emma,Shah,karen05@example.com,Undisclosed,2005-01-11,2023-02-10,GB,United Kingdom,Western Europe,Fergusonport,social_media,false
CUST001989,Augustin,Voisin,valentine88@example.com,M,1950-04-18,2025-07-09,FR,France,Western Europe,Rémy,social_media,false
CUST001990,Alexander,Goudriaan,milanvan-de-kooij@example.org,Undisclosed,1955-08-13,2025-09-08,NL,Netherlands,Western Europe,Witte Paarden,paid_search,true
CUST001991,Eva María,Vázquez,benito08@example.org,M,1970-12-12,2024-08-10,ES,Spain,Southern Europe,León,paid_search,false
CUST001992,Veit,Kensy,zkaester@example.net,F,1987-12-30,2023-02-12,DE,Germany,Western Europe,Güstrow,direct,true
CUST001993,Jennifer,Reed,lee89@example.org,F,1975-03-06,2025-04-03,GB,United Kingdom,Western Europe,Lake Lorraineshire,email,false
CUST001994,Max,Speer,fliegnersybilla@example.com,M,1994-04-16,2025-08-01,DE,Germany,Western Europe,Wiedenbrück,social_media,false
CUST001995,Encarnita,Plana,ernesto23@example.org,F,1964-06-13,2025-03-27,ES,Spain,Southern Europe,Ceuta,paid_search,true
CUST001996,Vajèn,Huisman,brondermick@example.org,M,1958-12-02,2025-01-14,NL,Netherlands,Western Europe,Rijnsaterwoude,social_media,true
CUST001997,Rune,Larsson,robinpetersson@example.org,Undisclosed,2008-01-09,2025-03-15,SE,Sweden,Nordic,Stockholm,referral,false
CUST001998,Josip,Vogt,froehlichnatali@example.org,F,1978-07-12,2023-04-15,DE,Germany,Western Europe,Füssen,referral,false
CUST001999,Ercan,Budig,rgehringer@example.com,F,1991-03-28,2024-01-05,DE,Germany,Western Europe,Illertissen,direct,true
CUST002000,Frédérique,Lévy,claude74@example.net,F,2006-03-11,2024-07-13,FR,France,Western Europe,Lefort,referral,true
CUST002001,Maggie,Lopes,edith29@example.net,Undisclosed,2000-07-17,2023-11-05,FR,France,Western Europe,Merle-sur-Moulin,email,false
CUST002002,Xaver,Heydrich,margarethebarkholz@example.com,Undisclosed,1968-01-06,2025-12-22,DE,Germany,Western Europe,Northeim,organic_search,true
CUST002003,Lidia,Pirandello,,F,1949-03-04,2023-02-13,IT,Italy,Southern Europe,Cozzuolo,organic_search,false
CUST002004,Michaela,Ziegert,eitel28@example.org,F,1960-08-01,2024-12-31,DE,Germany,Western Europe,Monschau,organic_search,false
CUST002005,Corinne,Étienne,eugenerocher@example.net,M,1973-10-06,2024-10-08,FR,France,Western Europe,Humbertboeuf,paid_search,false
CUST002006,Alicia,Batalla,ceferino32@example.net,F,1998-06-02,2024-09-13,ES,Spain,Southern Europe,Almería,organic_search,false
CUST002007,Arnaude,Reynaud,blebon@example.org,Undisclosed,1947-10-07,2023-11-21,FR,France,Western Europe,Lemaître,direct,true
CUST002008,Serafina,Téllez,menajonatan@example.com,M,1972-08-27,2023-08-21,ES,Spain,Southern Europe,La Coruña,organic_search,true
CUST002009,Eleni,Gehringer,sheinz@example.org,F,1968-07-22,2025-02-19,DE,Germany,Western Europe,Sankt Goarshausen,social_media,false
CUST002010,Jake,Reeves,jenna61@example.org,M,1995-11-12,2024-01-08,GB,United Kingdom,Western Europe,East Sheilachester,referral,false
CUST002011,Friederike,Flantz,ydavids@example.net,F,1949-03-06,2024-11-26,DE,Germany,Western Europe,Nabburg,referral,false
CUST002012,Meta,Kobelt,antoninoeimer@example.com,Undisclosed,1991-11-15,2025-03-17,DE,Germany,Western Europe,Strasburg,direct,false
CUST002013,Marco,Calgari,bartoliezio@example.com,F,1948-05-01,2024-08-21,IT,Italy,Southern Europe,Mornese,email,true
CUST002014,Lisa,Geißler,schmiedeckeabbas@example.org,M,2006-09-23,2025-05-05,DE,Germany,Western Europe,Neustrelitz,social_media,true
CUST002015,Kerry,Hammond,phillipsiain@example.net,Undisclosed,1987-05-19,2025-09-29,GB,United Kingdom,Western Europe,Ashleyland,social_media,false
CUST002016,Lucy,Diallo,qseguin@example.org,M,1993-04-25,2025-07-08,FR,France,Western Europe,Pereiradan,direct,false
CUST002017,Anaïs,Maillot,mariejacquet@example.org,Undisclosed,1990-12-08,2023-06-14,FR,France,Western Europe,Lemonnier,referral,true
CUST002018,Liberto,Magrassi,wsamele@example.net,M,1990-02-25,2024-09-11,IT,Italy,Southern Europe,Cremosano,direct,false
CUST002019,Gitta,Junken,yheinz@example.com,M,1960-01-05,2025-02-07,DE,Germany,Western Europe,Moers,social_media,true
CUST002020,Daniel,Cornelisz,johannaketel@example.org,M,1985-09-03,2024-12-10,NL,Netherlands,Western Europe,Driebruggen,organic_search,false
CUST002021,Inger,Granath,eliasjohansson@example.org,Undisclosed,1968-04-29,2023-06-23,SE,Sweden,Nordic,Karlskoga,organic_search,true
CUST002022,Carly,King,hayleywilliams@example.org,F,1991-05-22,2023-08-08,GB,United Kingdom,Western Europe,Carolynborough,paid_search,true
CUST002023,Virginia,Sforza,,M,1990-05-03,2023-06-04,IT,Italy,Southern Europe,Baradili,referral,true
CUST002024,Celal,Binner,gert63@example.com,M,1947-10-26,2023-11-16,DE,Germany,Western Europe,Königs Wusterhausen,social_media,true
CUST002025,Margaux,Chauvin,sylviemahe@example.com,Undisclosed,1999-01-06,2023-09-07,FR,France,Western Europe,Lebreton,paid_search,true
CUST002026,Grégoire,Millet,,F,1996-05-26,2023-07-07,FR,France,Western Europe,Delmasboeuf,direct,true
CUST002027,Stef,Geldens,aidenkoning@example.com,M,1978-10-25,2025-03-03,NL,Netherlands,Western Europe,Niehove,direct,false
CUST002028,Christina,Viklund,arturblomqvist@example.net,Undisclosed,2007-06-05,2024-01-17,SE,Sweden,Nordic,Umeå,organic_search,false
CUST002029,Louise,Alves,xmorel@example.org,F,1994-02-03,2024-01-14,FR,France,Western Europe,Bonneau,referral,true
CUST002030,Livia,van Zwaben,nout01@example.com,F,1959-05-30,2023-09-11,NL,Netherlands,Western Europe,Herwen,paid_search,true
CUST002031,Nadja,Walter,mehmetstiffel@example.net,Undisclosed,1996-04-25,2025-03-19,DE,Germany,Western Europe,Peine,direct,false
CUST002032,Molly,Chapman,lball@example.net,Undisclosed,1998-01-23,2024-03-22,GB,United Kingdom,Western Europe,South Marieside,organic_search,false
CUST002033,Brett,Brown,shannon70@example.com,F,1985-10-14,2024-07-30,GB,United Kingdom,Western Europe,South Helenmouth,direct,true
CUST002034,Sven,Gustafsson,patriciapettersson@example.org,Undisclosed,1990-01-20,2025-05-30,SE,Sweden,Nordic,Mölndal,direct,true
CUST002035,Bernard,Thomas,hannah40@example.net,M,2001-08-02,2024-10-14,GB,United Kingdom,Western Europe,Smithtown,referral,true
CUST002036,Élise,Morvan,erousseau@example.com,M,1974-01-16,2024-06-21,FR,France,Western Europe,Sainte Pauline,email,false
CUST002037,Antoinette,Speer,oestrovskyclaere@example.org,Undisclosed,1983-04-09,2025-10-20,DE,Germany,Western Europe,Chemnitz,paid_search,true
CUST002038,Ivana,Jüttner,stephaniekrebs@example.net,M,1957-09-29,2023-12-16,DE,Germany,Western Europe,Ansbach,social_media,false
CUST002039,Isidor,Naser,vbudig@example.net,F,1947-02-03,2025-08-07,DE,Germany,Western Europe,Darmstadt,email,false
CUST002040,Isaac,Launay,jean44@example.com,M,1959-07-28,2023-02-20,FR,France,Western Europe,Étienne,direct,true
CUST002041,Jesusa,Bayona,malomartin@example.net,Undisclosed,1950-11-14,2025-03-29,ES,Spain,Southern Europe,Baleares,paid_search,true
CUST002042,Antony,Clark,watsongary@example.com,F,1976-05-23,2024-03-20,GB,United Kingdom,Western Europe,Adrianhaven,paid_search,true
CUST002043,Jayne,White,elewis@example.net,Undisclosed,1951-05-08,2025-10-15,GB,United Kingdom,Western Europe,Colinstad,paid_search,false
CUST002044,Traude,Hermann,reimundgraf@example.net,F,1995-01-15,2025-10-19,DE,Germany,Western Europe,Schweinfurt,direct,true
CUST002045,Octavio,Cueto,barrosofermin@example.org,M,1981-03-18,2024-12-24,ES,Spain,Southern Europe,Lugo,referral,false
CUST002046,Faas,van de Water,bas56@example.com,F,1998-06-25,2023-10-17,NL,Netherlands,Western Europe,Pingjum,organic_search,false
CUST002047,Fanny,Nette,gundolfgrein-groth@example.net,Undisclosed,1998-04-26,2023-11-21,DE,Germany,Western Europe,Wolfenbüttel,organic_search,true
CUST002048,Liv,van Kuijc,mettevan-vermandois@example.net,Undisclosed,1972-01-14,2025-12-20,NL,Netherlands,Western Europe,Minnertsga,social_media,false
CUST002049,Jemma,Connolly,,F,2006-12-04,2023-05-10,GB,United Kingdom,Western Europe,North Alisonborough,social_media,true
CUST002050,Gisa,Köhler,rudolphnorman@example.org,M,1989-10-29,2024-10-02,DE,Germany,Western Europe,Lübeck,referral,false
CUST002051,Aaron,Watts,morgangillian@example.org,M,1986-02-24,2024-11-09,GB,United Kingdom,Western Europe,New Barryfort,referral,true
CUST002052,Maurice,Baldwin,jfisher@example.net,Undisclosed,2000-11-10,2024-04-30,GB,United Kingdom,Western Europe,Port Kimmouth,organic_search,false
CUST002053,Klaus-Michael,Bender,ludwigreising@example.com,F,2004-02-12,2025-11-12,DE,Germany,Western Europe,Bautzen,organic_search,false
CUST002054,Eraldo,Liverotti,gabriella24@example.com,Undisclosed,1968-10-25,2025-08-05,IT,Italy,Southern Europe,Rocca Canavese,email,false
CUST002055,Mario,Marín,pascualcarlito@example.com,F,1973-05-15,2024-01-31,ES,Spain,Southern Europe,Albacete,organic_search,false
CUST002056,Sofie,van den Velde,nick21@example.org,M,1986-09-17,2024-05-20,NL,Netherlands,Western Europe,Deil,email,true
CUST002057,Elliott,Gregory,geoffrey14@example.com,M,1958-02-10,2024-07-12,GB,United Kingdom,Western Europe,New Jason,referral,true
CUST002058,Zoé,Samson,benoitbaron@example.com,F,1983-02-15,2024-01-21,FR,France,Western Europe,Chevalier-la-Forêt,organic_search,true
CUST002059,Selena,van Boulogne,elias60@example.com,M,1952-01-04,2025-12-08,NL,Netherlands,Western Europe,Netersel,organic_search,false
CUST002060,Joan,Harper,lee21@example.org,F,2006-05-05,2024-06-18,GB,United Kingdom,Western Europe,Thomasstad,email,true
CUST002061,Giovanni,Schäfer,griehl@example.com,F,1983-11-15,2025-01-24,DE,Germany,Western Europe,Bogen,email,true
CUST002062,Stuart,Yates,leslie29@example.net,M,1946-10-30,2025-06-28,GB,United Kingdom,Western Europe,Lloydberg,paid_search,false
CUST002063,Saturnino,Adadia,malenavergara@example.org,F,1992-01-20,2024-08-06,ES,Spain,Southern Europe,Ourense,social_media,false
CUST002064,Sharon,Kelly,valeriefrench@example.org,M,1991-01-24,2025-01-25,GB,United Kingdom,Western Europe,Lucashaven,direct,false
CUST002065,Sami,Sager,moritz26@example.net,F,1965-04-04,2024-10-25,DE,Germany,Western Europe,Grafenau,social_media,true
CUST002066,Elodia,Valenciano,riverajose-mari@example.net,F,1945-10-13,2025-11-13,ES,Spain,Southern Europe,La Coruña,organic_search,true
CUST002067,Fernando,Rust,justineherrmann@example.net,Undisclosed,1958-03-25,2023-11-07,DE,Germany,Western Europe,Stuttgart,social_media,false
CUST002068,Nicolas,Menard,gillesmendes@example.org,F,1996-05-16,2024-11-23,FR,France,Western Europe,Saint Marianne,referral,true
CUST002069,Veronika,Dowerg,neimer@example.com,Undisclosed,1984-10-13,2025-12-10,DE,Germany,Western Europe,Stadtsteinach,organic_search,true
CUST002070,Alexandre,Pasquier,michellemasson@example.net,M,1952-12-17,2025-07-07,FR,France,Western Europe,Leclerc,organic_search,true
CUST002071,Flora,Casal,jcobos@example.net,M,2004-10-21,2023-04-18,ES,Spain,Southern Europe,Guadalajara,paid_search,true
CUST002072,Henry,Williams,hlamb@example.net,M,1959-05-26,2023-11-09,GB,United Kingdom,Western Europe,East Janet,direct,false
CUST002073,Türkan,Höfig,hans-heinrich37@example.com,F,1975-06-14,2023-02-09,DE,Germany,Western Europe,Greifswald,direct,false
CUST002074,Augusto,Bianchini,rismondoronaldo@example.org,F,1996-08-09,2023-05-20,IT,Italy,Southern Europe,Lugnano Citta' Di Castello,email,true
CUST002075,Elmo,Lopresti,gastone61@example.com,M,1964-09-09,2024-12-16,IT,Italy,Southern Europe,Bognanco,paid_search,false
CUST002076,Baccio,Santi,eangeli@example.net,Undisclosed,1969-05-09,2024-03-11,IT,Italy,Southern Europe,San Pietro Di Caltagirone,social_media,false
CUST002077,Nicole,Hofmann,tomasgute@example.net,F,2002-10-23,2025-02-05,DE,Germany,Western Europe,Königs Wusterhausen,social_media,false
CUST002078,Aaron,Brown,shaun73@example.com,F,1961-08-20,2024-02-05,GB,United Kingdom,Western Europe,Cooperside,email,true
CUST002079,Karl,Bengtsson,eltonnilsson@example.net,Undisclosed,2004-05-05,2025-07-01,SE,Sweden,Nordic,Falun,paid_search,true
CUST002080,Jose Antonio,Luna,barrosclaudia@example.org,Undisclosed,1962-11-02,2023-08-19,ES,Spain,Southern Europe,Valladolid,paid_search,true
CUST002081,Ada,Fischer,ernaoestrovsky@example.net,Undisclosed,1947-01-06,2024-09-03,DE,Germany,Western Europe,Tübingen,social_media,false
CUST002082,Wolfgang,Gude,vrosenow@example.org,M,1958-06-08,2023-04-22,DE,Germany,Western Europe,Wismar,organic_search,false
CUST002083,Marc,Johnson,diane44@example.net,M,1991-04-07,2023-01-26,GB,United Kingdom,Western Europe,Lewisfurt,direct,false
CUST002084,Antonino,Morandi,pferrazzi@example.com,F,1969-12-20,2024-11-01,IT,Italy,Southern Europe,Ortona Porto,email,false
CUST002085,Sharon,Andrews,staceyshepherd@example.org,F,1946-10-20,2024-05-23,GB,United Kingdom,Western Europe,North Annaberg,referral,true
CUST002086,Jade,Ali,victoriataylor@example.org,M,1995-12-12,2023-01-23,GB,United Kingdom,Western Europe,North Gailside,direct,true
CUST002087,Jessika,Hamann,itrupp@example.org,F,1960-07-20,2023-07-19,DE,Germany,Western Europe,Bruchsal,direct,false
CUST002088,Simon,Hermans,ridderalexander@example.net,M,1964-10-06,2023-06-05,NL,Netherlands,Western Europe,Zwartemeer,organic_search,false
CUST002089,Águeda,Guzmán,fgallart@example.com,F,1987-04-25,2023-10-18,ES,Spain,Southern Europe,Ávila,direct,true
CUST002090,Louise,Samson,sophie98@example.net,Undisclosed,1962-02-05,2025-09-02,FR,France,Western Europe,Sainte Marie,referral,false
CUST002091,Leonel,Diego,,F,1990-05-31,2024-07-07,ES,Spain,Southern Europe,Madrid,paid_search,true
CUST002092,Claes,Lindahl,lenaskog@example.org,F,2008-08-13,2023-05-14,SE,Sweden,Nordic,Stockholm,email,false
CUST002093,Katarzyna,Mentzel,wtextor@example.com,F,1983-07-16,2023-12-25,DE,Germany,Western Europe,Auerbach,social_media,false
CUST002094,Dorothy,White,robinsonalexandra@example.org,Undisclosed,1957-05-23,2025-09-08,GB,United Kingdom,Western Europe,East Jordan,paid_search,true
CUST002095,Gilles,Collet,louislacroix@example.org,F,1977-01-16,2025-07-06,FR,France,Western Europe,Sainte Maurice,email,false
CUST002096,Ximena,Fuente,amilcarcarranza@example.net,M,1970-08-19,2024-04-19,ES,Spain,Southern Europe,Soria,referral,false
CUST002097,Elaine,Owens,edyer@example.org,M,1957-05-06,2025-07-23,GB,United Kingdom,Western Europe,Joshuaside,social_media,true
CUST002098,Raymond,Cunningham,lydiawatts@example.com,F,1956-05-27,2024-10-18,GB,United Kingdom,Western Europe,North Carl,social_media,false
CUST002099,Juana,Delgado,bcamps@example.org,Undisclosed,1963-10-17,2024-12-12,ES,Spain,Southern Europe,León,email,false
CUST002100,Margaud,Duhamel,veroniquevalentin@example.net,M,1960-05-09,2025-01-07,FR,France,Western Europe,Lamy-les-Bains,social_media,false
CUST002101,Clelia,Gabba,uliguori@example.com,Undisclosed,1995-08-05,2025-08-13,IT,Italy,Southern Europe,Brignola,organic_search,false
CUST002102,Natalie,Bennett,carolharris@example.net,F,2005-03-17,2025-11-03,GB,United Kingdom,Western Europe,Port Annetteberg,referral,true
CUST002103,Antje,Dowerg,heinjenny@example.net,Undisclosed,1983-10-18,2023-10-13,DE,Germany,Western Europe,Lemgo,email,true
CUST002104,Bo,Oostveen,bramvan-den-broek@example.org,Undisclosed,2000-01-19,2025-10-23,NL,Netherlands,Western Europe,Edam,referral,true
CUST002105,Rosa,Benavent,vilmaayuso@example.net,M,1962-02-12,2024-04-09,ES,Spain,Southern Europe,Guipúzcoa,direct,false
CUST002106,Emmanuelle,Dufour,poirierraymond@example.com,F,2002-01-13,2025-03-19,FR,France,Western Europe,Bertrand,direct,false
CUST002107,Nieves,Giménez,ntrujillo@example.org,F,1993-03-27,2023-08-06,ES,Spain,Southern Europe,Melilla,paid_search,true
CUST002108,Piersanti,Vergerio,eleanoraroth@example.org,F,1951-02-20,2025-10-30,IT,Italy,Southern Europe,Feldthurns,social_media,true
CUST002109,Camille,Marques,rgaillard@example.com,Undisclosed,1947-09-21,2025-04-11,FR,France,Western Europe,Saint Renée,paid_search,true
CUST002110,Andreas,Hammar,olssongunilla@example.net,F,1997-03-27,2023-02-03,SE,Sweden,Nordic,Örebro,direct,true
CUST002111,Lieselotte,Renner,wolf-ruedigerdippel@example.com,M,1989-09-30,2023-05-18,DE,Germany,Western Europe,Bayreuth,direct,false
CUST002112,Luigi,Kramer,tschentschergeorgios@example.com,M,1991-06-05,2023-01-22,DE,Germany,Western Europe,Oberviechtach,social_media,false
CUST002113,Detlef,Ritter,katarina44@example.org,Undisclosed,2000-12-28,2025-09-06,DE,Germany,Western Europe,Saulgau,organic_search,false
CUST002114,Marissa,Borsellino,fluna@example.net,M,1955-12-06,2024-10-16,IT,Italy,Southern Europe,Serravalle D'Asti,email,true
CUST002115,Ruben,van Mil,amber90@example.com,M,1948-06-06,2025-05-15,NL,Netherlands,Western Europe,Veldhoven,direct,false
CUST002116,Doris,Binner,bmosemann@example.org,F,1945-11-15,2023-02-25,DE,Germany,Western Europe,Goslar,referral,true
CUST002117,Emmanuel,Étienne,obarre@example.com,Undisclosed,1994-12-11,2023-06-19,FR,France,Western Europe,Paris-les-Bains,email,false
CUST002118,Amy,Burrows,hpatel@example.org,F,1964-01-07,2024-11-21,GB,United Kingdom,Western Europe,West Lauren,referral,false
CUST002119,Liliana,Rust,kobeltlothar@example.org,Undisclosed,1971-03-23,2024-03-19,DE,Germany,Western Europe,Querfurt,direct,true
CUST002120,Giacinto,Giunti,segniarnulfo@example.com,M,1973-08-06,2025-11-02,IT,Italy,Southern Europe,Fiesso Umbertiano,referral,false
CUST002121,Roberta,Zaragoza,miriam09@example.net,Undisclosed,1958-04-04,2023-04-10,ES,Spain,Southern Europe,Asturias,email,false
CUST002122,Deborah,Smith,phillipsanthony@example.org,M,1981-08-26,2023-11-30,GB,United Kingdom,Western Europe,New Debratown,paid_search,true
CUST002123,Siv,Karlsson,elisabet42@example.net,M,1962-08-18,2024-02-12,SE,Sweden,Nordic,Borlänge,direct,true
CUST002124,Andrée,Royer,eleonorejourdan@example.org,M,1962-03-02,2025-02-10,FR,France,Western Europe,Maillet,referral,false
CUST002125,Lennart,Carlsson,blomqvistpeter@example.net,F,1984-07-26,2024-04-13,SE,Sweden,Nordic,Kalmar,paid_search,true
CUST002126,Lina,Huijben,jasper03@example.com,Undisclosed,1970-09-29,2023-02-18,NL,Netherlands,Western Europe,Wamel,direct,false
CUST002127,Jake,Hall,tstevens@example.com,M,1948-06-16,2023-08-06,GB,United Kingdom,Western Europe,Harrisfurt,email,true
CUST002128,Kati,Hoffmann,norbertweitzel@example.com,Undisclosed,2004-08-19,2023-05-14,DE,Germany,Western Europe,Erding,email,true
CUST002129,Nanni,Morpurgo,ugiacconi@example.net,Undisclosed,1982-09-01,2023-10-09,IT,Italy,Southern Europe,Pflersch,paid_search,false
CUST002130,Alexandria,Le Gall,leon01@example.com,Undisclosed,1973-08-31,2025-02-03,FR,France,Western Europe,Charpentier,email,true
CUST002131,Elmar,Koch,wirthhenner@example.net,F,1962-02-11,2023-03-23,DE,Germany,Western Europe,Göppingen,email,true
CUST002132,Marlen,Textor,isolde27@example.net,F,1949-11-14,2025-01-31,DE,Germany,Western Europe,Bad Kissingen,social_media,true
CUST002133,Dennis,Bell,joyce04@example.org,F,1959-11-26,2024-09-13,GB,United Kingdom,Western Europe,Gordonhaven,paid_search,true
CUST002134,Ross,Gough,kate51@example.com,F,2000-07-11,2025-08-30,GB,United Kingdom,Western Europe,North Neilmouth,direct,true
CUST002135,Evelien,Mangel,ihoekstra@example.org,F,1962-02-02,2023-10-27,NL,Netherlands,Western Europe,De Falom,organic_search,false
CUST002136,Pellegrino,Miniati,silviogagliano@example.org,F,1961-01-16,2025-11-17,IT,Italy,Southern Europe,Vinca,email,false
CUST002137,Valerie,Carsten,ubeer@example.org,M,2008-02-29,2024-04-06,DE,Germany,Western Europe,Zerbst,social_media,false
CUST002138,Nikki,le Guellec,sander17@example.net,M,1998-09-08,2023-02-26,NL,Netherlands,Western Europe,Wijnandsrade,referral,true
CUST002139,Hartwig,Bauer,atzlersiegrid@example.org,Undisclosed,2000-11-06,2023-09-18,DE,Germany,Western Europe,Rottweil,direct,true
CUST002140,Dani,Castell,nadalmelania@example.com,F,2002-09-06,2024-05-09,ES,Spain,Southern Europe,Ciudad,organic_search,false
CUST002141,Julia,Valencia,emugica@example.net,F,1963-08-22,2023-05-16,ES,Spain,Southern Europe,Pontevedra,organic_search,false
CUST002142,Jasmine,Davies,huntelizabeth@example.org,M,1972-05-05,2024-07-22,GB,United Kingdom,Western Europe,Kathrynstad,referral,false
CUST002143,Milo,Dries,piencornelisse@example.org,M,2000-09-13,2024-09-23,NL,Netherlands,Western Europe,Dwingeloo,direct,true
CUST002144,Nicolas,Chauvin,franck84@example.org,M,1981-09-28,2025-08-19,FR,France,Western Europe,Le GoffVille,referral,true
CUST002145,Charles,Howarth,janechamberlain@example.net,M,1986-12-17,2024-05-30,GB,United Kingdom,Western Europe,North Shane,paid_search,false
CUST002146,Silvio,Benítez,vllopis@example.com,M,1951-12-17,2024-10-25,ES,Spain,Southern Europe,Alicante,paid_search,false
CUST002147,Luke,Burke,callum88@example.com,Undisclosed,1988-08-02,2025-11-26,GB,United Kingdom,Western Europe,Port Tombury,direct,true
CUST002148,Sophie,Bernier,bdelaunay@example.com,F,1948-11-02,2023-10-13,FR,France,Western Europe,LemonnierBourg,social_media,false
CUST002149,Luke,Curtis,morrisrachel@example.org,F,2005-03-19,2024-02-23,GB,United Kingdom,Western Europe,New Dennisstad,direct,false
CUST002150,Olimpia,Amores,mpuga@example.org,M,1971-12-21,2024-05-20,ES,Spain,Southern Europe,Soria,direct,false
CUST002151,Marcel,Roussel,ulegrand@example.net,M,1957-08-17,2025-02-06,FR,France,Western Europe,Adam,email,false
CUST002152,Bettina,Gnatz,nurettin06@example.net,F,1975-05-15,2023-10-27,DE,Germany,Western Europe,Neuss,referral,false
CUST002153,Féline,Janssen,wvan-brunswijk@example.net,M,1987-12-15,2023-01-07,NL,Netherlands,Western Europe,Herveld,email,false
CUST002154,Marco,Adadia,luis-angel01@example.org,F,1999-09-14,2025-11-12,ES,Spain,Southern Europe,Vizcaya,direct,false
CUST002155,Winfried,Stahr,miroslawhuhn@example.org,F,2007-10-17,2023-08-10,DE,Germany,Western Europe,Ludwigsburg,organic_search,false
CUST002156,Petros,Schmiedecke,hahnhorst@example.net,F,1994-12-10,2023-04-22,DE,Germany,Western Europe,Bamberg,social_media,true
CUST002157,Helga,Täsche,stahrpavel@example.com,F,1946-11-29,2023-07-16,DE,Germany,Western Europe,Ochsenfurt,direct,true
CUST002158,Sébastien,Baudry,genevieve91@example.com,Undisclosed,1958-01-20,2023-01-21,FR,France,Western Europe,Sainte Pierre,email,true
CUST002159,Marion,Johnson,sophiedavey@example.net,M,1988-04-12,2024-04-17,GB,United Kingdom,Western Europe,Perkinsshire,social_media,true
CUST002160,Madelief,de Bruin,,F,2004-11-09,2023-11-07,NL,Netherlands,Western Europe,Luinjeberd,email,true
CUST002161,Jacob,van der Lede,hfurda@example.com,Undisclosed,1999-01-01,2023-02-05,NL,Netherlands,Western Europe,Oldeholtwolde,social_media,false
CUST002162,Sean,Butcher,kwoods@example.org,F,1952-09-08,2023-09-13,GB,United Kingdom,Western Europe,Michaelhaven,referral,true
CUST002163,Laurent,Nicolas,helene93@example.org,F,1958-04-09,2023-12-22,FR,France,Western Europe,Cousin,social_media,false
CUST002164,Cintia,Ballesteros,mauraropero@example.com,F,1973-06-08,2025-03-02,ES,Spain,Southern Europe,Navarra,email,false
CUST002165,Clare,Miller,onash@example.org,Undisclosed,2006-05-11,2023-11-04,GB,United Kingdom,Western Europe,Lake Angelaburgh,organic_search,false
CUST002166,Johan,Lindkvist,magnussoderlund@example.net,Undisclosed,1967-11-08,2024-02-25,SE,Sweden,Nordic,Alingsås,organic_search,false
CUST002167,Andrew,Lee,mariakhan@example.net,Undisclosed,1965-01-21,2025-11-05,GB,United Kingdom,Western Europe,West Janeville,paid_search,true
CUST002168,Elena,Lübs,sabrinataesche@example.net,F,1968-11-29,2025-02-12,DE,Germany,Western Europe,Quedlinburg,email,false
CUST002169,Ivy,Jonker,siemwipstrik@example.net,M,1975-03-24,2024-05-24,NL,Netherlands,Western Europe,Kropswolde,email,true
CUST002170,Alexandria,Barre,diasalex@example.net,Undisclosed,1973-05-17,2024-05-14,FR,France,Western Europe,Saint Alexandredan,email,false
CUST002171,Olivia,Jochems,rgiselmeyer@example.net,Undisclosed,1997-11-04,2025-01-06,NL,Netherlands,Western Europe,Harmelen,email,true
CUST002172,Meta,Gröttner,chantal51@example.com,M,1998-07-28,2025-06-14,DE,Germany,Western Europe,Lippstadt,social_media,false
CUST002173,Mirja,Pechel,iliasschaaf@example.com,Undisclosed,1964-03-09,2023-11-20,DE,Germany,Western Europe,Aurich,referral,true
CUST002174,Adolfo,Vilaplana,alegoicoechea@example.org,F,1975-03-27,2023-03-16,ES,Spain,Southern Europe,Jaén,paid_search,true
CUST002175,Almuth,Gutknecht,bluemelerich@example.com,M,1950-10-16,2023-04-13,DE,Germany,Western Europe,Strausberg,social_media,true
CUST002176,Atilio,Batalla,odalysnadal@example.org,F,1971-03-20,2025-06-11,ES,Spain,Southern Europe,Salamanca,paid_search,true
CUST002177,Nathalie,Lebrun,edouard49@example.org,Undisclosed,1949-05-19,2024-04-19,FR,France,Western Europe,Cordier-les-Bains,direct,true
CUST002178,Victoria,Johnson,carolewells@example.net,F,1949-02-08,2024-08-13,GB,United Kingdom,Western Europe,Geraldview,paid_search,true
CUST002179,Esmee,Schrant,amir77@example.com,F,1972-04-09,2023-05-18,NL,Netherlands,Western Europe,Geijsteren,email,false
CUST002180,Sophie,Miller,edwardslucy@example.org,F,1973-09-11,2024-01-02,GB,United Kingdom,Western Europe,New Ashley,social_media,true
CUST002181,Claudine,Pages,alfred81@example.net,Undisclosed,1988-03-29,2024-07-11,FR,France,Western Europe,JacobVille,email,true
CUST002182,Cemal,Wilmsen,carminethies@example.net,F,1998-08-10,2023-12-09,DE,Germany,Western Europe,Aschaffenburg,referral,false
CUST002183,Jonathan,Börner,rpruschke@example.net,Undisclosed,1958-12-21,2024-07-25,DE,Germany,Western Europe,Flöha,paid_search,true
CUST002184,Thomas,Pelletier,fgrondin@example.org,F,1994-05-02,2023-03-28,FR,France,Western Europe,Renaud,referral,false
CUST002185,Catharina,Erhout,sara61@example.com,Undisclosed,1977-04-11,2025-03-19,NL,Netherlands,Western Europe,Achthuizen,direct,false
CUST002186,Claudio,Bossi,sandradallara@example.net,M,1986-09-17,2025-04-09,IT,Italy,Southern Europe,Villa Salina,email,true
CUST002187,Luisa,Querini,parisicostanzo@example.org,M,1961-11-16,2023-03-16,IT,Italy,Southern Europe,Villanova,organic_search,false
CUST002188,Consuela,Ochoa,adeliavalcarcel@example.net,M,1971-04-09,2025-02-22,ES,Spain,Southern Europe,Cantabria,organic_search,true
CUST002189,Caridad,Martin,victorinobenavente@example.net,M,1966-07-31,2025-06-10,ES,Spain,Southern Europe,Palencia,direct,true
CUST002190,Nathan,Bruynzeels,kosternisa@example.net,F,1955-04-08,2024-09-10,NL,Netherlands,Western Europe,Overslag,social_media,false
CUST002191,Robert,Jacquet,danielle01@example.com,F,1949-04-13,2025-03-28,FR,France,Western Europe,Sauvage,email,true
CUST002192,Paride,Segrè,giulianagreggio@example.org,F,1982-01-13,2024-05-17,IT,Italy,Southern Europe,Carnia,organic_search,false
CUST002193,Lot,van Wickerode,rosavan-limburg@example.net,M,1991-02-03,2025-08-10,NL,Netherlands,Western Europe,Vinkel,social_media,false
CUST002194,Ruth,Green,christiantucker@example.org,M,1979-02-19,2025-11-15,GB,United Kingdom,Western Europe,North Teresa,social_media,true
CUST002195,Günther,Ruppersberger,johannespohl@example.com,F,1982-11-06,2024-09-27,DE,Germany,Western Europe,Wittenberg,direct,false
CUST002196,Véronique,Marin,,Undisclosed,1999-01-23,2023-05-03,FR,France,Western Europe,Navarro-sur-Rey,email,false
CUST002197,Norman,Hawkins,otaylor@example.net,Undisclosed,2003-05-25,2024-11-15,GB,United Kingdom,Western Europe,New Gail,social_media,true
CUST002198,Constanza,Sancho,sebastian05@example.org,M,1995-12-16,2025-11-24,ES,Spain,Southern Europe,Madrid,referral,true
CUST002199,Lesley,Harrison,hahmed@example.com,M,1973-01-31,2025-11-02,GB,United Kingdom,Western Europe,Smithfurt,direct,false
CUST002200,Paulette,Bernard,sophiegarcia@example.com,F,1971-04-12,2024-07-01,FR,France,Western Europe,MeunierBourg,email,false
CUST002201,Evelina,Augustsson,helgelundberg@example.com,F,1972-06-13,2025-03-18,SE,Sweden,Nordic,Stockholm,paid_search,false
CUST002202,Joseph,Lachmann,auguste71@example.net,F,1984-06-07,2024-02-01,DE,Germany,Western Europe,Wismar,referral,false
CUST002203,David,Barbe,,F,1990-01-02,2024-03-07,FR,France,Western Europe,Legrand,email,true
CUST002204,Wenke,Meyer,matteorosenow@example.com,Undisclosed,1997-01-21,2024-03-24,DE,Germany,Western Europe,Ravensburg,organic_search,false
CUST002205,Carlijn,Sitters,laurens69@example.net,M,1998-12-28,2024-12-02,NL,Netherlands,Western Europe,Wetering,social_media,false
CUST002206,Serafina,Montalti,cugiadino@example.org,Undisclosed,2000-01-05,2024-10-30,IT,Italy,Southern Europe,Tarantasca,direct,false
CUST002207,Michelle,Joseph,margaudallard@example.com,M,1994-06-16,2024-05-17,FR,France,Western Europe,Guillou,referral,false
CUST002208,Nicolás,Vigil,flora24@example.net,F,1983-05-09,2025-10-18,ES,Spain,Southern Europe,Segovia,social_media,false
CUST002209,Lorraine,Morvan,jacquetadelaide@example.com,F,1980-03-21,2023-08-07,FR,France,Western Europe,HamelVille,paid_search,false
CUST002210,Gianpietro,Vercelloni,wbuscetta@example.org,Undisclosed,1973-01-06,2023-11-10,IT,Italy,Southern Europe,Samarate,direct,false
CUST002211,María José,Estévez,mtejedor@example.net,F,1947-06-20,2025-05-08,ES,Spain,Southern Europe,Cuenca,email,true
CUST002212,Loida,Serra,nbermejo@example.org,M,1979-05-12,2024-10-04,ES,Spain,Southern Europe,Jaén,paid_search,false
CUST002213,Silva,Mälzer,nadinescholz@example.net,M,1980-02-07,2025-08-27,DE,Germany,Western Europe,Weißenfels,paid_search,false
CUST002214,Britt,Jönsson,margaretabjork@example.net,F,1996-09-14,2025-10-04,SE,Sweden,Nordic,Alingsås,paid_search,false
CUST002215,Féline,Lensen,jade80@example.com,F,1992-02-12,2024-05-13,NL,Netherlands,Western Europe,Iens,referral,false
CUST002216,Agnès,Faivre,bernard40@example.net,Undisclosed,1972-03-26,2023-06-19,FR,France,Western Europe,Petitjeanboeuf,referral,false
CUST002217,Edelmiro,Diez,barenas@example.net,Undisclosed,1964-09-16,2025-10-05,ES,Spain,Southern Europe,Vizcaya,organic_search,true
CUST002218,Jules,Hardy,dominique54@example.com,M,1972-06-09,2025-08-23,FR,France,Western Europe,Allainnec,direct,false
CUST002219,Lando,Fantoni,elladioniscoromni@example.net,M,1989-02-13,2023-06-29,IT,Italy,Southern Europe,Vedronza,referral,true
CUST002220,Christine,Heuser,heddareichmann@example.net,F,1999-05-31,2023-03-22,DE,Germany,Western Europe,Gadebusch,email,false
CUST002221,Siem,Koning,catogroen@example.com,Undisclosed,1963-06-05,2023-08-09,NL,Netherlands,Western Europe,Bunne,referral,false
CUST002222,Pamela,Williamson,christian85@example.net,M,1969-01-18,2023-10-11,GB,United Kingdom,Western Europe,Thompsonshire,direct,true
CUST002223,Olav,Täsche,ronaldschacht@example.org,F,1960-10-22,2025-10-13,DE,Germany,Western Europe,Peine,social_media,true
CUST002224,Brunhilde,Tröst,edmund38@example.org,Undisclosed,1972-04-21,2025-08-26,DE,Germany,Western Europe,Kehl,direct,false
CUST002225,Jonathan,Krause,seideladelheid@example.net,M,2003-07-14,2025-05-06,DE,Germany,Western Europe,Apolda,paid_search,true
CUST002226,Thomas,Chamberlain,holly44@example.org,F,1988-06-05,2025-08-02,GB,United Kingdom,Western Europe,Lake Sallyshire,organic_search,true
CUST002227,Christine,Gaillard,mariechristine@example.net,Undisclosed,1948-11-15,2023-08-09,FR,France,Western Europe,Barbe,social_media,false
CUST002228,Nicholas,Bull,kimberley34@example.org,F,1959-12-27,2024-05-04,GB,United Kingdom,Western Europe,Brookesmouth,direct,false
CUST002229,Luc,Gautier,cecile15@example.com,M,1960-06-03,2024-03-05,FR,France,Western Europe,Poulain,paid_search,false
CUST002230,Nathalie,Hardy,theresehumbert@example.com,M,1952-04-23,2023-05-16,FR,France,Western Europe,Launay,email,false
CUST002231,Vera,Rouwenhorst,cuittenbosch@example.org,M,2003-04-18,2025-03-25,NL,Netherlands,Western Europe,Feerwerd,social_media,false
CUST002232,Arif,Wulf,hoelzenbecherundine@example.org,Undisclosed,1969-10-06,2024-10-06,DE,Germany,Western Europe,Miesbach,paid_search,false
CUST002233,Camilla,Trevisan,htrupiano@example.net,M,1977-11-11,2025-05-01,IT,Italy,Southern Europe,Padola,paid_search,true
CUST002234,Lalo,Paniagua,maritatejedor@example.org,F,1954-07-07,2025-11-16,ES,Spain,Southern Europe,Málaga,email,true
CUST002235,Dana,van Dalem,sepp22@example.com,Undisclosed,1973-12-30,2023-01-19,NL,Netherlands,Western Europe,Bleskensgraaf ca,organic_search,true
CUST002236,Shannon,Williams,carole86@example.com,F,1966-01-02,2025-09-15,GB,United Kingdom,Western Europe,East Valerie,social_media,false
CUST002237,Elvira,Morosini,tullio54@example.net,Undisclosed,1995-07-23,2025-12-23,IT,Italy,Southern Europe,Paneveggio,referral,true
CUST002238,Hans Georg,Paffrath,lucia59@example.com,F,1954-06-15,2025-06-09,DE,Germany,Western Europe,Schwabmünchen,direct,false
CUST002239,Stanislav,Kade,carstenmarga@example.net,M,1947-05-31,2025-07-23,DE,Germany,Western Europe,Altötting,organic_search,false
CUST002240,Pero,Schwital,bergergerolf@example.com,Undisclosed,1961-04-22,2025-05-04,DE,Germany,Western Europe,Bersenbrück,social_media,true
CUST002241,Ruperta,Molins,eleuteriocarmona@example.com,F,1950-05-25,2025-07-09,ES,Spain,Southern Europe,Álava,direct,false
CUST002242,Hanspeter,Schulz,milos70@example.net,F,1988-10-04,2025-03-19,DE,Germany,Western Europe,Rathenow,email,true
CUST002243,Justin,Richardson,,F,1965-01-01,2025-03-24,GB,United Kingdom,Western Europe,Glenhaven,social_media,false
CUST002244,William,Karlsson,nhoglund@example.net,Undisclosed,2003-07-20,2023-02-03,SE,Sweden,Nordic,Skövde,referral,true
CUST002245,Fernanda,Reyes,usainz@example.com,Undisclosed,1955-11-14,2025-10-14,ES,Spain,Southern Europe,Barcelona,organic_search,true
CUST002246,Rhys,Giles,katherine25@example.com,Undisclosed,1950-06-02,2025-03-07,GB,United Kingdom,Western Europe,Port Kyle,organic_search,false
CUST002247,Mary,Bolnbach,walterfrank-michael@example.org,M,1954-04-12,2023-06-13,DE,Germany,Western Europe,Schlüchtern,paid_search,false
CUST002248,Marcos,Bru,selenaaguilar@example.net,M,1949-09-12,2023-12-13,ES,Spain,Southern Europe,Valencia,email,true
CUST002249,Elizabeth,Smith,youngmaria@example.org,M,1956-07-31,2023-12-02,GB,United Kingdom,Western Europe,Lake Andrea,referral,true
CUST002250,Guenter,Wilms,bkaul@example.net,F,1977-10-12,2023-06-06,DE,Germany,Western Europe,Paderborn,organic_search,false
CUST002251,Lilly,Girschner,stadelmannulrich@example.org,F,2006-12-01,2024-01-02,DE,Germany,Western Europe,Neubrandenburg,referral,false
CUST002252,Milo,Zanazzo,qmicheletti@example.net,M,1988-05-26,2025-11-12,IT,Italy,Southern Europe,Gavorrano,social_media,true
CUST002253,Ninthe,Bos,yhuurdeman@example.org,Undisclosed,1967-10-30,2024-12-24,NL,Netherlands,Western Europe,Epe,direct,true
CUST002254,Manuela,Santana,vicenteolga@example.net,M,1971-09-15,2023-06-26,ES,Spain,Southern Europe,Toledo,direct,true
CUST002255,Stella,Faggiani,periniarnulfo@example.net,M,1994-07-25,2025-09-07,IT,Italy,Southern Europe,Borsea,email,false
CUST002256,Clare,Holmes,berryclive@example.org,M,1959-03-07,2023-08-01,GB,United Kingdom,Western Europe,Greenwoodborough,paid_search,false
CUST002257,Dean,Allen,matthewrose@example.org,Undisclosed,1984-04-04,2023-05-18,GB,United Kingdom,Western Europe,Lake Victoria,email,false
CUST002258,Susanne,Millet,eugeneperon@example.com,F,1990-05-29,2025-03-04,FR,France,Western Europe,Sanchez-sur-Riou,paid_search,true
CUST002259,Thibaut,Huet,,M,1983-04-29,2024-12-28,FR,France,Western Europe,Meunier-sur-Mer,email,true
CUST002260,Martine,Moulin,victorguibert@example.com,F,1999-05-26,2024-10-07,FR,France,Western Europe,Gimenez-sur-Martins,referral,true
CUST002261,Donato,Torrijos,cayetana44@example.com,Undisclosed,1995-01-02,2023-10-06,ES,Spain,Southern Europe,Valencia,social_media,true
CUST002262,Gregory,Smith,zlloyd@example.com,F,1947-01-06,2023-03-08,GB,United Kingdom,Western Europe,Elliotview,email,false
CUST002263,Claudia,Rosiello,lcarullo@example.com,M,1945-11-12,2023-03-21,IT,Italy,Southern Europe,Marcianise,paid_search,false
CUST002264,Bertrand,Rémy,brigittemuller@example.org,M,1962-06-16,2025-02-16,FR,France,Western Europe,Bigot-sur-Thierry,referral,false
CUST002265,Lindsey,Bowen,nedwards@example.com,M,1967-12-05,2023-06-03,GB,United Kingdom,Western Europe,New Nicole,social_media,false
CUST002266,Nigel,Macdonald,callumburrows@example.net,Undisclosed,1970-06-22,2024-01-14,GB,United Kingdom,Western Europe,Elliottton,organic_search,false
CUST002267,Arthur,Carter,kylethomas@example.org,M,1978-12-15,2023-08-21,GB,United Kingdom,Western Europe,Joycehaven,organic_search,true
CUST002268,Jenna,de Bock,rwesterbeek@example.org,F,1991-02-05,2024-03-10,NL,Netherlands,Western Europe,Vlaardingen,referral,true
CUST002269,Stefanie,Bolander,hans-friedrich38@example.com,F,2000-01-13,2024-08-31,DE,Germany,Western Europe,Flöha,organic_search,false
CUST002270,Charlotte,Berry,whitejosh@example.org,Undisclosed,2001-02-13,2025-05-10,GB,United Kingdom,Western Europe,Jamiemouth,organic_search,true
CUST002271,Ute,Häring,kensymartina@example.org,M,2005-01-08,2023-01-09,DE,Germany,Western Europe,Aschaffenburg,email,true
CUST002272,Renée,Chauveau,lucyverdier@example.org,F,1985-08-14,2024-06-25,FR,France,Western Europe,Dupré,paid_search,true
CUST002273,Martyn,Lambert,greenjoe@example.com,F,1995-09-11,2023-08-01,GB,United Kingdom,Western Europe,North Molly,paid_search,true
CUST002274,Stef,van Mook,samaelftrud-van-wessex@example.net,Undisclosed,1951-04-23,2025-11-09,NL,Netherlands,Western Europe,Herten,social_media,true
CUST002275,Peter,Lundell,hbackman@example.org,F,1995-06-24,2025-10-05,SE,Sweden,Nordic,Helsingborg,email,true
CUST002276,Beth,Hunt,charleshardy@example.net,Undisclosed,1973-08-04,2025-12-16,GB,United Kingdom,Western Europe,Mitchellberg,referral,false
CUST002277,Ise,Friehus,heinrichsevelien@example.net,F,1953-07-28,2024-07-05,NL,Netherlands,Western Europe,Doldersum,social_media,false
CUST002278,Luke,O'Neill,iahmed@example.org,F,1994-10-17,2023-01-03,GB,United Kingdom,Western Europe,South Barrymouth,direct,true
CUST002279,Allan,Sims,mbegum@example.net,Undisclosed,1984-08-07,2024-01-13,GB,United Kingdom,Western Europe,South Jessica,direct,true
CUST002280,Hans Jörg,Meyer,hartmuth80@example.net,Undisclosed,1989-12-16,2024-04-17,DE,Germany,Western Europe,Parchim,email,true
CUST002281,Joseph,Roussel,gerardpaulette@example.com,F,1951-10-25,2024-03-22,FR,France,Western Europe,Simon,direct,true
CUST002282,Yves,Petit,htoussaint@example.org,M,1984-11-28,2023-01-29,FR,France,Western Europe,Lucas,direct,true
CUST002283,Andrew,Gray,jodiehussain@example.org,Undisclosed,1985-12-05,2025-01-25,GB,United Kingdom,Western Europe,Lake Claire,social_media,false
CUST002284,Jelena,Sölzer,irmtraud61@example.net,M,1945-10-07,2024-02-17,DE,Germany,Western Europe,Weimar,direct,true
CUST002285,Leni,Dietz,fernando97@example.org,F,1961-04-04,2025-09-30,DE,Germany,Western Europe,Cloppenburg,email,false
CUST002286,Agathe,Dias,robertaubert@example.com,F,1967-11-29,2023-11-21,FR,France,Western Europe,Poulainnec,referral,false
CUST002287,Karl,Andersson,karin23@example.org,F,1996-03-21,2024-02-22,SE,Sweden,Nordic,Göteborg,paid_search,false
CUST002288,Gérard,Étienne,christinevincent@example.com,F,1987-06-26,2023-01-29,FR,France,Western Europe,Voisin,social_media,false
CUST002289,Mohammed,Anderson,nicolehughes@example.org,M,1949-11-14,2024-04-04,GB,United Kingdom,Western Europe,Edwardsland,email,false
CUST002290,Samuel,Heidrich,lloos@example.org,F,1954-07-12,2023-11-25,DE,Germany,Western Europe,Günzburg,paid_search,false
CUST002291,Lydia,Mistry,wardelliot@example.org,Undisclosed,1946-03-14,2025-02-26,GB,United Kingdom,Western Europe,Lake Carolyn,paid_search,true
CUST002292,Alfred,Chauvet,arthur30@example.org,Undisclosed,1970-05-26,2024-07-02,FR,France,Western Europe,Mahedan,direct,false
CUST002293,Paul,Löchel,,F,2006-06-15,2025-04-06,DE,Germany,Western Europe,Schwerin,social_media,false
CUST002294,Damien,Patel,middletonmarie@example.net,Undisclosed,1974-08-13,2024-05-15,GB,United Kingdom,Western Europe,East Tony,referral,true
CUST002295,Viktor,Lübs,idoering@example.com,F,1945-11-13,2025-10-14,DE,Germany,Western Europe,Bad Liebenwerda,direct,false
CUST002296,Blanka,Bonbach,,F,1998-01-09,2024-11-29,DE,Germany,Western Europe,Osterburg,direct,false
CUST002297,Magrit,Walter,benderharry@example.org,F,1999-08-13,2024-05-29,DE,Germany,Western Europe,Rastatt,direct,false
CUST002298,Karl-Dieter,Wiek,eckhardtmende@example.com,F,1951-10-22,2023-07-16,DE,Germany,Western Europe,Ebersberg,social_media,false
CUST002299,Aleksej,Plath,cplath@example.net,M,1952-04-24,2025-08-23,DE,Germany,Western Europe,Melsungen,referral,true
CUST002300,Michelle,Nicolas,caronjeanne@example.org,F,1969-01-02,2023-06-06,FR,France,Western Europe,Sainte Émile,organic_search,true
CUST002301,Víctor,Cal,apoloniaarnal@example.com,F,1962-06-16,2025-08-14,ES,Spain,Southern Europe,Lleida,referral,false
CUST002302,Gerard,Evans,bretthooper@example.org,M,1981-10-18,2023-10-05,GB,United Kingdom,Western Europe,Abigailport,social_media,true
CUST002303,Dominic,Jennings,joannejarvis@example.net,Undisclosed,1984-02-21,2025-04-17,GB,United Kingdom,Western Europe,Claytonside,paid_search,true
CUST002304,Philippe,Mahe,caroline66@example.net,F,1947-09-14,2024-11-28,FR,France,Western Europe,Mathieu,referral,true
CUST002305,Ninetta,Filogamo,montesanogaetano@example.net,F,1986-12-27,2023-04-01,IT,Italy,Southern Europe,Civitella Licinio,direct,true
CUST002306,Virginie,Nguyen,valentinebesnard@example.com,M,2006-03-23,2025-09-29,FR,France,Western Europe,Nguyen-les-Bains,organic_search,true
CUST002307,Anneke,Hendriks,kitzmanncornelia@example.org,M,2002-03-18,2025-10-28,DE,Germany,Western Europe,Viechtach,direct,false
CUST002308,Sophie,Carroll,dbrown@example.com,F,1952-07-01,2024-12-31,GB,United Kingdom,Western Europe,Mohamedshire,organic_search,true
CUST002309,Bernard,Matthäi,wendecengiz@example.org,F,1985-09-24,2024-07-17,DE,Germany,Western Europe,Strasburg,direct,true
CUST002310,Alphonse,Bouvet,qdenis@example.org,M,1990-04-06,2024-02-06,FR,France,Western Europe,Mary,direct,false
CUST002311,Joseph,Perry,paigeread@example.net,Undisclosed,1983-12-28,2024-04-07,GB,United Kingdom,Western Europe,Mariontown,paid_search,false
CUST002312,Ansaldo,Guarana,gionata15@example.org,Undisclosed,1987-03-26,2024-09-05,IT,Italy,Southern Europe,Verzuolo,paid_search,false
CUST002313,Ian,Mann,,Undisclosed,1965-12-08,2025-02-13,GB,United Kingdom,Western Europe,Murrayfurt,email,true
CUST002314,Jorn,van Limburg,pneuteboom@example.org,F,1985-11-08,2023-06-23,NL,Netherlands,Western Europe,Schinnen,email,true
CUST002315,Johanna,Berg,perssonpatric@example.net,Undisclosed,2007-06-24,2023-12-07,SE,Sweden,Nordic,Linköping,referral,false
CUST002316,Urte,Binner,heinz-gerdneureuther@example.com,Undisclosed,1978-09-09,2025-07-16,DE,Germany,Western Europe,Riesa,paid_search,false
CUST002317,Bernadette,Vidal,paul32@example.com,M,1960-01-14,2025-05-20,FR,France,Western Europe,Laroche-la-Forêt,social_media,true
CUST002318,Daniel,Mendès,bourdoncaroline@example.org,Undisclosed,2001-08-28,2023-02-11,FR,France,Western Europe,Gaillard,organic_search,true
CUST002319,Marcel,Bigot,ipeltier@example.org,Undisclosed,1949-02-25,2023-09-17,FR,France,Western Europe,Jacques-les-Bains,organic_search,false
CUST002320,Zoé,Leroux,blancantoinette@example.org,Undisclosed,1990-08-25,2025-03-19,FR,France,Western Europe,Sainte Étienne,organic_search,true
CUST002321,Iolanda,Toscanini,gibilisconapoleone@example.net,F,1986-03-16,2024-04-19,IT,Italy,Southern Europe,Palazzo D'Arcevia,referral,true
CUST002322,Zeynep,van Ghoerle,hjonker@example.org,Undisclosed,1947-03-18,2024-05-09,NL,Netherlands,Western Europe,Wellerlooi,social_media,false
CUST002323,Janice,Murray,irene80@example.org,F,2006-07-13,2024-11-11,GB,United Kingdom,Western Europe,Leonside,paid_search,true
CUST002324,Catherine,Hamon,isaacthierry@example.org,F,1981-03-15,2024-03-27,FR,France,Western Europe,Gallet-sur-Mer,organic_search,false
CUST002325,Aitor,Duque,xvendrell@example.com,F,1949-11-18,2023-06-14,ES,Spain,Southern Europe,Córdoba,social_media,true
CUST002326,Daniel,Pettersson,johanssonmartin@example.net,Undisclosed,2002-12-27,2023-03-09,SE,Sweden,Nordic,Borlänge,direct,true
CUST002327,Ciriaco,Blasco,maridulce@example.com,Undisclosed,1956-06-03,2023-06-21,ES,Spain,Southern Europe,Soria,organic_search,true
CUST002328,Sigmund,Römer,lissi29@example.net,Undisclosed,2007-03-10,2025-09-11,DE,Germany,Western Europe,Monschau,organic_search,true
CUST002329,Rosie,Woods,qwhitehead@example.com,Undisclosed,1963-11-11,2023-11-03,GB,United Kingdom,Western Europe,New Owenbury,referral,false
CUST002330,Liselotte,Salz,hesersarah@example.org,F,1974-07-03,2024-08-21,DE,Germany,Western Europe,Jülich,referral,false
CUST002331,Lucy,Menard,fbertrand@example.net,F,1957-09-24,2024-08-11,FR,France,Western Europe,Jacquet-sur-Mer,social_media,true
CUST002332,Lia,Mies,isa65@example.org,M,1985-03-22,2024-10-05,DE,Germany,Western Europe,Emmendingen,organic_search,true
CUST002333,Rita,Dawson,ruth09@example.com,M,2002-07-06,2023-01-06,GB,United Kingdom,Western Europe,Cooperbury,social_media,true
CUST002334,Mads,van Herstal,stella96@example.org,F,1980-07-03,2025-01-10,NL,Netherlands,Western Europe,Meeuwen,referral,true
CUST002335,Gerhardt,Rörricht,carlosmartin@example.org,Undisclosed,1968-09-07,2024-04-27,DE,Germany,Western Europe,Kusel,social_media,false
CUST002336,Patricia,Berger,hugueshamon@example.net,Undisclosed,2001-11-10,2023-04-11,FR,France,Western Europe,Paris-les-Bains,organic_search,true
CUST002337,Vincent,Wilkinson,kerrmarion@example.org,M,1981-12-07,2025-08-20,GB,United Kingdom,Western Europe,New Luke,referral,false
CUST002338,Christiane,Fernandes,qdos-santos@example.com,Undisclosed,1996-12-01,2024-12-28,FR,France,Western Europe,HebertBourg,referral,true
CUST002339,Dietmar,Jacob,nbarkholz@example.org,F,1950-09-16,2023-09-15,DE,Germany,Western Europe,Calw,email,false
CUST002340,Lucie,Goncalves,agathepeltier@example.net,Undisclosed,2001-07-14,2025-12-18,FR,France,Western Europe,Delannoy,social_media,false
CUST002341,Aitana,Ramón,ocampoy@example.org,F,2006-07-20,2023-12-30,ES,Spain,Southern Europe,Guipúzcoa,email,true
CUST002342,Marijan,Röhricht,jacekbeyer@example.com,F,1980-06-17,2025-12-18,DE,Germany,Western Europe,Lobenstein,organic_search,true
CUST002343,Semra,Holsten,liane02@example.com,F,1996-10-02,2025-03-30,DE,Germany,Western Europe,Norden,direct,false
CUST002344,Étienne,Gilbert,remydenis@example.net,M,1967-04-26,2025-04-14,FR,France,Western Europe,Saint Marthe,paid_search,false
CUST002345,Pasquale,Bocca,guglielmo09@example.com,M,1977-09-02,2025-12-18,IT,Italy,Southern Europe,Orta Novarese,organic_search,false
CUST002346,Lukas,van der Maes,van-den-boschguus@example.net,F,1984-09-09,2024-08-20,NL,Netherlands,Western Europe,Westzaan,social_media,false
CUST002347,Abel,de Wit,van-der-stael-de-jongecarlijn@example.net,Undisclosed,1977-02-07,2023-03-28,NL,Netherlands,Western Europe,Wijhe,social_media,true
CUST002348,Capucine,Dupuy,etiennemaillard@example.org,Undisclosed,1973-11-01,2024-08-24,FR,France,Western Europe,Duval-sur-Mer,organic_search,false
CUST002349,Nicola,May,brenda26@example.net,M,1982-10-31,2025-02-11,GB,United Kingdom,Western Europe,Richardsside,referral,true
CUST002350,Hermine,Schönland,hildesalz@example.com,Undisclosed,1983-01-30,2024-04-07,DE,Germany,Western Europe,Heinsberg,referral,true
CUST002351,Toby,Cook,sswift@example.org,M,1963-06-17,2024-07-18,GB,United Kingdom,Western Europe,Katyton,direct,true
CUST002352,Licia,Esposito,catenazzidiana@example.org,F,1949-09-02,2024-11-27,IT,Italy,Southern Europe,Sommatino,social_media,true
CUST002353,Geoffrey,Bruce,louis60@example.com,M,1951-01-12,2024-02-24,GB,United Kingdom,Western Europe,Richardsonton,referral,false
CUST002354,Ornella,Peruzzi,robertavanvitelli@example.net,Undisclosed,1959-10-12,2024-10-07,IT,Italy,Southern Europe,Versa,paid_search,true
CUST002355,Anna,Rippey,lorenzo62@example.org,Undisclosed,1967-12-24,2023-07-04,NL,Netherlands,Western Europe,Oosterbeek,organic_search,true
CUST002356,Benjamin,Barth,kramerzeki@example.org,Undisclosed,1986-02-10,2024-02-11,DE,Germany,Western Europe,Demmin,paid_search,true
CUST002357,Antonio,Magnani,virgilio94@example.org,F,2008-04-28,2025-04-09,IT,Italy,Southern Europe,Pianche,organic_search,true
CUST002358,Nathalie,Roht,rstoll@example.net,Undisclosed,1987-06-04,2023-06-21,DE,Germany,Western Europe,Malchin,social_media,false
CUST002359,Marcus,Wade,ucraig@example.com,M,2001-06-30,2023-07-15,GB,United Kingdom,Western Europe,Guychester,direct,true
CUST002360,Rosalie,Baum,adelinde75@example.net,F,1984-07-21,2023-01-22,DE,Germany,Western Europe,Hechingen,organic_search,true
CUST002361,Magret,Schlosser,walentina33@example.net,F,1947-08-26,2024-11-16,DE,Germany,Western Europe,Darmstadt,referral,true
CUST002362,Susanne,Lebon,sabinelemaitre@example.com,Undisclosed,2005-04-15,2024-05-15,FR,France,Western Europe,Dumont-les-Bains,social_media,false
CUST002363,Bernard,Nicolas,smarques@example.com,F,1972-08-30,2023-09-03,FR,France,Western Europe,Texier,direct,true
CUST002364,Frances,Field,bernard00@example.net,F,2003-11-27,2025-03-13,GB,United Kingdom,Western Europe,North Clive,organic_search,false
CUST002365,Anne,Arnold,billyfarrell@example.com,Undisclosed,1978-03-27,2023-05-26,GB,United Kingdom,Western Europe,Kempberg,social_media,true
CUST002366,Edwin,Budig,elfie16@example.org,M,1957-09-20,2024-08-21,DE,Germany,Western Europe,Wanzleben,organic_search,true
CUST002367,Margarita,Hermann,davidspero@example.net,F,1981-12-24,2025-04-14,DE,Germany,Western Europe,Beeskow,referral,true
CUST002368,Raymond,Jones,carterpaula@example.org,M,1980-10-24,2023-05-31,GB,United Kingdom,Western Europe,Jonesfort,organic_search,false
CUST002369,Hortense,Valentin,louischevalier@example.org,M,2005-09-26,2023-03-16,FR,France,Western Europe,Hebert,referral,false
CUST002370,Julie,le Matelot,scharrootimo@example.org,M,1999-08-13,2023-03-29,NL,Netherlands,Western Europe,Koudekerke,email,false
CUST002371,Jake,Hazenveld,floorvan-bunschoten@example.org,Undisclosed,2008-04-03,2025-06-10,NL,Netherlands,Western Europe,Gendringen,organic_search,true
CUST002372,Jenaro,Tejero,friasbenigna@example.com,F,1968-12-19,2025-05-23,ES,Spain,Southern Europe,Las Palmas,organic_search,true
CUST002373,Boaz,van Leeuwen,jente96@example.net,F,1983-05-23,2025-01-09,NL,Netherlands,Western Europe,Nijhuizum,organic_search,false
CUST002374,Jérôme,Ruiz,alexandrieaubry@example.net,Undisclosed,1954-05-22,2023-11-12,FR,France,Western Europe,Saint Constanceboeuf,paid_search,true
CUST002375,Ivy,van Dijk,ravi40@example.org,M,1962-12-31,2024-06-04,NL,Netherlands,Western Europe,Margraten,paid_search,false
CUST002376,William,Pierre,sebastien75@example.net,M,2003-03-22,2023-08-11,FR,France,Western Europe,Saint Guillaume-sur-Mer,direct,true
CUST002377,Pénélope,Tanguy,michelepons@example.com,M,1987-07-09,2024-03-07,FR,France,Western Europe,NormandBourg,organic_search,true
CUST002378,María Cristina,Fábregas,xrios@example.com,Undisclosed,1962-03-19,2024-05-10,ES,Spain,Southern Europe,Segovia,paid_search,false
CUST002379,Léon,Berthelot,claudineroy@example.org,Undisclosed,1982-05-10,2024-09-03,FR,France,Western Europe,Pottier-les-Bains,referral,true
CUST002380,Albano,Barrera,taboadapaulino@example.net,M,2000-03-15,2025-04-14,ES,Spain,Southern Europe,Pontevedra,organic_search,true
CUST002381,Nando,Ferreras,chuerta@example.com,Undisclosed,1947-12-11,2023-07-29,ES,Spain,Southern Europe,Pontevedra,organic_search,false
CUST002382,Juanito,Grande,morenovaquero@example.org,F,1968-03-17,2023-05-13,ES,Spain,Southern Europe,Granada,direct,false
CUST002383,Milena,Cammarata,barcacciasole@example.net,Undisclosed,1980-09-15,2024-06-06,IT,Italy,Southern Europe,Malpasso,referral,false
CUST002384,Sébastien,Buisson,ebesnard@example.net,Undisclosed,2007-04-08,2025-02-08,FR,France,Western Europe,Sainte Adélaïde-les-Bains,referral,false
CUST002385,Rémy,Launay,pierre45@example.com,Undisclosed,1949-04-28,2023-07-03,FR,France,Western Europe,Lacroixboeuf,referral,false
CUST002386,Barbara,Campbell,jonesjasmine@example.org,M,1983-04-12,2024-05-23,GB,United Kingdom,Western Europe,North Jemmamouth,referral,false
CUST002387,William,Regnier,lucygodard@example.org,F,1976-09-30,2024-02-03,FR,France,Western Europe,Blanchet-la-Forêt,paid_search,false
CUST002388,Diane,Scott,kroberts@example.net,Undisclosed,1981-08-04,2023-10-17,GB,United Kingdom,Western Europe,Port Hollie,organic_search,false
CUST002389,Elisa,Huisman,stuivenbergmohammed@example.com,M,2002-09-04,2023-02-17,NL,Netherlands,Western Europe,Ter Aard,email,false
CUST002390,Jade,Jacobs,scheermichelle@example.com,F,1962-12-15,2023-03-04,NL,Netherlands,Western Europe,Oostkapelle,direct,true
CUST002391,Joséphine,Gimenez,augusteblanc@example.net,Undisclosed,1996-07-25,2025-11-30,FR,France,Western Europe,Lacombe-la-Forêt,social_media,true
CUST002392,Marlen,Roht,juaneigenwillig@example.org,F,1989-10-29,2025-12-01,DE,Germany,Western Europe,Saarlouis,social_media,true
CUST002393,Noël,Duhamel,hgoncalves@example.org,F,1999-08-08,2024-12-06,FR,France,Western Europe,Saint Frédéricdan,direct,false
CUST002394,Ansgar,Krein,,F,2008-04-14,2024-11-30,DE,Germany,Western Europe,Reutlingen,social_media,true
CUST002395,Armando,Volta,fedeletraetta@example.net,Undisclosed,2008-07-27,2025-06-08,IT,Italy,Southern Europe,San Felice Circeo,email,false
CUST002396,Sylvie,Ferreira,williamriviere@example.org,F,1946-09-12,2025-04-13,FR,France,Western Europe,Rolland,email,false
CUST002397,Carl,Süßebier,ricardaadler@example.org,F,1981-03-16,2023-07-21,DE,Germany,Western Europe,Moers,referral,false
CUST002398,Sibylla,Becker,hkramer@example.org,M,1980-03-31,2024-11-20,DE,Germany,Western Europe,Weimar,social_media,false
CUST002399,Bryan,Barrett,jblake@example.org,M,1971-10-18,2023-11-02,GB,United Kingdom,Western Europe,West Benjaminbury,social_media,true
CUST002400,Denise,Mitchell,stanley31@example.net,F,1999-03-08,2023-03-02,GB,United Kingdom,Western Europe,Whiteside,direct,false
CUST002401,Anouk,Pruvost,leongomes@example.com,F,1967-03-19,2025-03-11,FR,France,Western Europe,Saint Adrien-sur-Mer,email,true
CUST002402,Silvana,Gnatz,mielcarekmartina@example.com,Undisclosed,1945-12-03,2023-06-03,DE,Germany,Western Europe,Görlitz,organic_search,true
CUST002403,Victoire,Sanchez,noemi96@example.com,Undisclosed,1968-03-27,2023-05-16,FR,France,Western Europe,Saint Bernadette,social_media,true
CUST002404,René,Morin,ylaroche@example.com,F,1950-09-15,2024-10-20,FR,France,Western Europe,Sainte Alexandrie,referral,true
CUST002405,Mila,Niermann,noor11@example.net,F,1964-11-19,2025-06-26,NL,Netherlands,Western Europe,'s-Heer Abtskerke,paid_search,false
CUST002406,Katie,Freeman,,M,1952-07-11,2024-07-07,GB,United Kingdom,Western Europe,Flynnshire,email,true
CUST002407,Dorothée,Bonneau,penelope97@example.org,F,1946-09-15,2023-04-30,FR,France,Western Europe,Leleu,email,true
CUST002408,Hansjoachim,Hornig,stefanolindner@example.net,F,1983-05-19,2023-10-08,DE,Germany,Western Europe,Koblenz,email,false
CUST002409,Kristina,Karlsson,mbackman@example.com,Undisclosed,1982-06-05,2025-02-26,SE,Sweden,Nordic,Örnsköldsvik,referral,true
CUST002410,Suzanne,Reynolds,,Undisclosed,1988-11-29,2024-06-23,GB,United Kingdom,Western Europe,South Debrafort,organic_search,true
CUST002411,Maaike,van Dam,wouterszbas@example.com,F,1957-12-22,2024-02-11,NL,Netherlands,Western Europe,Oentsjerk,social_media,false
CUST002412,Rosita,Kostolzin,kbuchholz@example.com,M,1947-04-10,2023-12-17,DE,Germany,Western Europe,Cuxhaven,referral,true
CUST002413,Daniel,Hewitt,,F,1954-09-18,2025-08-08,GB,United Kingdom,Western Europe,Wallacestad,organic_search,true
CUST002414,Britta,Gotthard,hschueler@example.net,M,1971-07-21,2023-01-01,DE,Germany,Western Europe,Hannoversch Münden,referral,false
CUST002415,Laura,McDonald,fisherchristopher@example.net,M,1950-08-22,2023-09-29,GB,United Kingdom,Western Europe,Evanshaven,paid_search,true
CUST002416,Theodor,Nilsson,theresia17@example.com,M,1991-05-05,2025-07-05,SE,Sweden,Nordic,Uddevalla,referral,true
CUST002417,Étienne,Allard,alice92@example.org,F,1991-06-24,2023-12-12,FR,France,Western Europe,Rodrigues-la-Forêt,social_media,true
CUST002418,Romuald,Etzler,schlosseringrid@example.net,F,1975-05-03,2023-07-13,DE,Germany,Western Europe,Eisenberg,paid_search,false
CUST002419,Meinrad,Peukert,friedbertschleich@example.com,F,1985-09-02,2023-07-28,DE,Germany,Western Europe,Meppen,direct,false
CUST002420,Nath,Poulain,neveuremy@example.net,F,1963-10-24,2025-11-17,FR,France,Western Europe,Duval,direct,true
CUST002421,Marliese,Bien,hanne-lore45@example.com,F,1967-05-22,2025-10-03,DE,Germany,Western Europe,Oberviechtach,paid_search,false
CUST002422,Felix,Kobelt,achimrust@example.org,Undisclosed,1979-07-02,2025-11-29,DE,Germany,Western Europe,Wanzleben,direct,false
CUST002423,Sabas,Gimenez,ayalabernardino@example.net,F,2008-08-26,2025-06-15,ES,Spain,Southern Europe,La Rioja,referral,true
CUST002424,Barry,White,alexander72@example.org,Undisclosed,2004-07-06,2023-08-24,GB,United Kingdom,Western Europe,Chambershaven,email,true
CUST002425,Michelle,Guyot,gabriellebourdon@example.com,Undisclosed,1946-01-10,2024-11-24,FR,France,Western Europe,Saint Claire,direct,false
CUST002426,Rocco,Giunti,ernestoiacobucci@example.net,M,1951-10-25,2025-04-04,IT,Italy,Southern Europe,Noli,organic_search,false
CUST002427,Stefanie,Wirth,ybriemer@example.net,F,1971-01-28,2025-10-13,DE,Germany,Western Europe,Neunburg vorm Wald,organic_search,false
CUST002428,Ellen,Nygren,anderssonniklas@example.net,Undisclosed,1949-09-12,2023-01-05,SE,Sweden,Nordic,Helsingborg,paid_search,true
CUST002429,Susan,Nicolas,adrien92@example.com,M,2001-03-25,2024-12-16,FR,France,Western Europe,Sainte Juliennec,direct,false
CUST002430,Gianluigi,Rossetti,battelliluciana@example.com,M,1949-04-22,2023-01-31,IT,Italy,Southern Europe,Passo Del Tonale,direct,false
CUST002431,Sharon,Wright,samuelrhodes@example.org,Undisclosed,1991-12-28,2025-04-09,GB,United Kingdom,Western Europe,North Pamelaview,paid_search,true
CUST002432,Chita,Morán,varelaconsuela@example.com,M,1993-04-04,2023-10-12,ES,Spain,Southern Europe,Ceuta,organic_search,false
CUST002433,Cecilia,Levin,lillemorkarlsson@example.com,M,2004-07-23,2024-04-26,SE,Sweden,Nordic,Trollhättan,organic_search,true
CUST002434,Charlotte,Gosselin,jeannineboucher@example.com,M,1953-07-19,2023-09-17,FR,France,Western Europe,PeronBourg,referral,true
CUST002435,Linnéa,Arvidsson,ullaeklund@example.com,Undisclosed,2007-01-16,2025-06-06,SE,Sweden,Nordic,Malmö,social_media,true
CUST002436,Philippine,Guilbert,xavier02@example.com,Undisclosed,1990-11-13,2024-09-02,FR,France,Western Europe,Antoine-sur-Louis,referral,true
CUST002437,Marcel,Petitjean,danielbigot@example.com,Undisclosed,1970-03-06,2023-06-22,FR,France,Western Europe,Boucher-sur-Mer,organic_search,false
CUST002438,Anne,Maillard,henri68@example.org,Undisclosed,1982-10-25,2023-07-07,FR,France,Western Europe,Morelnec,email,false
CUST002439,Tony,Ball,joconnor@example.org,F,1982-07-25,2024-02-06,GB,United Kingdom,Western Europe,New Leon,referral,false
CUST002440,Sonia,Schuchhardt,marcheidrich@example.com,Undisclosed,2003-07-07,2024-07-16,DE,Germany,Western Europe,Luckenwalde,direct,false
CUST002441,Alexander,Williams,sheilaparker@example.com,Undisclosed,1975-12-02,2025-10-10,GB,United Kingdom,Western Europe,Geraldineton,referral,false
CUST002442,Jay,Francis,nevans@example.com,F,1972-09-14,2025-11-01,GB,United Kingdom,Western Europe,East Anna,referral,true
CUST002443,Anastasio,Mínguez,luisinaagusti@example.net,Undisclosed,2007-02-01,2025-10-08,ES,Spain,Southern Europe,Badajoz,direct,true
CUST002444,Martin,Amorós,uriarteeva@example.net,F,1991-01-04,2025-03-27,ES,Spain,Southern Europe,Ceuta,direct,false
CUST002445,Renée,Guillou,perezeugene@example.com,M,1972-01-30,2023-03-03,FR,France,Western Europe,Saint Guyboeuf,referral,false
CUST002446,Marianne,Boutin,maryse76@example.org,F,1957-09-27,2025-07-24,FR,France,Western Europe,Couturier,referral,true
CUST002447,Alexandrie,Rey,lebonmichelle@example.net,F,1967-02-16,2024-12-02,FR,France,Western Europe,Rocher,email,false
CUST002448,Rosalinde,Carsten,stollhans-d@example.org,Undisclosed,1991-01-23,2025-03-18,DE,Germany,Western Europe,Emmendingen,direct,true
CUST002449,Ole,Bonbach,yjohann@example.net,M,1946-05-27,2023-09-30,DE,Germany,Western Europe,Lübz,paid_search,true
CUST002450,Yves,Benoit,chevaliertimothee@example.org,F,2004-05-25,2023-07-31,FR,France,Western Europe,Perrot,social_media,true
CUST002451,Brigitte,Carre,brigitte95@example.org,M,1948-08-31,2025-12-27,FR,France,Western Europe,Rousseldan,social_media,false
CUST002452,Bengt,Henriksson,margaretajohansson@example.net,Undisclosed,1996-04-03,2023-12-10,SE,Sweden,Nordic,Alingsås,direct,true
CUST002453,Anthony,Potts,johnstondorothy@example.org,M,1972-05-27,2024-12-04,GB,United Kingdom,Western Europe,Sianborough,referral,true
CUST002454,Inès,Lemaire,penelope03@example.net,Undisclosed,1945-11-20,2025-03-12,FR,France,Western Europe,Lévêque,social_media,false
CUST002455,Malcolm,Cross,,M,2005-06-13,2024-10-26,GB,United Kingdom,Western Europe,South Jordan,social_media,false
CUST002456,Amanda,Schmidtke,,Undisclosed,1993-03-26,2024-04-04,DE,Germany,Western Europe,Belzig,direct,true
CUST002457,Laetitia,Gauthier,allardtheophile@example.net,F,1960-09-30,2023-08-20,FR,France,Western Europe,Chauvet,referral,false
CUST002458,Karen,Vincent,janiceevans@example.org,M,1968-11-07,2024-04-28,GB,United Kingdom,Western Europe,North Linda,social_media,true
CUST002459,Holly,Pearce,dbruce@example.com,M,1984-12-27,2024-10-28,GB,United Kingdom,Western Europe,Lake Jackfurt,paid_search,true
CUST002460,Émilie,Chevallier,dlevy@example.org,M,1994-06-26,2025-01-19,FR,France,Western Europe,Martel-la-Forêt,referral,true
CUST002461,Agneta,Nielsen,olssonmarta@example.com,M,1954-03-18,2024-05-02,SE,Sweden,Nordic,Piteå,referral,false
CUST002462,Beatrice,Panatta,antonialussu@example.com,F,2004-05-02,2023-11-03,IT,Italy,Southern Europe,Sant'Antonino,organic_search,true
CUST002463,Gemma,Reed,harperabigail@example.com,Undisclosed,2003-04-16,2024-12-25,GB,United Kingdom,Western Europe,West Toby,organic_search,false
CUST002464,Mark,Ford,lloydashleigh@example.com,M,1960-02-23,2023-05-04,GB,United Kingdom,Western Europe,Websterberg,social_media,true
CUST002465,Shannon,Smith,gakhtar@example.com,M,1985-04-18,2024-04-26,GB,United Kingdom,Western Europe,Lake Christianshire,paid_search,false
CUST002466,Leopold,Kabus,heinz-ottozobel@example.org,Undisclosed,2003-12-08,2025-05-26,DE,Germany,Western Europe,Berlin,email,false
CUST002467,Henriette,Fournier,galletsimone@example.org,M,1989-06-13,2024-07-26,FR,France,Western Europe,LabbéVille,referral,false
CUST002468,Sigrid,Lehmann,ingolf08@example.net,Undisclosed,1980-06-01,2024-07-26,DE,Germany,Western Europe,Gifhorn,social_media,false
CUST002469,Jacqueline,Gilbert,hayesconnor@example.org,Undisclosed,1960-08-25,2024-08-12,GB,United Kingdom,Western Europe,New Thomas,organic_search,false
CUST002470,Lawrence,Wheeler,,F,1968-06-12,2024-11-11,GB,United Kingdom,Western Europe,Shepherdshire,organic_search,true
CUST002471,Diethard,Geißler,kjunitz@example.org,Undisclosed,1986-01-24,2024-09-20,DE,Germany,Western Europe,Heinsberg,organic_search,true
CUST002472,Roger,Persson,pereriksson@example.org,F,1957-11-16,2023-09-26,SE,Sweden,Nordic,Ängelholm,social_media,true
CUST002473,Elmo,Satriani,,F,1970-11-12,2024-03-02,IT,Italy,Southern Europe,Sindacale,direct,false
CUST002474,Victor,Bloemendaal,danirek@example.com,M,1992-12-20,2024-01-09,NL,Netherlands,Western Europe,Eckelrade,referral,false
CUST002475,Leigh,Gray,walkergeoffrey@example.org,M,1961-01-14,2025-03-01,GB,United Kingdom,Western Europe,East Roychester,direct,true
CUST002476,Patricio,Zamorano,conradodonoso@example.org,M,1999-02-24,2025-05-16,ES,Spain,Southern Europe,Melilla,social_media,false
CUST002477,Pascal,Rosemann,aullrich@example.net,Undisclosed,1952-02-10,2023-11-03,DE,Germany,Western Europe,Büsingen am Hochrhein,direct,true
CUST002478,Blanca,Pera,vaqueroulises@example.org,F,1968-04-18,2025-01-25,ES,Spain,Southern Europe,Toledo,paid_search,true
CUST002479,Hülya,Stumpf,cathleen77@example.org,F,1952-02-04,2023-10-01,DE,Germany,Western Europe,Rathenow,direct,true
CUST002480,Yéssica,Guzmán,ayusomaricela@example.com,Undisclosed,1978-04-06,2024-09-16,ES,Spain,Southern Europe,Asturias,organic_search,true
CUST002481,Inès,Voisin,jraynaud@example.net,Undisclosed,2006-11-16,2025-04-30,FR,France,Western Europe,Grégoire,social_media,true
CUST002482,Cipriano,Tosi,marco40@example.net,Undisclosed,1955-01-30,2025-12-26,IT,Italy,Southern Europe,Lama Polesine,direct,false
CUST002483,Federigo,Vigorelli,acutuli@example.org,M,1960-03-24,2023-12-29,IT,Italy,Southern Europe,Bottai,social_media,false
CUST002484,Geza,Förster,emmihein@example.org,Undisclosed,1949-09-16,2024-06-28,DE,Germany,Western Europe,Brandenburg,social_media,true
CUST002485,Phillip,Elliott,ricky74@example.net,Undisclosed,2008-08-06,2023-07-04,GB,United Kingdom,Western Europe,North Emilystad,email,true
CUST002486,Elisabeth,Ahmed,helenamattsson@example.net,F,1948-02-21,2023-07-29,SE,Sweden,Nordic,Uppsala,organic_search,false
CUST002487,Callum,Edwards,bethan23@example.org,F,1979-07-29,2023-12-26,GB,United Kingdom,Western Europe,Scottville,direct,true
CUST002488,Trini,Castrillo,ramonferrera@example.org,M,1979-12-08,2024-01-17,ES,Spain,Southern Europe,La Rioja,paid_search,true
CUST002489,Dominic,Harper,anthony64@example.com,Undisclosed,2001-10-25,2025-04-23,GB,United Kingdom,Western Europe,West Marilynbury,social_media,true
CUST002490,Anastasie,Mary,dpineau@example.com,F,1952-03-18,2024-09-12,FR,France,Western Europe,Tanguy-sur-Hubert,social_media,false
CUST002491,Alphonse,Gilles,paulineguerin@example.net,Undisclosed,1956-09-13,2024-05-15,FR,France,Western Europe,Blanc-sur-Legros,referral,false
CUST002492,Nora,Schlosser,moechlichenkornelius@example.com,Undisclosed,1948-06-18,2024-06-30,DE,Germany,Western Europe,Roth,direct,false
CUST002493,Jose Miguel,Llorente,dimasandres@example.com,F,1950-03-27,2024-03-24,ES,Spain,Southern Europe,La Coruña,referral,false
CUST002494,Suzanne,Renaud,henriduhamel@example.org,M,1953-09-30,2024-06-18,FR,France,Western Europe,CoulonVille,direct,true
CUST002495,Helen,Gray,owennicole@example.com,Undisclosed,2007-06-07,2024-01-05,GB,United Kingdom,Western Europe,Hallton,paid_search,true
CUST002496,Graham,Tyler,zbarnes@example.org,F,2000-05-29,2025-06-20,GB,United Kingdom,Western Europe,Evanston,referral,false
CUST002497,Abbie,Fowler,kimberley44@example.com,F,1975-01-17,2025-12-15,GB,United Kingdom,Western Europe,Robinsonport,social_media,true
CUST002498,Sigfrido,Núñez,lilianagomila@example.net,Undisclosed,1946-04-07,2025-11-28,ES,Spain,Southern Europe,Segovia,organic_search,true
CUST002499,Margareta,Högberg,mcarlsson@example.org,F,1975-03-17,2025-01-16,SE,Sweden,Nordic,Örebro,paid_search,true
CUST002500,Margot,Dos Santos,william43@example.com,Undisclosed,2008-04-06,2023-04-02,FR,France,Western Europe,Bègue,direct,false
CUST002501,Aránzazu,Vilanova,juan-pablo21@example.net,M,1988-12-23,2025-11-28,ES,Spain,Southern Europe,Murcia,paid_search,false
CUST002502,Saturnino,Coloma,vcabanas@example.net,Undisclosed,1989-03-14,2025-11-19,ES,Spain,Southern Europe,Toledo,organic_search,true
CUST002503,Graeme,Walker,,F,1994-01-30,2024-02-18,GB,United Kingdom,Western Europe,Lake Graceshire,direct,true
CUST002504,Mikael,Eriksson,mforsberg@example.net,F,1954-10-20,2024-10-18,SE,Sweden,Nordic,Karlskrona,direct,true
CUST002505,Bodo,Knappe,ricardakobelt@example.net,F,1981-11-10,2023-02-16,DE,Germany,Western Europe,Garmisch-Partenkirchen,direct,false
CUST002506,Manuela,Stumpf,johanngutknecht@example.org,M,1962-01-28,2023-02-19,DE,Germany,Western Europe,Bitterfeld,direct,true
CUST002507,Amaro,Pereira,regina87@example.com,F,1994-08-06,2023-04-27,ES,Spain,Southern Europe,Huesca,email,true
CUST002508,Marie,Thibault,umerle@example.com,Undisclosed,1991-08-17,2024-03-06,FR,France,Western Europe,Didier,paid_search,false
CUST002509,Leticia,Ledesma,natividad76@example.net,F,1994-10-19,2023-04-10,ES,Spain,Southern Europe,Cantabria,organic_search,false
CUST002510,Sabatino,Juvara,gino65@example.net,F,1972-06-05,2025-04-19,IT,Italy,Southern Europe,Donnafugata,direct,true
CUST002511,Selma,Holt,bbolnbach@example.org,F,1954-04-16,2023-08-26,DE,Germany,Western Europe,Eisenberg,organic_search,true
CUST002512,Ilaria,Alfonsi,ivan50@example.net,Undisclosed,1984-08-27,2023-03-07,IT,Italy,Southern Europe,Campalto,referral,false
CUST002513,Patricia,Alexandre,danielle15@example.org,Undisclosed,1986-03-28,2024-05-24,FR,France,Western Europe,Breton,social_media,true
CUST002514,Katie,Clayton,beverley66@example.com,F,2003-10-05,2025-06-02,GB,United Kingdom,Western Europe,North Sandra,email,false
CUST002515,Joan,Scott,barry35@example.net,M,1963-10-06,2025-12-02,GB,United Kingdom,Western Europe,South Adrian,organic_search,false
CUST002516,Gabriele,Granatelli,arnaldo48@example.net,Undisclosed,1999-08-16,2023-02-16,IT,Italy,Southern Europe,Rosasco,social_media,true
CUST002517,Rena,Jessel,tdrub@example.com,M,1960-03-18,2024-10-30,DE,Germany,Western Europe,Merseburg,organic_search,true
CUST002518,Eric,Webb,xlloyd@example.com,M,2007-06-09,2025-01-21,GB,United Kingdom,Western Europe,North Eleanorville,organic_search,true
CUST002519,Ivan,Hermans,wvan-der-horst@example.org,M,1951-02-01,2024-03-15,NL,Netherlands,Western Europe,Olst,direct,false
CUST002520,Morris,Kisman,jgeertsen@example.com,M,1959-11-30,2023-02-04,NL,Netherlands,Western Europe,Oene,social_media,true
CUST002521,Lucy,van Laon,lana26@example.net,Undisclosed,1963-05-12,2025-05-18,NL,Netherlands,Western Europe,Kuinre,social_media,true
CUST002522,Hans-Karl,Seifert,hbiggen@example.com,F,1956-10-25,2024-03-10,DE,Germany,Western Europe,Ueckermünde,paid_search,true
CUST002523,Matthieu,Hebert,vleblanc@example.org,M,1977-03-05,2023-10-16,FR,France,Western Europe,Payetnec,referral,true
CUST002524,Laurent,Leclercq,unormand@example.com,F,1977-07-13,2025-09-08,FR,France,Western Europe,Saint Roger,referral,true
CUST002525,Juanita,Palau,artigasangela@example.net,M,2001-03-01,2025-06-26,ES,Spain,Southern Europe,León,referral,true
CUST002526,Manon,Paul,laurentalexandrie@example.com,M,1990-06-24,2025-04-24,FR,France,Western Europe,Saint André,organic_search,false
CUST002527,Jane,Eckbauer,yilmazstoll@example.org,Undisclosed,1950-02-26,2024-10-16,DE,Germany,Western Europe,Erding,organic_search,true
CUST002528,Anders,Gustafsson,tobias31@example.com,F,1984-09-20,2024-08-07,SE,Sweden,Nordic,Borås,email,false
CUST002529,Henri,Christoph,zraedel@example.net,M,1979-04-29,2025-07-13,DE,Germany,Western Europe,Bad Brückenau,social_media,false
CUST002530,Niklas,Broman,erikhussein@example.com,F,1998-06-17,2024-12-13,SE,Sweden,Nordic,Umeå,social_media,false
CUST002531,Fien,van Saksen,lensenelin@example.net,M,1999-01-15,2023-08-06,NL,Netherlands,Western Europe,Kantens,organic_search,true
CUST002532,Pastora,Garcés,edu59@example.com,Undisclosed,2007-07-30,2023-05-02,ES,Spain,Southern Europe,Burgos,paid_search,true
CUST002533,Pénélope,Pichon,henririou@example.net,M,1961-02-13,2025-04-24,FR,France,Western Europe,Aubert-sur-Barbe,organic_search,false
CUST002534,Monika,Mühle,abdullahhoevel@example.com,F,1992-09-19,2023-11-28,DE,Germany,Western Europe,Jülich,direct,false
CUST002535,Thijmen,Fredriks,hendriknollee@example.com,Undisclosed,1980-03-15,2025-07-06,NL,Netherlands,Western Europe,Nijetrijne,social_media,true
CUST002536,Vilma,Avilés,soriaregulo@example.org,M,1983-03-12,2025-08-07,ES,Spain,Southern Europe,Alicante,paid_search,true
CUST002537,Lisa,van de Greef,sandervan-wassenaar@example.org,F,2000-08-05,2025-08-04,NL,Netherlands,Western Europe,Gasselte,social_media,false
CUST002538,Alex,Noack,ralfbender@example.org,F,1954-03-02,2025-12-22,DE,Germany,Western Europe,Lemgo,paid_search,true
CUST002539,Cornelio,Pablo,,F,1989-07-24,2024-02-07,ES,Spain,Southern Europe,Navarra,referral,false
CUST002540,Griselda,Royo,laraborras@example.com,M,2008-06-30,2025-07-04,ES,Spain,Southern Europe,Murcia,paid_search,true
CUST002541,Naud,van Geffen,lizz67@example.org,F,1996-12-22,2023-01-12,NL,Netherlands,Western Europe,Kortgene,paid_search,false
CUST002542,Jessica,Corominas,espiridiongallego@example.org,M,1955-04-28,2024-06-04,ES,Spain,Southern Europe,Teruel,organic_search,false
CUST002543,Luís,Izaguirre,caminomarisela@example.net,Undisclosed,1956-02-28,2023-05-12,ES,Spain,Southern Europe,Navarra,organic_search,true
CUST002544,Jeffrey,Carpenter,rosiescott@example.net,M,1969-10-03,2023-04-28,GB,United Kingdom,Western Europe,Georgeburgh,social_media,true
CUST002545,Imre,Schuster,heimo50@example.com,Undisclosed,1999-06-20,2023-05-19,DE,Germany,Western Europe,Goslar,email,true
CUST002546,William,Dixon,davisgeoffrey@example.net,M,1992-03-16,2024-05-31,GB,United Kingdom,Western Europe,Whitebury,referral,true
CUST002547,Hermann,Römer,neureuthergreta@example.com,Undisclosed,1966-06-07,2024-07-06,DE,Germany,Western Europe,Staffelstein,organic_search,false
CUST002548,Philippine,Collin,henri01@example.org,Undisclosed,1957-07-23,2023-12-19,FR,France,Western Europe,PeltierVille,referral,false
CUST002549,Véronique,Fouquet,margaud63@example.net,Undisclosed,1977-11-27,2025-10-14,FR,France,Western Europe,Collin,email,true
CUST002550,Lisette,Mülichen,johannjanette@example.com,Undisclosed,1948-09-30,2023-05-14,DE,Germany,Western Europe,Herzberg,email,false
CUST002551,Margaux,Mercier,helene12@example.net,F,1970-09-29,2024-08-22,FR,France,Western Europe,Sainte Michelle-la-Forêt,email,false
CUST002552,Miroslav,Jüttner,buchholzcarolin@example.net,F,1974-10-29,2023-04-11,DE,Germany,Western Europe,Apolda,paid_search,false
CUST002553,Domitila,Montesinos,penadora@example.org,Undisclosed,1976-05-13,2025-06-13,ES,Spain,Southern Europe,Huelva,referral,false
CUST002554,Paola,Ciani,atenulfsismondi@example.org,F,1946-12-02,2023-08-22,IT,Italy,Southern Europe,Cittaducale,social_media,true
CUST002555,Alexandre,Boucsein,sylviofreudenberger@example.net,F,1988-01-23,2025-06-01,DE,Germany,Western Europe,Bruchsal,email,true
CUST002556,Carl,Eklund,ingridaxelsson@example.com,F,1962-04-06,2025-11-21,SE,Sweden,Nordic,Trelleborg,email,true
CUST002557,Sandra,Stevenson,khall@example.net,Undisclosed,1984-03-23,2023-11-21,GB,United Kingdom,Western Europe,Stevensburgh,direct,false
CUST002558,Édouard,Marion,emarin@example.org,Undisclosed,1998-02-11,2023-07-14,FR,France,Western Europe,Payet,organic_search,true
CUST002559,Korinna,Baum,ysiering@example.net,Undisclosed,1977-01-04,2025-01-26,DE,Germany,Western Europe,Uffenheim,referral,false
CUST002560,Frank,Gray,abrooks@example.com,M,1959-11-02,2023-10-28,GB,United Kingdom,Western Europe,Reeceville,direct,false
CUST002561,Godofredo,Anguita,pinanando@example.com,F,1980-07-23,2025-11-06,ES,Spain,Southern Europe,Cádiz,email,false
CUST002562,Jasper,Hermans,giovannijekel@example.org,F,1985-07-26,2024-09-14,NL,Netherlands,Western Europe,Brandwijk,social_media,true
CUST002563,Malgorzata,Kostolzin,meral05@example.com,F,1964-03-18,2025-06-20,DE,Germany,Western Europe,Regensburg,organic_search,true
CUST002564,Ingelore,Binner,ehoelzenbecher@example.org,M,1945-10-06,2024-06-15,DE,Germany,Western Europe,Lüdinghausen,organic_search,true
CUST002565,Émilie,Chartier,tdelaunay@example.com,Undisclosed,1997-07-28,2024-01-22,FR,France,Western Europe,Mahenec,direct,true
CUST002566,Thierry,Blanc,henriette79@example.com,Undisclosed,1974-04-01,2023-11-20,FR,France,Western Europe,Collin,paid_search,false
CUST002567,Antonio,Barkholz,slawomir04@example.com,M,1973-05-11,2025-10-30,DE,Germany,Western Europe,Jessen,direct,false
CUST002568,Auguste,Pruvost,marthe37@example.org,F,1995-12-24,2023-04-13,FR,France,Western Europe,Maillardnec,social_media,true
CUST002569,Damián,Palma,abrilsainz@example.org,M,1955-01-11,2025-05-17,ES,Spain,Southern Europe,Ceuta,direct,true
CUST002570,Rosario,Alfonsi,geronimo05@example.net,Undisclosed,1957-11-18,2023-12-29,IT,Italy,Southern Europe,Tassara,paid_search,false
CUST002571,Célina,Pasquier,frederic28@example.org,M,1991-07-30,2025-02-11,FR,France,Western Europe,Launay,direct,false
CUST002572,Jacopo,Trezzini,gianpietro15@example.net,Undisclosed,1987-12-05,2024-01-08,IT,Italy,Southern Europe,San Michele Delle Badesse,direct,false
CUST002573,Margaux,Gay,sleveque@example.com,M,1962-07-24,2025-02-09,FR,France,Western Europe,Rémy,email,true
CUST002574,Douglas,Thornton,iain34@example.net,F,1999-07-23,2024-06-28,GB,United Kingdom,Western Europe,Mollyville,paid_search,false
CUST002575,Ingolf,Weller,mroskoth@example.net,M,1987-01-08,2023-07-29,DE,Germany,Western Europe,Vohenstrauß,paid_search,false
CUST002576,Eric,Allen,martyn97@example.com,Undisclosed,1964-01-12,2024-07-17,GB,United Kingdom,Western Europe,Smithhaven,paid_search,false
CUST002577,Agnes,Björk,fredrikandersson@example.com,F,1994-11-18,2025-12-30,SE,Sweden,Nordic,Borås,email,true
CUST002578,John,Turner,oliver32@example.org,Undisclosed,1997-06-02,2024-06-13,GB,United Kingdom,Western Europe,Clarkeburgh,referral,true
CUST002579,Gabriel,Voisin,,F,1997-07-07,2025-05-20,FR,France,Western Europe,Sainte Victor,paid_search,true
CUST002580,Harriet,Ellis,maureen53@example.com,Undisclosed,1973-10-10,2024-05-23,GB,United Kingdom,Western Europe,Tomfort,paid_search,true
CUST002581,Arne,Henschel,nataliawulff@example.org,Undisclosed,1946-05-17,2025-04-14,DE,Germany,Western Europe,Hannoversch Münden,organic_search,false
CUST002582,Azeglio,Comolli,antonella64@example.com,M,1994-12-02,2024-01-18,IT,Italy,Southern Europe,Cave Del Predil,referral,true
CUST002583,Susan,Dean,westpatrick@example.net,F,1998-09-05,2025-03-31,GB,United Kingdom,Western Europe,East Bethanymouth,social_media,false
CUST002584,Jeannine,Michaud,hhamon@example.net,Undisclosed,1958-08-20,2024-09-10,FR,France,Western Europe,Guillon,social_media,true
CUST002585,Sharon,Coates,teresa70@example.net,Undisclosed,1951-01-19,2024-01-31,GB,United Kingdom,Western Europe,North Elliot,organic_search,false
CUST002586,Bethan,Mills,lynn43@example.com,F,1972-01-29,2025-09-18,GB,United Kingdom,Western Europe,North Liam,paid_search,false
CUST002587,Pawel,Biggen,sylvanariehl@example.net,Undisclosed,2005-11-28,2023-03-27,DE,Germany,Western Europe,Hamburg,email,false
CUST002588,Sophia,Huurdeman,jonathanle-gulcher@example.org,M,1947-12-18,2023-10-25,NL,Netherlands,Western Europe,Katwoude,organic_search,true
CUST002589,Hans-Dietrich,Hettner,lorenzomielcarek@example.com,Undisclosed,1973-05-08,2024-10-30,DE,Germany,Western Europe,Starnberg,social_media,false
CUST002590,Iris,van Haspengouw,berendsmichael@example.org,Undisclosed,1994-04-14,2024-05-24,NL,Netherlands,Western Europe,Zoelmond,email,false
CUST002591,Ileana,Prieto,vvargas@example.net,F,1998-11-10,2025-11-03,ES,Spain,Southern Europe,Alicante,referral,false
CUST002592,Rico,Ayllón,leocadia29@example.com,F,1956-02-04,2024-10-04,ES,Spain,Southern Europe,Segovia,direct,true
CUST002593,Natalie,Smith,swilliams@example.org,M,1948-03-28,2023-04-30,GB,United Kingdom,Western Europe,Gavinmouth,email,true
CUST002594,Anthony,Humphries,nashpaula@example.com,M,2001-02-23,2024-12-20,GB,United Kingdom,Western Europe,Maryfurt,organic_search,true
CUST002595,Pamela,Weller,hans-bernd75@example.net,M,2008-06-11,2025-03-19,DE,Germany,Western Europe,Feuchtwangen,direct,true
CUST002596,Estrella,Guillen,eliseovina@example.org,M,1946-04-26,2023-07-24,ES,Spain,Southern Europe,Albacete,email,false
CUST002597,Franck,Fabre,vincentmarechal@example.net,Undisclosed,1959-08-05,2023-01-16,FR,France,Western Europe,Saint Alphonse,paid_search,false
CUST002598,Chloe,Townsend,joesmith@example.com,F,1992-10-16,2025-12-22,GB,United Kingdom,Western Europe,Lake Annemouth,email,false
CUST002599,Guy,Diallo,sylvie07@example.com,Undisclosed,1978-03-28,2024-07-15,FR,France,Western Europe,Bourdon-sur-Perrot,email,false
CUST002600,Florentine,Koch II,jacob02@example.com,M,1960-01-06,2025-04-20,DE,Germany,Western Europe,Bitterfeld,social_media,false
CUST002601,Garry,Sharp,dalehunter@example.net,M,1957-04-17,2025-05-17,GB,United Kingdom,Western Europe,North Robin,organic_search,false
CUST002602,Aynur,Hübel,irene20@example.org,F,1976-11-17,2024-09-23,DE,Germany,Western Europe,Rostock,referral,true
CUST002603,Jayden,Kolen,garrettwan@example.net,M,1990-09-23,2025-05-20,NL,Netherlands,Western Europe,Eexterveenschekanaal,email,false
CUST002604,Sylvie,Mace,bernard50@example.com,M,1973-10-29,2023-09-25,FR,France,Western Europe,Peltier,social_media,true
CUST002605,Marlen,Mülichen,xvollbrecht@example.org,Undisclosed,1989-05-20,2023-08-11,DE,Germany,Western Europe,Hettstedt,organic_search,true
CUST002606,Justin,Bennett,amy19@example.net,F,1949-02-01,2025-05-21,GB,United Kingdom,Western Europe,Evansside,paid_search,false
CUST002607,Lioba,Stey,arianemans@example.org,Undisclosed,1977-08-11,2025-05-26,DE,Germany,Western Europe,Höxter,email,true
CUST002608,Joséphine,Fournier,arnaudhonore@example.com,F,2000-04-21,2024-10-09,FR,France,Western Europe,Lagarde-sur-Le Goff,social_media,true
CUST002609,Matthias,Reijers,wde-reede@example.net,Undisclosed,2007-12-09,2023-07-09,NL,Netherlands,Western Europe,Veldhoven,social_media,false
CUST002610,Isabelle,Warmer,,Undisclosed,1955-09-19,2023-05-03,DE,Germany,Western Europe,Neuss,email,false
CUST002611,Consuela,Benito,eulaliaexposito@example.com,F,1999-09-29,2025-09-12,ES,Spain,Southern Europe,Badajoz,organic_search,true
CUST002612,Ernst-August,Radisch,dennychristoph@example.org,F,1976-11-03,2025-01-03,DE,Germany,Western Europe,Gera,social_media,false
CUST002613,Elif,Binner,heidi86@example.net,M,1991-04-02,2023-10-04,DE,Germany,Western Europe,Mettmann,direct,false
CUST002614,Ben,Nieuwstraten,van-saksenmees@example.net,F,1986-05-24,2023-06-05,NL,Netherlands,Western Europe,Finsterwolde,referral,false
CUST002615,Philippe,Lemonnier,francois99@example.net,M,1969-11-02,2024-04-13,FR,France,Western Europe,Joseph,social_media,false
CUST002616,Hagen,Gertz,jeannette17@example.org,Undisclosed,1955-05-10,2025-12-26,DE,Germany,Western Europe,Kyritz,social_media,true
CUST002617,Jules,Goncalves,paul38@example.com,Undisclosed,1947-02-22,2024-09-26,FR,France,Western Europe,Charpentier,referral,false
CUST002618,Joseph,Mallet,guymarie@example.com,M,1991-11-24,2024-06-02,FR,France,Western Europe,Pottier,direct,false
CUST002619,Manola,Abellán,domitila63@example.org,Undisclosed,1992-10-18,2024-06-05,ES,Spain,Southern Europe,Cantabria,direct,true
CUST002620,Thibault,Gaudin,theodore47@example.org,F,2002-11-20,2024-02-08,FR,France,Western Europe,Didierboeuf,paid_search,false
CUST002621,Nilda,Delgado,lilloabril@example.org,Undisclosed,1946-05-21,2024-08-07,ES,Spain,Southern Europe,Salamanca,email,true
CUST002622,Benedetto,Mazzi,rtomaselli@example.com,F,1958-07-30,2025-07-12,IT,Italy,Southern Europe,Trinquelli,social_media,true
CUST002623,Jules,Chauvin,nboucher@example.net,Undisclosed,1974-10-01,2025-09-29,FR,France,Western Europe,Leroux,direct,true
CUST002624,Rocco,Tanzini,pierluigi34@example.org,F,1977-12-13,2023-05-30,IT,Italy,Southern Europe,Varzo,organic_search,true
CUST002625,Honoré,Durand,huguespelletier@example.net,M,1974-02-25,2025-03-03,FR,France,Western Europe,Sainte AdèleBourg,direct,true
CUST002626,Olof,Nilsson,linneabjorkman@example.net,F,1956-05-30,2023-03-09,SE,Sweden,Nordic,Karlskoga,referral,true
CUST002627,Heinz-Jürgen,Berger,erich15@example.com,F,1956-01-01,2024-06-30,DE,Germany,Western Europe,Herford,organic_search,true
CUST002628,Victor,Keltenie,bosterhoudt@example.org,M,1989-08-17,2023-08-01,NL,Netherlands,Western Europe,Raerd,referral,false
CUST002629,Jeremy,Thomas,brendawood@example.net,M,1971-05-03,2025-11-19,GB,United Kingdom,Western Europe,West Cherylview,social_media,false
CUST002630,Yves,Pereira,imbertmarguerite@example.net,M,1958-12-03,2024-06-04,FR,France,Western Europe,Ramos,organic_search,true
CUST002631,Samuel,Sharpe,wilsonshannon@example.org,M,1982-01-19,2025-12-31,GB,United Kingdom,Western Europe,Lake Charles,paid_search,false
CUST002632,Casper,Ferran,,Undisclosed,1957-09-17,2023-08-08,NL,Netherlands,Western Europe,Fluitenberg,paid_search,true
CUST002633,Pero,Weiß,gerlachliesbeth@example.org,Undisclosed,1965-10-30,2023-10-29,DE,Germany,Western Europe,Waren,referral,false
CUST002634,Sergei,Reising,astrid26@example.net,F,1979-09-04,2025-05-21,DE,Germany,Western Europe,Hammelburg,direct,true
CUST002635,Felix,van der Horst,groenendaallinn@example.net,Undisclosed,1967-12-01,2024-09-18,NL,Netherlands,Western Europe,Kortehemmen,email,true
CUST002636,Lieke,Huls,de-koningmilan@example.com,M,2002-08-27,2024-07-15,NL,Netherlands,Western Europe,'s-Gravenhage,organic_search,true
CUST002637,Nanna,Karlsson,ottossonharald@example.net,F,1989-02-12,2025-02-19,SE,Sweden,Nordic,Södertälje,referral,true
CUST002638,Samu,Luján,azahar56@example.net,Undisclosed,2004-11-25,2025-07-09,ES,Spain,Southern Europe,Valencia,paid_search,true
CUST002639,Ingrid,Engman,kerstin19@example.com,F,1990-06-30,2025-10-20,SE,Sweden,Nordic,Helsingborg,referral,true
CUST002640,Jip,Ehlert,juliavan-egisheim@example.org,F,1958-11-02,2023-12-20,NL,Netherlands,Western Europe,Haastrecht,referral,true
CUST002641,Benjamin,Jacquet,schneidermarie@example.org,F,1956-10-12,2023-12-10,FR,France,Western Europe,Fleury-sur-Rossi,paid_search,true
CUST002642,Heinz-Günther,Dowerg,,M,1964-10-31,2023-01-05,DE,Germany,Western Europe,Oranienburg,email,true
CUST002643,Victoriano,Corral,boschadriana@example.net,Undisclosed,2001-11-06,2023-04-03,ES,Spain,Southern Europe,Palencia,referral,false
CUST002644,Shaun,Lewis,beverley81@example.net,M,1959-03-28,2025-03-02,GB,United Kingdom,Western Europe,Lake Georginatown,email,true
CUST002645,Sigfried,Lange,hartmannpaulina@example.com,Undisclosed,1947-02-09,2024-08-14,DE,Germany,Western Europe,Vohenstrauß,social_media,true
CUST002646,Louis,Letellier,bonnetaime@example.com,M,1956-08-28,2023-06-24,FR,France,Western Europe,Marques-sur-Mer,referral,true
CUST002647,Mathias,Andersson,gdavidsson@example.org,Undisclosed,2000-10-11,2024-02-04,SE,Sweden,Nordic,Karlstad,direct,true
CUST002648,Duncan,Shah,,F,2006-11-14,2023-03-13,GB,United Kingdom,Western Europe,New Carolyn,email,true
CUST002649,Isaac,Delattre,monnierfrancoise@example.net,M,2003-01-05,2023-01-08,FR,France,Western Europe,Picard-sur-Delmas,referral,false
CUST002650,Amelia,Williams,howardpatricia@example.net,Undisclosed,2001-08-30,2025-06-15,GB,United Kingdom,Western Europe,Daveybury,email,false
CUST002651,Raphaela,Otto,hans-dieterroehricht@example.org,Undisclosed,1987-02-26,2025-05-14,DE,Germany,Western Europe,Suhl,social_media,false
CUST002652,Océane,Perez,marcelguillet@example.com,F,1980-02-04,2023-06-27,FR,France,Western Europe,Bousquet,organic_search,false
CUST002653,Joseph,Chauvin,lefortelodie@example.com,Undisclosed,1976-08-20,2024-10-25,FR,France,Western Europe,Saint Bernadette-la-Forêt,referral,false
CUST002654,Hans-Herbert,Förster,ackermannyasemin@example.org,Undisclosed,1990-11-09,2023-03-27,DE,Germany,Western Europe,Finsterwalde,email,false
CUST002655,Ignacia,Verdejo,lilianacorominas@example.org,Undisclosed,1995-06-08,2024-02-19,ES,Spain,Southern Europe,Huelva,referral,false
CUST002656,Nathalie,Andre,celinagallet@example.net,F,1981-08-21,2023-11-23,FR,France,Western Europe,GermainVille,referral,false
CUST002657,Claudio,Aroca,ftoledo@example.com,M,1974-06-08,2025-12-01,ES,Spain,Southern Europe,Palencia,direct,false
CUST002658,Roberta,Larrea,adolfoyanez@example.org,Undisclosed,1962-07-08,2023-05-29,ES,Spain,Southern Europe,Salamanca,social_media,false
CUST002659,Valerie,Lange,volkerauch-schlauchin@example.com,F,1953-08-18,2023-06-08,DE,Germany,Western Europe,Nürtingen,paid_search,true
CUST002660,Sten,van der Klijn,wigmanyfke@example.net,Undisclosed,1989-06-16,2023-02-15,NL,Netherlands,Western Europe,Kapelle,social_media,false
CUST002661,Frances,Brown,bruce72@example.net,F,1994-06-03,2025-12-05,GB,United Kingdom,Western Europe,Lake Deborah,social_media,true
CUST002662,Vittorio,Pausini,spacetti@example.com,Undisclosed,1997-08-27,2023-01-12,IT,Italy,Southern Europe,Donoratico,paid_search,true
CUST002663,Tino,Haase,christin12@example.com,F,1966-08-24,2025-08-02,DE,Germany,Western Europe,Illertissen,email,false
CUST002664,Thomas,Ariens,kian94@example.net,M,1997-09-03,2023-07-04,NL,Netherlands,Western Europe,Sexbierum,paid_search,true
CUST002665,Louise,Phillips,barry99@example.org,Undisclosed,1978-01-07,2023-07-17,GB,United Kingdom,Western Europe,Port Marian,social_media,true
CUST002666,Christophe,Salmon,lbriand@example.com,F,1975-06-25,2025-04-04,FR,France,Western Europe,Maurice-sur-Delaunay,referral,false
CUST002667,Birgitta,Zänker,jbarkholz@example.org,F,1986-03-11,2024-11-15,DE,Germany,Western Europe,Hechingen,social_media,false
CUST002668,Jasmijn,Schwartsbach,jreimes@example.com,Undisclosed,1973-04-14,2024-06-29,NL,Netherlands,Western Europe,Leende,social_media,false
CUST002669,Lynn,van de Darnau,van-de-poljordy@example.net,M,2003-04-27,2025-09-22,NL,Netherlands,Western Europe,Maastricht,paid_search,true
CUST002670,Sébastien,Albert,bouchetcelina@example.org,M,1980-12-31,2023-10-17,FR,France,Western Europe,Leclerc,direct,true
CUST002671,Kenneth,Turner,ihunter@example.net,Undisclosed,1965-08-14,2023-04-12,GB,United Kingdom,Western Europe,West Gregorymouth,email,false
CUST002672,Lucie,Buisson,texierjacques@example.net,F,2000-07-18,2023-04-19,FR,France,Western Europe,Duboisboeuf,email,true
CUST002673,Sep,Jansdr,gerritborman@example.org,M,1976-11-23,2025-10-27,NL,Netherlands,Western Europe,Bathmen,social_media,true
CUST002674,Dorothea,Bolander,skuhl@example.net,Undisclosed,1946-11-30,2023-04-30,DE,Germany,Western Europe,Gräfenhainichen,direct,false
CUST002675,Achille,Viviani,micheletto81@example.org,M,2005-05-19,2025-07-15,IT,Italy,Southern Europe,Fontanarossa,referral,false
CUST002676,Margot,Gimenez,boulangerchristine@example.com,M,1983-03-08,2023-01-13,FR,France,Western Europe,Maurice,direct,true
CUST002677,Françoise,Perrot,vcharles@example.org,F,1973-12-28,2023-07-07,FR,France,Western Europe,Garcia,email,true
CUST002678,Silva,Aumann,stephaniematthaei@example.com,Undisclosed,1948-11-24,2023-06-26,DE,Germany,Western Europe,Freudenstadt,direct,false
CUST002679,Reinhart,Wesack,stiebitzmuharrem@example.net,M,1991-11-17,2024-04-10,DE,Germany,Western Europe,Burglengenfeld,referral,true
CUST002680,Charlotte,Harris,leah30@example.com,M,1983-08-27,2024-02-13,GB,United Kingdom,Western Europe,Annaborough,direct,true
CUST002681,Aurore,Pons,qallard@example.com,Undisclosed,1984-06-08,2023-01-10,FR,France,Western Europe,Sainte Michelle,direct,true
CUST002682,Felix,Ribas,carrascobernarda@example.com,Undisclosed,2005-06-11,2025-10-29,ES,Spain,Southern Europe,Albacete,social_media,true
CUST002683,Stanislaus,Köhler,schuelerkarolin@example.org,M,2006-02-24,2023-10-16,DE,Germany,Western Europe,Badalzungen,referral,true
CUST002684,Philippe,Payet,richardcollet@example.com,M,1986-08-12,2025-04-24,FR,France,Western Europe,Bertrand-sur-Carlier,organic_search,false
CUST002685,Audrey,Vaillant,qparis@example.com,Undisclosed,2007-02-02,2023-06-30,FR,France,Western Europe,Besson-les-Bains,email,true
CUST002686,Lilo,Wulff,thea06@example.org,Undisclosed,1954-04-05,2024-09-28,DE,Germany,Western Europe,Hildburghausen,organic_search,false
CUST002687,Fred,Jopich,elenore96@example.com,Undisclosed,1974-08-21,2024-11-11,DE,Germany,Western Europe,Erbisdorf,email,true
CUST002688,Vincent,Huet,gerardraynaud@example.org,F,1960-05-06,2024-01-11,FR,France,Western Europe,Besnard,direct,false
CUST002689,Janet,Rogers,smithmohammad@example.com,F,1965-04-27,2025-06-15,GB,United Kingdom,Western Europe,Christinebury,paid_search,false
CUST002690,Claude,Grondin,kmillet@example.org,Undisclosed,1982-01-18,2025-12-21,FR,France,Western Europe,Bouvier,direct,false
CUST002691,Gerard,Ross,jonesjonathan@example.org,Undisclosed,1969-05-06,2025-07-06,GB,United Kingdom,Western Europe,North Mohammed,social_media,true
CUST002692,Scott,Slater,harperfrederick@example.com,F,1951-11-26,2024-09-13,GB,United Kingdom,Western Europe,Lake Meganbury,direct,false
CUST002693,Gerwin,Löffler,evelinmitschke@example.com,M,1998-03-31,2025-04-11,DE,Germany,Western Europe,Pinneberg,email,false
CUST002694,Frances,Potter,marianward@example.com,M,1967-10-13,2024-07-20,GB,United Kingdom,Western Europe,East Fiona,social_media,true
CUST002695,Maria,Berg,hampus52@example.net,Undisclosed,1953-07-21,2025-01-15,SE,Sweden,Nordic,Uddevalla,organic_search,true
CUST002696,William,Goodwin,jayne17@example.org,F,1949-03-28,2024-11-13,GB,United Kingdom,Western Europe,West Mohammadland,direct,false
CUST002697,Wesley,Ooms,tobias74@example.com,F,1997-09-20,2023-02-26,NL,Netherlands,Western Europe,Oldeholtwolde,organic_search,true
CUST002698,Théophile,Navarro,agatheleleu@example.org,F,2005-02-23,2025-08-05,FR,France,Western Europe,Foucher-la-Forêt,direct,true
CUST002699,Custodia,Marín,serradiego@example.com,M,1993-06-23,2023-10-19,ES,Spain,Southern Europe,Cantabria,organic_search,true
CUST002700,Nazario,Guardia,luis-miguel93@example.org,Undisclosed,1978-11-30,2023-12-11,ES,Spain,Southern Europe,Ceuta,paid_search,false
CUST002701,Jake,Cameron,harryhill@example.com,F,1950-05-10,2024-07-02,GB,United Kingdom,Western Europe,East Carly,organic_search,true
CUST002702,Alice,Skoog,runeandersson@example.com,Undisclosed,2000-12-11,2024-01-09,SE,Sweden,Nordic,Trollhättan,organic_search,true
CUST002703,Hans-Peter,Anders,wolf-dieterring@example.com,Undisclosed,1965-02-03,2023-11-20,DE,Germany,Western Europe,Erbisdorf,organic_search,false
CUST002704,Evangelos,Martin,hedwig15@example.org,F,1992-09-27,2023-08-16,DE,Germany,Western Europe,Ludwigslust,social_media,false
CUST002705,Jaime,Tolosa,paz35@example.net,F,2000-12-13,2025-06-20,ES,Spain,Southern Europe,Badajoz,organic_search,false
CUST002706,Ale,Fabra,palacioteodoro@example.net,F,1965-08-04,2023-07-24,ES,Spain,Southern Europe,Jaén,referral,true
CUST002707,Thorben,Weimer,vchristoph@example.com,M,1971-06-20,2024-12-25,DE,Germany,Western Europe,Saarlouis,paid_search,true
CUST002708,Suzanne,Chauvin,,Undisclosed,1985-10-02,2023-04-09,FR,France,Western Europe,Sainte Maurice-sur-Mer,social_media,true
CUST002709,Christina,Hertrampf,lernst@example.net,F,2006-02-26,2024-02-21,DE,Germany,Western Europe,Seelow,paid_search,true
CUST002710,Benoît,Rossi,blotauguste@example.org,Undisclosed,1986-03-19,2024-03-15,FR,France,Western Europe,Leblancdan,social_media,true
CUST002711,Vicenta,Guillén,crescenciaalegria@example.net,F,2002-05-06,2023-05-28,ES,Spain,Southern Europe,Cáceres,direct,false
CUST002712,Michelle,Adams,campbellsheila@example.net,F,1965-06-14,2023-12-23,GB,United Kingdom,Western Europe,Ronaldport,direct,false
CUST002713,Philippine,Blondel,vbaron@example.net,F,1965-12-06,2023-10-28,FR,France,Western Europe,Hamel-sur-Leconte,email,true
CUST002714,Jean,Guilbert,xguillon@example.com,Undisclosed,2007-09-01,2023-02-09,FR,France,Western Europe,Becker,referral,false
CUST002715,Centa,Keudel,ojuettner@example.net,Undisclosed,1997-01-03,2025-06-18,DE,Germany,Western Europe,Paderborn,email,false
CUST002716,Guy,Guérin,allainbernard@example.org,Undisclosed,1975-09-13,2023-09-14,FR,France,Western Europe,Pinto-sur-Foucher,social_media,false
CUST002717,Sheila,Kay,perryclifford@example.net,M,1987-02-01,2025-02-06,GB,United Kingdom,Western Europe,Suttonmouth,email,true
CUST002718,Leon,Wallin,svenssonjonna@example.net,Undisclosed,2008-08-28,2024-11-15,SE,Sweden,Nordic,Linköping,organic_search,true
CUST002719,Martirio,Cuesta,narcisa36@example.com,M,1981-04-12,2025-10-07,ES,Spain,Southern Europe,Melilla,email,true
CUST002720,Heinz-Joachim,Schweitzer,carstenhans-detlef@example.net,F,1947-09-14,2024-08-08,DE,Germany,Western Europe,Pegnitz,direct,true
CUST002721,Matilda,Bragadin,marcella68@example.org,M,1985-01-09,2023-11-03,IT,Italy,Southern Europe,Quartu Sant'Elena,organic_search,true
CUST002722,Corona,Alberdi,rbernal@example.com,M,2006-01-29,2023-03-07,ES,Spain,Southern Europe,Valencia,organic_search,false
CUST002723,Natalia,Diaz,,Undisclosed,2002-05-25,2024-05-15,ES,Spain,Southern Europe,León,email,false
CUST002724,Jade,Mellor,,F,1970-11-21,2024-05-12,GB,United Kingdom,Western Europe,Seanside,email,false
CUST002725,Matthieu,Besson,lbriand@example.org,F,1951-10-08,2024-03-26,FR,France,Western Europe,Vallet,direct,false
CUST002726,Océane,Richard,faivremichelle@example.com,Undisclosed,1997-12-31,2025-07-23,FR,France,Western Europe,Leclercq,referral,false
CUST002727,Justina,Weinhage,gundakroker@example.org,F,1953-12-14,2024-10-24,DE,Germany,Western Europe,Rockenhausen,direct,false
CUST002728,Albrecht,Hering,lilosauer@example.org,F,2004-01-17,2024-09-30,DE,Germany,Western Europe,Rochlitz,paid_search,true
CUST002729,Notburga,Jopich,ijaentsch@example.net,F,1969-06-21,2023-10-17,DE,Germany,Western Europe,Gifhorn,email,false
CUST002730,Melanie,Mills,dthomas@example.net,M,1982-02-02,2023-02-20,GB,United Kingdom,Western Europe,Port Stephanieville,social_media,true
CUST002731,Nynke,Huurdeman,schuurmansnick@example.org,F,1966-01-20,2024-04-07,NL,Netherlands,Western Europe,Heumen,direct,true
CUST002732,Bethan,James,emartin@example.com,Undisclosed,1981-10-24,2023-07-22,GB,United Kingdom,Western Europe,Martinfurt,social_media,true
CUST002733,Heinz-Günther,Stumpf,silkemans@example.org,F,1969-05-30,2025-12-05,DE,Germany,Western Europe,Reutlingen,referral,true
CUST002734,Bjarne,Ahlgren,janeriksson@example.net,M,1968-05-27,2025-06-07,SE,Sweden,Nordic,Skövde,social_media,false
CUST002735,Roberto,Gozzi,ovadiaemma@example.com,Undisclosed,1951-07-14,2023-06-17,IT,Italy,Southern Europe,Breda Di Piave,direct,false
CUST002736,Amarilis,Estevez,ppena@example.net,Undisclosed,1969-12-24,2023-12-09,ES,Spain,Southern Europe,Zamora,direct,true
CUST002737,Sofie,Lindström,bergleif@example.com,Undisclosed,1990-08-07,2024-11-26,SE,Sweden,Nordic,Lidingö,paid_search,true
CUST002738,Matthew,Davis,meganjones@example.com,Undisclosed,1982-10-01,2025-02-07,GB,United Kingdom,Western Europe,Turnerfurt,paid_search,false
CUST002739,Hans,Arvidsson,padolfsson@example.com,F,2000-08-13,2024-11-10,SE,Sweden,Nordic,Eskilstuna,referral,true
CUST002740,Cornelius,Beer,tlustekhatice@example.com,F,2006-06-22,2023-12-11,DE,Germany,Western Europe,Schwäbisch Gmünd,referral,true
CUST002741,Xavier,Regnier,obreton@example.org,F,2005-01-13,2024-08-26,FR,France,Western Europe,Lejeune,paid_search,true
CUST002742,Hans-Helmut,Staude,augustin51@example.org,M,1983-10-22,2024-05-31,DE,Germany,Western Europe,Demmin,direct,true
CUST002743,Friedhold,Neuschäfer,ahamann@example.com,M,1974-03-30,2025-12-10,DE,Germany,Western Europe,Lüneburg,direct,true
CUST002744,Jorge,Schulz,sylkepechel@example.org,Undisclosed,1963-04-27,2023-01-21,DE,Germany,Western Europe,Mettmann,organic_search,true
CUST002745,Jenna,Saunders,hillrosemary@example.org,F,1960-01-26,2023-04-14,GB,United Kingdom,Western Europe,New Victoriashire,paid_search,true
CUST002746,Juan Bautista,Acevedo,ripollana-sofia@example.com,F,1984-06-13,2025-06-17,ES,Spain,Southern Europe,Cádiz,organic_search,true
CUST002747,Stanley,Mitchell,jayne87@example.com,F,1969-07-17,2025-02-02,GB,United Kingdom,Western Europe,Port Dianabury,email,false
CUST002748,Fabian,Metz,asta72@example.com,F,1963-10-11,2023-04-07,DE,Germany,Western Europe,Artern,organic_search,false
CUST002749,Marita,Pla,ycarretero@example.org,M,2002-10-15,2024-04-17,ES,Spain,Southern Europe,Vizcaya,referral,true
CUST002750,Stephanie,Carter,martingavin@example.net,F,2007-01-03,2024-04-04,GB,United Kingdom,Western Europe,New Valerieborough,referral,true
CUST002751,Agathe,Blanchet,ppichon@example.net,Undisclosed,1960-10-26,2025-05-01,FR,France,Western Europe,Benoit,social_media,false
CUST002752,Tom,Bastiaense,wschuylenborch@example.com,Undisclosed,2002-02-14,2023-03-25,NL,Netherlands,Western Europe,Kerkrade,paid_search,true
CUST002753,Josette,Richard,reymichelle@example.org,Undisclosed,1988-01-22,2023-03-01,FR,France,Western Europe,Sainte Léonnec,social_media,true
CUST002754,Anastasie,Lucas,lemoineemilie@example.org,F,1969-05-30,2025-03-03,FR,France,Western Europe,Brun,paid_search,true
CUST002755,Rossana,Donati,iacobuccibaldassare@example.net,M,2004-05-13,2025-05-09,IT,Italy,Southern Europe,Budduso',social_media,false
CUST002756,Marcelle,Hamon,bourdonarthur@example.net,F,1976-04-27,2025-03-16,FR,France,Western Europe,LucasVille,direct,false
CUST002757,Lindsey,Marshall,leonard10@example.org,M,1992-08-07,2023-11-10,GB,United Kingdom,Western Europe,Olivershire,organic_search,false
CUST002758,Melina,Giulietti,ermesjuvara@example.com,M,2002-11-10,2024-08-10,IT,Italy,Southern Europe,Serricella,email,false
CUST002759,Milan,Glasses,van-rijthovenjoelle@example.net,Undisclosed,1988-11-05,2025-03-12,NL,Netherlands,Western Europe,Ermelo,direct,true
CUST002760,Urszula,Mohaupt,karolinahofmann@example.net,Undisclosed,1947-08-07,2025-05-03,DE,Germany,Western Europe,Duderstadt,email,true
CUST002761,Hardy,Gnatz,khermighausen@example.com,M,1957-10-04,2023-09-23,DE,Germany,Western Europe,Bitterfeld,organic_search,true
CUST002762,Hans-Georg,Hoffmann,yhuhn@example.org,M,1946-08-20,2024-08-28,DE,Germany,Western Europe,Uelzen,direct,false
CUST002763,Eleanor,Finch,kyleburton@example.org,Undisclosed,1949-03-12,2024-10-18,GB,United Kingdom,Western Europe,East Stewartfurt,referral,true
CUST002764,Martin,Girard,sperrin@example.com,Undisclosed,1977-12-31,2025-12-29,FR,France,Western Europe,Saint Émilie,referral,true
CUST002765,Guntram,Blümel,smeister@example.net,M,1955-12-28,2025-04-14,DE,Germany,Western Europe,Backnang,direct,true
CUST002766,Inger,Andersson,kristina36@example.com,M,1970-03-17,2025-02-17,SE,Sweden,Nordic,Kalmar,paid_search,false
CUST002767,Rachael,Webster,pottsnatalie@example.com,M,1949-10-05,2025-08-01,GB,United Kingdom,Western Europe,South Normanberg,social_media,true
CUST002768,Ludwina,Misicher,valeri90@example.org,F,1960-05-24,2024-04-05,DE,Germany,Western Europe,Brandenburg,paid_search,true
CUST002769,Shaun,Green,joshuawaters@example.org,Undisclosed,1959-07-31,2023-06-11,GB,United Kingdom,Western Europe,Sullivanhaven,email,true
CUST002770,Aimée,Janssen,peijkelboom@example.com,M,1958-04-26,2025-02-04,NL,Netherlands,Western Europe,Drogteropslagen,email,false
CUST002771,Laura,Holt,herrmannmaik@example.net,Undisclosed,1996-04-11,2025-10-19,DE,Germany,Western Europe,Calw,direct,false
CUST002772,Emmanuelle,Muller,kmasson@example.org,F,1977-12-08,2024-11-18,FR,France,Western Europe,Sainte Pierre,referral,false
CUST002773,Paloma,Gomis,jose-ignacio60@example.org,Undisclosed,1997-05-16,2024-07-08,ES,Spain,Southern Europe,Girona,email,true
CUST002774,Eileen,Simmons,jeffreyevans@example.org,F,1955-06-27,2025-06-01,GB,United Kingdom,Western Europe,Jeremyborough,social_media,false
CUST002775,Abdul,Rogers,jake20@example.net,Undisclosed,2001-09-16,2023-02-15,GB,United Kingdom,Western Europe,Robertsfort,referral,false
CUST002776,Marc,Parent,alexandriachauvet@example.org,M,1958-02-10,2025-11-06,FR,France,Western Europe,Clercboeuf,social_media,false
CUST002777,Saban,Budig,dominik32@example.com,F,1990-01-08,2025-02-19,DE,Germany,Western Europe,Scheinfeld,paid_search,true
CUST002778,Frank-Peter,Hiller,irmhild80@example.net,F,1969-02-26,2025-07-17,DE,Germany,Western Europe,Rothenburg ob der Tauber,direct,true
CUST002779,Franck,Gautier,frederic60@example.org,M,1984-10-23,2024-06-28,FR,France,Western Europe,Sainte ÉliseBourg,direct,false
CUST002780,Raisa,Lachmann,magretlosekann@example.net,M,1997-03-24,2024-02-05,DE,Germany,Western Europe,Wismar,social_media,false
CUST002781,Stanislav,Zorbach,ehermighausen@example.net,M,2005-06-26,2024-09-24,DE,Germany,Western Europe,Cuxhaven,paid_search,false
CUST002782,Vilma,Agustí,abigailpinilla@example.org,F,1979-09-21,2024-04-07,ES,Spain,Southern Europe,Granada,direct,true
CUST002783,Johan,Persson,gfolkesson@example.net,F,1983-08-15,2025-10-12,SE,Sweden,Nordic,Nyköping,organic_search,true
CUST002784,Estefanía,Castrillo,antunezamor@example.com,Undisclosed,1951-07-09,2025-01-24,ES,Spain,Southern Europe,Granada,paid_search,true
CUST002785,Maite,Ángel,ayusosancho@example.net,Undisclosed,2001-09-30,2025-01-12,ES,Spain,Southern Europe,La Coruña,email,false
CUST002786,Hermann-Josef,Holsten,marlisgumprich@example.com,Undisclosed,1982-06-15,2024-06-15,DE,Germany,Western Europe,Oranienburg,organic_search,false
CUST002787,Gustaf,Ericsson,cfransson@example.net,Undisclosed,1981-08-07,2024-02-02,SE,Sweden,Nordic,Sundsvall,direct,true
CUST002788,Nadeshda,Anders,steve22@example.net,Undisclosed,1957-02-15,2025-12-19,DE,Germany,Western Europe,Eggenfelden,paid_search,false
CUST002789,Gabriel,Ahmed,jennyjonsson@example.net,M,2007-02-09,2025-08-05,SE,Sweden,Nordic,Stockholm,email,true
CUST002790,Alvin,Karlsson,karinabdullah@example.org,F,1962-08-09,2024-02-04,SE,Sweden,Nordic,Falun,organic_search,false
CUST002791,Evy,Aeije,lpauwels@example.org,F,1945-11-29,2023-11-09,NL,Netherlands,Western Europe,Vlissingen,social_media,false
CUST002792,Anders,Vestin,bergstromerik@example.org,F,2003-07-21,2025-11-29,SE,Sweden,Nordic,Borlänge,email,true
CUST002793,Reece,McDonald,damiankhan@example.com,M,1996-03-09,2023-09-20,GB,United Kingdom,Western Europe,Coxton,paid_search,true
CUST002794,Amélie,Petit,,Undisclosed,1982-07-20,2025-05-21,FR,France,Western Europe,Ribeiro,organic_search,true
CUST002795,Raymond,Chevallier,levyaudrey@example.com,F,1962-05-09,2025-03-26,FR,France,Western Europe,Saint Alphonse,paid_search,true
CUST002796,Terence,Ball,lydia33@example.com,M,1994-11-19,2024-02-11,GB,United Kingdom,Western Europe,South Jake,paid_search,false
CUST002797,Marc,Davids,preissrebecca@example.org,Undisclosed,1990-09-28,2023-12-27,DE,Germany,Western Europe,Uelzen,direct,false
CUST002798,Dylan,Burrows,hugh82@example.net,Undisclosed,1946-12-02,2024-05-19,GB,United Kingdom,Western Europe,Lake Elliot,direct,true
CUST002799,Lars,Jansson,anderssonjacob@example.org,Undisclosed,1976-01-25,2024-04-25,SE,Sweden,Nordic,Borlänge,email,true
CUST002800,Steve,Margraf,karlfried94@example.com,F,1955-10-10,2024-01-25,DE,Germany,Western Europe,Brilon,social_media,false
CUST002801,Lorena,Alcázar,cerverajuanito@example.net,F,2000-10-23,2024-03-30,ES,Spain,Southern Europe,Teruel,organic_search,false
CUST002802,Fiamma,Garibaldi,tolentinoenzo@example.org,F,1980-08-13,2023-03-13,IT,Italy,Southern Europe,Materdomini Di Nocera,email,true
CUST002803,Amico,Turchi,achille26@example.org,F,1969-04-10,2025-11-13,IT,Italy,Southern Europe,Terresoli,paid_search,true
CUST002804,Tommy,Olsson,karlssongunilla@example.org,F,1970-01-29,2025-02-19,SE,Sweden,Nordic,Kalmar,organic_search,false
CUST002805,Andrew,Bailey,sam35@example.com,Undisclosed,1951-08-14,2024-03-31,GB,United Kingdom,Western Europe,New Neil,paid_search,true
CUST002806,Eric,Johansson,annicahansson@example.net,M,1950-05-30,2025-10-06,SE,Sweden,Nordic,Lidköping,social_media,false
CUST002807,Graciela,Puga,osvaldo90@example.com,M,1953-06-20,2025-04-04,ES,Spain,Southern Europe,Almería,paid_search,true
CUST002808,Bertold,Hettner,lschleich@example.org,Undisclosed,1974-09-14,2023-11-09,DE,Germany,Western Europe,Aue,direct,true
CUST002809,Zoe,Wilkins,cunninghamchelsea@example.org,Undisclosed,1951-08-01,2024-08-21,GB,United Kingdom,Western Europe,North Cliveborough,direct,true
CUST002810,Pieter,Furda,dinavan-daal@example.org,M,1954-03-13,2024-01-13,NL,Netherlands,Western Europe,Avenhorn,paid_search,false
CUST002811,Alena,Wähner,traute85@example.org,M,1974-11-26,2024-03-08,DE,Germany,Western Europe,Wolmirstedt,direct,false
CUST002812,Jordan,Coates,francis44@example.com,Undisclosed,1966-06-21,2024-05-16,GB,United Kingdom,Western Europe,East Chloe,email,false
CUST002813,Sam,Blokland,omomberg@example.com,M,1952-12-20,2024-07-18,NL,Netherlands,Western Europe,Daarle,paid_search,false
CUST002814,Irmengard,Weimer,hugo05@example.com,F,2000-01-10,2023-09-07,DE,Germany,Western Europe,Wiedenbrück,organic_search,true
CUST002815,Bruce,Doherty,abigail24@example.org,Undisclosed,1974-05-23,2025-02-28,GB,United Kingdom,Western Europe,South Michelleside,direct,false
CUST002816,Maribel,Cases,fernandomoll@example.org,Undisclosed,2001-11-23,2024-04-14,ES,Spain,Southern Europe,Sevilla,organic_search,false
CUST002817,Natasha,Gilbert,lisaprice@example.org,M,1974-02-24,2024-07-20,GB,United Kingdom,Western Europe,Hudsonfurt,organic_search,true
CUST002818,Cornelius,Scholtz,nadeshdaehlert@example.com,Undisclosed,2005-07-09,2023-05-18,DE,Germany,Western Europe,Ludwigslust,organic_search,false
CUST002819,Klaus-Michael,Mühle,rpergande@example.net,Undisclosed,1977-06-20,2024-11-06,DE,Germany,Western Europe,Sternberg,direct,false
CUST002820,Marc,Étienne,ineslopez@example.net,M,1946-09-15,2024-03-09,FR,France,Western Europe,Sainte Franck,paid_search,true
CUST002821,Ennio,Cavanna,temistocle97@example.com,F,1961-09-11,2025-09-04,IT,Italy,Southern Europe,Cerbaia,email,true
CUST002822,Leonid,van der Dussen,maren34@example.org,M,1974-03-20,2023-01-31,DE,Germany,Western Europe,Pößneck,direct,true
CUST002823,Kim,Williams,jamiehayes@example.com,Undisclosed,1962-11-19,2023-11-03,GB,United Kingdom,Western Europe,Benstad,direct,false
CUST002824,Gertrud,Stumpf,christin20@example.com,M,1964-06-29,2025-04-06,DE,Germany,Western Europe,Sonneberg,referral,false
CUST002825,Marguerite,Lacombe,gosselingerard@example.org,M,1987-05-12,2024-03-17,FR,France,Western Europe,Becker-sur-Mer,referral,true
CUST002826,Abilio,Romeu,colladoabigail@example.org,F,1961-07-28,2023-09-28,ES,Spain,Southern Europe,Ceuta,social_media,false
CUST002827,Norah,van de Biezenbos,ivy94@example.net,F,2000-07-20,2025-05-10,NL,Netherlands,Western Europe,Grootegast,direct,false
CUST002828,Cynthia,Lindner,raedelanna@example.com,M,1982-03-20,2024-02-20,DE,Germany,Western Europe,Luckenwalde,paid_search,true
CUST002829,Adélaïde,Perrin,xpoirier@example.org,Undisclosed,2001-04-01,2025-11-15,FR,France,Western Europe,Saint JulesBourg,paid_search,true
CUST002830,Hans-Otto,Sontag,margaritakoch-ii@example.com,F,1996-09-14,2023-10-24,DE,Germany,Western Europe,Borken,organic_search,false
CUST002831,Lindsey,Alexander,louistaylor@example.org,M,1966-11-04,2025-09-22,GB,United Kingdom,Western Europe,Burgessbury,email,false
CUST002832,Alicia,Janssen,,F,1952-07-09,2025-09-09,NL,Netherlands,Western Europe,Veenklooster,referral,false
CUST002833,Gottlieb,Bolander,dbloch@example.org,M,1993-03-29,2025-03-21,DE,Germany,Western Europe,Böblingen,social_media,false
CUST002834,Josette,Girard,ldias@example.net,F,1951-02-20,2025-07-10,FR,France,Western Europe,Sainte ArthurVille,paid_search,false
CUST002835,Olivier,Gautier,theophileollivier@example.org,M,1996-09-25,2024-12-12,FR,France,Western Europe,LetellierBourg,organic_search,true
CUST002836,Melina,Campano,avittadello@example.org,F,2005-11-18,2025-04-12,IT,Italy,Southern Europe,Careggine,organic_search,false
CUST002837,Ingalill,Wiklund,karinsoderberg@example.net,M,1949-02-23,2024-07-11,SE,Sweden,Nordic,Linköping,organic_search,false
CUST002838,Nurten,Knappe,michelle78@example.com,M,2008-05-17,2023-10-09,DE,Germany,Western Europe,Sebnitz,direct,false
CUST002839,Noé,Godoy,benitezhernan@example.com,M,1968-08-30,2025-08-12,ES,Spain,Southern Europe,Teruel,referral,true
CUST002840,Frédérique,Evrard,simoncharlotte@example.org,M,1991-09-07,2025-08-05,FR,France,Western Europe,BarbeVille,organic_search,false
CUST002841,Joséphine,Samson,xdos-santos@example.com,Undisclosed,1949-07-05,2024-08-16,FR,France,Western Europe,Bigot,social_media,false
CUST002842,Amaro,Vigil,ribescurro@example.com,M,1953-03-29,2024-12-15,ES,Spain,Southern Europe,Burgos,social_media,false
CUST002843,Cassandra,Pastine,vincenzafioravanti@example.net,M,1962-10-14,2024-08-21,IT,Italy,Southern Europe,Fontane,social_media,true
CUST002844,Vilgot,Pettersson,iolsson@example.org,F,1948-06-05,2025-03-21,SE,Sweden,Nordic,Kalmar,paid_search,false
CUST002845,Mitchell,Kaur,lyonsthomas@example.org,Undisclosed,1991-07-13,2024-07-18,GB,United Kingdom,Western Europe,Jaymouth,email,false
CUST002846,Pierre,Laroche,garciajean@example.net,Undisclosed,2004-10-04,2023-02-05,FR,France,Western Europe,Leclercq,paid_search,true
CUST002847,Fermín,Carrión,ignacioprats@example.org,M,1972-04-08,2024-04-04,ES,Spain,Southern Europe,Zamora,direct,false
CUST002848,Françoise,Benard,qmarion@example.com,Undisclosed,2003-04-26,2024-03-23,FR,France,Western Europe,Poiriernec,referral,false
CUST002849,Jill,Richardson,zbrown@example.com,F,1950-03-12,2023-07-24,GB,United Kingdom,Western Europe,Bibiville,referral,false
CUST002850,Océane,Blanchard,hortensemarchal@example.net,M,1951-10-09,2023-09-22,FR,France,Western Europe,Lefèvre,email,false
CUST002851,Maya,Jerusalem,le-gallenquinty@example.com,F,1972-02-11,2024-09-09,NL,Netherlands,Western Europe,Broek,direct,false
CUST002852,Heinz-Joachim,Gumprich,nasersusanna@example.org,F,1970-06-14,2025-01-28,DE,Germany,Western Europe,Stadtroda,paid_search,true
CUST002853,Annedore,Wilms,,Undisclosed,1963-03-30,2024-05-15,DE,Germany,Western Europe,Günzburg,social_media,false
CUST002854,Adele,Gargallo,iolandacarducci@example.net,Undisclosed,1985-01-03,2023-05-12,IT,Italy,Southern Europe,Valperga,organic_search,true
CUST002855,Heinz-Werner,Barth,ayten48@example.org,F,1946-05-18,2024-12-29,DE,Germany,Western Europe,Büsingen am Hochrhein,email,false
CUST002856,Stephen,Saunders,zfoster@example.org,Undisclosed,1961-03-29,2025-03-16,GB,United Kingdom,Western Europe,East Oliverstad,social_media,false
CUST002857,Ottokar,Wiek,kostolzinwilly@example.net,M,2000-08-20,2025-08-23,DE,Germany,Western Europe,Vechta,organic_search,true
CUST002858,Oda,Schmiedecke,ronny33@example.net,M,2004-05-17,2023-05-21,DE,Germany,Western Europe,Genthin,direct,false
CUST002859,Massimo,Bachmann,bettina11@example.org,F,2001-06-30,2025-03-23,DE,Germany,Western Europe,Zeulenroda,referral,false
CUST002860,Kristine,Förster,siegried76@example.com,F,1979-01-25,2023-04-09,DE,Germany,Western Europe,Cottbus,email,true
CUST002861,Miguel Ángel,Cantero,agustina38@example.com,M,1954-12-29,2023-10-05,ES,Spain,Southern Europe,León,paid_search,false
CUST002862,Grégoire,Rey,zboulanger@example.org,M,1985-12-27,2025-04-12,FR,France,Western Europe,Salmon,email,false
CUST002863,Karl,Hultgren,vkarlsson@example.com,Undisclosed,1989-03-14,2025-10-30,SE,Sweden,Nordic,Piteå,referral,true
CUST002864,Jack,Dyer,uwalsh@example.com,Undisclosed,1999-03-23,2023-03-08,GB,United Kingdom,Western Europe,Tracystad,direct,true
CUST002865,Auguste,Pelletier,audrey77@example.org,F,1950-01-31,2024-07-28,FR,France,Western Europe,HenryVille,direct,true
CUST002866,Adrian,Evans,gmartin@example.com,M,2000-07-01,2025-09-24,GB,United Kingdom,Western Europe,Naomifort,organic_search,false
CUST002867,Robin,Gibson,hayleyking@example.org,F,1967-04-30,2024-03-01,GB,United Kingdom,Western Europe,Julianhaven,social_media,true
CUST002868,Manu,Beltran,estevezsusanita@example.com,M,2002-11-18,2023-12-01,ES,Spain,Southern Europe,Málaga,social_media,true
CUST002869,Benoît,Renard,maryse72@example.com,F,1983-12-21,2025-07-07,FR,France,Western Europe,Le Roux,paid_search,true
CUST002870,Raymond,Pires,,M,1996-11-02,2024-04-23,FR,France,Western Europe,Pottiernec,organic_search,true
CUST002871,Angelina,Tozzo,vincenzasalvemini@example.org,F,2002-06-06,2024-02-23,IT,Italy,Southern Europe,Le Botteghe,email,false
CUST002872,Giorgio,Ciampi,sagredopiermaria@example.com,Undisclosed,1946-05-20,2025-06-22,IT,Italy,Southern Europe,Malo',email,false
CUST002873,Baldassare,Foa,jfoconi@example.com,M,1968-09-13,2023-01-22,IT,Italy,Southern Europe,Ponzano Di Fermo,social_media,false
CUST002874,Guillaume,Pelletier,aollivier@example.net,M,1986-10-08,2024-05-25,FR,France,Western Europe,Carpentier,paid_search,true
CUST002875,Baldomero,Ramos,evarela@example.net,F,2006-08-26,2023-06-10,ES,Spain,Southern Europe,Zaragoza,referral,false
CUST002876,Josephine,Barnes,georgia86@example.net,M,1949-08-07,2025-09-25,GB,United Kingdom,Western Europe,Laurenbury,paid_search,true
CUST002877,Judith,Curtis,thomas50@example.net,Undisclosed,1986-10-14,2023-09-18,GB,United Kingdom,Western Europe,South Marc,organic_search,true
CUST002878,Dietlinde,Mende,fweimer@example.com,Undisclosed,1974-11-18,2025-07-19,DE,Germany,Western Europe,Amberg,social_media,true
CUST002879,Kevin,Pratt,alex56@example.com,Undisclosed,1979-09-21,2025-02-03,GB,United Kingdom,Western Europe,Knightmouth,social_media,false
CUST002880,Cynthia,Tlustek,jaroslaw26@example.org,Undisclosed,2004-05-21,2023-07-28,DE,Germany,Western Europe,Gießen,social_media,false
CUST002881,Anne,Bouvet,william27@example.org,Undisclosed,2002-08-30,2025-04-27,FR,France,Western Europe,Pineau,paid_search,false
CUST002882,Gabriel,Echevarría,geraldobarreda@example.net,F,1989-06-21,2023-04-13,ES,Spain,Southern Europe,Lugo,email,true
CUST002883,Martine,Mitschke,doeringklara@example.org,F,2002-03-05,2025-08-18,DE,Germany,Western Europe,Stadtsteinach,social_media,true
CUST002884,Wendelin,Noack,mloos@example.org,M,1952-12-08,2024-12-03,DE,Germany,Western Europe,Eckernförde,referral,true
CUST002885,Elke,Ring,zahnklaus-werner@example.org,M,1970-12-29,2024-05-21,DE,Germany,Western Europe,Hagenow,organic_search,true
CUST002886,Angelica,Giannini,romina86@example.net,F,1947-11-20,2023-07-24,IT,Italy,Southern Europe,Anghiari,email,true
CUST002887,John,Martin,stuartlee@example.net,Undisclosed,2003-12-19,2024-04-27,GB,United Kingdom,Western Europe,East Robert,direct,true
CUST002888,Stéphanie,Dias,oceanepasquier@example.net,M,1946-08-18,2023-06-01,FR,France,Western Europe,Sainte Juliennec,organic_search,true
CUST002889,Carina,Amaya,ana-sofia10@example.com,Undisclosed,2004-10-09,2023-11-06,ES,Spain,Southern Europe,León,direct,false
CUST002890,Salomón,Ferrera,naliaga@example.org,F,1976-01-04,2023-12-31,ES,Spain,Southern Europe,Guipúzcoa,paid_search,true
CUST002891,Louis,Guillaume,davidstephane@example.net,Undisclosed,1958-04-03,2023-10-19,FR,France,Western Europe,Albert-les-Bains,paid_search,false
CUST002892,Kian,Hehl,sarah46@example.net,M,2004-05-30,2024-01-08,NL,Netherlands,Western Europe,Schokland,organic_search,false
CUST002893,Toribio,Hernández,chuslopez@example.com,M,2008-01-04,2023-12-27,ES,Spain,Southern Europe,Murcia,direct,false
CUST002894,Senna,Veltman,veerlebos@example.net,F,1963-05-21,2024-01-29,NL,Netherlands,Western Europe,Bodegraven,paid_search,true
CUST002895,Jana,Schmidtke,raissakiller@example.net,F,2001-04-28,2024-08-16,DE,Germany,Western Europe,Bützow,referral,false
CUST002896,Romolo,Cuda,loredanagasperi@example.org,F,1997-04-09,2025-11-07,IT,Italy,Southern Europe,Blavy,organic_search,true
CUST002897,Marion,Hardy,sheilataylor@example.org,M,1972-01-23,2023-01-22,GB,United Kingdom,Western Europe,West Naomi,direct,false
CUST002898,Thérèse,Gilbert,legerpenelope@example.net,F,1949-09-24,2023-05-27,FR,France,Western Europe,Perret,email,false
CUST002899,Vincent,Picard,zsauvage@example.net,M,1976-07-20,2024-06-11,FR,France,Western Europe,Lenoir,direct,true
CUST002900,Joseph,Scholz,nurettin39@example.com,M,1996-08-24,2023-11-24,DE,Germany,Western Europe,Aschaffenburg,social_media,true
CUST002901,Karin,Oderwald,ajacobi-jaeckel@example.com,F,1970-05-31,2025-07-15,DE,Germany,Western Europe,Aschaffenburg,social_media,true
CUST002902,Ligia,Calderón,arsenioagustin@example.net,M,1984-02-19,2023-02-05,ES,Spain,Southern Europe,Pontevedra,paid_search,true
CUST002903,Sara,Köhler,gehringerhans-gerhard@example.org,F,1998-07-14,2023-02-26,DE,Germany,Western Europe,Germersheim,social_media,true
CUST002904,Henriette,Fontaine,guyotraymond@example.net,M,1985-06-23,2023-05-27,FR,France,Western Europe,Giraud,paid_search,false
CUST002905,Russell,Lord,damienandrews@example.org,M,1957-02-06,2024-10-08,GB,United Kingdom,Western Europe,West Joseph,paid_search,false
CUST002906,Selma,Siering,fliegnermarcella@example.com,Undisclosed,2000-06-27,2023-11-12,DE,Germany,Western Europe,Ilmenau,direct,true
CUST002907,Viktoria,Granlund,berglundmarie@example.org,Undisclosed,1999-11-13,2023-03-29,SE,Sweden,Nordic,Mölndal,referral,true
CUST002908,Manja,Römer,gsalz@example.net,F,1965-01-24,2024-11-26,DE,Germany,Western Europe,Schwäbisch Gmünd,referral,true
CUST002909,Léon,Goncalves,oliviediallo@example.org,F,1965-09-22,2023-03-31,FR,France,Western Europe,Carlier,paid_search,true
CUST002910,Aimé,Tanguy,jeannelaunay@example.org,F,1947-07-01,2023-06-21,FR,France,Western Europe,Thibault,social_media,false
CUST002911,Katarina,Hiller,evangeloseberth@example.com,Undisclosed,1951-11-03,2025-11-13,DE,Germany,Western Europe,Rosenheim,paid_search,false
CUST002912,Karoline,Scheuermann,martinlidia@example.com,M,1972-05-31,2025-05-04,DE,Germany,Western Europe,Schrobenhausen,organic_search,true
CUST002913,Jack,Peters,tirzacoret@example.org,F,1979-06-19,2025-12-23,NL,Netherlands,Western Europe,Pieterburen,social_media,true
CUST002914,Olof,Bäckström,carljohansson@example.net,Undisclosed,2007-05-14,2023-01-02,SE,Sweden,Nordic,Borlänge,email,false
CUST002915,Flora,Davids,dietlindwohlgemut@example.com,Undisclosed,1984-03-22,2025-12-10,DE,Germany,Western Europe,Melsungen,direct,false
CUST002916,Job,de Ruiter,feline19@example.org,Undisclosed,1976-01-21,2025-04-02,NL,Netherlands,Western Europe,Bruinehaar,direct,true
CUST002917,Kyano,de Wit,eliasvan-riet@example.com,Undisclosed,1954-05-27,2025-06-10,NL,Netherlands,Western Europe,Rohel,referral,true
CUST002918,Reyna,Verdugo,ainara52@example.net,F,1988-07-10,2025-06-12,ES,Spain,Southern Europe,Córdoba,social_media,true
CUST002919,André,Legendre,jhenry@example.net,Undisclosed,1974-08-27,2023-04-04,FR,France,Western Europe,Sainte Suzanne-sur-Mer,organic_search,false
CUST002920,Hugues,Delmas,thomashenriette@example.net,Undisclosed,1996-03-01,2025-09-21,FR,France,Western Europe,Royerboeuf,direct,true
CUST002921,Jacques,Munoz,richardbonnet@example.org,F,1952-11-21,2023-07-04,FR,France,Western Europe,Sainte Marie-sur-Mer,email,false
CUST002922,Marinus,Mercks,quinn05@example.org,Undisclosed,1994-08-31,2025-12-14,NL,Netherlands,Western Europe,Emmeloord,direct,true
CUST002923,Griselda,Ayala,calzadamarcelino@example.org,M,1980-11-22,2023-04-27,ES,Spain,Southern Europe,Madrid,direct,true
CUST002924,Vladimir,Schleich,ischweitzer@example.com,F,1954-04-25,2023-01-05,DE,Germany,Western Europe,Ueckermünde,referral,false
CUST002925,Émilie,Huet,gilles21@example.net,F,1993-11-16,2024-02-01,FR,France,Western Europe,Techer,direct,true
CUST002926,Filippo,Alfieri,imelda81@example.net,Undisclosed,1966-04-08,2024-10-30,IT,Italy,Southern Europe,Tricase Porto,referral,true
CUST002927,Fabiana,Piña,barmengol@example.com,M,2002-02-17,2024-12-28,ES,Spain,Southern Europe,Castellón,referral,true
CUST002928,Samuel,Bengtsson,kajsalindberg@example.net,Undisclosed,2005-01-23,2023-05-08,SE,Sweden,Nordic,Lund,email,false
CUST002929,Leonardo,Barceló,adelia84@example.com,Undisclosed,2005-10-19,2024-05-14,ES,Spain,Southern Europe,Santa Cruz de Tenerife,paid_search,false
CUST002930,Véronique,Rousset,nathalie88@example.org,Undisclosed,1982-07-13,2024-02-22,FR,France,Western Europe,Becker,social_media,true
CUST002931,Carol,Pearson,beth67@example.org,F,1946-11-28,2025-04-04,GB,United Kingdom,Western Europe,Patriciafort,social_media,true
CUST002932,Mika,Mol,inayakoster@example.com,Undisclosed,2004-05-11,2023-01-02,NL,Netherlands,Western Europe,Midsland,paid_search,true
CUST002933,Bozena,Freudenberger,daniele96@example.org,Undisclosed,1957-06-06,2024-04-07,DE,Germany,Western Europe,Jena,referral,true
CUST002934,Jay,Elliott,mitchelleleanor@example.org,Undisclosed,1990-11-06,2024-12-16,GB,United Kingdom,Western Europe,Thompsonport,organic_search,false
CUST002935,Jonas,Rackham,jkuijpers@example.com,Undisclosed,2005-08-15,2024-10-28,NL,Netherlands,Western Europe,Gytsjerk,email,false
CUST002936,Ljubica,Fröhlich,conradimiroslawa@example.org,Undisclosed,1962-05-27,2025-02-28,DE,Germany,Western Europe,Brand,referral,true
CUST002937,Aitor,Alcalde,clotilde92@example.net,Undisclosed,1986-11-20,2023-01-13,ES,Spain,Southern Europe,La Coruña,direct,false
CUST002938,Michelle,Matthews,annettewilliams@example.org,M,1963-07-13,2024-05-21,GB,United Kingdom,Western Europe,Leeshire,email,true
CUST002939,Malin,Lundqvist,sebastian21@example.com,M,1946-12-17,2025-08-01,SE,Sweden,Nordic,Trelleborg,email,true
CUST002940,Christin,Hartmann,binnerjessica@example.org,Undisclosed,1962-05-25,2024-09-04,DE,Germany,Western Europe,Zossen,direct,true
CUST002941,Grégoire,Renard,eliselegendre@example.org,M,1965-12-14,2025-03-11,FR,France,Western Europe,MorinBourg,paid_search,false
CUST002942,Jordan,Burton,margaretdavis@example.net,M,1947-02-17,2023-07-12,GB,United Kingdom,Western Europe,South Danielle,referral,true
CUST002943,Andrée,Masson,lebrunandree@example.com,Undisclosed,2008-07-10,2024-12-04,FR,France,Western Europe,Lefèvredan,direct,true
CUST002944,Kay,van den Velden,zhuberts@example.com,Undisclosed,1994-03-21,2025-06-29,NL,Netherlands,Western Europe,Noord-Sleen,organic_search,false
CUST002945,Javier,Sierra,alcoleaconstanza@example.com,Undisclosed,1957-06-27,2024-07-03,ES,Spain,Southern Europe,Cuenca,referral,false
CUST002946,Gertraude,Finke,cconradi@example.com,M,2004-01-11,2023-05-09,DE,Germany,Western Europe,Suhl,referral,true
CUST002947,Geoffrey,Brown,martinjoe@example.com,M,1999-08-14,2025-07-25,GB,United Kingdom,Western Europe,Lawrenceland,direct,false
CUST002948,Nigel,McCarthy,mburns@example.net,F,1964-06-19,2025-04-10,GB,United Kingdom,Western Europe,Connorborough,referral,false
CUST002949,Margaux,Chevallier,dcolin@example.com,M,1981-04-19,2023-08-19,FR,France,Western Europe,Martel,direct,false
CUST002950,Giacinto,Gregorio,bbajardi@example.net,Undisclosed,1986-10-24,2024-02-27,IT,Italy,Southern Europe,Alvignanello,email,false
CUST002951,Geraldo,Arrieta,,F,2001-05-27,2025-12-29,ES,Spain,Southern Europe,Las Palmas,paid_search,false
CUST002952,Elias,van de Ven,van-northeimnick@example.com,F,1983-02-22,2023-01-21,NL,Netherlands,Western Europe,Schoonhoven,paid_search,false
CUST002953,Faye,Lijn,francoisemette@example.com,Undisclosed,1957-06-01,2023-03-22,NL,Netherlands,Western Europe,Maarsbergen,organic_search,true
CUST002954,Yvonne,Lloyd,lukeyoung@example.com,Undisclosed,1966-08-14,2024-07-08,GB,United Kingdom,Western Europe,Vincentland,paid_search,true
CUST002955,Matteo,Renzi,odibiasi@example.com,M,1998-10-28,2024-01-25,IT,Italy,Southern Europe,Palmoli,direct,true
CUST002956,Lucas,van Haarlem,amberde-koning@example.net,F,1984-06-28,2025-08-28,NL,Netherlands,Western Europe,Achtmaal,email,true
CUST002957,Rik,Nieuwstraten,rafsmits@example.net,M,1971-06-10,2023-01-30,NL,Netherlands,Western Europe,Ellecom,organic_search,true
CUST002958,Adelia,Duran,rarmengol@example.net,M,1959-02-23,2024-03-11,ES,Spain,Southern Europe,Toledo,email,true
CUST002959,Yves,Dumas,christophe00@example.net,M,1979-10-07,2024-12-29,FR,France,Western Europe,Toussaint,organic_search,false
CUST002960,Rosendo,Lopez,alma42@example.org,Undisclosed,1961-08-21,2024-01-28,ES,Spain,Southern Europe,Vizcaya,social_media,false
CUST002961,Winfried,Reinhardt,beckmannconstance@example.org,M,1950-12-20,2025-07-08,DE,Germany,Western Europe,Suhl,organic_search,true
CUST002962,Camille,Jourdan,tgirard@example.com,Undisclosed,1988-11-25,2025-12-23,FR,France,Western Europe,GalletBourg,organic_search,true
CUST002963,Rémy,Baron,matthieu78@example.net,F,1960-02-17,2024-02-22,FR,France,Western Europe,Rouxnec,social_media,false
CUST002964,Margareta,Wallgren,warvidsson@example.com,Undisclosed,1969-08-06,2024-09-12,SE,Sweden,Nordic,Eskilstuna,organic_search,false
CUST002965,Sarita,Pons,isolsona@example.net,M,1997-01-23,2025-09-18,ES,Spain,Southern Europe,La Coruña,email,false
CUST002966,Olivia,Fredriks,zijlemansinaya@example.com,F,1981-01-12,2023-12-04,NL,Netherlands,Western Europe,Oosterbierum,paid_search,true
CUST002967,Willem,Kort,cosmanjames@example.com,M,1984-12-09,2024-10-24,NL,Netherlands,Western Europe,Dinxperlo,paid_search,false
CUST002968,Simon,Harrison,odonnellmohammad@example.com,F,1989-11-26,2025-05-21,GB,United Kingdom,Western Europe,Brownbury,organic_search,false
CUST002969,Vittoria,Barcella,piergiorgio60@example.com,Undisclosed,1961-03-11,2024-04-28,IT,Italy,Southern Europe,Crespignaga,organic_search,false
CUST002970,Natasha,Smith,bphillips@example.net,M,1947-07-11,2025-10-18,GB,United Kingdom,Western Europe,Jonesmouth,direct,false
CUST002971,Martine,Mathieu,alphonselebon@example.com,M,1982-12-22,2025-02-01,FR,France,Western Europe,Vidal,paid_search,true
CUST002972,Jeannette,Gnatz,,F,1974-04-22,2024-10-02,DE,Germany,Western Europe,Nauen,direct,false
CUST002973,María Manuela,Vigil,maura19@example.org,Undisclosed,1976-06-13,2024-03-22,ES,Spain,Southern Europe,Guipúzcoa,direct,true
CUST002974,Esmee,Bruijne van der Veen,ameliaverhagen@example.net,F,1972-01-13,2025-03-18,NL,Netherlands,Western Europe,Steyl,organic_search,false
CUST002975,Thibaut,Bazin,henriettelegros@example.org,Undisclosed,2001-01-08,2024-04-30,FR,France,Western Europe,Grenier,email,true
CUST002976,Mia,Jopich,bkuhl@example.net,Undisclosed,2000-01-16,2025-05-21,DE,Germany,Western Europe,Aschaffenburg,referral,false
CUST002977,Jordana,Sarabia,concepcion22@example.org,M,1949-09-04,2024-10-19,ES,Spain,Southern Europe,Segovia,referral,false
CUST002978,Beatrix,Kühnert,swieloch@example.org,Undisclosed,1992-02-23,2023-12-15,DE,Germany,Western Europe,Aurich,organic_search,false
CUST002979,Michelle,Dachgeldt,nde-leeuw@example.org,M,1997-07-28,2023-08-25,NL,Netherlands,Western Europe,Breda,email,true
CUST002980,Martina,Ahmed,kolausson@example.net,Undisclosed,1958-09-22,2023-04-23,SE,Sweden,Nordic,Lidingö,social_media,true
CUST002981,Hugues,Marin,maillethelene@example.net,M,1953-11-06,2024-06-13,FR,France,Western Europe,Brunetnec,social_media,true
CUST002982,Dimitrios,Mielcarek,wally33@example.com,Undisclosed,1995-11-15,2024-12-31,DE,Germany,Western Europe,Pfaffenhofen an der Ilm,direct,false
CUST002983,Jens,die Witte,ntammerijn@example.com,F,1985-08-25,2023-08-18,NL,Netherlands,Western Europe,Loerbeek,social_media,false
CUST002984,Josefa,Guitart,amorfabregas@example.net,Undisclosed,2005-11-09,2024-02-13,ES,Spain,Southern Europe,Soria,social_media,true
CUST002985,Grace,Marshall,tobystokes@example.net,F,1953-05-15,2025-09-27,GB,United Kingdom,Western Europe,Sarahshire,paid_search,false
CUST002986,Hasan,Lindström,yjohansson@example.net,F,2001-06-14,2023-06-20,SE,Sweden,Nordic,Gävle,direct,true
CUST002987,Annette,Fröhlich,kochjochem@example.net,Undisclosed,1964-02-29,2025-05-24,DE,Germany,Western Europe,Regen,paid_search,true
CUST002988,Sean,Gill,katy30@example.net,M,1992-11-21,2024-12-23,GB,United Kingdom,Western Europe,South Shannonville,social_media,false
CUST002989,Sami,de Graaf,gvan-nes@example.org,F,1989-04-18,2024-01-12,NL,Netherlands,Western Europe,Landhorst,direct,false
CUST002990,Sol,Álamo,irenecarbonell@example.com,M,1985-02-22,2025-04-16,ES,Spain,Southern Europe,Badajoz,email,true
CUST002991,Sonia,Ullrich,qsiering@example.net,M,1990-06-21,2023-07-27,DE,Germany,Western Europe,Staffelstein,email,true
CUST002992,Vidal,Arteaga,moyaabel@example.org,F,1953-06-21,2024-08-22,ES,Spain,Southern Europe,Almería,email,false
CUST002993,Katie,Shaw,amyyates@example.org,F,1959-07-16,2023-11-29,GB,United Kingdom,Western Europe,New Harrietside,paid_search,true
CUST002994,Cécile,Leroux,paullucie@example.org,M,1973-01-17,2025-03-22,FR,France,Western Europe,Evrard,direct,false
CUST002995,Halil,Siering,dorotaliebelt@example.net,Undisclosed,2004-11-22,2024-06-20,DE,Germany,Western Europe,Hannover,referral,true
CUST002996,Eugenio,Villalonga,marina00@example.com,Undisclosed,1980-03-24,2023-03-17,ES,Spain,Southern Europe,Ourense,paid_search,true
CUST002997,Eva,Hofmann,florenceseifert@example.com,Undisclosed,1951-09-23,2025-12-24,DE,Germany,Western Europe,Lüdenscheid,paid_search,true
CUST002998,Frédéric,Fouquet,briandjeanne@example.net,Undisclosed,1986-07-03,2023-06-24,FR,France,Western Europe,Masson-les-Bains,social_media,true
CUST002999,Alexandre,Pascal,zlebon@example.org,Undisclosed,1947-12-08,2024-08-26,FR,France,Western Europe,LucasVille,social_media,false
CUST003000,Arturo,Dulbecco,eleanoracasarin@example.com,M,2008-06-25,2025-01-29,IT,Italy,Southern Europe,Civitavecchia,email,false
CUST003001,Marijn,Molenaar,iserotteveel@example.com,Undisclosed,1967-11-15,2024-12-14,NL,Netherlands,Western Europe,Orvelte,referral,true
CUST003002,Azahara,Tormo,felisaisern@example.com,Undisclosed,2006-12-05,2024-01-02,ES,Spain,Southern Europe,Ávila,referral,true
CUST003003,Théodore,Peltier,alainguyon@example.net,Undisclosed,1990-06-11,2023-10-09,FR,France,Western Europe,Léger,email,true
CUST003004,Ben,Moss,,Undisclosed,1971-02-17,2025-08-04,GB,United Kingdom,Western Europe,South Jodie,social_media,false
CUST003005,Clare,Hargreaves,grantdean@example.org,F,1946-04-17,2023-07-22,GB,United Kingdom,Western Europe,New Vincent,paid_search,false
CUST003006,Josep,Peñas,tquiros@example.org,F,1989-11-06,2025-12-07,ES,Spain,Southern Europe,Álava,paid_search,false
CUST003007,Nicola,Merisi,margheritamagrassi@example.org,F,1954-09-24,2025-06-08,IT,Italy,Southern Europe,Monte Roberto,referral,false
CUST003008,Hildburg,Wieloch,kitzmannnorbert@example.org,Undisclosed,1974-08-07,2023-06-13,DE,Germany,Western Europe,Nördlingen,organic_search,true
CUST003009,Lot,Zevenboom,van-der-kleinmaria@example.com,M,1998-09-08,2023-08-04,NL,Netherlands,Western Europe,Leimuiden,referral,false
CUST003010,Marika,Tintzmann,henkpatricia@example.com,M,1964-03-11,2025-05-16,DE,Germany,Western Europe,Cloppenburg,direct,false
CUST003011,Maureen,Charlton,shirley77@example.org,Undisclosed,1994-02-26,2025-10-30,GB,United Kingdom,Western Europe,Aliborough,direct,true
CUST003012,Alex,Antoine,nicolasgilbert@example.org,F,2000-08-02,2024-10-14,FR,France,Western Europe,Texiernec,organic_search,true
CUST003013,Inès,Ruiz,isabelle12@example.com,F,1984-04-06,2024-05-08,FR,France,Western Europe,Martineau-les-Bains,referral,true
CUST003014,Julien,Texier,oceanegirard@example.com,M,1981-05-15,2025-08-29,FR,France,Western Europe,Gonzalez-les-Bains,paid_search,false
CUST003015,Jacqueline,Fletcher,imoore@example.org,M,1950-08-18,2023-03-28,GB,United Kingdom,Western Europe,Wellsshire,organic_search,true
CUST003016,Alexandria,Bourdon,mschmitt@example.com,F,1985-10-31,2023-03-29,FR,France,Western Europe,Descamps-sur-Meyer,direct,false
CUST003017,Kyara,van Oostendorp,kaivaessen@example.net,Undisclosed,2004-07-22,2024-02-28,NL,Netherlands,Western Europe,Pernis Rotterdam,referral,false
CUST003018,Juliette,Lemoine,flacombe@example.com,M,1971-01-04,2024-02-26,FR,France,Western Europe,Richard-la-Forêt,direct,false
CUST003019,Hagen,Binner,hentscheljaroslaw@example.net,F,1981-04-16,2025-11-09,DE,Germany,Western Europe,Schmölln,paid_search,true
CUST003020,Elisa,Álvarez,claudiomoran@example.org,M,1996-06-13,2023-01-15,ES,Spain,Southern Europe,Valladolid,direct,false
CUST003021,Alain,Martinez,meyergilbert@example.com,M,1945-12-25,2025-07-11,FR,France,Western Europe,Sainte ThéophileVille,email,true
CUST003022,Monique,Letellier,jalexandre@example.net,F,1950-04-07,2025-09-25,FR,France,Western Europe,Traore,social_media,true
CUST003023,Kiki,Draaisma,nadinebosman@example.com,Undisclosed,1960-07-01,2025-03-15,NL,Netherlands,Western Europe,Maasbommel,referral,true
CUST003024,Suzanne,Bruneau,durandlucas@example.net,F,1979-06-01,2025-08-23,FR,France,Western Europe,Fernandes,email,false
CUST003025,Sabina,Schuster,,M,2003-02-03,2025-04-19,DE,Germany,Western Europe,Deggendorf,organic_search,false
CUST003026,Bernadette,Weiss,mauryjuliette@example.net,Undisclosed,1967-12-14,2024-06-06,FR,France,Western Europe,Léger-les-Bains,organic_search,true
CUST003027,Donatella,Coppola,laureanoamato@example.com,F,1949-06-20,2025-08-03,IT,Italy,Southern Europe,Monteorsello,direct,false
CUST003028,Shirley,Begum,tomholden@example.org,M,1974-09-18,2025-04-18,GB,United Kingdom,Western Europe,Jenkinsville,organic_search,true
CUST003029,Sara,van der Spaendonc,danique96@example.org,F,2008-05-15,2023-01-03,NL,Netherlands,Western Europe,Bakel,email,false
CUST003030,Graham,Jones,joanne82@example.org,Undisclosed,1970-06-27,2024-03-03,GB,United Kingdom,Western Europe,Lake Paul,social_media,false
CUST003031,Eckhardt,Putz,aschmiedt@example.com,Undisclosed,1974-12-26,2024-07-08,DE,Germany,Western Europe,Neubrandenburg,social_media,true
CUST003032,Nath,Clerc,oliviesalmon@example.net,F,1998-03-02,2023-02-14,FR,France,Western Europe,Robert,email,false
CUST003033,Dionisio,Cárdenas,jose-miguel47@example.com,Undisclosed,1967-04-28,2023-01-08,ES,Spain,Southern Europe,Asturias,social_media,false
CUST003034,Mahmut,Lachmann,wolframspeer@example.net,M,1952-04-12,2024-07-06,DE,Germany,Western Europe,Badoberan,direct,true
CUST003035,Lucy,Roy,fcamus@example.org,F,1950-09-02,2024-11-04,FR,France,Western Europe,MartyVille,organic_search,false
CUST003036,Paulette,Dupré,astridfernandez@example.net,M,1957-11-20,2024-06-28,FR,France,Western Europe,Saint Marine,referral,true
CUST003037,Michelle,Guérin,victoire99@example.net,M,1985-11-20,2023-08-05,FR,France,Western Europe,Blondel,organic_search,true
CUST003038,Hugo,Norberg,dedvardsson@example.org,Undisclosed,2000-10-29,2024-09-16,SE,Sweden,Nordic,Växjö,referral,false
CUST003039,Eileen,Ackermann,milica74@example.net,Undisclosed,1998-09-29,2024-02-25,DE,Germany,Western Europe,Niesky,referral,true
CUST003040,Elizabeth,Taylor,vpayne@example.net,M,1998-05-21,2024-04-24,GB,United Kingdom,Western Europe,West Gary,social_media,true
CUST003041,Sandro,Jungfer,suessebiermathilde@example.com,Undisclosed,1950-11-14,2024-04-21,DE,Germany,Western Europe,Nabburg,social_media,true
CUST003042,Conny,Nielsen,wiklundgunborg@example.com,F,1990-06-03,2025-11-15,SE,Sweden,Nordic,Landskrona,paid_search,false
CUST003043,Hans-Josef,Hermighausen,dagobert45@example.com,F,1948-03-15,2023-09-30,DE,Germany,Western Europe,Ravensburg,organic_search,true
CUST003044,Émilie,Traore,danielle05@example.com,Undisclosed,1951-01-23,2024-04-21,FR,France,Western Europe,Sainte Victoiredan,email,false
CUST003045,Luke,Saxo,,F,1994-07-25,2023-10-02,NL,Netherlands,Western Europe,Oudheusden,direct,false
CUST003046,Boaz,van Veen,lorenzo91@example.com,M,2001-07-27,2024-07-11,NL,Netherlands,Western Europe,Stoutenburg Noord,paid_search,true
CUST003047,Jacqueline,Moulin,girardroland@example.org,M,2006-05-27,2023-05-02,FR,France,Western Europe,Sainte Timothée,direct,true
CUST003048,Patricia,Menard,georges84@example.org,M,1986-10-19,2023-10-23,FR,France,Western Europe,Gérard-les-Bains,direct,false
CUST003049,Marc,Pruvost,gimenezandre@example.net,Undisclosed,1971-09-21,2023-11-06,FR,France,Western Europe,Lecoq-les-Bains,paid_search,true
CUST003050,Valentine,Devaux,dupuisdenise@example.com,M,1983-06-06,2025-02-03,FR,France,Western Europe,Pottier-la-Forêt,paid_search,false
CUST003051,Aynur,Aumann,sorgatztillmann@example.net,Undisclosed,1955-12-30,2023-01-29,DE,Germany,Western Europe,Hettstedt,paid_search,false
CUST003052,Margaret,Bird,tinaharrison@example.org,F,1975-06-11,2023-07-24,GB,United Kingdom,Western Europe,Port Dennis,social_media,false
CUST003053,Gilles,Bourgeois,zachariemace@example.com,F,1949-06-17,2025-12-12,FR,France,Western Europe,Texier,organic_search,true
CUST003054,Constance,Guillou,qribeiro@example.org,F,2006-12-05,2025-03-28,FR,France,Western Europe,Sainte Claire,paid_search,true
CUST003055,Dana,van Roijen,van-de-greefjuliette@example.net,F,1948-07-30,2023-03-07,NL,Netherlands,Western Europe,Gilze,email,true
CUST003056,Helen,Backman,wikstromingeborg@example.net,Undisclosed,2002-10-13,2023-05-24,SE,Sweden,Nordic,Mölndal,organic_search,false
CUST003057,Janet,Owens,greengail@example.org,F,1952-03-26,2025-08-10,GB,United Kingdom,Western Europe,Shannonview,paid_search,true
CUST003058,Luka,Kuhl,baerbel05@example.org,F,1962-01-30,2024-11-14,DE,Germany,Western Europe,Staßfurt,email,true
CUST003059,Ron,Beckmann,dowergdesiree@example.net,F,1965-10-10,2025-08-03,DE,Germany,Western Europe,Tirschenreuth,paid_search,true
CUST003060,Minna,Mohamed,fredrikhaglund@example.net,M,1978-01-29,2023-07-11,SE,Sweden,Nordic,Karlstad,direct,false
CUST003061,Monique,Rocher,michele44@example.com,F,1999-06-10,2023-06-04,FR,France,Western Europe,Saint Lucie,social_media,false
CUST003062,Klaas,Krebs,danielmartin@example.org,M,1996-06-10,2024-07-26,DE,Germany,Western Europe,Schwarzenberg,paid_search,true
CUST003063,Danielle,Roberts,norman94@example.com,M,1973-06-17,2025-08-28,GB,United Kingdom,Western Europe,Port Jane,organic_search,true
CUST003064,Nicola,Preston,frederickrose@example.net,F,1970-05-28,2024-04-06,GB,United Kingdom,Western Europe,North Ashley,paid_search,true
CUST003065,Jacqueline,Ford,,F,1982-01-24,2025-03-24,GB,United Kingdom,Western Europe,Andrewberg,social_media,true
CUST003066,Martin,Chevallier,claire87@example.org,Undisclosed,1980-11-10,2023-10-18,FR,France,Western Europe,Rousseauboeuf,referral,false
CUST003067,Robby,Kroker,kreuselhugo@example.org,M,1961-12-05,2024-09-16,DE,Germany,Western Europe,Amberg,email,true
CUST003068,Elisabeth,Forslund,august81@example.net,Undisclosed,1946-03-25,2024-03-02,SE,Sweden,Nordic,Stockholm,organic_search,true
CUST003069,Georges,Gaillard,jacquelinebertrand@example.net,M,1949-09-05,2023-09-25,FR,France,Western Europe,Riou,social_media,true
CUST003070,Arthur,Roodesteijn,janssensrayan@example.org,Undisclosed,1968-10-01,2023-10-02,NL,Netherlands,Western Europe,Gassel,referral,false
CUST003071,Ecrin,van Maasgouw,lisannevan-landen@example.com,F,1993-01-20,2023-08-18,NL,Netherlands,Western Europe,Oldekerk,organic_search,false
CUST003072,Deborah,Thomas,nathanallen@example.org,M,1988-02-05,2023-07-06,GB,United Kingdom,Western Europe,Thomasmouth,direct,false
CUST003073,Tristan,Boucher,sylvie74@example.net,Undisclosed,2000-11-22,2025-04-27,FR,France,Western Europe,Lombard,paid_search,true
CUST003074,Océane,Pascal,benjaminjulien@example.com,F,1986-11-07,2025-08-07,FR,France,Western Europe,Lemonnier,social_media,false
CUST003075,Harry,Bevan,hugh38@example.org,F,1988-08-06,2025-07-23,GB,United Kingdom,Western Europe,Lake Lorrainefurt,direct,true
CUST003076,Loreto,Luna,eva58@example.org,Undisclosed,1997-07-17,2023-08-13,ES,Spain,Southern Europe,La Coruña,paid_search,true
CUST003077,Nadia,Pagliaro,kcrispi@example.net,Undisclosed,1955-11-07,2025-06-14,IT,Italy,Southern Europe,Villaggio Brollo,referral,true
CUST003078,Magnus,Thies,fschmiedt@example.org,F,1973-05-29,2025-03-15,DE,Germany,Western Europe,Anklam,social_media,true
CUST003079,Mareike,Linke,weralange@example.org,M,2002-11-14,2024-07-24,DE,Germany,Western Europe,Heiligenstadt,organic_search,true
CUST003080,Laureano,Salandra,cbaglioni@example.org,M,2004-06-16,2023-08-29,IT,Italy,Southern Europe,Pescia Romana,email,true
CUST003081,Joris,Wilcken,ble-floch@example.org,F,2000-02-09,2023-10-31,NL,Netherlands,Western Europe,Bolsward,paid_search,false
CUST003082,Nico,Filangieri,toni50@example.org,M,1992-01-07,2023-10-31,IT,Italy,Southern Europe,Campli,paid_search,true
CUST003083,Ivana,Schuster,manshermann-josef@example.net,Undisclosed,1951-10-27,2023-01-05,DE,Germany,Western Europe,Nordhausen,social_media,false
CUST003084,Kerry,Williams,saundersalexander@example.com,F,1949-11-22,2025-07-17,GB,United Kingdom,Western Europe,Callumburgh,referral,true
CUST003085,Ella,Verbeek,michael13@example.org,F,1966-08-13,2023-09-06,NL,Netherlands,Western Europe,Schoorl,organic_search,false
CUST003086,Lauren,Wutke,brent64@example.net,M,1960-03-25,2023-11-08,NL,Netherlands,Western Europe,De Tike,email,false
CUST003087,Timothée,Ramos,marine79@example.org,Undisclosed,1977-01-01,2023-04-02,FR,France,Western Europe,Saint Patricianec,referral,true
CUST003088,Rouven,Salz,tweimer@example.net,F,1960-04-20,2025-05-20,DE,Germany,Western Europe,Hohenstein-Ernstthal,organic_search,false
CUST003089,Gordon,Wallace,jyoung@example.org,F,1994-03-27,2024-03-24,GB,United Kingdom,Western Europe,Smithside,paid_search,false
CUST003090,Alix,Torres,jdelaunay@example.org,F,1977-07-30,2023-06-18,FR,France,Western Europe,Saint Patrick,direct,false
CUST003091,Craig,Freeman,zbaker@example.net,Undisclosed,1962-04-24,2024-06-14,GB,United Kingdom,Western Europe,Port Jemmaville,social_media,true
CUST003092,Wilhelm,Englund,goranlindh@example.com,Undisclosed,2003-07-19,2023-02-07,SE,Sweden,Nordic,Ängelholm,social_media,true
CUST003093,Grégoire,Lacroix,ylecomte@example.net,M,1984-03-02,2024-10-25,FR,France,Western Europe,Charpentier-la-Forêt,social_media,false
CUST003094,África,Cañellas,estradaruperta@example.net,M,1967-08-10,2024-05-27,ES,Spain,Southern Europe,Valladolid,email,false
CUST003095,Phillip,Schönland,margitkroker@example.com,Undisclosed,2004-03-03,2023-10-31,DE,Germany,Western Europe,Grevesmühlen,direct,true
CUST003096,Feline,Klomp Jan,tijmenvan-northeim@example.org,F,1960-11-30,2023-10-13,NL,Netherlands,Western Europe,Weerselo,paid_search,true
CUST003097,Gudrun,Alm,emilia02@example.org,M,1952-01-28,2024-03-31,SE,Sweden,Nordic,Ängelholm,paid_search,false
CUST003098,Hans-Helmut,Heidrich,bolzmannsigmar@example.net,F,1997-06-24,2023-10-16,DE,Germany,Western Europe,Osterode am Harz,direct,false
CUST003099,Agathe,Sorgatz,klaus-michael23@example.com,M,1950-06-27,2023-10-06,DE,Germany,Western Europe,Schmölln,paid_search,false
CUST003100,Thérèse,Lebrun,mailletchristine@example.com,M,2004-05-05,2024-09-30,FR,France,Western Europe,Sainte Zoé-la-Forêt,organic_search,true
CUST003101,Marko,Mälzer,ferdi60@example.com,Undisclosed,1984-05-12,2024-08-26,DE,Germany,Western Europe,Flöha,referral,false
CUST003102,Julia,de Pauw,giovanniboetet@example.org,F,1999-05-07,2023-08-08,NL,Netherlands,Western Europe,Lexmond,direct,false
CUST003103,Matilda,Righi,giampaolocostalonga@example.org,M,1988-03-29,2024-12-09,IT,Italy,Southern Europe,Pedersano,organic_search,true
CUST003104,Chantal,Carpentier,clemencelebreton@example.com,M,1959-07-20,2025-08-09,FR,France,Western Europe,Sainte MoniqueVille,organic_search,true
CUST003105,Christiane,Leroy,tmarechal@example.net,F,2008-08-30,2023-06-24,FR,France,Western Europe,Bernard-sur-Mer,organic_search,true
CUST003106,Xavier,Bonneau,bernard36@example.org,Undisclosed,1966-12-30,2023-12-26,FR,France,Western Europe,Ferrand,direct,false
CUST003107,Maya,Brands,ian41@example.net,Undisclosed,1989-04-04,2023-05-21,NL,Netherlands,Western Europe,Stramproy,referral,false
CUST003108,Jurij,Bähr,jacqueline02@example.com,M,1991-08-24,2023-01-24,DE,Germany,Western Europe,Naila,direct,false
CUST003109,Emily,Khan,kathleen26@example.com,M,1984-05-31,2024-10-01,GB,United Kingdom,Western Europe,Port Sharonburgh,paid_search,false
CUST003110,Carol,Bates,grayduncan@example.net,M,1980-04-11,2025-05-08,GB,United Kingdom,Western Europe,Ashleighfurt,organic_search,true
CUST003111,Lucy,Phillips,victoria14@example.net,M,1986-03-05,2023-06-30,GB,United Kingdom,Western Europe,Berryborough,direct,true
CUST003112,Cäcilia,Thanel,preissstephanie@example.org,F,1998-02-01,2024-09-25,DE,Germany,Western Europe,Wolgast,email,true
CUST003113,Esmee,van de Klashorst,milou91@example.com,F,1974-10-04,2025-10-02,NL,Netherlands,Western Europe,Bakhuizen,organic_search,true
CUST003114,Donata,Tintzmann,margarete50@example.com,M,2000-02-25,2025-07-28,DE,Germany,Western Europe,Dinkelsbühl,referral,false
CUST003115,Heinz-Günter,Eckbauer,bwohlgemut@example.com,M,1954-08-26,2025-05-06,DE,Germany,Western Europe,Saarbrücken,email,true
CUST003116,Ciro,Crispi,vincenza61@example.org,Undisclosed,1994-08-01,2023-09-24,IT,Italy,Southern Europe,Perrillo,email,false
CUST003117,Daphne,Volcke,verhagenfatima@example.com,Undisclosed,1961-03-13,2025-11-11,NL,Netherlands,Western Europe,Kerkwijk,email,true
CUST003118,Hans-Detlef,Stolze,adolphhildegart@example.org,M,1976-05-02,2023-11-23,DE,Germany,Western Europe,Witzenhausen,email,true
CUST003119,Wiltrud,Radisch,freddygroettner@example.net,M,1993-07-15,2025-11-11,DE,Germany,Western Europe,Nordhausen,paid_search,true
CUST003120,Insa,Misicher,hagen25@example.com,M,1996-06-25,2024-10-03,DE,Germany,Western Europe,Belzig,direct,false
CUST003121,Édith,Weiss,gilbertmartins@example.com,F,1982-11-03,2025-02-13,FR,France,Western Europe,Boyerboeuf,direct,false
CUST003122,Raphael,Thanel,cengiz68@example.org,F,1950-12-04,2024-06-01,DE,Germany,Western Europe,Vechta,referral,true
CUST003123,Volkhard,Weinhold,christina56@example.com,M,1984-10-22,2023-02-05,DE,Germany,Western Europe,Kötzting,direct,true
CUST003124,Anne,Holmes,mitchellvictor@example.net,M,1988-02-11,2023-09-11,GB,United Kingdom,Western Europe,Kirstyfurt,referral,true
CUST003125,Yinthe,Adriaense,phileinevan-der-pluijm@example.org,Undisclosed,2003-12-15,2025-12-23,NL,Netherlands,Western Europe,Sibculo,social_media,true
CUST003126,Adam,Bryant,reecebyrne@example.org,Undisclosed,1949-09-21,2024-11-21,GB,United Kingdom,Western Europe,South Jake,referral,true
CUST003127,Dylano,van Berkel,ide-wit@example.org,M,1967-08-22,2023-05-13,NL,Netherlands,Western Europe,Noordlaren,email,false
CUST003128,Ursel,Holsten,janna78@example.com,F,1968-03-05,2024-06-15,DE,Germany,Western Europe,Stollberg,organic_search,true
CUST003129,Marie,Henningsson,whammar@example.com,M,1957-05-25,2023-07-06,SE,Sweden,Nordic,Skellefteå,direct,false
CUST003130,Baldomero,Pomares,allobet@example.org,F,1981-04-29,2023-06-18,ES,Spain,Southern Europe,Guipúzcoa,email,true
CUST003131,Baudelio,Palau,scazorla@example.net,M,1950-07-14,2024-09-28,ES,Spain,Southern Europe,Jaén,paid_search,false
CUST003132,Gabino,Jerez,jose-mari51@example.org,Undisclosed,2004-04-24,2023-10-19,ES,Spain,Southern Europe,Córdoba,organic_search,true
CUST003133,Sabatino,Malatesta,toscanibianca@example.net,F,1946-01-07,2023-12-01,IT,Italy,Southern Europe,Trarivi,referral,true
CUST003134,Rachel,Brown,reecehill@example.net,F,1998-06-16,2023-06-14,GB,United Kingdom,Western Europe,Port Elliott,email,true
CUST003135,Torben,Bärer,uberger@example.org,Undisclosed,1962-05-14,2024-05-07,DE,Germany,Western Europe,Eutin,email,false
CUST003136,Carl,Bell,wallacejoel@example.com,Undisclosed,1980-07-28,2023-04-04,GB,United Kingdom,Western Europe,Longton,paid_search,false
CUST003137,Kyara,van der Laarse,kiki08@example.net,Undisclosed,1960-11-18,2023-04-15,NL,Netherlands,Western Europe,Baaium,direct,false
CUST003138,Isabella,Bakker,leah13@example.com,F,1985-06-01,2025-12-08,NL,Netherlands,Western Europe,Schalkwijk,organic_search,true
CUST003139,Danielle,Taylor,westalice@example.net,F,2008-03-29,2025-06-15,GB,United Kingdom,Western Europe,Kirkview,organic_search,false
CUST003140,Hassan,Klotz,gerhardt84@example.org,M,1972-03-03,2023-12-07,DE,Germany,Western Europe,Passau,organic_search,false
CUST003141,Célina,Martins,legertimothee@example.org,F,1969-10-08,2023-10-09,FR,France,Western Europe,Hameldan,email,true
CUST003142,Telemaco,Garobbio,torquato09@example.com,Undisclosed,1984-09-04,2025-04-30,IT,Italy,Southern Europe,Vigolo,referral,false
CUST003143,Lorraine,Thomas,gregoryfiona@example.net,Undisclosed,1990-06-14,2023-11-13,GB,United Kingdom,Western Europe,Winterview,referral,false
CUST003144,Owen,Walker,sean03@example.org,Undisclosed,1986-07-18,2024-05-29,GB,United Kingdom,Western Europe,West Maria,social_media,true
CUST003145,Camille,Langlois,juliette07@example.org,F,1956-02-18,2023-03-24,FR,France,Western Europe,Saint Étienne,organic_search,true
CUST003146,Sébastien,Rossi,dchartier@example.com,Undisclosed,1975-05-29,2024-08-10,FR,France,Western Europe,Étienneboeuf,social_media,false
CUST003147,Vittoria,Ravaglioli,mascheronibaldassare@example.net,M,1995-11-22,2025-10-22,IT,Italy,Southern Europe,Lonate Ceppino,social_media,true
CUST003148,Anouk,Houdijk,joshuaadriaense@example.net,F,2002-10-13,2023-10-04,NL,Netherlands,Western Europe,Miedum,organic_search,false
CUST003149,Curro,Rivera,zvilar@example.com,Undisclosed,1956-07-07,2023-03-19,ES,Spain,Southern Europe,Segovia,referral,false
CUST003150,Robert,Pratt,lesliecoates@example.com,F,1970-03-22,2025-07-22,GB,United Kingdom,Western Europe,Edwardsview,email,false
CUST003151,Iain,Murray,kellyburton@example.com,F,1959-12-17,2023-05-16,GB,United Kingdom,Western Europe,Port Louiseborough,social_media,true
CUST003152,Meta,Schäfer,krausron@example.org,M,1960-03-21,2023-07-03,DE,Germany,Western Europe,Kitzingen,paid_search,false
CUST003153,Dirk,van der Heijden,,F,2008-07-07,2023-05-29,NL,Netherlands,Western Europe,Darp,organic_search,false
CUST003154,Théodore,Merle,ggimenez@example.org,Undisclosed,1955-08-31,2023-11-17,FR,France,Western Europe,Étienneboeuf,referral,true
CUST003155,Virginie,Simon,arnaude98@example.net,Undisclosed,1974-04-17,2023-10-08,FR,France,Western Europe,Huet,organic_search,true
CUST003156,Hilary,Jones,kellywood@example.org,Undisclosed,1976-04-29,2024-09-09,GB,United Kingdom,Western Europe,East Ronaldbury,organic_search,true
CUST003157,Paoletta,Renzi,cbertoni@example.net,F,1967-03-19,2024-10-09,IT,Italy,Southern Europe,Arlate,organic_search,false
CUST003158,Karl-Jürgen,Mohaupt,qbluemel@example.net,Undisclosed,1976-01-29,2025-09-02,DE,Germany,Western Europe,Vilsbiburg,email,false
CUST003159,Mauricio,Mir,calisto76@example.com,Undisclosed,1959-06-19,2025-04-07,ES,Spain,Southern Europe,Murcia,referral,false
CUST003160,Célina,Buisson,sauvageoceane@example.org,F,1950-03-13,2024-04-21,FR,France,Western Europe,Guillon,organic_search,false
CUST003161,Bertrand,Pascal,lebrunclemence@example.net,F,1985-03-22,2025-10-18,FR,France,Western Europe,Lemaître,referral,false
CUST003162,Hasso,Pärtzelt,zgeisel@example.net,M,1963-08-15,2023-09-08,DE,Germany,Western Europe,Lörrach,organic_search,true
CUST003163,Alfred,Pottier,edithsimon@example.org,M,1978-04-12,2023-06-06,FR,France,Western Europe,Chevalier-les-Bains,paid_search,true
CUST003164,Jeremy,Clark,jennamatthews@example.org,F,1988-08-30,2025-02-01,GB,United Kingdom,Western Europe,Lake Brettland,social_media,true
CUST003165,Frieda,Zobel,foerstersusanne@example.net,Undisclosed,1982-06-07,2025-02-09,DE,Germany,Western Europe,Starnberg,email,true
CUST003166,Francesca,Mason,dennisaaron@example.org,M,1946-03-01,2024-04-10,GB,United Kingdom,Western Europe,McCarthyton,email,false
CUST003167,Donatello,Galilei,bellinirodolfo@example.net,F,1978-06-02,2024-07-27,IT,Italy,Southern Europe,San Martino In Beliseto,organic_search,false
CUST003168,Dana,Röhricht,,Undisclosed,1955-06-25,2023-07-28,DE,Germany,Western Europe,Rastatt,social_media,false
CUST003169,Ariadna,Rueda,jacobollobet@example.net,Undisclosed,1990-09-09,2024-06-23,ES,Spain,Southern Europe,Pontevedra,email,true
CUST003170,Thomas,Bertrand,plambert@example.net,F,1974-04-25,2024-03-19,FR,France,Western Europe,Milletdan,paid_search,false
CUST003171,Nisa,Nieuwstraten,yvan-den-corput@example.net,Undisclosed,1958-09-06,2024-08-30,NL,Netherlands,Western Europe,Nieuw-Roden,direct,false
CUST003172,Capucine,Huet,marie70@example.com,F,1996-01-09,2024-01-06,FR,France,Western Europe,Saint Zoé-sur-Mer,email,false
CUST003173,Eva-Marie,Berger,junitzmaurice@example.com,Undisclosed,1992-01-18,2023-10-30,DE,Germany,Western Europe,Meiningen,organic_search,false
CUST003174,Domenico,Pruschke,klemtferdinand@example.net,M,1978-03-29,2025-05-03,DE,Germany,Western Europe,Osterode am Harz,email,true
CUST003175,Luciano,Koch,ingeburg44@example.org,Undisclosed,1980-04-29,2023-10-22,DE,Germany,Western Europe,Böblingen,social_media,true
CUST003176,Resi,Nette,jockelcarl-heinz@example.com,M,1949-03-07,2025-04-01,DE,Germany,Western Europe,Worbis,paid_search,false
CUST003177,Louise,Vastenhouw,stellanollee@example.net,M,2003-08-01,2025-10-29,NL,Netherlands,Western Europe,Bergen aan Zee,direct,true
CUST003178,Damiano,Mocenigo,pasqualevalentino@example.com,M,1988-05-27,2024-06-23,IT,Italy,Southern Europe,Soveria Mannelli,paid_search,true
CUST003179,Urbano,Sanjuan,arcosdafne@example.net,F,1987-09-25,2023-04-28,ES,Spain,Southern Europe,Murcia,social_media,true
CUST003180,Zara,Stichter,janssenkyano@example.net,F,2000-05-31,2025-12-10,NL,Netherlands,Western Europe,Kuinre,referral,false
CUST003181,Samir,Mühle,slawomir84@example.com,M,1984-10-11,2023-06-21,DE,Germany,Western Europe,Aue,social_media,true
CUST003182,Monique,Launay,thereseleleu@example.com,M,1965-12-21,2024-10-05,FR,France,Western Europe,Saint Aurore,organic_search,false
CUST003183,Christiane,Carpentier,gregoireraymond@example.com,Undisclosed,1997-04-16,2025-10-21,FR,France,Western Europe,Guillou-sur-Mer,social_media,true
CUST003184,Pascal,Mentzel,klappconstanze@example.com,F,1993-10-03,2025-06-12,DE,Germany,Western Europe,Saulgau,referral,false
CUST003185,Natasha,Leach,cherylwilliams@example.org,M,1983-10-05,2023-10-29,GB,United Kingdom,Western Europe,Lake Ian,paid_search,false
CUST003186,Yvonne,Chan,annaburke@example.com,F,1993-09-03,2024-02-27,GB,United Kingdom,Western Europe,Jemmaburgh,paid_search,false
CUST003187,Éric,Mallet,michelroger@example.com,M,2003-11-01,2023-07-31,FR,France,Western Europe,Muller,direct,false
CUST003188,Isabelle,Lesage,lorraine48@example.org,F,1999-12-04,2025-05-22,FR,France,Western Europe,Laurentdan,organic_search,false
CUST003189,Raquel,Sotelo,marcelomanzanares@example.com,F,1993-12-06,2023-11-19,ES,Spain,Southern Europe,Jaén,referral,false
CUST003190,Manuelita,Palacios,luciacarvajal@example.com,F,1982-10-03,2024-04-21,ES,Spain,Southern Europe,Segovia,referral,true
CUST003191,Nicole,Bourdon,techerclaire@example.com,F,1953-07-02,2024-02-29,FR,France,Western Europe,Andredan,paid_search,false
CUST003192,Viridiana,Delle,morandinialberico@example.org,M,1950-12-01,2023-01-29,IT,Italy,Southern Europe,Cassinone,email,false
CUST003193,Malin,Grönlund,elarsson@example.net,Undisclosed,1952-05-30,2025-10-11,SE,Sweden,Nordic,Växjö,organic_search,false
CUST003194,Bertrand,Munoz,margot76@example.net,F,1985-11-20,2025-08-09,FR,France,Western Europe,Guilbert,organic_search,false
CUST003195,Sébastien,Michel,marinecoulon@example.com,M,1995-10-06,2024-02-02,FR,France,Western Europe,Maury,organic_search,false
CUST003196,Kim,Turner,paulagibbons@example.net,M,1959-05-19,2024-02-11,GB,United Kingdom,Western Europe,Port Derekchester,social_media,false
CUST003197,Fabia,Pausini,luigina09@example.net,M,1993-10-19,2024-04-03,IT,Italy,Southern Europe,Ternate,social_media,false
CUST003198,Pierluigi,Paolucci,zabarellavictoria@example.org,F,1976-06-20,2025-06-06,IT,Italy,Southern Europe,Robbiate,referral,true
CUST003199,Selim,Lehmann,schinkejustina@example.com,F,1975-04-27,2025-03-25,DE,Germany,Western Europe,Aachen,social_media,false
CUST003200,Olivier,Lopes,thomasletellier@example.com,Undisclosed,1957-07-08,2023-08-11,FR,France,Western Europe,Saint Stéphanie,email,true
CUST003201,Max,Osborne,aarondavies@example.org,F,1982-09-19,2025-10-07,GB,United Kingdom,Western Europe,North Gavinmouth,organic_search,false
CUST003202,Sarah,Richards,afisher@example.com,Undisclosed,1946-10-13,2024-03-31,GB,United Kingdom,Western Europe,South Alisonland,organic_search,true
CUST003203,Ernst-Otto,Höfig,georgios44@example.com,Undisclosed,1965-09-03,2025-05-31,DE,Germany,Western Europe,Schwandorf,paid_search,false
CUST003204,Bernardino,Seco,hectorhigueras@example.com,F,1966-05-17,2023-12-07,ES,Spain,Southern Europe,Huesca,social_media,false
CUST003205,Mare,Chevresson,itakkelenburg@example.com,Undisclosed,1953-03-04,2023-02-17,NL,Netherlands,Western Europe,Wieringerwerf,organic_search,false
CUST003206,Reynaldo,Gibert,fhoz@example.org,F,1950-03-17,2025-10-11,ES,Spain,Southern Europe,Valencia,referral,true
CUST003207,Marta,Cruz,wnadal@example.net,F,1989-03-11,2023-07-31,ES,Spain,Southern Europe,Madrid,paid_search,true
CUST003208,Merijn,Brouwer,qde-bruin@example.org,M,1947-06-23,2023-06-09,NL,Netherlands,Western Europe,Hinnaard,paid_search,true
CUST003209,Christophe,Chauveau,adrien25@example.com,F,1994-10-25,2024-07-26,FR,France,Western Europe,Dupuy,paid_search,true
CUST003210,Hayley,Davidson,jill48@example.com,F,1981-12-25,2024-12-14,GB,United Kingdom,Western Europe,New David,paid_search,true
CUST003211,Janos,Klingelhöfer,walfried33@example.org,M,1964-06-18,2025-01-02,DE,Germany,Western Europe,Wiedenbrück,social_media,false
CUST003212,Mees,Mallien,de-bontjasmijn@example.com,F,1955-10-23,2023-05-02,NL,Netherlands,Western Europe,Noordwolde,social_media,false
CUST003213,Liesa,Schacht,drewesjohann@example.net,Undisclosed,1976-11-06,2023-03-10,DE,Germany,Western Europe,Rudolstadt,referral,false
CUST003214,Alex,Slaetsdochter,justin12@example.net,F,1946-08-20,2024-03-02,NL,Netherlands,Western Europe,Zuidland,paid_search,false
CUST003215,Gabriela,Lübs,kaspar37@example.com,M,1974-08-07,2024-05-19,DE,Germany,Western Europe,Osterburg,referral,true
CUST003216,Magdalena,Köster,berndtthanel@example.net,Undisclosed,1979-11-06,2024-12-11,DE,Germany,Western Europe,Beeskow,paid_search,false
CUST003217,Wolf-Dietrich,Henk,ullrichhermine@example.net,F,1951-07-09,2024-07-07,DE,Germany,Western Europe,Forst,social_media,false
CUST003218,James,Hein,junkditmar@example.org,Undisclosed,1975-02-27,2024-10-03,DE,Germany,Western Europe,Pfaffenhofen an der Ilm,organic_search,true
CUST003219,Sylvie,Becht,okriens@example.org,F,1978-09-30,2023-10-20,NL,Netherlands,Western Europe,Wezuperbrug,email,false
CUST003220,Bjorn,le Briel,van-der-veivertycho@example.org,F,1988-08-12,2025-01-31,NL,Netherlands,Western Europe,Waalre,referral,false
CUST003221,Sandra,Bryant,mary42@example.com,M,1973-05-07,2023-07-10,GB,United Kingdom,Western Europe,East Anneshire,organic_search,true
CUST003222,Pero,Hesse,ingolfullmann@example.org,F,1957-11-17,2024-01-06,DE,Germany,Western Europe,Anklam,social_media,true
CUST003223,Hans-Martin,Bloch,dbeer@example.org,M,1958-04-10,2025-03-31,DE,Germany,Western Europe,Hoyerswerda,paid_search,false
CUST003224,Gunnar,Hövel,sibylla05@example.org,F,1996-02-07,2024-05-30,DE,Germany,Western Europe,Bruchsal,referral,false
CUST003225,Saban,Naser,linda20@example.com,F,1948-03-06,2023-09-04,DE,Germany,Western Europe,Herford,referral,true
CUST003226,Bianca,Zichichi,guaratolucio@example.net,F,1955-04-29,2025-12-27,IT,Italy,Southern Europe,Sassalbo,paid_search,true
CUST003227,Harold,Warmer,kuehnertsilvester@example.org,M,1981-01-08,2023-08-05,DE,Germany,Western Europe,Dachau,social_media,true
CUST003228,Auguste,David,dominiquedufour@example.com,F,1967-06-05,2024-07-08,FR,France,Western Europe,Coste,organic_search,false
CUST003229,Bekir,Köhler,hans-erichstadelmann@example.org,M,1971-05-23,2024-05-01,DE,Germany,Western Europe,Starnberg,referral,false
CUST003230,Joana,Schmiedecke,dehmelvictoria@example.net,F,1997-03-25,2023-10-14,DE,Germany,Western Europe,Biedenkopf,direct,false
CUST003231,Mohammad,Kelly,reeddouglas@example.net,Undisclosed,1984-11-14,2023-09-26,GB,United Kingdom,Western Europe,East Julianburgh,social_media,false
CUST003232,Allan,Steele,jeremy86@example.org,F,1995-07-24,2023-08-13,GB,United Kingdom,Western Europe,Albertchester,referral,false
CUST003233,Hans-Gerd,Otto,meinhard23@example.com,M,1972-11-19,2025-10-05,DE,Germany,Western Europe,Hammelburg,paid_search,true
CUST003234,Hajo,Hettner,ylorch@example.org,Undisclosed,1985-05-26,2024-04-25,DE,Germany,Western Europe,Mainburg,organic_search,false
CUST003235,Bernard,Chauveau,reneroger@example.net,Undisclosed,2000-10-26,2023-04-28,FR,France,Western Europe,Hamon-sur-Hoarau,email,false
CUST003236,Grete,Mühle,dweitzel@example.net,Undisclosed,1988-03-22,2023-04-28,DE,Germany,Western Europe,Göppingen,social_media,true
CUST003237,Nuri,Lachmann,hans-dieter97@example.org,M,2002-06-30,2023-12-18,DE,Germany,Western Europe,Hoyerswerda,email,true
CUST003238,Olof,Hansson,yvonnezhang@example.com,Undisclosed,2003-04-29,2025-04-08,SE,Sweden,Nordic,Karlstad,email,true
CUST003239,Lauren,Greenwood,ymiller@example.org,Undisclosed,2005-01-17,2023-12-11,GB,United Kingdom,Western Europe,New Helenchester,direct,false
CUST003240,Gerald,Smith,stuart47@example.com,Undisclosed,2003-06-16,2023-06-14,GB,United Kingdom,Western Europe,Samport,paid_search,false
CUST003241,Bernadette,Fouquet,rmerle@example.com,M,1967-04-23,2023-01-18,FR,France,Western Europe,Maillot,direct,false
CUST003242,Marie,Bonnin,gabrielleblin@example.net,M,1973-06-05,2023-12-11,FR,France,Western Europe,Ledoux,email,true
CUST003243,Lindsey,Mitchell,frederick24@example.org,F,1972-02-08,2024-05-30,GB,United Kingdom,Western Europe,Bennettberg,paid_search,true
CUST003244,Jason,van Kuijc,emir57@example.org,Undisclosed,2004-06-09,2024-05-18,NL,Netherlands,Western Europe,Rijnsaterwoude,referral,true
CUST003245,Nathan,Saxo,laurenvan-der-steen@example.org,M,1960-02-22,2023-01-28,NL,Netherlands,Western Europe,Lieshout,direct,false
CUST003246,Karla,Lorch,vrogge@example.net,M,1962-06-13,2023-03-23,DE,Germany,Western Europe,Lübben,social_media,true
CUST003247,Bryan,Armstrong,leachshannon@example.org,M,1985-11-06,2025-01-09,GB,United Kingdom,Western Europe,New Tina,direct,true
CUST003248,Maurice,Maillet,legrosetienne@example.com,F,1979-09-18,2023-02-08,FR,France,Western Europe,Saint Anaïs-sur-Mer,organic_search,true
CUST003249,Alessio,Tamburini,bbrunello@example.org,Undisclosed,2000-07-23,2024-05-18,IT,Italy,Southern Europe,Barbasso,paid_search,false
CUST003250,Hollie,Thompson,dclarke@example.com,F,2002-03-04,2025-08-07,GB,United Kingdom,Western Europe,North Henryside,organic_search,true
CUST003251,Jack,Humphreys,jbradley@example.net,F,1955-03-17,2025-05-09,GB,United Kingdom,Western Europe,Chandlershire,direct,true
CUST003252,Kaspar,Kruschwitz,erkaneigenwillig@example.org,Undisclosed,1999-01-07,2024-10-18,DE,Germany,Western Europe,Saarlouis,organic_search,false
CUST003253,Jemma,White,angela62@example.com,F,1955-06-29,2025-06-11,GB,United Kingdom,Western Europe,South Rita,direct,false
CUST003254,Konrad,Kaul,,M,1996-10-06,2023-01-22,DE,Germany,Western Europe,Forst,social_media,false
CUST003255,Guillaume,Bouvet,josephinenicolas@example.com,F,1985-07-01,2023-07-04,FR,France,Western Europe,Lombard-sur-Ribeiro,direct,true
CUST003256,Jonas,Pärtzelt,handerigo@example.net,M,2003-04-15,2024-02-26,DE,Germany,Western Europe,Strasburg,direct,false
CUST003257,Jinthe,de Heer,lanklefrederique@example.com,M,1994-08-02,2024-08-02,NL,Netherlands,Western Europe,Lollum,paid_search,true
CUST003258,Tony,Steinberg,ncichorius@example.com,M,1947-06-04,2025-03-07,DE,Germany,Western Europe,Teterow,direct,true
CUST003259,Joséphine,Masson,martinboulanger@example.org,M,1947-12-02,2025-07-30,FR,France,Western Europe,Sainte Franck-les-Bains,email,false
CUST003260,Pasquale,Gradenigo,michela90@example.org,M,1984-04-24,2023-03-06,IT,Italy,Southern Europe,Alberone Di Guarda,paid_search,true
CUST003261,Hans-Ludwig,Hecker,wesackkatharina@example.org,M,1961-06-12,2024-07-22,DE,Germany,Western Europe,Guben,social_media,true
CUST003262,Hayley,Moss,alicebell@example.com,F,1959-08-23,2025-11-13,GB,United Kingdom,Western Europe,Eleanorville,email,true
CUST003263,Rémy,Blanc,benjamin98@example.net,F,1995-04-01,2023-12-20,FR,France,Western Europe,Saint Bernadette,paid_search,false
CUST003264,Claus-Peter,Hermann,nschinke@example.org,M,2007-07-10,2024-09-22,DE,Germany,Western Europe,Böblingen,social_media,false
CUST003265,Fátima,Blanco,salarcon@example.net,Undisclosed,1998-03-12,2025-05-27,ES,Spain,Southern Europe,Almería,referral,false
CUST003266,Annerose,Rörricht,gerhild20@example.org,F,2002-03-21,2025-07-07,DE,Germany,Western Europe,Lübz,social_media,false
CUST003267,Liam,Hawkins,ahmedpaige@example.org,M,1986-08-31,2024-04-06,GB,United Kingdom,Western Europe,East Iainberg,organic_search,false
CUST003268,Donna,Bowen,nolanmarc@example.com,Undisclosed,1968-01-30,2025-08-15,GB,United Kingdom,Western Europe,Andreaview,organic_search,true
CUST003269,Keith,Field,darrenkelly@example.org,M,1993-01-01,2023-01-07,GB,United Kingdom,Western Europe,Armstrongville,social_media,false
CUST003270,Ryan,Cornelisz,ngoderts@example.net,M,1951-02-12,2024-07-02,NL,Netherlands,Western Europe,Molenaarsgraaf,referral,true
CUST003271,Sophie,Costa,sperrin@example.org,Undisclosed,1953-07-30,2023-03-08,FR,France,Western Europe,Dufour,direct,false
CUST003272,Stilla,Bachmann,saeuberlichhanny@example.com,Undisclosed,1954-11-23,2023-04-13,DE,Germany,Western Europe,Monschau,organic_search,false
CUST003273,Cornelia,Frerichs,koemanyfke@example.net,Undisclosed,1965-05-16,2024-03-30,NL,Netherlands,Western Europe,De Goorn,paid_search,false
CUST003274,Julia,Burns,danielseleanor@example.com,Undisclosed,1954-12-27,2023-04-15,GB,United Kingdom,Western Europe,McDonaldland,direct,false
CUST003275,Rafa,Tudela,tristantamayo@example.net,M,1971-07-31,2025-05-01,ES,Spain,Southern Europe,Las Palmas,email,true
CUST003276,Casandra,Bernal,elodiabellido@example.org,F,1948-03-27,2025-04-07,ES,Spain,Southern Europe,Granada,social_media,true
CUST003277,Luciano,Dominguez,pinilladonato@example.net,Undisclosed,1962-08-30,2025-11-29,ES,Spain,Southern Europe,Baleares,organic_search,true
CUST003278,Frank,Reeves,glen01@example.net,Undisclosed,1968-07-07,2025-07-16,GB,United Kingdom,Western Europe,West Lee,organic_search,false
CUST003279,Margaud,Gonzalez,qgodard@example.com,Undisclosed,1972-02-15,2024-11-16,FR,France,Western Europe,Sainte Emmanuelle-la-Forêt,social_media,true
CUST003280,Marita,Valdés,nicolas25@example.org,F,1996-01-05,2025-01-14,ES,Spain,Southern Europe,Asturias,organic_search,true
CUST003281,Holly,Atkinson,khanjulie@example.com,Undisclosed,1950-02-08,2024-05-22,GB,United Kingdom,Western Europe,Jacksonview,paid_search,true
CUST003282,Amanda,Roskoth,slavko69@example.com,F,1986-05-15,2025-03-22,DE,Germany,Western Europe,Bayreuth,email,false
CUST003283,Eusebia,Niño,peirocurro@example.net,Undisclosed,1975-02-16,2023-09-04,ES,Spain,Southern Europe,Huelva,email,false
CUST003284,Melania,Tiepolo,xfolliero@example.com,Undisclosed,1965-11-04,2024-07-29,IT,Italy,Southern Europe,Santa Valburga Ultimo,direct,false
CUST003285,Caroline,Bryan,lucydawson@example.org,Undisclosed,1973-03-10,2024-11-04,GB,United Kingdom,Western Europe,Port Hilary,organic_search,false
CUST003286,Ralph,Anders,roy50@example.com,F,1978-02-07,2025-08-22,DE,Germany,Western Europe,Sternberg,paid_search,false
CUST003287,Augustin,Perez,,Undisclosed,1965-09-10,2025-03-29,FR,France,Western Europe,Masson,organic_search,false
CUST003288,Flora,Robledo,adelardopineda@example.net,M,2004-04-13,2023-10-10,ES,Spain,Southern Europe,Córdoba,direct,false
CUST003289,Teresa,Agostini,torricellirenzo@example.org,Undisclosed,1945-12-01,2023-06-09,IT,Italy,Southern Europe,Castilenti,email,false
CUST003290,Gudrun,Heydrich,mriehl@example.org,F,2000-05-29,2024-02-26,DE,Germany,Western Europe,Neuss,paid_search,true
CUST003291,Wieslaw,Ladeck,apolloniafaust@example.org,Undisclosed,1957-02-24,2025-08-29,DE,Germany,Western Europe,Nördlingen,referral,true
CUST003292,Ernesto,Cilibrasi,castellimaurizio@example.net,M,1961-04-16,2023-11-24,IT,Italy,Southern Europe,Vidalengo,paid_search,true
CUST003293,Honoré,Jacquet,julesroger@example.net,F,1946-07-31,2025-08-07,FR,France,Western Europe,Lopesdan,social_media,false
CUST003294,Lynda,Wright,dean83@example.com,F,1965-11-26,2023-12-18,GB,United Kingdom,Western Europe,North Abdulland,direct,true
CUST003295,Clara,Bergman,nilssonannika@example.com,M,1971-01-25,2023-06-28,SE,Sweden,Nordic,Helsingborg,direct,true
CUST003296,Marietta,Wohlgemut,necatistahr@example.org,Undisclosed,1967-01-29,2023-08-20,DE,Germany,Western Europe,Herzberg,email,true
CUST003297,Melanie,Wright,kmurray@example.net,M,2008-07-12,2025-02-18,GB,United Kingdom,Western Europe,Port Amandaport,email,true
CUST003298,Oskar,Niemeier,schwitalhildegund@example.net,Undisclosed,1983-07-22,2023-01-05,DE,Germany,Western Europe,Sankt Goarshausen,social_media,true
CUST003299,Gilbert,Gimenez,phardy@example.org,F,1946-11-08,2025-11-15,FR,France,Western Europe,Saint ThéophileBourg,direct,true
CUST003300,Casemiro,Méndez,virginia53@example.com,M,2004-12-29,2023-06-04,ES,Spain,Southern Europe,Zamora,organic_search,false
CUST003301,Charlotte,Berthelot,begueremy@example.com,F,1973-08-01,2025-02-10,FR,France,Western Europe,Hervé-les-Bains,social_media,true
CUST003302,Antonia,Lindqvist,dahlellen@example.net,Undisclosed,1947-03-22,2023-07-30,SE,Sweden,Nordic,Mölndal,direct,true
CUST003303,Julian,Hall,jean80@example.net,M,1985-07-03,2025-11-12,GB,United Kingdom,Western Europe,Lake Jacobville,organic_search,false
CUST003304,Monique,Wagner,valentinepeltier@example.net,M,1975-12-10,2023-04-22,FR,France,Western Europe,Dupuis,organic_search,false
CUST003305,Marco,Kabus,kschenk@example.org,Undisclosed,1983-04-14,2023-04-09,DE,Germany,Western Europe,Ilmenau,direct,true
CUST003306,Thibault,Rocher,lguichard@example.net,F,1997-12-15,2025-07-19,FR,France,Western Europe,Sainte Julien,email,true
CUST003307,Hélène,Diaz,humbertjosette@example.com,M,1949-01-02,2024-08-29,FR,France,Western Europe,Pelletier,organic_search,true
CUST003308,Stavros,Austermühle,annamariaschlosser@example.net,Undisclosed,1971-05-10,2025-07-26,DE,Germany,Western Europe,Wesel,referral,true
CUST003309,Céline,Guillot,chevalliervincent@example.com,M,1961-07-29,2025-08-14,FR,France,Western Europe,Boulay-la-Forêt,email,true
CUST003310,Elliott,Connor,louise01@example.com,M,1973-11-18,2025-02-27,GB,United Kingdom,Western Europe,East Samanthaside,paid_search,true
CUST003311,Brian,Janse,stamroodelizabeth@example.net,F,1970-01-10,2023-03-09,NL,Netherlands,Western Europe,Hollandscheveld,email,true
CUST003312,Wouter,de Vries,van-de-walmats@example.org,Undisclosed,1987-08-07,2023-12-25,NL,Netherlands,Western Europe,Geervliet,social_media,false
CUST003313,Tyler,van Wessex,rspier@example.com,M,2004-03-08,2024-07-05,NL,Netherlands,Western Europe,Gytsjerk,paid_search,false
CUST003314,Gusti,Gorlitz,madeleine08@example.com,M,1962-01-15,2024-11-15,DE,Germany,Western Europe,Gransee,organic_search,true
CUST003315,Adelbert,Wilms,heinijacobi-jaeckel@example.net,Undisclosed,1947-11-09,2023-01-23,DE,Germany,Western Europe,Bitterfeld,paid_search,false
CUST003316,Juliette,Verheuvel,tholthuis@example.org,M,1968-12-15,2023-11-29,NL,Netherlands,Western Europe,Kapel-Avezaath,referral,true
CUST003317,Declan,Saunders,ufoster@example.net,F,1964-11-09,2023-11-16,GB,United Kingdom,Western Europe,South Clivefort,referral,false
CUST003318,Gregor,Koch,kaustermuehle@example.com,Undisclosed,1976-06-14,2025-07-13,DE,Germany,Western Europe,Gerolzhofen,referral,false
CUST003319,María Carmen,Garcés,,M,1960-10-06,2025-07-08,ES,Spain,Southern Europe,Salamanca,social_media,true
CUST003320,Gerardo,Girón,imelda94@example.com,Undisclosed,2003-05-31,2024-09-23,ES,Spain,Southern Europe,Guadalajara,social_media,true
CUST003321,Leonard,Brown,judithcooper@example.org,M,2002-01-14,2025-12-27,GB,United Kingdom,Western Europe,New Tracy,paid_search,false
CUST003322,Dorit,Conradi,sgorlitz@example.net,Undisclosed,1975-10-21,2024-07-11,DE,Germany,Western Europe,Burg,social_media,false
CUST003323,Emilio,Castro,kmarques@example.net,Undisclosed,1947-06-26,2025-10-17,ES,Spain,Southern Europe,Ávila,paid_search,true
CUST003324,Trevor,Evans,xhall@example.org,M,1962-01-24,2023-09-18,GB,United Kingdom,Western Europe,South Margaret,referral,false
CUST003325,Ismael,Cases,aitanaadadia@example.com,Undisclosed,2001-06-11,2024-08-04,ES,Spain,Southern Europe,Valladolid,email,true
CUST003326,Delia,Crespo,garrigadomingo@example.org,F,1979-09-19,2023-10-04,ES,Spain,Southern Europe,Granada,email,true
CUST003327,Silvio,Bustos,adrian22@example.org,F,1991-05-17,2023-12-06,ES,Spain,Southern Europe,Badajoz,email,false
CUST003328,Marian,Wilson,carlysmith@example.com,Undisclosed,1986-10-19,2023-05-29,GB,United Kingdom,Western Europe,Cunninghamton,paid_search,true
CUST003329,Hans-Eberhard,Trommler,bohlanderfreya@example.org,Undisclosed,1985-04-09,2024-12-07,DE,Germany,Western Europe,Malchin,paid_search,true
CUST003330,Mila,Vos,de-graafjacob@example.org,M,1971-04-23,2024-03-17,NL,Netherlands,Western Europe,Lengel,email,false
CUST003331,Owen,Morgan,vcollins@example.com,M,1966-09-19,2025-10-11,GB,United Kingdom,Western Europe,Lake Barbarashire,organic_search,true
CUST003332,Louise,Waltrade Walderade,koens-gravensande@example.com,M,1995-02-25,2024-06-05,NL,Netherlands,Western Europe,Hobrede,paid_search,true
CUST003333,Violetta,Krause,josefineheintze@example.org,F,1989-12-22,2024-11-01,DE,Germany,Western Europe,Mühldorf am Inn,referral,true
CUST003334,Klaus,Mans,hoelzenbechermaximilian@example.com,F,1995-08-17,2023-11-13,DE,Germany,Western Europe,Goslar,organic_search,false
CUST003335,Danilo,Malaparte,yandreotti@example.net,Undisclosed,1997-03-11,2024-09-01,IT,Italy,Southern Europe,Castel Rozzone,email,true
CUST003336,Isabelle,van Haspengouw Hesbaye,ivygroenestein@example.org,Undisclosed,1979-08-21,2023-05-18,NL,Netherlands,Western Europe,Ruigahuizen,organic_search,false
CUST003337,Matteo,Eco,vrensi@example.org,F,1990-07-08,2023-05-25,IT,Italy,Southern Europe,Gerenzano,referral,false
CUST003338,Miguela,Cuesta,ibautista@example.org,Undisclosed,1983-05-15,2024-10-20,ES,Spain,Southern Europe,Tarragona,organic_search,false
CUST003339,Cheryl,Ford,lesley80@example.com,F,1994-10-09,2024-11-01,GB,United Kingdom,Western Europe,East Waynebury,direct,true
CUST003340,Femke,van der Steen,heijmanssebastiaan@example.com,Undisclosed,1991-12-10,2024-08-30,NL,Netherlands,Western Europe,Schoonoord,organic_search,true
CUST003341,Elvira,Renier,peanoelisa@example.com,Undisclosed,1959-08-07,2024-04-23,IT,Italy,Southern Europe,Cazzago San Martino,email,false
CUST003342,Danielle,Lees,barryhayes@example.net,Undisclosed,1969-11-21,2023-07-29,GB,United Kingdom,Western Europe,North Ashley,referral,true
CUST003343,Glen,Willis,hlittle@example.net,F,1970-09-13,2025-01-27,GB,United Kingdom,Western Europe,Quinnfort,direct,false
CUST003344,Edeltraut,Jockel,carstenkay-uwe@example.org,Undisclosed,1958-10-15,2024-05-18,DE,Germany,Western Europe,Bad Kreuznach,organic_search,false
CUST003345,Tom,Griffin,singhduncan@example.com,Undisclosed,1962-05-26,2024-11-13,GB,United Kingdom,Western Europe,Port Norman,direct,false
CUST003346,Ties,Weeldenburg,meijerjack@example.com,M,1986-06-23,2023-01-14,NL,Netherlands,Western Europe,Valthe,organic_search,true
CUST003347,Gilbert,Voisin,ngillet@example.org,F,1997-01-21,2024-10-13,FR,France,Western Europe,Delannoy-la-Forêt,referral,false
CUST003348,Hansgeorg,Stoll,noackgertraude@example.net,M,1979-07-02,2025-04-08,DE,Germany,Western Europe,Illertissen,direct,true
CUST003349,Guillaume,Dupont,leblancmarc@example.net,F,1952-02-05,2023-05-31,FR,France,Western Europe,Sainte MargotVille,organic_search,true
CUST003350,Stanislav,Kreusel,kkitzmann@example.net,Undisclosed,1965-08-11,2023-04-03,DE,Germany,Western Europe,Malchin,referral,true
CUST003351,Magret,Fechner,xhartmann@example.org,M,1978-11-18,2024-02-11,DE,Germany,Western Europe,Göttingen,social_media,true
CUST003352,Victoire,Poulain,adelaide33@example.com,M,1991-06-16,2024-08-24,FR,France,Western Europe,Bouviernec,referral,true
CUST003353,Ranieri,Tornatore,qpolani@example.net,Undisclosed,1965-08-28,2024-07-08,IT,Italy,Southern Europe,Greve In Chianti,email,true
CUST003354,Gerard,Walters,rogerwhite@example.net,F,2002-03-13,2024-04-06,GB,United Kingdom,Western Europe,North Mohammadchester,email,false
CUST003355,Claire,Ehlert,magnusadolph@example.com,F,1984-04-19,2024-10-20,DE,Germany,Western Europe,Hofgeismar,direct,true
CUST003356,Friedhold,Steinberg,vreinhardt@example.org,Undisclosed,1949-05-17,2025-01-01,DE,Germany,Western Europe,Cuxhaven,referral,false
CUST003357,Jip,Oosterhout,tvan-bentheim@example.com,M,1996-01-08,2023-06-10,NL,Netherlands,Western Europe,Midwolde,organic_search,false
CUST003358,Martine,Simon,,Undisclosed,1987-06-17,2025-11-08,FR,France,Western Europe,Mary-sur-Mer,direct,true
CUST003359,Eleuterio,Canet,isidora42@example.org,M,1966-03-06,2024-10-19,ES,Spain,Southern Europe,Zamora,referral,false
CUST003360,Lola,Maas,romy02@example.org,M,1965-08-08,2025-01-19,NL,Netherlands,Western Europe,Tynaarlo,email,false
CUST003361,América,Silva,saguado@example.com,F,2004-01-25,2023-01-06,ES,Spain,Southern Europe,Huesca,organic_search,false
CUST003362,Marcelle,Roux,dijouxstephane@example.net,M,1976-11-30,2024-10-15,FR,France,Western Europe,Saint Michel,paid_search,true
CUST003363,Cornelia,Jdotte,dirksmits@example.com,Undisclosed,1998-05-14,2023-12-31,NL,Netherlands,Western Europe,Jouswier,email,false
CUST003364,Honoré,Lemonnier,capucineimbert@example.net,F,1949-07-02,2023-11-25,FR,France,Western Europe,Rocher-sur-Fischer,social_media,false
CUST003365,Pasqual,Russo,luciano16@example.com,F,1946-06-26,2024-07-24,IT,Italy,Southern Europe,Volon,referral,true
CUST003366,Bradley,Baker,janeyates@example.net,Undisclosed,1999-01-09,2023-11-07,GB,United Kingdom,Western Europe,Thorpeville,email,false
CUST003367,André,Girard,dos-santosstephanie@example.org,F,2006-05-04,2025-06-14,FR,France,Western Europe,Klein-la-Forêt,social_media,false
CUST003368,Lucas,Martins,ameliefleury@example.net,Undisclosed,1996-11-27,2023-09-28,FR,France,Western Europe,Briand,social_media,false
CUST003369,Anatoli,Zobel,ksteuer@example.com,F,1980-05-09,2023-02-12,DE,Germany,Western Europe,Tübingen,email,false
CUST003370,Floor,Frankhuizen,uvan-wessex@example.net,Undisclosed,1993-02-18,2023-03-29,NL,Netherlands,Western Europe,Hempens,organic_search,true
CUST003371,Gülsen,Herrmann,vanders@example.net,Undisclosed,1986-12-17,2023-03-26,DE,Germany,Western Europe,Marienberg,organic_search,false
CUST003372,Samantha,White,petermoore@example.com,F,1994-05-09,2024-03-31,GB,United Kingdom,Western Europe,North Royberg,email,true
CUST003373,Martin,Besson,laurence51@example.net,M,1949-01-29,2023-07-17,FR,France,Western Europe,Saint Franck,social_media,true
CUST003374,Owen,van der Hoeven,mees61@example.com,F,1994-05-14,2025-03-28,NL,Netherlands,Western Europe,Blokker,email,true
CUST003375,Araceli,Araujo,gasconazucena@example.net,Undisclosed,1965-02-18,2024-08-27,ES,Spain,Southern Europe,Santa Cruz de Tenerife,paid_search,true
CUST003376,Lalo,Herranz,barrigalope@example.org,Undisclosed,1950-01-11,2024-10-04,ES,Spain,Southern Europe,La Coruña,email,false
CUST003377,Jacinta,García,vverdu@example.org,Undisclosed,2002-05-31,2025-01-14,ES,Spain,Southern Europe,Cantabria,organic_search,true
CUST003378,Heinz-Günther,Müller,hoefiganka@example.net,M,1966-10-19,2024-02-07,DE,Germany,Western Europe,Herzberg,organic_search,false
CUST003379,Emine,Schwital,amalia03@example.org,M,1946-07-02,2024-05-14,DE,Germany,Western Europe,Luckau,email,true
CUST003380,Yusuf,van Haspengouw,ryan47@example.org,Undisclosed,1983-01-14,2025-04-14,NL,Netherlands,Western Europe,Kortenhoef,organic_search,false
CUST003381,Honoré,Pinto,robinjulie@example.org,M,1999-06-19,2024-04-20,FR,France,Western Europe,Sainte Julie-sur-Mer,referral,false
CUST003382,Éric,Gautier,gboutin@example.com,Undisclosed,1970-07-30,2023-02-03,FR,France,Western Europe,Perriernec,organic_search,true
CUST003383,Centa,Möchlichen,fdowerg@example.net,F,2001-12-07,2025-03-06,DE,Germany,Western Europe,Mayen,organic_search,false
CUST003384,Louis,Leroux,ines83@example.net,M,1973-11-04,2025-03-21,FR,France,Western Europe,Sainte Augustinboeuf,direct,true
CUST003385,Harry,Köster,kadewera@example.net,Undisclosed,1958-08-02,2025-05-28,DE,Germany,Western Europe,Jüterbog,organic_search,true
CUST003386,Ranieri,Conti,nattapiersanti@example.com,F,1982-10-19,2023-03-31,IT,Italy,Southern Europe,Frassinetto,paid_search,true
CUST003387,Claire,Sölzer,ottokarhenck@example.org,M,1986-01-20,2023-10-21,DE,Germany,Western Europe,Günzburg,direct,true
CUST003388,Neil,Jones,charlottematthews@example.org,Undisclosed,1998-07-17,2025-07-31,GB,United Kingdom,Western Europe,Goodwinton,paid_search,true
CUST003389,Margaretha,Heuser,stiffelmax@example.net,Undisclosed,1974-08-17,2024-01-18,DE,Germany,Western Europe,Pößneck,email,true
CUST003390,Aiden,Karels,ameis@example.org,M,1999-05-10,2023-09-30,NL,Netherlands,Western Europe,Vlieland,direct,false
CUST003391,Christiane,Faivre,lucas27@example.org,Undisclosed,1971-10-31,2024-06-11,FR,France,Western Europe,Allain-sur-Mer,organic_search,false
CUST003392,Jolanda,Binaghi,luciano15@example.net,M,1956-11-19,2024-08-08,IT,Italy,Southern Europe,Torre Pedrera,social_media,true
CUST003393,Leonardo,Regge,tatianatrapani@example.com,Undisclosed,1952-12-05,2025-11-18,IT,Italy,Southern Europe,Pulfero,direct,false
CUST003394,Aimé,Regnier,devauxchantal@example.org,M,2008-01-09,2024-12-13,FR,France,Western Europe,Georges-sur-Marchand,social_media,false
CUST003395,Angelina,Depero,saracinomarina@example.org,F,1978-08-09,2025-03-26,IT,Italy,Southern Europe,Rizzolaga,direct,false
CUST003396,Erik,Näslund,vjohansson@example.org,F,1965-08-02,2023-11-02,SE,Sweden,Nordic,Sundsvall,email,false
CUST003397,Anna,Porta,jimenaterron@example.net,F,1959-03-09,2023-01-25,ES,Spain,Southern Europe,Vizcaya,paid_search,false
CUST003398,Esteban,Beltran,aguirrevenceslas@example.org,M,1948-12-14,2025-05-16,ES,Spain,Southern Europe,Teruel,paid_search,false
CUST003399,Nadja,Holsten,,F,1955-04-07,2025-04-11,DE,Germany,Western Europe,Hamburg,social_media,true
CUST003400,Katy,Jones,wendy30@example.com,F,2001-08-06,2023-05-26,GB,United Kingdom,Western Europe,Robinsonville,paid_search,true
CUST003401,Cora,Schüler,rdussen-van@example.net,M,1977-12-27,2025-05-16,DE,Germany,Western Europe,Klötze,referral,false
CUST003402,Käthi,Kuhl,inge96@example.com,M,1973-01-30,2023-05-07,DE,Germany,Western Europe,Ludwigsburg,paid_search,false
CUST003403,Maria,Ek,arne96@example.net,Undisclosed,1998-09-10,2024-09-21,SE,Sweden,Nordic,Göteborg,social_media,false
CUST003404,Henri,Renard,bonneaumichele@example.com,Undisclosed,2001-10-06,2024-03-13,FR,France,Western Europe,Dos Santos,email,true
CUST003405,Fem,Marceron,mwright@example.com,Undisclosed,1992-12-12,2024-10-15,NL,Netherlands,Western Europe,Haarlo,direct,false
CUST003406,Carlos,Jordán,pilarborja@example.net,Undisclosed,1962-04-12,2025-06-09,ES,Spain,Southern Europe,Lleida,paid_search,false
CUST003407,Ale,Hervia,paredesjimena@example.com,F,1974-05-10,2024-11-07,ES,Spain,Southern Europe,Valladolid,social_media,false
CUST003408,Emil,Sundberg,hanssonlaila@example.net,M,1968-01-21,2024-06-24,SE,Sweden,Nordic,Ängelholm,organic_search,false
CUST003409,Ines,Flantz,beyerchristian@example.com,F,1974-03-14,2025-08-17,DE,Germany,Western Europe,Aurich,direct,false
CUST003410,Bruni,Rudolph,eimerrolf-dieter@example.com,M,1994-07-12,2025-08-28,DE,Germany,Western Europe,Strausberg,organic_search,true
CUST003411,Cécile,Berthelot,camille75@example.net,M,2008-03-09,2024-01-16,FR,France,Western Europe,Vasseur,paid_search,true
CUST003412,Harro,Klemt,kilian88@example.net,M,1979-03-01,2023-10-22,DE,Germany,Western Europe,Saulgau,direct,true
CUST003413,Ron,Mude,ekkeharthoelzenbecher@example.net,M,1984-06-24,2024-03-06,DE,Germany,Western Europe,Greifswald,paid_search,true
CUST003414,Antoinette,Couturier,tberger@example.net,M,1972-01-16,2024-10-21,FR,France,Western Europe,Potier,email,false
CUST003415,Sarita,Galiano,octaviacosta@example.org,F,1951-12-02,2024-01-18,ES,Spain,Southern Europe,Tarragona,direct,true
CUST003416,Jacob,Marsh,sylviamiles@example.com,Undisclosed,1955-05-07,2024-04-03,GB,United Kingdom,Western Europe,Lisaside,paid_search,true
CUST003417,Xavier,Aubry,,Undisclosed,2004-02-03,2024-01-09,FR,France,Western Europe,Brun-sur-Fouquet,organic_search,false
CUST003418,Berat,Boudewijns,shorrocks@example.org,Undisclosed,1992-08-01,2024-01-22,NL,Netherlands,Western Europe,Ens,paid_search,true
CUST003419,Benno,Christoph,ritterremo@example.net,Undisclosed,1966-05-20,2024-08-31,DE,Germany,Western Europe,Apolda,referral,true
CUST003420,Kreszenz,Kambs,diedrich90@example.net,F,1964-09-21,2025-09-16,DE,Germany,Western Europe,Dinkelsbühl,social_media,false
CUST003421,Hermenegildo,Barberá,zcarbo@example.net,M,2005-07-04,2023-09-17,ES,Spain,Southern Europe,Ciudad,referral,true
CUST003422,Marc,Barker,emily36@example.net,F,1951-10-08,2024-02-18,GB,United Kingdom,Western Europe,North Ianshire,email,false
CUST003423,Dionisia,Guitart,zorrillaotilia@example.net,M,1950-03-04,2024-05-18,ES,Spain,Southern Europe,Melilla,direct,true
CUST003424,Monja,Reichmann,vogtadalbert@example.com,F,1948-09-25,2023-09-20,DE,Germany,Western Europe,Passau,organic_search,false
CUST003425,Nico,Escolano,nicolopez@example.org,M,1988-03-19,2025-11-02,ES,Spain,Southern Europe,Salamanca,social_media,false
CUST003426,Gerald,Parkinson,adambennett@example.net,F,1974-01-26,2023-02-27,GB,United Kingdom,Western Europe,Nicholsonchester,organic_search,true
CUST003427,Sally,Pearson,pthompson@example.org,M,1951-04-15,2025-02-14,GB,United Kingdom,Western Europe,East Frances,referral,false
CUST003428,Leon,Porter,wreynolds@example.net,F,2006-07-12,2023-10-05,GB,United Kingdom,Western Europe,Claretown,direct,false
CUST003429,Angelino,Oller,viviana31@example.org,F,1992-01-07,2023-04-20,ES,Spain,Southern Europe,Soria,email,false
CUST003430,Jean,Murray,johntaylor@example.com,M,1986-10-30,2025-01-21,GB,United Kingdom,Western Europe,Hurstport,referral,true
CUST003431,Mohammad,Davidson,neilbevan@example.org,F,1974-05-31,2025-05-30,GB,United Kingdom,Western Europe,South Jane,email,true
CUST003432,Rune,Mårtensson,elsie16@example.com,M,1952-05-16,2025-11-07,SE,Sweden,Nordic,Skellefteå,social_media,false
CUST003433,Candela,Gascón,qcasares@example.net,M,1973-07-11,2023-05-26,ES,Spain,Southern Europe,Las Palmas,direct,true
CUST003434,Isaac,Jacques,andre16@example.net,Undisclosed,2008-08-01,2023-08-02,FR,France,Western Europe,Giraud-les-Bains,referral,false
CUST003435,Tim,van den Berg,teunvan-dongen@example.com,F,2002-03-21,2024-07-22,NL,Netherlands,Western Europe,Vledder,direct,false
CUST003436,Léon,Pons,colasmartine@example.net,M,1989-06-24,2023-03-12,FR,France,Western Europe,Clémentnec,organic_search,false
CUST003437,Dorothee,Stey,gunther28@example.net,M,2006-05-20,2024-03-01,DE,Germany,Western Europe,Monschau,paid_search,true
CUST003438,Anna,Wilkinson,kimberley93@example.com,M,1954-11-28,2024-03-31,GB,United Kingdom,Western Europe,Mauricefort,organic_search,true
CUST003439,Luigi,Tamborini,jscarpetta@example.com,F,1971-07-22,2025-12-28,IT,Italy,Southern Europe,Siliqua,social_media,false
CUST003440,Anita,Pacomio,vezzalirosa@example.org,F,1996-03-06,2024-04-11,IT,Italy,Southern Europe,Cembra,email,false
CUST003441,Pénélope,Besnard,antoine14@example.org,Undisclosed,1953-02-15,2023-12-01,FR,France,Western Europe,Boulangerdan,direct,false
CUST003442,Marie,Andrews,alexandrarees@example.org,Undisclosed,2004-05-29,2025-10-16,GB,United Kingdom,Western Europe,Hannahstad,email,false
CUST003443,Daniele,Seifert,reinhardtanny@example.com,Undisclosed,1953-06-14,2025-10-29,DE,Germany,Western Europe,Passau,referral,true
CUST003444,Kerstin,Adolfsson,pandersson@example.com,Undisclosed,1986-10-01,2023-09-21,SE,Sweden,Nordic,Eskilstuna,organic_search,false
CUST003445,Beata,Skoglund,charlotta28@example.com,M,1969-06-21,2024-08-17,SE,Sweden,Nordic,Uppsala,direct,true
CUST003446,Joan,Chapman,jemmabrown@example.org,M,1954-02-01,2024-06-07,GB,United Kingdom,Western Europe,Lake Kieranmouth,referral,false
CUST003447,Evita,Alcalde,,Undisclosed,1950-01-09,2025-03-12,ES,Spain,Southern Europe,Santa Cruz de Tenerife,email,false
CUST003448,Elena,Blees,van-venrooymart@example.org,F,1973-01-02,2025-03-03,NL,Netherlands,Western Europe,Nieuwlande,referral,false
CUST003449,Jane,Butler,jeremymarsden@example.org,F,2001-07-17,2023-11-12,GB,United Kingdom,Western Europe,Lake Chelseatown,organic_search,true
CUST003450,Lieschen,Ortmann,cgeisler@example.org,F,1989-02-28,2025-05-04,DE,Germany,Western Europe,Artern,social_media,false
CUST003451,Naomi,Ellis,elliotthornton@example.com,M,1955-02-19,2024-10-14,GB,United Kingdom,Western Europe,Ritashire,social_media,false
CUST003452,Sylvie,Sire,pwouters-van-eijndhoven@example.com,M,1947-05-18,2025-12-06,NL,Netherlands,Western Europe,Moorveld,social_media,true
CUST003453,Linn,Scherms,zgeerts@example.net,F,1966-06-11,2023-12-19,NL,Netherlands,Western Europe,Oudeschild,email,false
CUST003454,Michelle,Gillet,anouk74@example.org,Undisclosed,1982-08-14,2024-11-22,FR,France,Western Europe,Guillaumeboeuf,social_media,true
CUST003455,Marco,Bodoni,giosue53@example.com,M,1964-10-13,2025-01-01,IT,Italy,Southern Europe,Castello D'Argile,paid_search,true
CUST003456,Gitta,Weinhold,gklapp@example.org,Undisclosed,2005-01-23,2024-06-09,DE,Germany,Western Europe,Ochsenfurt,email,false
CUST003457,Irene,Singh,bryanmoore@example.org,F,1969-09-19,2023-01-11,GB,United Kingdom,Western Europe,Yateschester,email,false
CUST003458,Melissa,Stange,bmoet@example.com,M,1980-11-26,2023-02-04,NL,Netherlands,Western Europe,Meijel,organic_search,true
CUST003459,Levi,Keltenie,,F,1947-09-05,2025-07-15,NL,Netherlands,Western Europe,Spanbroek,referral,false
CUST003460,Natasha,Hutchinson,ehargreaves@example.org,Undisclosed,1965-06-20,2024-07-02,GB,United Kingdom,Western Europe,East Naomi,paid_search,true
CUST003461,Gabrielle,Carpentier,zpires@example.net,Undisclosed,1990-05-21,2024-11-12,FR,France,Western Europe,Ribeiro,organic_search,false
CUST003462,Dolores,Stumpf,ottilievollbrecht@example.com,F,1968-08-18,2023-05-22,DE,Germany,Western Europe,Jüterbog,email,true
CUST003463,Darren,Evans,millerstewart@example.com,Undisclosed,1994-09-23,2025-09-01,GB,United Kingdom,Western Europe,New Cliveside,paid_search,false
CUST003464,John,Bentley,joanne72@example.net,F,1959-02-04,2024-11-20,GB,United Kingdom,Western Europe,Kyleborough,email,false
CUST003465,Caroline,Bien,,F,1993-02-09,2025-12-14,DE,Germany,Western Europe,Mellrichstadt,social_media,false
CUST003466,Mirte,Tins,saravan-suinvorde@example.org,F,1964-01-12,2025-10-04,NL,Netherlands,Western Europe,Nieuwolda,email,true
CUST003467,Emily,Khan,smithmatthew@example.org,Undisclosed,1983-09-24,2024-05-29,GB,United Kingdom,Western Europe,Jamiestad,referral,true
CUST003468,Fleur,Aeije,huismanjayda@example.net,F,1966-02-02,2023-10-15,NL,Netherlands,Western Europe,Nieuwersluis,social_media,false
CUST003469,Mateo,Gallego,estebanchita@example.org,F,1969-01-19,2023-10-29,ES,Spain,Southern Europe,Asturias,organic_search,false
CUST003470,Joseph,Wirth,sibillamitschke@example.net,M,1992-03-19,2025-12-22,DE,Germany,Western Europe,Gardelegen,referral,true
CUST003471,Hans-Heinrich,Budig,wscholl@example.com,F,1999-12-14,2025-08-17,DE,Germany,Western Europe,Calw,referral,false
CUST003472,Ambrosio,Llobet,jorgeosorio@example.net,M,2004-10-24,2025-07-30,ES,Spain,Southern Europe,La Coruña,social_media,true
CUST003473,Lynn,Williams,jeffrey74@example.org,Undisclosed,1991-08-30,2024-09-24,GB,United Kingdom,Western Europe,Walkerstad,direct,true
CUST003474,Felix,Cant,,Undisclosed,1981-04-24,2024-02-17,NL,Netherlands,Western Europe,Ohé en Laak,referral,false
CUST003475,Casandra,Olmo,hgodoy@example.org,M,1969-05-27,2025-11-30,ES,Spain,Southern Europe,Guipúzcoa,email,true
CUST003476,Apolinar,Berrocal,joverevelia@example.com,M,1985-06-19,2024-05-16,ES,Spain,Southern Europe,Guadalajara,direct,false
CUST003477,Mio,Hermansson,andreneva@example.com,F,1997-02-11,2025-02-10,SE,Sweden,Nordic,Ängelholm,email,false
CUST003478,Barry,Jones,wharrison@example.com,M,1982-09-09,2025-11-23,GB,United Kingdom,Western Europe,South Carolineborough,organic_search,false
CUST003479,Bradley,Baker,angelasmith@example.org,Undisclosed,1991-02-16,2025-04-05,GB,United Kingdom,Western Europe,Alicestad,direct,true
CUST003480,Jacques,Samson,ufouquet@example.net,F,1974-08-19,2025-01-30,FR,France,Western Europe,Roussel,referral,true
CUST003481,Anita,Hertrampf,katarzynaloeffler@example.org,M,1981-06-16,2024-08-26,DE,Germany,Western Europe,Oranienburg,referral,false
CUST003482,Brenda,Begum,agilbert@example.net,F,1974-07-13,2025-04-28,GB,United Kingdom,Western Europe,North Mandy,paid_search,true
CUST003483,Laure,Joseph,bguillot@example.org,Undisclosed,1968-07-19,2023-10-01,FR,France,Western Europe,Sainte Noémidan,email,true
CUST003484,Lara,Monicelli,mattarellamario@example.org,Undisclosed,1994-10-03,2023-11-07,IT,Italy,Southern Europe,Vidalengo,organic_search,true
CUST003485,Chloe,Wilson,siancampbell@example.com,Undisclosed,2000-05-20,2025-05-27,GB,United Kingdom,Western Europe,East Robinview,direct,false
CUST003486,Ian,Herbert,melaniebell@example.net,M,1969-02-07,2023-04-24,GB,United Kingdom,Western Europe,Lake Iainberg,referral,false
CUST003487,Sylvie,Berger,rodriguesalexandrie@example.net,M,1972-12-14,2024-06-15,FR,France,Western Europe,Poulain,social_media,true
CUST003488,Hanno,Zimmer,stiebitzfriedrich-wilhelm@example.net,Undisclosed,1994-11-03,2025-12-10,DE,Germany,Western Europe,Büsingen am Hochrhein,direct,true
CUST003489,Otfried,Wilms,jenseigenwillig@example.com,F,1970-12-08,2025-07-15,DE,Germany,Western Europe,Koblenz,organic_search,false
CUST003490,Christophe,Masson,mgonzalez@example.net,M,1994-07-26,2025-10-08,FR,France,Western Europe,Klein,referral,false
CUST003491,Jochem,Gude,weisskaspar@example.net,Undisclosed,2006-08-10,2023-12-10,DE,Germany,Western Europe,Parchim,referral,false
CUST003492,Jayne,Patel,eileenburns@example.com,F,2007-12-22,2025-04-21,GB,United Kingdom,Western Europe,North Joyceburgh,direct,false
CUST003493,Eva,Canevascini,hsordi@example.net,M,1967-07-04,2025-03-27,IT,Italy,Southern Europe,Bargagli,paid_search,true
CUST003494,Damiano,Schicchi,rcomeriato@example.net,F,1986-11-07,2023-02-27,IT,Italy,Southern Europe,Gabbioneta Binanuova,referral,true
CUST003495,Saar,van Hemert,zvolcke@example.org,Undisclosed,1960-03-21,2023-11-13,NL,Netherlands,Western Europe,Geeuwenbrug,email,true
CUST003496,Elisa,Carsten,loosfriedemann@example.net,F,1996-04-15,2025-11-12,DE,Germany,Western Europe,Wiedenbrück,email,true
CUST003497,Faustino,Cabañas,ngranados@example.org,Undisclosed,1986-01-31,2025-04-02,ES,Spain,Southern Europe,La Coruña,organic_search,true
CUST003498,Giovanna,Scaduto,milanesirembrandt@example.org,F,1975-04-18,2025-07-20,IT,Italy,Southern Europe,Sant'Apollinare Chietino,paid_search,false
CUST003499,Fred,Rosemann,wirthandrey@example.com,Undisclosed,1980-08-25,2024-04-18,DE,Germany,Western Europe,Neustadt am Rübenberge,email,false
CUST003500,Pepijn,Everde,van-geestfeline@example.com,M,1971-01-28,2025-07-19,NL,Netherlands,Western Europe,Heemstede,email,false
CUST003501,Bernard,Dubois,adamrobert@example.com,Undisclosed,2000-09-22,2025-07-31,FR,France,Western Europe,Robert,paid_search,true
CUST003502,Noemí,Viñas,maurapi@example.net,M,1962-04-16,2024-11-23,ES,Spain,Southern Europe,Navarra,direct,true
CUST003503,Elisabeth,Sjögren,skogjessica@example.com,F,1957-04-04,2023-12-16,SE,Sweden,Nordic,Lidingö,social_media,false
CUST003504,Bekir,Hellwig,wmentzel@example.com,M,1989-10-26,2023-03-29,DE,Germany,Western Europe,Guben,organic_search,false
CUST003505,Giulietta,Sauro,foguarino@example.com,Undisclosed,1991-12-02,2023-09-18,IT,Italy,Southern Europe,Quadri,direct,true
CUST003506,Jacob,Smith,kayleigh18@example.net,M,1974-07-14,2025-11-23,GB,United Kingdom,Western Europe,North Keithbury,social_media,true
CUST003507,David,Eriksson,stureandersson@example.com,M,1971-03-23,2023-08-03,SE,Sweden,Nordic,Linköping,organic_search,true
CUST003508,Damian,Wilkinson,sam20@example.org,M,1982-11-25,2023-11-09,GB,United Kingdom,Western Europe,West Damian,paid_search,false
CUST003509,Lupe,Benítez,amilcarfigueras@example.net,M,2005-09-01,2025-06-28,ES,Spain,Southern Europe,Melilla,referral,true
CUST003510,Salvatore,Hartung,ullrichliane@example.net,M,1973-12-12,2023-03-18,DE,Germany,Western Europe,Germersheim,referral,true
CUST003511,Patrick,Gallet,delahayemartine@example.com,Undisclosed,1971-07-27,2023-10-19,FR,France,Western Europe,Richard-sur-Turpin,email,false
CUST003512,Hans-Erich,Bien,friederike76@example.com,M,1948-08-04,2024-06-23,DE,Germany,Western Europe,Jülich,paid_search,false
CUST003513,Kristina,Wallén,charlienilsson@example.org,F,2007-11-01,2025-05-25,SE,Sweden,Nordic,Karlskrona,paid_search,false
CUST003514,Chelo,Patiño,rourajose-antonio@example.com,Undisclosed,2004-12-23,2025-09-09,ES,Spain,Southern Europe,Zamora,organic_search,false
CUST003515,Adolfo,Ángel,cristobal23@example.com,F,1970-12-14,2025-10-17,ES,Spain,Southern Europe,Valladolid,direct,true
CUST003516,Nedda,Marenzio,botticellidonna@example.com,Undisclosed,1970-04-21,2025-06-18,IT,Italy,Southern Europe,Pezzolo Valle Uzzone,paid_search,true
CUST003517,Elke,Kroker,sieghard97@example.org,Undisclosed,1969-02-06,2023-10-07,DE,Germany,Western Europe,Königs Wusterhausen,direct,false
CUST003518,Aurélie,Didier,bruneljulien@example.com,F,1951-01-03,2023-12-02,FR,France,Western Europe,Navarro,email,false
CUST003519,Heidi,Wende,rwagner@example.org,M,1991-09-01,2023-05-22,DE,Germany,Western Europe,Wolmirstedt,referral,false
CUST003520,Friedemann,Löffler,,F,1962-01-19,2025-03-07,DE,Germany,Western Europe,Lobenstein,email,false
CUST003521,Kornelia,Kranz,eimerjolanthe@example.com,M,2008-07-15,2024-06-05,DE,Germany,Western Europe,Prenzlau,referral,false
CUST003522,Gavin,Hale,peterpatel@example.com,M,1958-12-29,2024-08-03,GB,United Kingdom,Western Europe,Morriston,referral,true
CUST003523,Marianne,Bègue,nathaliejoly@example.org,F,1994-07-02,2025-05-19,FR,France,Western Europe,Martineau,paid_search,true
CUST003524,Lilo,Krein,tbohnbach@example.com,Undisclosed,2005-12-16,2025-11-17,DE,Germany,Western Europe,Eisenberg,social_media,true
CUST003525,Heinz-Jürgen,Ackermann,nloeffler@example.net,M,1965-11-19,2024-04-11,DE,Germany,Western Europe,Bernburg,email,true
CUST003526,Hedwig,Huhn,xlindau@example.org,M,1957-07-13,2024-06-06,DE,Germany,Western Europe,Kleve,social_media,true
CUST003527,Peter,Karlsson,lennarteriksson@example.net,F,1974-05-14,2023-09-21,SE,Sweden,Nordic,Kalmar,social_media,true
CUST003528,Matías,Pi,alejandra04@example.com,F,1982-05-04,2024-02-17,ES,Spain,Southern Europe,Palencia,direct,false
CUST003529,Annette,Olsson,nsvensson@example.com,M,1961-06-04,2023-03-02,SE,Sweden,Nordic,Göteborg,paid_search,true
CUST003530,Josette,Clerc,elodie37@example.net,F,1961-03-09,2024-01-22,FR,France,Western Europe,Chauveau-sur-Mer,email,false
CUST003531,Jules,Letellier,salmonadelaide@example.net,F,1955-07-20,2025-04-27,FR,France,Western Europe,Noël-sur-Peltier,direct,false
CUST003532,Narciso,Gisbert,almudenabarco@example.com,F,1964-09-30,2024-05-07,ES,Spain,Southern Europe,Alicante,paid_search,true
CUST003533,Étienne,Faure,benoit62@example.net,F,1982-08-25,2024-03-26,FR,France,Western Europe,Picard-les-Bains,paid_search,false
CUST003534,Diane,Olivier,rogervoisin@example.org,M,1947-01-27,2025-05-17,FR,France,Western Europe,Saint Carolinenec,direct,true
CUST003535,Tino,Putz,nasermesut@example.net,F,1987-05-21,2023-07-12,DE,Germany,Western Europe,Roding,direct,false
CUST003536,Tom,Scholz,lhoelzenbecher@example.net,M,1986-07-13,2024-07-19,DE,Germany,Western Europe,Herford,paid_search,true
CUST003537,Gérard,Masson,gregoiregautier@example.com,M,1964-09-05,2024-05-17,FR,France,Western Europe,Lejeuneboeuf,email,false
CUST003538,Margaud,Henry,lenoirlaure@example.net,M,2006-05-05,2025-06-08,FR,France,Western Europe,Sainte Denis,organic_search,false
CUST003539,Naomi,Timmerman,omeyer@example.net,F,1973-05-03,2024-05-19,NL,Netherlands,Western Europe,Jubbega,referral,false
CUST003540,Gunnar,Schenk,ladeckhans-werner@example.org,M,1977-01-20,2025-02-20,DE,Germany,Western Europe,Jessen,paid_search,true
CUST003541,Edward,Lindner,vgiess@example.com,M,1986-04-15,2025-09-22,DE,Germany,Western Europe,Schmölln,social_media,true
CUST003542,Anunciación,Belda,fgibert@example.net,Undisclosed,1951-09-20,2023-02-23,ES,Spain,Southern Europe,Melilla,paid_search,false
CUST003543,Hertha,Biggen,kreinannette@example.org,F,1953-06-06,2024-12-04,DE,Germany,Western Europe,Sonneberg,social_media,false
CUST003544,Clémence,Lévêque,didierdenis@example.com,F,1958-07-06,2024-06-07,FR,France,Western Europe,Noël,referral,true
CUST003545,Guiomar,Robles,zgirona@example.net,F,2008-05-08,2023-01-02,ES,Spain,Southern Europe,Zaragoza,social_media,false
CUST003546,Natascha,Putz,cosimomoechlichen@example.net,M,1968-02-06,2025-02-13,DE,Germany,Western Europe,Rosenheim,social_media,true
CUST003547,Lothar,Stroh,wendeminna@example.org,Undisclosed,1986-08-27,2023-11-01,DE,Germany,Western Europe,Gifhorn,email,false
CUST003548,Bryan,Hyde,mdavies@example.com,Undisclosed,1998-07-11,2024-10-10,GB,United Kingdom,Western Europe,Stephaniebury,organic_search,false
CUST003549,Joséphine,Coste,marine63@example.net,M,1982-12-26,2024-08-07,FR,France,Western Europe,Saint Christine-la-Forêt,referral,true
CUST003550,Danny,O'Donnell,rachaeldonnelly@example.org,Undisclosed,2006-05-20,2023-04-17,GB,United Kingdom,Western Europe,Kennethmouth,organic_search,false
CUST003551,Celestina,Batlle,buenaventura92@example.com,F,1988-07-05,2024-05-13,ES,Spain,Southern Europe,Madrid,organic_search,false
CUST003552,Hans-Detlef,Trapp,ggiess@example.net,F,1958-06-20,2024-04-13,DE,Germany,Western Europe,Bad Kissingen,organic_search,false
CUST003553,Alexandra,Anderson,boothhannah@example.org,Undisclosed,1970-01-17,2023-06-08,GB,United Kingdom,Western Europe,Nigelborough,direct,false
CUST003554,Janet,Lloyd,elliott31@example.com,M,1949-04-09,2025-05-16,GB,United Kingdom,Western Europe,North Pauline,email,true
CUST003555,Miguel,Wohlgemut,qpoelitz@example.net,Undisclosed,1987-12-29,2023-10-20,DE,Germany,Western Europe,Stadtsteinach,direct,true
CUST003556,Rosemary,Powell,tbooth@example.com,Undisclosed,1954-11-29,2025-02-01,GB,United Kingdom,Western Europe,Ryanside,email,true
CUST003557,Christine,Bousquet,martinenicolas@example.com,Undisclosed,1998-07-08,2023-04-19,FR,France,Western Europe,Boulanger,social_media,false
CUST003558,Joseph,Shaw,fletchernatasha@example.org,F,1960-05-14,2023-02-08,GB,United Kingdom,Western Europe,Lucaschester,direct,true
CUST003559,Franz-Peter,Dussen van,ebaum@example.net,M,1978-04-08,2023-07-16,DE,Germany,Western Europe,Vohenstrauß,organic_search,true
CUST003560,Naomi,Thompson,mark24@example.org,Undisclosed,1957-04-20,2024-10-07,GB,United Kingdom,Western Europe,Neilhaven,organic_search,true
CUST003561,Margot,Moulin,suzannebonnet@example.com,Undisclosed,1958-04-05,2025-04-02,FR,France,Western Europe,Gay,paid_search,true
CUST003562,Cornelio,Menendez,mario01@example.net,M,1965-06-06,2023-10-07,ES,Spain,Southern Europe,Cáceres,referral,true
CUST003563,Greta,Staude,kirstin84@example.org,M,1947-10-12,2024-01-13,DE,Germany,Western Europe,Ueckermünde,organic_search,true
CUST003564,Joséphine,Le Gall,patrick50@example.net,F,1975-07-28,2023-04-05,FR,France,Western Europe,MartyBourg,social_media,true
CUST003565,Sylvia,Collins,kingkatherine@example.com,Undisclosed,1968-07-28,2024-04-02,GB,United Kingdom,Western Europe,Scotttown,paid_search,false
CUST003566,Joost,van der Meer,emir47@example.com,Undisclosed,1987-11-17,2023-08-28,NL,Netherlands,Western Europe,Borne,social_media,false
CUST003567,Heather,Macdonald,jadethomas@example.com,F,2002-10-05,2024-08-03,GB,United Kingdom,Western Europe,Colinton,social_media,false
CUST003568,Romy,Draaisma,samielberts@example.net,M,1947-07-14,2025-06-25,NL,Netherlands,Western Europe,Heeten,email,false
CUST003569,Gerardo,Echevarría,rodolfo59@example.com,Undisclosed,1948-01-30,2024-01-31,ES,Spain,Southern Europe,Ciudad,social_media,true
CUST003570,Toribio,Roda,tpina@example.com,M,1986-07-05,2025-06-14,ES,Spain,Southern Europe,Vizcaya,paid_search,false
CUST003571,Nicolas,Tanguy,heleneperrot@example.org,F,1971-10-18,2025-01-08,FR,France,Western Europe,Sainte ÉricBourg,organic_search,false
CUST003572,Dale,Gill,tinadavies@example.net,M,1966-06-23,2023-12-30,GB,United Kingdom,Western Europe,West Hilary,social_media,true
CUST003573,Teobaldo,Elías,macarioabril@example.com,F,1980-07-20,2024-07-01,ES,Spain,Southern Europe,Cuenca,paid_search,true
CUST003574,Evelina,Krantz,zedlund@example.com,M,1961-05-04,2025-05-03,SE,Sweden,Nordic,Eskilstuna,social_media,true
CUST003575,Loredana,Troisi,sabatinopagliaro@example.org,M,1971-08-17,2024-05-25,IT,Italy,Southern Europe,Modica Alta,email,false
CUST003576,Philippine,Étienne,nath08@example.com,F,2000-12-07,2025-03-17,FR,France,Western Europe,Roger,referral,false
CUST003577,Theresia,Scholl,jacob82@example.com,Undisclosed,1954-10-09,2023-09-18,DE,Germany,Western Europe,Illertissen,social_media,true
CUST003578,Daniel,Whitehead,powerdennis@example.com,Undisclosed,1969-04-28,2023-11-12,GB,United Kingdom,Western Europe,Port Yvonne,email,false
CUST003579,Noa,Arens,evi47@example.net,F,1962-08-11,2023-11-05,NL,Netherlands,Western Europe,Wânswert,email,false
CUST003580,Glen,Mills,mgough@example.com,F,1967-08-24,2024-02-07,GB,United Kingdom,Western Europe,Port Paulinefurt,paid_search,false
CUST003581,Georgina,Norris,samuel47@example.org,M,1945-12-28,2025-04-21,GB,United Kingdom,Western Europe,Port Jennashire,referral,true
CUST003582,Xavier,Garay,leocadio28@example.net,Undisclosed,1964-05-19,2025-04-25,ES,Spain,Southern Europe,Valencia,referral,false
CUST003583,Bernadette,Perret,ymartineau@example.net,Undisclosed,1976-04-21,2024-04-29,FR,France,Western Europe,Tanguy-sur-Bourdon,organic_search,false
CUST003584,Custodio,Seco,yago06@example.net,Undisclosed,1993-05-03,2023-07-16,ES,Spain,Southern Europe,Las Palmas,email,true
CUST003585,Laurence,Besnard,clementcamille@example.com,M,2007-06-27,2025-08-03,FR,France,Western Europe,Saint André-sur-Mer,email,true
CUST003586,Anaïs,Voisin,stephanie71@example.com,F,2002-02-11,2025-02-16,FR,France,Western Europe,Humbert,social_media,false
CUST003587,Declan,Hamilton,awood@example.net,F,1995-03-22,2025-09-14,GB,United Kingdom,Western Europe,Curtisville,paid_search,false
CUST003588,Juan Carlos,Escrivá,qtur@example.com,F,1959-08-05,2024-07-17,ES,Spain,Southern Europe,Tarragona,email,true
CUST003589,Reni,Schwital,werakoch@example.net,F,1975-04-13,2024-09-01,DE,Germany,Western Europe,Arnstadt,social_media,true
CUST003590,Rüdiger,Trommler,markus05@example.com,M,1984-12-02,2023-12-03,DE,Germany,Western Europe,Neuss,paid_search,true
CUST003591,Lena,Johansson,magnus24@example.org,Undisclosed,1977-10-11,2023-08-11,SE,Sweden,Nordic,Luleå,referral,false
CUST003592,Michaela,Ehlert,tebert@example.org,M,1968-03-03,2023-01-24,DE,Germany,Western Europe,Teterow,direct,true
CUST003593,Abigail,Rowe,shannonturnbull@example.net,M,1957-06-01,2023-08-13,GB,United Kingdom,Western Europe,Gardinerport,referral,false
CUST003594,Eileen,Hussain,johnsonfrederick@example.net,Undisclosed,1962-04-27,2023-07-01,GB,United Kingdom,Western Europe,Taylorton,direct,true
CUST003595,Ross,Brown,gchapman@example.com,F,2002-11-02,2024-03-23,GB,United Kingdom,Western Europe,North Jasonberg,email,true
CUST003596,Brett,Short,yparry@example.net,F,2000-07-25,2023-12-14,GB,United Kingdom,Western Europe,North Billy,direct,true
CUST003597,Annekatrin,Kohl,gaetano77@example.com,F,1997-05-01,2024-07-11,DE,Germany,Western Europe,Badalzungen,paid_search,false
CUST003598,Lee,Harding,charlottemills@example.org,M,1996-07-16,2024-07-10,GB,United Kingdom,Western Europe,Stevensport,direct,true
CUST003599,Danielle,Valette,marcel94@example.com,F,1986-05-12,2024-07-14,FR,France,Western Europe,Letellier-sur-Mer,referral,false
CUST003600,Isis,Kamp,faasvan-der-loo@example.org,M,1959-01-12,2023-07-01,NL,Netherlands,Western Europe,Hommerts,paid_search,true
CUST003601,Inken,Weimer,theodor61@example.com,F,2007-01-28,2023-06-01,DE,Germany,Western Europe,Melsungen,organic_search,false
CUST003602,Leonard,Taylor,harryyoung@example.com,M,1977-01-19,2023-06-20,GB,United Kingdom,Western Europe,Shahburgh,paid_search,true
CUST003603,Therese,Krein,yernst@example.org,M,1975-12-07,2023-11-05,DE,Germany,Western Europe,Uffenheim,organic_search,false
CUST003604,Josette,Camus,gregoirelaetitia@example.net,Undisclosed,2001-01-21,2023-03-09,FR,France,Western Europe,Aubrydan,paid_search,false
CUST003605,Igor,Hörle,elfie44@example.net,F,2002-10-19,2023-10-23,DE,Germany,Western Europe,Dessau,direct,false
CUST003606,Vassilios,Zirme,mira37@example.net,F,1962-12-13,2024-09-11,DE,Germany,Western Europe,Worbis,paid_search,true
CUST003607,Simón,Talavera,albaporras@example.com,Undisclosed,1964-10-31,2025-05-21,ES,Spain,Southern Europe,Córdoba,referral,true
CUST003608,Chantal,Monnier,alphonsevoisin@example.com,F,1951-03-01,2024-02-25,FR,France,Western Europe,Godard,email,true
CUST003609,Camillo,Borroni,mnicolini@example.com,F,1967-04-06,2023-06-26,IT,Italy,Southern Europe,Carezzano,organic_search,false
CUST003610,Catarina,Olsson,emiliaekstrom@example.net,M,1989-06-18,2023-02-03,SE,Sweden,Nordic,Nyköping,organic_search,true
CUST003611,Susan,Wood,joshua65@example.com,M,1955-11-22,2025-12-02,GB,United Kingdom,Western Europe,Lake Gregory,paid_search,false
CUST003612,Geraldine,Sontag,mohammad38@example.com,Undisclosed,1974-06-12,2024-09-04,DE,Germany,Western Europe,Goslar,referral,true
CUST003613,Aurore,David,jules32@example.com,M,1988-08-22,2025-06-12,FR,France,Western Europe,Saint Raymond,email,true
CUST003614,Cayetano,Becerra,kandres@example.net,F,1949-10-05,2023-05-27,ES,Spain,Southern Europe,Granada,direct,false
CUST003615,Joséphine,Lagarde,valerie61@example.org,M,1997-10-07,2024-09-09,FR,France,Western Europe,Charrier-sur-Duhamel,referral,false
CUST003616,Bernhardine,Dobes,fjohann@example.org,M,1992-02-25,2023-12-13,DE,Germany,Western Europe,Nürtingen,organic_search,true
CUST003617,Joanne,Pickering,lucygreenwood@example.com,M,1966-11-29,2024-05-01,GB,United Kingdom,Western Europe,Paulinemouth,referral,false
CUST003618,María Cristina,Real,gbuendia@example.net,M,1980-06-18,2024-01-15,ES,Spain,Southern Europe,Sevilla,social_media,true
CUST003619,Luz,Reina,lozanolola@example.com,Undisclosed,1972-11-23,2024-10-23,ES,Spain,Southern Europe,Navarra,organic_search,true
CUST003620,Johanne,Köhler,inaschmiedecke@example.org,Undisclosed,1994-02-19,2023-10-12,DE,Germany,Western Europe,Kelheim,direct,false
CUST003621,Roan,Bekbergen,mwalsteijn@example.net,M,1981-07-12,2024-07-19,NL,Netherlands,Western Europe,Bovenkarspel,referral,false
CUST003622,Hilmar,Adler,irmela23@example.net,F,1995-05-12,2025-11-03,DE,Germany,Western Europe,Rockenhausen,organic_search,false
CUST003623,Nadeschda,Bachmann,albertineloechel@example.com,Undisclosed,1967-02-26,2023-08-06,DE,Germany,Western Europe,Neunburg vorm Wald,email,false
CUST003624,Federico,Cremonesi,eleanoraughi@example.com,Undisclosed,1950-04-01,2025-04-03,IT,Italy,Southern Europe,Polverigi,paid_search,true
CUST003625,Pauline,Cichorius,klappcemil@example.org,F,1981-11-18,2025-07-07,DE,Germany,Western Europe,Klötze,paid_search,false
CUST003626,Catherine,Berger,le-gallclaire@example.com,F,1960-03-11,2025-04-09,FR,France,Western Europe,MauryBourg,direct,true
CUST003627,Johannes,Meyer,udo85@example.org,M,1966-01-17,2023-06-19,DE,Germany,Western Europe,Dachau,paid_search,true
CUST003628,Giuseppe,Lombardo,farinamarcantonio@example.net,M,1952-09-12,2025-02-13,IT,Italy,Southern Europe,Carpinelli,social_media,true
CUST003629,Alicia,Gonzalez,yesicagonzalez@example.net,F,2002-09-24,2025-11-14,ES,Spain,Southern Europe,Ávila,direct,false
CUST003630,Josh,Green,fali@example.com,M,1951-10-27,2025-04-17,GB,United Kingdom,Western Europe,West Martin,organic_search,false
CUST003631,Aroa,Pereira,adancid@example.com,M,1958-12-29,2023-10-05,ES,Spain,Southern Europe,La Rioja,referral,true
CUST003632,Ursel,Scholtz,antonia15@example.org,F,1981-07-24,2023-09-07,DE,Germany,Western Europe,Soest,paid_search,true
CUST003633,Mandy,Mills,annetteiqbal@example.net,F,2005-05-08,2024-01-06,GB,United Kingdom,Western Europe,Port Melissahaven,email,false
CUST003634,Alexandria,Rémy,maryse12@example.net,Undisclosed,1970-04-01,2023-11-15,FR,France,Western Europe,Massonnec,social_media,true
CUST003635,Hans Georg,Hande,wkaul@example.net,Undisclosed,1982-04-18,2023-01-03,DE,Germany,Western Europe,Bruchsal,referral,true
CUST003636,George,French,graemekent@example.net,Undisclosed,1994-06-10,2024-04-12,GB,United Kingdom,Western Europe,Lake Williamborough,paid_search,false
CUST003637,Francesco,Guidone,guglielmistefania@example.com,M,1954-05-02,2023-03-02,IT,Italy,Southern Europe,Paruzzaro,email,true
CUST003638,Editha,Koch II,silke21@example.net,F,1984-10-04,2023-12-04,DE,Germany,Western Europe,Wolfenbüttel,organic_search,false
CUST003639,Nathalie,Henry,pauletteroux@example.net,Undisclosed,1957-06-25,2024-08-15,FR,France,Western Europe,Sainte Honorédan,email,true
CUST003640,Knud,Ullrich,klemensconradi@example.org,Undisclosed,1973-01-04,2025-08-09,DE,Germany,Western Europe,Fallingbostel,organic_search,true
CUST003641,Nuri,Klotz,deniskade@example.net,Undisclosed,1959-01-03,2024-09-06,DE,Germany,Western Europe,Belzig,paid_search,false
CUST003642,Ornella,Martucci,gianfranco03@example.org,F,1965-11-18,2023-06-08,IT,Italy,Southern Europe,Torsa,referral,true
CUST003643,Oliver,Lawrence,fwilliams@example.net,M,1987-08-24,2024-06-21,GB,United Kingdom,Western Europe,Evansside,direct,true
CUST003644,Jane,Cox,cheryl55@example.com,Undisclosed,1993-11-09,2023-03-16,GB,United Kingdom,Western Europe,Smithport,referral,true
CUST003645,Manuela,Espejo,soraya41@example.net,M,1986-05-09,2023-02-16,ES,Spain,Southern Europe,Burgos,referral,true
CUST003646,Mirco,Fliegner,mschmiedecke@example.com,F,1949-06-06,2024-04-10,DE,Germany,Western Europe,Hechingen,organic_search,true
CUST003647,Samantha,Page,hudsontimothy@example.org,F,2008-02-19,2025-06-29,GB,United Kingdom,Western Europe,Robinsonfurt,email,true
CUST003648,Nathalie,Laine,durandcharles@example.net,M,1988-12-29,2024-10-15,FR,France,Western Europe,Leroux,social_media,false
CUST003649,Patrick,Fletcher,aaron16@example.net,Undisclosed,1979-12-11,2023-02-12,GB,United Kingdom,Western Europe,East Joyce,organic_search,false
CUST003650,Peter,Lundström,lundellagnes@example.net,M,1971-08-12,2025-05-30,SE,Sweden,Nordic,Norrköping,paid_search,false
CUST003651,Kike,Valderrama,angelguillermo@example.net,M,1984-09-02,2023-01-31,ES,Spain,Southern Europe,Valencia,email,true
CUST003652,Michel,Joly,duboisadelaide@example.net,M,1990-09-26,2024-04-23,FR,France,Western Europe,Teixeira,organic_search,false
CUST003653,Eulalia,Sarmiento,martiriocazorla@example.net,F,1949-01-10,2024-10-13,ES,Spain,Southern Europe,Cáceres,referral,true
CUST003654,Gesa,Mitschke,antebien@example.net,F,2007-10-21,2024-09-04,DE,Germany,Western Europe,Recklinghausen,direct,true
CUST003655,Magdalene,Grein Groth,elisabeth72@example.com,M,1983-07-21,2025-11-14,DE,Germany,Western Europe,Cottbus,paid_search,false
CUST003656,Klemens,Käster,elenakiller@example.org,M,1958-05-11,2024-08-28,DE,Germany,Western Europe,Hohenstein-Ernstthal,paid_search,false
CUST003657,Diane,Alexandre,munozwilliam@example.net,F,1946-10-08,2023-01-19,FR,France,Western Europe,Bertrand-la-Forêt,social_media,true
CUST003658,James,Fletcher,colemanjustin@example.com,F,1970-02-01,2024-03-11,GB,United Kingdom,Western Europe,Lesleyview,email,true
CUST003659,Lynda,Morgan,zwatson@example.net,F,1948-07-08,2024-09-22,GB,United Kingdom,Western Europe,West Jakehaven,email,true
CUST003660,Amleto,Caccianemico,raffaello64@example.org,M,2006-12-20,2024-11-01,IT,Italy,Southern Europe,Borgo Meduna,referral,true
CUST003661,Gerald,Lewis,teresa56@example.org,M,1979-03-05,2025-02-25,GB,United Kingdom,Western Europe,Woodfurt,social_media,true
CUST003662,Liam,Martin,diane99@example.org,F,1990-07-12,2025-01-25,GB,United Kingdom,Western Europe,South Eileenberg,paid_search,false
CUST003663,Reingard,Cichorius,metaschaefer@example.org,F,1952-05-01,2024-08-19,DE,Germany,Western Europe,Rathenow,referral,true
CUST003664,Marjan,Schacht,randers@example.com,F,1964-07-16,2025-12-11,DE,Germany,Western Europe,Bitterfeld,paid_search,false
CUST003665,Hugh,O'Neill,stevensandrew@example.org,Undisclosed,1994-10-01,2025-03-14,GB,United Kingdom,Western Europe,Mariashire,email,true
CUST003666,Michelle,Colas,nathalie38@example.org,Undisclosed,1965-05-29,2023-07-23,FR,France,Western Europe,Legrand,paid_search,true
CUST003667,Lupe,Asenjo,joverangel@example.net,F,1970-04-18,2024-09-10,ES,Spain,Southern Europe,Granada,social_media,true
CUST003668,Dajana,Klemt,jeckbauer@example.org,F,2005-10-01,2023-12-27,DE,Germany,Western Europe,Wittenberg,organic_search,false
CUST003669,Birger,Rose,nmuehle@example.net,F,1968-03-26,2024-03-29,DE,Germany,Western Europe,Cuxhaven,organic_search,true
CUST003670,Pierre,Gros,ateixeira@example.net,M,1997-05-05,2023-11-18,FR,France,Western Europe,Antoinenec,paid_search,true
CUST003671,Patrick,Wohlgemut,raimund29@example.org,F,1990-11-02,2025-05-06,DE,Germany,Western Europe,Ebern,direct,true
CUST003672,Kira,Wieloch,irinareising@example.org,Undisclosed,1953-03-22,2024-03-09,DE,Germany,Western Europe,Döbeln,referral,true
CUST003673,Ties,van de Velde,roanmercks@example.org,Undisclosed,1980-09-04,2023-01-05,NL,Netherlands,Western Europe,Nieuwerkerk aan den IJssel,social_media,false
CUST003674,Hannelore,Löchel,ureising@example.com,M,1978-09-07,2023-07-23,DE,Germany,Western Europe,Soltau,direct,false
CUST003675,Ricky,Turnbull,nkerr@example.com,M,1983-03-23,2025-10-05,GB,United Kingdom,Western Europe,South Max,social_media,true
CUST003676,Xavier,Caron,hortense59@example.com,F,1951-01-31,2025-07-09,FR,France,Western Europe,Hamon,social_media,false
CUST003677,Rosl,Kaul,dannymueller@example.com,M,1992-03-16,2024-03-20,DE,Germany,Western Europe,Saulgau,email,false
CUST003678,Claudine,Paris,constancebonnin@example.net,M,1982-04-04,2025-12-30,FR,France,Western Europe,BaronBourg,direct,false
CUST003679,Isaura,Crespi,manuelbelen@example.com,F,1974-11-05,2024-05-16,ES,Spain,Southern Europe,Guadalajara,social_media,true
CUST003680,Sophie,Chauvet,bouvetmanon@example.org,M,1987-10-17,2023-08-02,FR,France,Western Europe,Lamy-la-Forêt,email,false
CUST003681,Pelayo,Monreal,jacobo49@example.com,M,1950-07-31,2024-11-27,ES,Spain,Southern Europe,Vizcaya,email,true
CUST003682,Florence,Mälzer,,Undisclosed,1966-10-29,2023-09-14,DE,Germany,Western Europe,Schrobenhausen,direct,false
CUST003683,Teófilo,Gámez,hsaez@example.net,F,1994-11-09,2025-09-03,ES,Spain,Southern Europe,Zaragoza,referral,true
CUST003684,Niko,Walter,rosemannvaleri@example.org,F,1980-01-01,2023-11-16,DE,Germany,Western Europe,Beilngries,direct,false
CUST003685,Mia,Brandt,de-smitloes@example.org,Undisclosed,1951-07-12,2023-02-19,NL,Netherlands,Western Europe,Muiderberg,social_media,true
CUST003686,Leonard,Daly,jriley@example.org,F,1981-05-13,2023-10-05,GB,United Kingdom,Western Europe,Joannaborough,referral,true
CUST003687,Orazio,Poerio,martina92@example.com,Undisclosed,1983-05-03,2023-05-27,IT,Italy,Southern Europe,Dovadola,social_media,false
CUST003688,Corinne,Fontaine,bernadette01@example.net,F,1964-05-15,2025-04-28,FR,France,Western Europe,Saint Louis,paid_search,false
CUST003689,Sibylla,Jacob,,Undisclosed,1983-05-09,2024-01-30,DE,Germany,Western Europe,Bernburg,social_media,true
CUST003690,Immo,Köster,ortrud37@example.net,F,1999-10-02,2023-11-01,DE,Germany,Western Europe,Lippstadt,social_media,false
CUST003691,Juan Carlos,Llamas,wcalvet@example.com,M,1974-01-18,2024-12-06,ES,Spain,Southern Europe,Huelva,paid_search,true
CUST003692,Simon,Richards,fionanash@example.com,M,1975-06-14,2025-09-07,GB,United Kingdom,Western Europe,Davisfurt,direct,true
CUST003693,Eva,Méndez,ana-sofiacerdan@example.org,M,1996-09-05,2025-10-14,ES,Spain,Southern Europe,La Coruña,referral,true
CUST003694,Doris,Stumpf,emine91@example.org,Undisclosed,1956-02-08,2023-03-26,DE,Germany,Western Europe,Ludwigslust,email,false
CUST003695,Honoré,Charrier,orousset@example.net,F,1970-06-25,2023-12-02,FR,France,Western Europe,Saint Émile,paid_search,false
CUST003696,Ismail,Bärer,wibke53@example.net,M,1991-07-09,2023-05-11,DE,Germany,Western Europe,Mettmann,social_media,true
CUST003697,Märta,Höglund,maria82@example.org,Undisclosed,1974-01-17,2024-05-24,SE,Sweden,Nordic,Borås,email,false
CUST003698,Max,de Roos,senna78@example.com,M,1945-11-08,2025-04-21,NL,Netherlands,Western Europe,Siegerswoude,paid_search,true
CUST003699,Bruno,Zanichelli,solimenarita@example.com,Undisclosed,1993-02-10,2024-07-24,IT,Italy,Southern Europe,Reane,organic_search,true
CUST003700,Alexandrie,Muller,pineauchristine@example.com,F,1956-02-09,2024-09-20,FR,France,Western Europe,Labbé-sur-Lagarde,referral,true
CUST003701,Roger,Cook,clifford14@example.net,M,1991-06-05,2025-05-07,GB,United Kingdom,Western Europe,South Martynside,paid_search,true
CUST003702,Lizz,Vervoort,annemijnpierson@example.net,M,1990-10-19,2025-05-13,NL,Netherlands,Western Europe,Ysselsteyn,paid_search,true
CUST003703,Bernadette,Marty,cmaillard@example.com,Undisclosed,1971-06-28,2024-10-16,FR,France,Western Europe,Guillon,social_media,false
CUST003704,Máximo,Mateo,teruelalejo@example.com,M,1995-01-15,2023-10-11,ES,Spain,Southern Europe,Segovia,direct,false
CUST003705,Marisa,Rienzo,ettamarrone@example.org,M,1982-03-25,2023-01-09,IT,Italy,Southern Europe,Cadimare,email,true
CUST003706,Nicoletta,Zarlino,vcamanni@example.com,Undisclosed,1957-07-28,2024-08-10,IT,Italy,Southern Europe,Ritten,paid_search,false
CUST003707,Nikki,Claassen,rouwenhorstlise@example.net,Undisclosed,1978-10-25,2023-08-27,NL,Netherlands,Western Europe,Puiflijk,organic_search,true
CUST003708,Marc,Alves,theophilemarie@example.com,F,1986-02-01,2024-04-16,FR,France,Western Europe,TurpinBourg,referral,true
CUST003709,Gérard,Le Roux,duprebenoit@example.org,F,1989-06-21,2024-05-12,FR,France,Western Europe,Pinto,referral,false
CUST003710,Elin,Forsberg,xsamuelsson@example.com,M,1990-10-25,2024-10-10,SE,Sweden,Nordic,Piteå,direct,false
CUST003711,Hajo,Kitzmann,henri87@example.org,F,1970-07-17,2023-01-25,DE,Germany,Western Europe,Nördlingen,referral,false
CUST003712,Nout,de Wit,,F,1963-01-03,2024-02-15,NL,Netherlands,Western Europe,Den Helder,paid_search,true
CUST003713,Yasmin,van Spreeuwel,oscarsarneel@example.net,Undisclosed,1966-09-17,2023-04-11,NL,Netherlands,Western Europe,De Mortel,social_media,true
CUST003714,Jade,Stevens,pwilkinson@example.com,Undisclosed,1990-12-13,2025-03-05,GB,United Kingdom,Western Europe,Derekbury,paid_search,false
CUST003715,Annie,Pettersson,annawallen@example.com,Undisclosed,1991-07-24,2025-07-13,SE,Sweden,Nordic,Uddevalla,direct,false
CUST003716,Eugène,Guibert,victoire75@example.net,Undisclosed,1973-07-02,2025-10-18,FR,France,Western Europe,Bertrand-les-Bains,organic_search,false
CUST003717,Jacques,Dupuis,lorraine13@example.com,M,1960-03-16,2024-06-02,FR,France,Western Europe,Hebert,referral,true
CUST003718,Edgar,Hermann,jacobalfred@example.com,M,1972-12-07,2023-02-19,DE,Germany,Western Europe,Siegen,direct,true
CUST003719,Marguerite,Maury,adamnathalie@example.com,Undisclosed,1978-12-20,2023-08-21,FR,France,Western Europe,Charpentier,organic_search,true
CUST003720,Timothée,Masse,berthelotadele@example.net,F,1968-10-27,2025-02-05,FR,France,Western Europe,Saint Colette,social_media,false
CUST003721,Célina,Michel,alix60@example.org,Undisclosed,1958-09-05,2025-03-12,FR,France,Western Europe,Chevallier-sur-Roussel,direct,true
CUST003722,Encarnación,Anguita,bermejoedgar@example.com,Undisclosed,1990-07-13,2023-04-10,ES,Spain,Southern Europe,Valladolid,direct,true
CUST003723,Oreste,Sbarbaro,roncalliluigina@example.org,M,1984-08-29,2024-08-08,IT,Italy,Southern Europe,Castelnuovo Berardenga,paid_search,true
CUST003724,Hildegunde,Schenk,niemeierbarbara@example.com,M,1957-10-20,2024-12-14,DE,Germany,Western Europe,Helmstedt,paid_search,false
CUST003725,Frédéric,Bouvet,chauvinmaryse@example.org,M,1999-12-30,2024-01-27,FR,France,Western Europe,Delorme,paid_search,false
CUST003726,Pietro,Russo,gabriellavianello@example.net,F,1973-01-09,2024-09-27,IT,Italy,Southern Europe,Prizzi,referral,true
CUST003727,Patrik,Steinberg,hans-theo67@example.org,M,1999-10-28,2023-07-31,DE,Germany,Western Europe,Vilsbiburg,email,true
CUST003728,Ulf,Eckbauer,fbien@example.org,M,1954-09-21,2025-09-24,DE,Germany,Western Europe,Gräfenhainichen,referral,true
CUST003729,Mariana,Döring,hamannherrmann@example.com,Undisclosed,1996-12-10,2023-11-13,DE,Germany,Western Europe,Schrobenhausen,referral,true
CUST003730,Rachael,Jones,fordkarl@example.org,F,2004-01-08,2025-09-17,GB,United Kingdom,Western Europe,Rogerfort,email,false
CUST003731,Roy,Steinberg,zdenka93@example.com,Undisclosed,2008-06-26,2025-11-25,DE,Germany,Western Europe,Helmstedt,email,false
CUST003732,Robert,Olofsson,unilsson@example.net,F,2005-11-13,2024-12-30,SE,Sweden,Nordic,Ängelholm,paid_search,false
CUST003733,Pauline,Martineau,dorothee03@example.net,M,1946-06-07,2023-05-15,FR,France,Western Europe,Sainte Margot,social_media,true
CUST003734,Julie,Moore,julierussell@example.com,Undisclosed,1956-02-13,2025-02-06,GB,United Kingdom,Western Europe,Westhaven,social_media,false
CUST003735,Tülay,Staude,yvettekarz@example.org,M,1973-12-05,2024-11-01,DE,Germany,Western Europe,Wetzlar,paid_search,true
CUST003736,Joseph,Dale,qbarker@example.net,M,1980-02-27,2025-11-08,GB,United Kingdom,Western Europe,Mahmoodshire,organic_search,false
CUST003737,Ise,Horrocks,freshourmaja@example.org,Undisclosed,1959-01-11,2025-09-14,NL,Netherlands,Western Europe,Geulle,social_media,false
CUST003738,Flavio,Mora,lagunaeugenia@example.net,F,2004-08-30,2025-05-26,ES,Spain,Southern Europe,Zaragoza,paid_search,true
CUST003739,Amaya,Collado,gblanch@example.net,F,2003-01-16,2023-11-07,ES,Spain,Southern Europe,Zaragoza,email,true
CUST003740,Harriet,Johnson,lisa57@example.com,Undisclosed,1971-05-17,2025-09-07,GB,United Kingdom,Western Europe,Bethborough,paid_search,false
CUST003741,Ivan,Borsellino,nicomercantini@example.com,Undisclosed,1953-02-15,2024-10-10,IT,Italy,Southern Europe,Monteforte D'Alpone,paid_search,false
CUST003742,Godofredo,Vicente,che36@example.com,M,1946-12-05,2023-09-15,ES,Spain,Southern Europe,Burgos,paid_search,true
CUST003743,Fernanda,Cabrera,fabregascarmina@example.net,F,1992-08-21,2025-08-14,ES,Spain,Southern Europe,León,referral,false
CUST003744,Ariane,Wulff,tpeukert@example.org,Undisclosed,2006-10-12,2023-09-14,DE,Germany,Western Europe,Nordhausen,paid_search,true
CUST003745,Franz,Gehringer,hessralf-peter@example.net,Undisclosed,1947-08-01,2025-09-17,DE,Germany,Western Europe,Griesbach Rottal,organic_search,true
CUST003746,Jovan,Bonbach,hans-ulrichhenk@example.com,Undisclosed,2006-11-20,2025-10-23,DE,Germany,Western Europe,Calau,direct,false
CUST003747,Joey,van Gelder,,F,1957-03-08,2024-02-11,NL,Netherlands,Western Europe,Westendorp,organic_search,true
CUST003748,Adrien,Grégoire,ameliedubois@example.org,M,1978-06-18,2023-05-30,FR,France,Western Europe,Kleindan,social_media,false
CUST003749,Alain,De Oliveira,ulambert@example.net,F,1990-09-10,2025-09-28,FR,France,Western Europe,GayBourg,direct,false
CUST003750,Emilio,Palombi,maurascarpetta@example.com,Undisclosed,1945-11-10,2025-07-04,IT,Italy,Southern Europe,Castellonchio,direct,false
CUST003751,Erika,Pratesi,ssoprano@example.org,M,1958-04-23,2023-09-04,IT,Italy,Southern Europe,San Lorenzo Al Mare,social_media,false
CUST003752,Alina,Trevisan,ccomeriato@example.com,M,2003-03-23,2024-12-17,IT,Italy,Southern Europe,Mombaroccio,organic_search,false
CUST003753,Constance,Perrier,descampstheophile@example.org,M,2001-01-26,2025-12-09,FR,France,Western Europe,Louis-sur-Bertrand,referral,false
CUST003754,Mirte,Sprong,pienkof@example.com,M,1990-03-18,2023-11-08,NL,Netherlands,Western Europe,Mussel,direct,false
CUST003755,Chantal,Léger,nboucher@example.com,F,1953-02-10,2025-01-16,FR,France,Western Europe,Raymond-sur-Perez,paid_search,true
CUST003756,Selma,Stolze,ubeier@example.net,F,1996-11-27,2023-06-30,DE,Germany,Western Europe,Schmölln,direct,true
CUST003757,Hanny,Bärer,,M,1972-01-05,2025-07-28,DE,Germany,Western Europe,Ribnitz-Damgarten,email,true
CUST003758,Odette,Coulon,morenomichelle@example.net,Undisclosed,1989-08-02,2023-08-22,FR,France,Western Europe,Saint Théophile,social_media,true
CUST003759,Maryse,Godard,yvespeltier@example.org,F,1976-05-07,2023-07-16,FR,France,Western Europe,Saint Françoise,organic_search,true
CUST003760,Cornelio,Expósito,pereiracelia@example.net,Undisclosed,1972-09-15,2023-10-03,ES,Spain,Southern Europe,Palencia,social_media,false
CUST003761,Karl-Friedrich,Gertz,amitschke@example.com,F,1953-09-14,2024-11-19,DE,Germany,Western Europe,Gotha,social_media,true
CUST003762,Kayleigh,Jacquot,postmafloor@example.com,F,1998-10-29,2025-01-03,NL,Netherlands,Western Europe,Nieuwebrug,referral,false
CUST003763,Clive,Clark,joannecoles@example.org,M,1984-07-25,2025-08-24,GB,United Kingdom,Western Europe,New Lindseyhaven,direct,false
CUST003764,Denise,Dubois,ypoulain@example.com,F,1955-04-26,2025-03-04,FR,France,Western Europe,Grondin-sur-Philippe,organic_search,true
CUST003765,Alex,Richardson,janice38@example.com,Undisclosed,1987-12-24,2023-07-07,GB,United Kingdom,Western Europe,North Michellestad,direct,false
CUST003766,Claude,Clément,zdupuis@example.com,F,1978-05-07,2025-05-16,FR,France,Western Europe,Maillot,referral,false
CUST003767,Diana,Ward,gemma93@example.net,F,1947-06-15,2024-06-24,GB,United Kingdom,Western Europe,Lake Jonathan,email,true
CUST003768,Thibaut,Rousseau,,Undisclosed,2007-06-06,2024-08-17,FR,France,Western Europe,Saint Émilie-sur-Mer,direct,true
CUST003769,Patrick,Peukert,dierkrudolph@example.com,F,1988-11-17,2023-02-12,DE,Germany,Western Europe,Rehau,direct,false
CUST003770,Udo,Ditschlerin,hartmannmikhail@example.net,Undisclosed,1979-03-21,2023-02-05,DE,Germany,Western Europe,Bogen,social_media,true
CUST003771,Leigh,Ali,mharrison@example.org,Undisclosed,1976-06-08,2023-10-21,GB,United Kingdom,Western Europe,New Leonland,organic_search,true
CUST003772,Marcello,Caboto,giosuepascarella@example.org,Undisclosed,1972-05-15,2024-04-25,IT,Italy,Southern Europe,Polverigi,email,true
CUST003773,Frédérique,Maury,patriciacouturier@example.net,Undisclosed,1967-07-06,2023-01-27,FR,France,Western Europe,Dupuis,organic_search,true
CUST003774,Floris,van Heusden,jde-jode-vastraedsd@example.com,Undisclosed,1997-09-02,2023-05-16,NL,Netherlands,Western Europe,Poortugaal,social_media,true
CUST003775,Nikki,Dachgelder,qvan-lucel@example.com,F,1946-04-28,2023-12-22,NL,Netherlands,Western Europe,Oudebildtzijl,social_media,true
CUST003776,Rosaria,Santorio,gianfranco45@example.net,F,1991-09-16,2024-11-17,IT,Italy,Southern Europe,Morimondo,organic_search,true
CUST003777,Arsenio,Goñi,suredamartirio@example.org,Undisclosed,1961-01-18,2023-04-12,ES,Spain,Southern Europe,Córdoba,email,true
CUST003778,Alison,Ross,umorris@example.net,Undisclosed,1997-01-20,2024-05-11,GB,United Kingdom,Western Europe,Wheelerview,organic_search,true
CUST003779,Mats,van der Klijn,floris04@example.net,M,2004-02-15,2023-10-15,NL,Netherlands,Western Europe,Beets,social_media,false
CUST003780,Alessandra,Cabibbo,imelda73@example.org,M,1969-02-14,2025-07-28,IT,Italy,Southern Europe,Somaggia,social_media,true
CUST003781,Isaac,Guillet,leblanccamille@example.com,F,1949-03-09,2023-05-31,FR,France,Western Europe,Valentinboeuf,social_media,true
CUST003782,Thérèse,Delorme,,M,1994-07-20,2024-05-15,FR,France,Western Europe,Martel,referral,false
CUST003783,Bernd,Nette,gdrubin@example.org,Undisclosed,1984-11-20,2025-10-28,DE,Germany,Western Europe,Kötzting,organic_search,false
CUST003784,Ignacia,Ortega,socorro75@example.com,M,1974-02-24,2023-10-14,ES,Spain,Southern Europe,Lleida,direct,false
CUST003785,Flavio,Ponce,arielsarmiento@example.org,M,1992-03-03,2023-02-28,ES,Spain,Southern Europe,Girona,direct,true
CUST003786,Albrecht,Schlosser,juergen03@example.net,F,1980-03-20,2025-11-08,DE,Germany,Western Europe,Tirschenreuth,referral,true
CUST003787,Helen,Brown,whill@example.net,Undisclosed,1975-03-17,2025-04-17,GB,United Kingdom,Western Europe,Woodburgh,direct,false
CUST003788,Michelle,Gill,htownsend@example.org,Undisclosed,1978-02-05,2023-02-20,GB,United Kingdom,Western Europe,New Angelamouth,email,true
CUST003789,Waldemar,Benthin,mmangold@example.com,M,1997-03-10,2023-11-22,DE,Germany,Western Europe,Ribnitz-Damgarten,direct,true
CUST003790,Tommy,Danielsson,obolin@example.com,M,1996-05-29,2024-02-03,SE,Sweden,Nordic,Västerås,social_media,true
CUST003791,Kerstin,Henck,bluemeltraute@example.com,Undisclosed,1970-01-06,2024-01-19,DE,Germany,Western Europe,Darmstadt,referral,true
CUST003792,Ljudmila,Beckmann,lgerlach@example.net,M,1973-05-15,2025-08-07,DE,Germany,Western Europe,Hagenow,organic_search,true
CUST003793,Cameron,Barnett,benbarnes@example.net,M,1955-06-03,2024-10-24,GB,United Kingdom,Western Europe,New Joan,social_media,false
CUST003794,Arthur,de Wit,lucascholten@example.com,F,2001-02-06,2025-02-17,NL,Netherlands,Western Europe,Asch,social_media,true
CUST003795,Martha,Kostolzin,,Undisclosed,1984-03-13,2024-10-11,DE,Germany,Western Europe,Waldmünchen,social_media,true
CUST003796,Evy,Waltrade Walderade,jadeadelaar@example.com,M,1990-03-19,2025-06-21,NL,Netherlands,Western Europe,Ees,referral,true
CUST003797,Brandon,Marsh,mauricewilliams@example.com,M,1986-06-06,2023-05-24,GB,United Kingdom,Western Europe,Georgeberg,social_media,true
CUST003798,Liliane,Kranz,imre70@example.org,F,2004-04-22,2025-12-30,DE,Germany,Western Europe,Greifswald,social_media,false
CUST003799,Isidor,Döring,kenan87@example.com,F,1953-08-10,2023-03-22,DE,Germany,Western Europe,Grevenbroich,referral,true
CUST003800,Gareth,Hill,lindadodd@example.com,F,1946-02-14,2024-06-20,GB,United Kingdom,Western Europe,Louismouth,email,false
CUST003801,Aimée,Le Roux,tsamson@example.org,Undisclosed,2000-03-03,2024-12-16,FR,France,Western Europe,Sainte Frédérique,organic_search,true
CUST003802,Sonia,Rapisardi,,F,1983-02-26,2024-02-06,IT,Italy,Southern Europe,Bellaria,organic_search,true
CUST003803,Aristides,Granados,ramoros@example.org,M,1994-10-28,2025-11-04,ES,Spain,Southern Europe,Cáceres,referral,true
CUST003804,André,Strandberg,erikssoncarl@example.com,F,1987-12-21,2025-04-02,SE,Sweden,Nordic,Örnsköldsvik,paid_search,true
CUST003805,Philippine,Verdier,nlegros@example.net,F,1990-09-20,2024-01-23,FR,France,Western Europe,Gimenez,organic_search,false
CUST003806,Gustav,Sjöström,xlarsson@example.com,M,1979-07-05,2023-12-11,SE,Sweden,Nordic,Ängelholm,organic_search,true
CUST003807,Susan,Ruiz,deschampssuzanne@example.org,Undisclosed,1984-04-17,2024-06-19,FR,France,Western Europe,Lejeune,paid_search,false
CUST003808,Margot,Verdier,hortensemarie@example.com,Undisclosed,1972-05-18,2025-07-13,FR,France,Western Europe,Ribeiro,organic_search,false
CUST003809,Hans-Ludwig,Wesack,loosalban@example.org,Undisclosed,1958-02-13,2025-10-10,DE,Germany,Western Europe,Nabburg,social_media,false
CUST003810,Hilma,Berger,baehrmarkus@example.org,M,1957-11-07,2025-01-22,DE,Germany,Western Europe,Heinsberg,direct,false
CUST003811,Jake,Klomp Jan,janne12@example.org,M,1995-05-27,2025-10-06,NL,Netherlands,Western Europe,'t Haantje,social_media,true
CUST003812,Joel,Owen,woodwendy@example.com,M,1964-03-01,2024-06-04,GB,United Kingdom,Western Europe,South Martynhaven,referral,false
CUST003813,Nora,Textor,ischoll@example.net,Undisclosed,1950-04-27,2024-12-25,DE,Germany,Western Europe,Großenhain,social_media,true
CUST003814,Francesca,Cox,dallan@example.com,Undisclosed,1998-10-03,2024-08-30,GB,United Kingdom,Western Europe,West Ronaldfurt,social_media,false
CUST003815,Valérie,Roux,rfleury@example.org,F,1961-04-28,2023-11-24,FR,France,Western Europe,Lefèvredan,email,false
CUST003816,James,Allen,iain83@example.org,Undisclosed,1971-01-11,2025-11-26,GB,United Kingdom,Western Europe,Sandersbury,email,false
CUST003817,Lucy,Dubois,anastasiejoubert@example.net,Undisclosed,1974-09-09,2025-12-10,FR,France,Western Europe,Saint Raymond,paid_search,false
CUST003818,Eloy,Quero,victor-manuel92@example.org,M,1978-09-19,2024-03-23,ES,Spain,Southern Europe,Cuenca,direct,false
CUST003819,Édgar,Aguilar,angelita19@example.net,F,1952-03-11,2024-11-21,ES,Spain,Southern Europe,Alicante,social_media,false
CUST003820,Pamela,King,armstrongjean@example.net,Undisclosed,1947-07-27,2023-05-03,GB,United Kingdom,Western Europe,West Liam,social_media,false
CUST003821,Honoré,Dias,benjaminmathieu@example.net,F,1994-12-09,2025-08-07,FR,France,Western Europe,Marchand,social_media,true
CUST003822,Geneviève,Lebreton,michelfischer@example.org,M,2002-12-19,2024-02-06,FR,France,Western Europe,Sainte Hortense,direct,false
CUST003823,Noé,Vega,mariselatapia@example.net,M,1956-09-03,2023-10-18,ES,Spain,Southern Europe,Guipúzcoa,social_media,true
CUST003824,Zoé,Lecomte,tristan11@example.com,M,2000-04-06,2024-05-09,FR,France,Western Europe,Imbert-sur-Hebert,referral,false
CUST003825,Yasemin,Bähr,holzapfeldorothe@example.org,Undisclosed,2007-03-15,2023-08-14,DE,Germany,Western Europe,Hoyerswerda,organic_search,false
CUST003826,Maritta,Mies,,Undisclosed,1966-04-13,2024-12-04,DE,Germany,Western Europe,Heiligenstadt,paid_search,false
CUST003827,Frank,Jackson,cliffordmoore@example.com,M,1956-06-19,2024-04-09,GB,United Kingdom,Western Europe,Clarkeland,direct,true
CUST003828,Hilary,Allen,hazelrees@example.com,M,1999-07-24,2024-04-03,GB,United Kingdom,Western Europe,Woodbury,direct,true
CUST003829,Sofía,Jordá,eserra@example.org,Undisclosed,1965-11-24,2023-08-17,ES,Spain,Southern Europe,Santa Cruz de Tenerife,paid_search,false
CUST003830,Rosita,Misicher,hans-rudolf54@example.net,M,1980-12-29,2025-01-03,DE,Germany,Western Europe,Eckernförde,email,false
CUST003831,Yves,Lebon,eetienne@example.org,Undisclosed,1996-11-26,2024-01-11,FR,France,Western Europe,Hubert,social_media,false
CUST003832,Asdrubal,Gonzalo,crespiencarna@example.net,Undisclosed,1964-01-27,2024-04-02,ES,Spain,Southern Europe,Segovia,social_media,false
CUST003833,Rosario,Riquelme,edgardo47@example.net,F,1949-02-14,2023-06-14,ES,Spain,Southern Europe,Toledo,direct,true
CUST003834,Joséphine,François,duhamelsebastien@example.org,Undisclosed,1974-03-12,2024-04-20,FR,France,Western Europe,Guillet,social_media,false
CUST003835,Mohammed,Stevenson,lesleyallan@example.com,Undisclosed,1992-12-11,2025-01-02,GB,United Kingdom,Western Europe,East Claire,organic_search,false
CUST003836,Antoinette,Joseph,jeannine20@example.org,F,1961-05-25,2023-10-05,FR,France,Western Europe,Saint Michelle,paid_search,true
CUST003837,Mariano,Comolli,rita01@example.net,F,1977-06-12,2025-06-24,IT,Italy,Southern Europe,Langasco,direct,false
CUST003838,Hans-Erich,Gnatz,troestenver@example.com,Undisclosed,1972-08-18,2025-09-01,DE,Germany,Western Europe,Berchtesgaden,direct,true
CUST003839,Milena,Andreotti,silvestro56@example.net,M,2005-06-26,2025-05-21,IT,Italy,Southern Europe,San Giovanni Reatino,social_media,true
CUST003840,Selena,Nedermeijer,van-den-nieuwenhuijsenmads@example.org,M,1960-06-24,2025-11-12,NL,Netherlands,Western Europe,Nederasselt,referral,true
CUST003841,Beverley,Powell,lucy42@example.org,M,1962-03-05,2025-05-18,GB,United Kingdom,Western Europe,Amberchester,paid_search,false
CUST003842,Lucie,Carsten,etaesche@example.com,F,1969-09-12,2023-06-01,DE,Germany,Western Europe,Sangerhausen,organic_search,false
CUST003843,Ben,Cox,pearsonmohammed@example.com,Undisclosed,1977-04-28,2023-10-20,GB,United Kingdom,Western Europe,South Victor,email,false
CUST003844,Guy,Texier,dupontmichelle@example.org,F,1983-12-24,2024-04-11,FR,France,Western Europe,Saint Maryse,paid_search,false
CUST003845,Rudolf,Börner,loewerkuno@example.com,Undisclosed,2004-07-10,2024-04-14,DE,Germany,Western Europe,Hannoversch Münden,organic_search,false
CUST003846,Lorenzo,Veltman,tristanvan-de-brink@example.com,Undisclosed,1967-05-01,2025-10-25,NL,Netherlands,Western Europe,Koningsbosch,paid_search,true
CUST003847,Kaj,Jakobsson,nilssonlars@example.net,M,1979-03-19,2023-10-25,SE,Sweden,Nordic,Uppsala,organic_search,true
CUST003848,Alexandra,Wilson,xwilliams@example.com,F,1959-01-19,2023-12-26,GB,United Kingdom,Western Europe,Daleshire,email,false
CUST003849,Naomi,Michiels,rberendse@example.com,Undisclosed,1995-12-30,2025-01-29,NL,Netherlands,Western Europe,Zwiggelte,organic_search,false
CUST003850,Hannes,Peukert,lissistroh@example.com,Undisclosed,1977-08-02,2024-08-22,DE,Germany,Western Europe,Hoyerswerda,organic_search,true
CUST003851,Eugène,Louis,pphilippe@example.net,M,1962-06-11,2024-09-04,FR,France,Western Europe,Sainte Nicolas,organic_search,true
CUST003852,Hans-Albert,Hein,miodrag33@example.org,M,1974-06-23,2023-11-18,DE,Germany,Western Europe,Burgdorf,direct,true
CUST003853,Antony,Wyatt,,Undisclosed,1997-04-10,2024-10-18,GB,United Kingdom,Western Europe,McDonaldtown,direct,false
CUST003854,Gioacchino,Giammusso,franco72@example.org,M,1969-04-14,2023-09-17,IT,Italy,Southern Europe,Milena,email,true
CUST003855,Guus,Postma,sara16@example.org,F,2001-08-02,2023-11-28,NL,Netherlands,Western Europe,Eext,organic_search,true
CUST003856,Dietrich,Kobelt,drago07@example.net,F,1969-12-10,2025-10-28,DE,Germany,Western Europe,Pfaffenhofen an der Ilm,referral,true
CUST003857,René,Couturier,zvincent@example.net,M,1993-03-14,2025-03-24,FR,France,Western Europe,Sainte Henri,direct,false
CUST003858,Clifford,Harding,eileensummers@example.net,F,1972-06-11,2025-06-10,GB,United Kingdom,Western Europe,Stevenland,referral,false
CUST003859,Jeanne,Legendre,,M,1956-04-26,2025-09-25,FR,France,Western Europe,Guichard,direct,true
CUST003860,Arcelia,Aranda,catalamiguel-angel@example.org,M,1978-10-11,2025-02-03,ES,Spain,Southern Europe,Palencia,organic_search,true
CUST003861,Soraya,Ojeda,ibanezpacifica@example.net,Undisclosed,2007-02-28,2023-01-13,ES,Spain,Southern Europe,Huelva,paid_search,false
CUST003862,Brian,Richards,charlenegordon@example.com,M,2005-03-11,2023-03-12,GB,United Kingdom,Western Europe,Griffithsfort,organic_search,true
CUST003863,Aurore,Grondin,agathe71@example.com,M,1957-07-02,2024-10-09,FR,France,Western Europe,Lefort-les-Bains,direct,true
CUST003864,Roger,Lejeune,,F,1962-06-05,2024-07-11,FR,France,Western Europe,Sainte Georges,direct,false
CUST003865,Gretchen,Reising,eeimer@example.net,Undisclosed,1990-05-27,2024-12-13,DE,Germany,Western Europe,Weimar,paid_search,false
CUST003866,Alain,Merle,ugomez@example.org,F,1945-09-26,2025-10-31,FR,France,Western Europe,NguyenBourg,direct,true
CUST003867,Thomas,Seguin,augustin42@example.org,M,1983-12-14,2025-07-03,FR,France,Western Europe,Charrierboeuf,paid_search,false
CUST003868,Mika,Linschoten,dvan-ginkel@example.org,F,1992-05-09,2025-02-07,NL,Netherlands,Western Europe,Hilvarenbeek,organic_search,true
CUST003869,Lauren,Brandt,gblewanus@example.org,F,1953-02-13,2023-12-13,NL,Netherlands,Western Europe,Belfeld,direct,true
CUST003870,Janna,Dietz,hoelzenbecherkreszentia@example.com,Undisclosed,2003-07-01,2023-06-07,DE,Germany,Western Europe,Wismar,direct,false
CUST003871,Véronique,Blanchet,josephinegerard@example.com,Undisclosed,1981-05-16,2024-03-31,FR,France,Western Europe,PascalBourg,direct,true
CUST003872,Gerlind,Drewes,arnimholt@example.com,Undisclosed,1971-12-10,2025-09-07,DE,Germany,Western Europe,Rathenow,direct,false
CUST003873,Wilfried,Trommler,ladeckwaltrud@example.net,F,1982-02-18,2025-09-22,DE,Germany,Western Europe,Brandenburg,paid_search,true
CUST003874,Eulalia,Aranda,sosimo90@example.com,F,1990-08-27,2024-06-10,ES,Spain,Southern Europe,Guipúzcoa,organic_search,false
CUST003875,Katrin,Fritsch,jwerner@example.net,M,1971-07-22,2023-08-22,DE,Germany,Western Europe,Eisenberg,organic_search,false
CUST003876,Michèle,Coulon,richardchristiane@example.org,Undisclosed,1956-05-04,2023-08-02,FR,France,Western Europe,Saint Margot,organic_search,true
CUST003877,Heiko,Kitzmann,timo23@example.com,M,1974-04-06,2024-06-26,DE,Germany,Western Europe,Arnstadt,email,false
CUST003878,Lidia,Bacosi,otozzi@example.net,M,1981-12-26,2023-10-18,IT,Italy,Southern Europe,Brancaleone,referral,true
CUST003879,Maria,Carter,readrachael@example.com,M,1985-06-04,2025-07-17,GB,United Kingdom,Western Europe,Timothyview,direct,true
CUST003880,Harald,Langern,zeynep49@example.net,M,1977-01-31,2025-10-23,DE,Germany,Western Europe,Griesbach Rottal,social_media,false
CUST003881,Helen,Patterson,glamb@example.net,M,1950-05-03,2023-08-07,GB,United Kingdom,Western Europe,Abigailville,email,true
CUST003882,Thijs,Bruggeman,van-bunschotenmick@example.com,M,1969-07-29,2023-02-21,NL,Netherlands,Western Europe,Oldeberkoop,referral,false
CUST003883,Petra,Axelsson,tekstrom@example.org,Undisclosed,1949-01-02,2024-08-09,SE,Sweden,Nordic,Borås,direct,false
CUST003884,Franz,Keudel,alexejtschentscher@example.org,M,1981-09-12,2025-02-18,DE,Germany,Western Europe,Mainburg,paid_search,false
CUST003885,Irma,Sinisi,maria33@example.com,M,1978-06-28,2025-05-18,IT,Italy,Southern Europe,Vergano Villa,organic_search,true
CUST003886,Simone,Volterra,filippinicirillo@example.com,M,1978-06-02,2025-07-25,IT,Italy,Southern Europe,Putzu Idu,direct,true
CUST003887,Niccolò,Longhena,rosapraga@example.org,F,1982-12-10,2025-02-06,IT,Italy,Southern Europe,San Foca,referral,false
CUST003888,Marcus,King,jamesdavis@example.org,M,1955-02-09,2024-02-29,GB,United Kingdom,Western Europe,Gregorymouth,social_media,false
CUST003889,Marie,Chambers,peter05@example.com,M,1980-03-15,2024-10-03,GB,United Kingdom,Western Europe,Lake Lynneshire,email,true
CUST003890,Louise,Albert,helenecosta@example.com,F,1961-10-21,2024-03-19,FR,France,Western Europe,Grosdan,social_media,true
CUST003891,Ruben,Garmendia,martinpina@example.org,F,1946-07-31,2025-09-23,ES,Spain,Southern Europe,Zaragoza,paid_search,true
CUST003892,Darren,Day,frederick83@example.net,F,1985-03-03,2024-12-06,GB,United Kingdom,Western Europe,West Francismouth,direct,true
CUST003893,Stella,Nihoe,fabiennetakkelenburg@example.net,M,1946-11-22,2023-12-10,NL,Netherlands,Western Europe,Tuitjenhorn,social_media,true
CUST003894,Lucy,Pasquier,franck79@example.net,Undisclosed,1967-01-21,2023-03-31,FR,France,Western Europe,Pasquier,paid_search,true
CUST003895,Alicia,Luitgardis van Neustrië,gkathagen@example.net,Undisclosed,1970-02-16,2023-06-17,NL,Netherlands,Western Europe,Deelen,email,true
CUST003896,Fabián,Santamaria,jcrespo@example.com,F,1998-08-17,2025-11-28,ES,Spain,Southern Europe,Santa Cruz de Tenerife,referral,false
CUST003897,Ferdinand,Hering,abluemel@example.org,Undisclosed,1948-03-23,2023-04-20,DE,Germany,Western Europe,Gardelegen,referral,false
CUST003898,Adelina,Sanmiguel,antonio56@example.net,M,2003-09-27,2025-09-04,ES,Spain,Southern Europe,Cádiz,organic_search,false
CUST003899,Samuel,Mason,jason58@example.net,M,1952-08-23,2023-11-27,GB,United Kingdom,Western Europe,Port Kathleen,social_media,false
CUST003900,Samuel,Rosado,navarrobuenaventura@example.com,Undisclosed,1948-08-21,2024-11-18,ES,Spain,Southern Europe,Cádiz,referral,true
CUST003901,Édith,Lenoir,inesrodriguez@example.com,Undisclosed,1965-09-07,2023-01-20,FR,France,Western Europe,Vallée,direct,false
CUST003902,Susanne,Leclercq,guillonfrederique@example.com,M,1974-01-04,2025-04-12,FR,France,Western Europe,Sainte Guillaumedan,organic_search,true
CUST003903,Leopoldo,Marcacci,jminiati@example.com,M,1956-04-01,2025-08-02,IT,Italy,Southern Europe,San Giacomo Di Cerzeto,paid_search,false
CUST003904,Frédérique,Gérard,huguespoirier@example.net,M,1962-10-08,2023-07-31,FR,France,Western Europe,Devauxnec,referral,true
CUST003905,Ruperta,Serrano,lourdesbejarano@example.org,Undisclosed,1961-08-27,2023-07-01,ES,Spain,Southern Europe,Asturias,direct,true
CUST003906,Jamie,Johnston,claire03@example.org,Undisclosed,1947-10-31,2025-03-13,GB,United Kingdom,Western Europe,South Josephine,paid_search,true
CUST003907,Marcus,Greenwood,zmistry@example.org,M,1986-10-21,2025-10-20,GB,United Kingdom,Western Europe,Lake Marion,direct,true
CUST003908,André,Aubry,yrobert@example.org,Undisclosed,1976-08-04,2023-08-24,FR,France,Western Europe,Saint VéroniqueBourg,organic_search,true
CUST003909,Sylvia,Davies,guybaker@example.com,M,1955-06-01,2023-06-07,GB,United Kingdom,Western Europe,Daniellechester,organic_search,true
CUST003910,Matthieu,Charles,stephaneandre@example.org,F,1951-01-09,2024-09-27,FR,France,Western Europe,Morin,paid_search,false
CUST003911,Edwin,Dörschner,kathibohnbach@example.net,Undisclosed,2004-01-23,2024-08-28,DE,Germany,Western Europe,Heinsberg,direct,false
CUST003912,Maryse,Grondin,le-goffemile@example.net,Undisclosed,1956-05-03,2024-04-25,FR,France,Western Europe,Bousquet,organic_search,true
CUST003913,Grazyna,Adler,martinpatricia@example.net,F,1966-10-05,2025-09-13,DE,Germany,Western Europe,Meppen,paid_search,true
CUST003914,Jessica,Oskarsson,karlssonrobert@example.net,F,2000-07-29,2024-10-21,SE,Sweden,Nordic,Karlskrona,social_media,true
CUST003915,Ann-Louise,Andersson,gustafssonlise-lotte@example.com,F,1959-02-25,2024-01-13,SE,Sweden,Nordic,Eskilstuna,social_media,false
CUST003916,Christelle,Marchand,paulette64@example.com,F,1997-09-17,2025-05-12,FR,France,Western Europe,Albert,paid_search,true
CUST003917,Lot,Claesdr,indy79@example.com,Undisclosed,1976-08-23,2025-04-11,NL,Netherlands,Western Europe,Kwadijk,referral,false
CUST003918,Rémy,Poirier,louismarcel@example.com,Undisclosed,1987-10-03,2025-01-03,FR,France,Western Europe,Bonneau-sur-Hardy,social_media,false
CUST003919,Loek,Haack,madriaense@example.org,F,1993-11-11,2024-04-23,NL,Netherlands,Western Europe,Horn,organic_search,false
CUST003920,Olalla,Quiroga,fmalo@example.org,Undisclosed,1966-02-16,2025-03-30,ES,Spain,Southern Europe,Álava,referral,false
CUST003921,Pompeo,Salvemini,oantonacci@example.org,Undisclosed,1969-07-17,2024-09-18,IT,Italy,Southern Europe,Avola,direct,false
CUST003922,Benjamin,Lévêque,boutinmadeleine@example.net,Undisclosed,1978-12-14,2023-03-07,FR,France,Western Europe,GuillotBourg,direct,true
CUST003923,Elisa,Ramis,bertranamando@example.net,F,1989-07-04,2025-08-01,ES,Spain,Southern Europe,Girona,organic_search,false
CUST003924,Maurice,Delaunay,kgauthier@example.com,F,1948-03-25,2025-03-31,FR,France,Western Europe,HervéVille,referral,false
CUST003925,Peter,Lindgren,gashileif@example.net,M,2005-05-08,2024-01-29,SE,Sweden,Nordic,Lidköping,organic_search,false
CUST003926,Volkhard,Aumann,andrea48@example.org,Undisclosed,2006-10-21,2024-04-08,DE,Germany,Western Europe,Luckenwalde,social_media,true
CUST003927,Jade,Harper,paynealexander@example.com,M,1950-07-27,2023-12-18,GB,United Kingdom,Western Europe,Jonesbury,referral,true
CUST003928,Emma,Mahieu,ktimmerman@example.com,F,2000-09-24,2023-05-06,NL,Netherlands,Western Europe,Heikant,email,false
CUST003929,Felix,Eelman,van-gentaylin@example.org,Undisclosed,1975-10-14,2024-09-23,NL,Netherlands,Western Europe,Deurze,social_media,false
CUST003930,Elise,Barth,cbirnbaum@example.com,Undisclosed,1957-04-07,2024-07-03,DE,Germany,Western Europe,Großenhain,social_media,true
CUST003931,Sandra,Ramazzotti,lando15@example.com,M,1976-02-25,2023-03-05,IT,Italy,Southern Europe,Vada,referral,false
CUST003932,Gesine,Pohl,hinrichheintze@example.net,F,1966-04-22,2025-06-18,DE,Germany,Western Europe,Viersen,direct,false
CUST003933,Raymond,Jones,karen23@example.net,M,1991-12-09,2023-05-14,GB,United Kingdom,Western Europe,Port Phillipbury,referral,false
CUST003934,Ella,Täsche,ingo00@example.com,Undisclosed,1999-12-01,2023-07-31,DE,Germany,Western Europe,Kulmbach,direct,true
CUST003935,Alice,Wagner,nleveque@example.net,Undisclosed,1953-04-13,2024-01-30,FR,France,Western Europe,Martel-sur-Jourdan,social_media,true
CUST003936,Olivia,Edwards,rachel24@example.net,M,1956-01-16,2023-04-25,GB,United Kingdom,Western Europe,Port Yvonne,direct,true
CUST003937,Margaud,Berger,camille86@example.com,M,2002-07-18,2023-02-25,FR,France,Western Europe,Brunet-sur-Voisin,paid_search,true
CUST003938,Dittmar,Heß,droehrdanz@example.net,M,1993-05-28,2023-03-14,DE,Germany,Western Europe,Gießen,email,false
CUST003939,Simone,Schlosser,christl31@example.com,Undisclosed,1972-04-04,2025-05-17,DE,Germany,Western Europe,Bad Brückenau,paid_search,false
CUST003940,Gabrielle,Clerc,xrobert@example.com,F,1952-07-29,2023-07-11,FR,France,Western Europe,Rollandboeuf,referral,true
CUST003941,Domingo,Pont,hcasares@example.net,M,1954-12-15,2023-02-03,ES,Spain,Southern Europe,Albacete,direct,true
CUST003942,Panfilo,Volterra,,F,1987-05-10,2024-08-25,IT,Italy,Southern Europe,Pianosa,paid_search,false
CUST003943,Rolf,Hänel,karolin46@example.com,Undisclosed,2001-06-16,2025-04-19,DE,Germany,Western Europe,Ansbach,referral,true
CUST003944,Madeleine,Millet,colletmargaud@example.net,F,1970-03-23,2024-05-02,FR,France,Western Europe,Thomas-sur-Mer,direct,false
CUST003945,Willibald,Textor,janspeer@example.org,F,2002-11-03,2025-06-12,DE,Germany,Western Europe,Wernigerode,social_media,false
CUST003946,Walli,Flantz,vkruschwitz@example.net,F,1970-04-29,2023-12-26,DE,Germany,Western Europe,Cuxhaven,referral,true
CUST003947,Sienna,Kuiper,verhagenayden@example.net,F,1972-03-08,2024-11-06,NL,Netherlands,Western Europe,Beusichem,organic_search,false
CUST003948,Dorothy,Welch,parkerjonathan@example.org,Undisclosed,1949-06-14,2023-12-01,GB,United Kingdom,Western Europe,Port Tobychester,referral,false
CUST003949,Vassilios,Gröttner,liebeltchristopher@example.net,Undisclosed,1983-12-01,2024-07-11,DE,Germany,Western Europe,Greifswald,paid_search,false
CUST003950,Nadeschda,Heinrich,etzoldtrudel@example.org,Undisclosed,1945-10-07,2025-05-14,DE,Germany,Western Europe,Suhl,email,false
CUST003951,Anni,Jähn,gerdawieloch@example.org,Undisclosed,1991-01-02,2024-11-03,DE,Germany,Western Europe,Rochlitz,organic_search,true
CUST003952,Haroldo,Gibert,quirosale@example.org,M,1950-09-09,2024-11-27,ES,Spain,Southern Europe,Córdoba,social_media,false
CUST003953,Joseph,Åström,anna77@example.net,M,2003-12-09,2025-04-03,SE,Sweden,Nordic,Sundsvall,referral,false
CUST003954,Isabelle,Lindner,,M,1950-06-18,2025-07-24,DE,Germany,Western Europe,Cuxhaven,direct,true
CUST003955,Franz-Peter,Etzold,wirthannette@example.net,M,1947-02-10,2025-06-06,DE,Germany,Western Europe,Fulda,organic_search,true
CUST003956,Paca,Madrigal,zorrillalucia@example.com,Undisclosed,1953-12-15,2023-02-23,ES,Spain,Southern Europe,Jaén,direct,false
CUST003957,Ermanno,Faugno,garozzorenata@example.org,M,1973-10-26,2023-07-30,IT,Italy,Southern Europe,Gattico,direct,false
CUST003958,Julie,Dupuis,blotlorraine@example.com,Undisclosed,1974-07-04,2023-01-01,FR,France,Western Europe,Rocheboeuf,organic_search,true
CUST003959,Sylvester,Höfig,lehmannmina@example.com,Undisclosed,1946-09-13,2025-02-26,DE,Germany,Western Europe,Donaueschingen,direct,true
CUST003960,Cengiz,Trüb,liesarust@example.net,M,1984-07-30,2024-02-23,DE,Germany,Western Europe,Steinfurt,direct,false
CUST003961,Kieran,Young,glenndavidson@example.net,M,1988-11-24,2025-11-25,GB,United Kingdom,Western Europe,Nelsonville,organic_search,false
CUST003962,Célina,Guillon,alexmarion@example.org,F,1963-05-19,2025-04-17,FR,France,Western Europe,Ferrand-sur-Duhamel,social_media,true
CUST003963,Hans-Friedrich,Schmiedecke,michelle22@example.com,M,1973-11-20,2023-10-05,DE,Germany,Western Europe,Grevesmühlen,referral,false
CUST003964,Harriet,Mahmood,lydia84@example.org,Undisclosed,1993-07-21,2023-05-28,GB,United Kingdom,Western Europe,O'Sullivanville,social_media,false
CUST003965,Heinz-Wilhelm,Bien,jesselliesel@example.org,F,1974-09-05,2023-09-12,DE,Germany,Western Europe,Aue,direct,true
CUST003966,Alejandra,Blázquez,monteschita@example.com,M,2002-11-27,2024-10-24,ES,Spain,Southern Europe,Guadalajara,email,false
CUST003967,Jacques,Valette,jeannine06@example.net,M,1978-06-13,2025-11-19,FR,France,Western Europe,VoisinVille,paid_search,false
CUST003968,Eberhardt,Stroh,sophiaklemm@example.net,Undisclosed,1956-01-09,2024-05-15,DE,Germany,Western Europe,Warendorf,direct,false
CUST003969,Connor,Ali,janet37@example.org,F,2005-12-30,2024-02-06,GB,United Kingdom,Western Europe,Byrnetown,organic_search,true
CUST003970,Danielle,Léger,williamaubert@example.com,Undisclosed,1950-08-13,2023-06-12,FR,France,Western Europe,Robert-les-Bains,referral,false
CUST003971,Sofia,Johnson,mohamed99@example.net,F,1961-02-26,2023-06-22,SE,Sweden,Nordic,Nyköping,social_media,false
CUST003972,Rosemary,Saunders,mandyburke@example.com,M,1969-03-31,2023-10-29,GB,United Kingdom,Western Europe,New Carlyberg,referral,false
CUST003973,Émile,Legrand,michelle74@example.net,M,1950-01-24,2025-08-30,FR,France,Western Europe,Parent-sur-Mer,organic_search,true
CUST003974,Josephine,van der Brink,avan-jumiege@example.org,M,1974-08-26,2025-05-15,NL,Netherlands,Western Europe,Exmorra,referral,false
CUST003975,François,Renard,anais76@example.org,Undisclosed,1970-07-04,2025-04-05,FR,France,Western Europe,Klein-les-Bains,paid_search,true
CUST003976,Alessia,Bataglia,giacintobaglioni@example.org,F,1970-04-13,2023-08-03,IT,Italy,Southern Europe,Castelnovetto,social_media,false
CUST003977,Martine,Rodrigues,arthurbernier@example.net,Undisclosed,1985-01-07,2025-05-13,FR,France,Western Europe,Techer,email,true
CUST003978,Natalie,Wilson,kim82@example.net,M,2007-07-20,2023-09-12,GB,United Kingdom,Western Europe,Port Jamie,email,true
CUST003979,Anne-Marie,Pruschke,mudehatice@example.net,M,1959-06-24,2025-04-26,DE,Germany,Western Europe,Eilenburg,social_media,true
CUST003980,Adrienne,Ledoux,trolland@example.com,Undisclosed,2008-04-07,2025-11-09,FR,France,Western Europe,Devaux,email,false
CUST003981,Eliseo,Agudo,eustaquio20@example.com,Undisclosed,1950-01-16,2025-10-12,ES,Spain,Southern Europe,Albacete,social_media,true
CUST003982,Paula,Baños,emiliano87@example.com,F,1975-05-31,2024-08-07,ES,Spain,Southern Europe,Madrid,paid_search,false
CUST003983,Riza,Junken,nwiek@example.net,F,1950-03-10,2025-07-30,DE,Germany,Western Europe,Schwäbisch Gmünd,paid_search,false
CUST003984,Inga,Bähr,nikolas51@example.net,M,1946-12-06,2025-03-08,DE,Germany,Western Europe,Bogen,paid_search,true
CUST003985,Marcio,Jaén,vilanovadario@example.net,M,1993-12-31,2025-09-10,ES,Spain,Southern Europe,Barcelona,social_media,true
CUST003986,Antonio,Andreotti,ndossi@example.net,M,1959-12-17,2024-09-02,IT,Italy,Southern Europe,Visano,direct,true
CUST003987,Ilias,Jungfer,mentzelfranz@example.org,F,1948-04-15,2023-05-02,DE,Germany,Western Europe,Wolfenbüttel,organic_search,false
CUST003988,Aimee,Dixon,paulcole@example.org,M,1955-05-16,2023-03-10,GB,United Kingdom,Western Europe,Joemouth,paid_search,true
CUST003989,Bernadette,Gosselin,susan39@example.org,Undisclosed,1984-09-07,2024-08-17,FR,France,Western Europe,Vaillant,social_media,false
CUST003990,Jolanda,Petrocelli,cardanosylvia@example.com,F,1960-09-23,2025-01-18,IT,Italy,Southern Europe,Sabaudia,paid_search,false
CUST003991,Raymund,Roht,bziegert@example.net,Undisclosed,1977-10-01,2025-05-30,DE,Germany,Western Europe,Amberg,organic_search,false
CUST003992,Jacek,Haering,,Undisclosed,2004-01-29,2025-08-13,DE,Germany,Western Europe,Greiz,organic_search,true
CUST003993,Roque,Cabezas,leon41@example.org,M,1975-05-07,2024-09-22,ES,Spain,Southern Europe,Córdoba,organic_search,true
CUST003994,Berit,Hövel,badolph@example.net,M,1965-06-05,2025-10-24,DE,Germany,Western Europe,Querfurt,organic_search,true
CUST003995,Wendy,Rowley,spencerabbie@example.org,M,1955-05-24,2024-10-13,GB,United Kingdom,Western Europe,Burkeburgh,social_media,false
CUST003996,Étienne,Lemaire,costegilles@example.com,M,1970-02-02,2025-05-23,FR,France,Western Europe,Sainte Thérèse,organic_search,false
CUST003997,Laetitia,Baudry,guibertjuliette@example.com,Undisclosed,1993-08-30,2025-11-12,FR,France,Western Europe,Perrin-sur-Mer,referral,false
CUST003998,Mathilde,Rémy,boulangervirginie@example.org,M,1971-01-11,2025-03-29,FR,France,Western Europe,Rocher,paid_search,true
CUST003999,Lynn,Hudson,bethanmarsden@example.net,M,1967-10-04,2025-02-02,GB,United Kingdom,Western Europe,South Eileen,referral,false
CUST004000,Niels,Hiller,tschuster@example.org,M,1996-01-20,2023-02-04,DE,Germany,Western Europe,Viechtach,direct,true
