customer_id,country_code,total_orders,total_net_revenue_eur,last_order_date,first_order_date,recency_days,frequency,monetary,r_score,f_score,m_score,rfm_score,segment
CUST003602,GB,10,1244.87,2025-11-26,2024-01-01,35,10,1244.87,4,5,3,12,Loyal
CUST003976,IT,4,937.63,2025-04-28,2024-01-02,247,4,937.63,1,2,2,5,Hibernating
CUST001269,GB,7,1936.93,2025-12-29,2024-01-02,2,7,1936.93,5,4,4,13,Champions
CUST003654,DE,12,2164.56,2025-10-21,2024-01-04,71,12,2164.56,3,5,4,12,Potential Loyalist
CUST002391,FR,9,3586.22,2025-08-17,2024-01-05,136,9,3586.22,2,5,5,12,At Risk
CUST000064,FR,7,1363.32,2025-12-16,2024-01-06,15,7,1363.32,5,4,3,12,Loyal
CUST000542,GB,9,3962.08,2025-05-30,2024-01-06,215,9,3962.08,1,5,5,11,At Risk
CUST002580,GB,8,2993.18,2025-05-23,2024-01-06,222,8,2993.18,1,5,5,11,At Risk
CUST000132,DE,7,1734.2,2025-08-31,2024-01-07,122,7,1734.2,2,4,4,10,At Risk
CUST000029,GB,9,3871.46,2025-12-28,2024-01-08,3,9,3871.46,5,5,5,15,Champions
CUST001166,ES,6,1899.56,2025-05-16,2024-01-08,229,6,1899.56,1,4,4,9,At Risk
CUST001267,FR,7,2528.42,2025-12-18,2024-01-10,13,7,2528.42,5,4,5,14,Champions
CUST002640,NL,6,1007.11,2025-11-10,2024-01-11,51,6,1007.11,3,4,2,9,Potential Loyalist
CUST002660,NL,7,4056.57,2025-12-30,2024-01-11,1,7,4056.57,5,4,5,14,Champions
CUST003928,NL,7,2571.84,2025-12-31,2024-01-11,0,7,2571.84,5,4,5,14,Champions
CUST002584,FR,5,1295.91,2025-11-30,2024-01-12,31,5,1295.91,4,3,3,10,Loyal
CUST000950,GB,6,2989.66,2025-12-20,2024-01-13,11,6,2989.66,5,4,5,14,Champions
CUST003051,DE,7,1655.96,2025-12-26,2024-01-14,5,7,1655.96,5,4,4,13,Champions
CUST002514,GB,5,3130.61,2025-09-22,2024-01-15,100,5,3130.61,2,3,5,10,At Risk
CUST003592,DE,10,3436.37,2025-12-15,2024-01-15,16,10,3436.37,5,5,5,15,Champions
CUST002772,FR,7,1770.89,2025-09-01,2024-01-15,121,7,1770.89,2,4,4,10,At Risk
CUST000268,NL,1,22.79,2024-01-15,2024-01-15,716,1,22.79,1,1,1,3,Hibernating
CUST003231,GB,8,1598.45,2025-12-14,2024-01-16,17,8,1598.45,4,5,3,12,Loyal
CUST002277,NL,6,1164.72,2025-12-09,2024-01-16,22,6,1164.72,4,4,3,11,Loyal
CUST003232,GB,5,1382.87,2025-09-13,2024-01-16,109,5,1382.87,2,3,3,8,At Risk
CUST000523,SE,8,2028.5,2025-11-19,2024-01-18,42,8,2028.5,3,5,4,12,Potential Loyalist
CUST002906,DE,5,1107.73,2025-09-22,2024-01-18,100,5,1107.73,2,3,2,7,At Risk
CUST000862,GB,4,1225.98,2024-12-22,2024-01-20,374,4,1225.98,1,2,3,6,Hibernating
CUST000160,NL,6,2979.14,2025-11-16,2024-01-21,45,6,2979.14,3,4,5,12,Potential Loyalist
CUST002780,DE,8,3735.19,2025-12-30,2024-01-21,1,8,3735.19,5,5,5,15,Champions
CUST002649,FR,8,1226.54,2025-11-01,2024-01-21,60,8,1226.54,3,5,3,11,Potential Loyalist
CUST000062,FR,6,2083.2,2025-03-04,2024-01-21,302,6,2083.2,1,4,4,9,At Risk
CUST003249,IT,4,479.9,2024-11-15,2024-01-22,411,4,479.9,1,2,1,4,Hibernating
CUST003920,ES,4,898.83,2024-12-14,2024-01-23,382,4,898.83,1,2,2,5,Hibernating
CUST001566,FR,4,411.2,2024-10-12,2024-01-24,445,4,411.2,1,2,1,4,Hibernating
CUST003616,DE,7,1003.63,2025-02-24,2024-01-26,310,7,1003.63,1,4,2,7,At Risk
CUST003191,FR,5,1952.84,2025-12-21,2024-01-27,10,5,1952.84,5,3,4,12,Loyal
CUST002986,SE,6,2280.1,2025-12-15,2024-01-28,16,6,2280.1,5,4,4,13,Champions
CUST002593,GB,8,2853.04,2025-12-27,2024-01-30,4,8,2853.04,5,5,5,15,Champions
CUST003712,NL,6,1037.99,2025-08-23,2024-02-03,130,6,1037.99,2,4,2,8,At Risk
CUST001048,DE,6,2090.92,2025-09-05,2024-02-03,117,6,2090.92,2,4,4,10,At Risk
CUST000409,IT,10,1895.46,2025-11-28,2024-02-03,33,10,1895.46,4,5,4,13,Champions
CUST003031,DE,8,1581.07,2025-12-19,2024-02-04,12,8,1581.07,5,5,3,13,Champions
CUST001311,DE,5,2873.62,2025-02-20,2024-02-04,314,5,2873.62,1,3,5,9,At Risk
CUST002678,DE,12,8104.78,2025-10-26,2024-02-07,66,12,8104.78,3,5,5,13,Champions
CUST000394,ES,1,488.35,2024-02-08,2024-02-08,692,1,488.35,1,1,1,3,Hibernating
CUST002434,FR,3,883.23,2025-03-09,2024-02-09,297,3,883.23,1,1,2,4,Hibernating
CUST001770,FR,4,1169.86,2025-10-07,2024-02-11,85,4,1169.86,2,2,3,7,Hibernating
CUST002632,NL,4,1066.2,2025-12-17,2024-02-12,14,4,1066.2,5,2,2,9,Potential Loyalist
CUST000983,DE,3,494.61,2025-10-28,2024-02-17,64,3,494.61,3,1,1,5,Potential Loyalist
CUST000992,NL,7,2061.25,2025-08-20,2024-02-18,133,7,2061.25,2,4,4,10,At Risk
CUST003850,DE,10,4014.6,2025-12-28,2024-02-18,3,10,4014.6,5,5,5,15,Champions
CUST000609,GB,7,2256.47,2025-08-23,2024-02-18,130,7,2256.47,2,4,4,10,At Risk
CUST001459,DE,7,1491.87,2025-11-18,2024-02-19,43,7,1491.87,3,4,3,10,Potential Loyalist
CUST002589,DE,5,2181.58,2025-10-03,2024-02-20,89,5,2181.58,2,3,4,9,At Risk
CUST001170,FR,8,1545.86,2025-12-24,2024-02-21,7,8,1545.86,5,5,3,13,Champions
CUST002384,FR,4,766.83,2025-11-29,2024-02-21,32,4,766.83,4,2,2,8,Potential Loyalist
CUST002301,ES,3,1872.14,2025-10-20,2024-02-22,72,3,1872.14,3,1,4,8,Potential Loyalist
CUST001143,NL,9,3711.89,2025-11-18,2024-02-22,43,9,3711.89,3,5,5,13,Champions
CUST002045,ES,7,1273.63,2025-07-25,2024-02-25,159,7,1273.63,2,4,3,9,At Risk
CUST000795,DE,1,25.67,2024-03-01,2024-03-01,670,1,25.67,1,1,1,3,Hibernating
CUST002651,DE,1,84.23,2024-03-01,2024-03-01,670,1,84.23,1,1,1,3,Hibernating
CUST002591,ES,5,635.93,2025-07-21,2024-03-02,163,5,635.93,2,3,1,6,At Risk
CUST003550,GB,13,6631.51,2025-09-17,2024-03-02,105,13,6631.51,2,5,5,12,At Risk
CUST002389,NL,9,3246.87,2025-12-19,2024-03-03,12,9,3246.87,5,5,5,15,Champions
CUST001995,ES,6,2080.39,2025-10-13,2024-03-03,79,6,2080.39,3,4,4,11,Potential Loyalist
CUST002380,ES,7,1135.74,2025-08-19,2024-03-04,134,7,1135.74,2,4,3,9,At Risk
CUST000339,GB,4,1782.18,2025-11-08,2024-03-04,53,4,1782.18,3,2,4,9,Potential Loyalist
CUST000400,ES,8,1894.45,2025-12-19,2024-03-07,12,8,1894.45,5,5,4,14,Champions
CUST002823,GB,9,1965.98,2025-12-23,2024-03-07,8,9,1965.98,5,5,4,14,Champions
CUST000371,DE,6,1818.39,2025-01-20,2024-03-08,345,6,1818.39,1,4,4,9,At Risk
CUST001923,GB,6,1085.31,2025-11-21,2024-03-09,40,6,1085.31,3,4,2,9,Potential Loyalist
CUST000133,DE,3,1611.24,2025-08-08,2024-03-09,145,3,1611.24,2,1,3,6,Hibernating
CUST002212,ES,12,3723.48,2025-12-30,2024-03-14,1,12,3723.48,5,5,5,15,Champions
CUST002714,FR,11,3183.99,2025-11-15,2024-03-15,46,11,3183.99,3,5,5,13,Champions
CUST002630,FR,5,1167.99,2025-08-07,2024-03-16,146,5,1167.99,2,3,3,8,At Risk
CUST003184,DE,3,1295.01,2024-08-11,2024-03-17,507,3,1295.01,1,1,3,5,Hibernating
CUST002793,GB,4,1028.35,2025-10-17,2024-03-20,75,4,1028.35,3,2,2,7,Potential Loyalist
CUST001221,SE,5,2868.75,2024-12-08,2024-03-21,388,5,2868.75,1,3,5,9,At Risk
CUST000822,DE,6,2316.3,2025-07-19,2024-03-21,165,6,2316.3,2,4,4,10,At Risk
CUST000625,GB,3,320.83,2025-12-13,2024-03-22,18,3,320.83,4,1,1,6,Potential Loyalist
CUST001038,NL,11,1672.16,2025-12-19,2024-03-24,12,11,1672.16,5,5,4,14,Champions
CUST000210,DE,6,2361.28,2025-11-29,2024-03-25,32,6,2361.28,4,4,4,12,Loyal
CUST002290,DE,5,1494.76,2025-11-17,2024-03-26,44,5,1494.76,3,3,3,9,Potential Loyalist
CUST001381,DE,5,862.27,2025-12-06,2024-03-26,25,5,862.27,4,3,2,9,Loyal
CUST001810,DE,7,3039.85,2025-12-31,2024-03-27,0,7,3039.85,5,4,5,14,Champions
CUST002701,GB,8,4820.94,2025-10-01,2024-03-30,91,8,4820.94,2,5,5,12,At Risk
CUST003303,GB,9,3491.11,2025-06-07,2024-03-30,207,9,3491.11,1,5,5,11,At Risk
CUST000149,DE,10,1430.69,2025-12-13,2024-03-30,18,10,1430.69,4,5,3,12,Loyal
CUST002895,DE,3,858.42,2025-11-30,2024-03-31,31,3,858.42,4,1,2,7,Potential Loyalist
CUST000321,GB,6,1428.11,2025-07-09,2024-03-31,175,6,1428.11,2,4,3,9,At Risk
CUST003536,DE,7,2100.4,2024-12-31,2024-03-31,365,7,2100.4,1,4,4,9,At Risk
CUST003040,GB,4,564.38,2025-01-07,2024-04-03,358,4,564.38,1,2,1,4,Hibernating
CUST003926,DE,3,827.7,2025-05-30,2024-04-04,215,3,827.7,1,1,2,4,Hibernating
CUST003996,FR,9,1592.54,2025-11-03,2024-04-05,58,9,1592.54,3,5,3,11,Potential Loyalist
CUST003101,DE,3,1605.58,2025-10-29,2024-04-05,63,3,1605.58,3,1,3,7,Potential Loyalist
CUST000864,FR,3,206.38,2025-10-02,2024-04-06,90,3,206.38,2,1,1,4,Hibernating
CUST001073,DE,3,2192.32,2025-04-29,2024-04-07,246,3,2192.32,1,1,4,6,Hibernating
CUST003114,DE,9,3318.28,2025-12-13,2024-04-08,18,9,3318.28,4,5,5,14,Champions
CUST001639,SE,5,1529.07,2025-12-29,2024-04-09,2,5,1529.07,5,3,3,11,Loyal
CUST000407,FR,4,672.85,2025-09-23,2024-04-17,99,4,672.85,2,2,2,6,Hibernating
CUST003892,GB,3,1364.85,2024-09-19,2024-04-20,468,3,1364.85,1,1,3,5,Hibernating
CUST002965,ES,8,2073.02,2025-08-26,2024-04-20,127,8,2073.02,2,5,4,11,At Risk
CUST000936,FR,6,1215.86,2024-11-17,2024-04-21,409,6,1215.86,1,4,3,8,At Risk
CUST003883,SE,6,1278.03,2025-10-04,2024-04-21,88,6,1278.03,2,4,3,9,At Risk
CUST003852,DE,5,1039.84,2025-10-04,2024-04-25,88,5,1039.84,2,3,2,7,At Risk
CUST002633,DE,4,2145.11,2025-08-31,2024-04-27,122,4,2145.11,2,2,4,8,Hibernating
CUST002842,ES,9,5351.71,2025-11-08,2024-04-29,53,9,5351.71,3,5,5,13,Champions
CUST000742,FR,8,1995.95,2025-04-14,2024-05-04,261,8,1995.95,1,5,4,10,At Risk
CUST000607,DE,7,1938.45,2025-11-18,2024-05-04,43,7,1938.45,3,4,4,11,Potential Loyalist
CUST002074,IT,8,2378.58,2025-09-24,2024-05-05,98,8,2378.58,2,5,5,12,At Risk
CUST001058,FR,4,2076.85,2025-04-07,2024-05-08,268,4,2076.85,1,2,4,7,Hibernating
CUST003032,FR,6,1341.72,2025-12-12,2024-05-10,19,6,1341.72,4,4,3,11,Loyal
CUST001570,GB,4,1271.84,2025-04-12,2024-05-12,263,4,1271.84,1,2,3,6,Hibernating
CUST002917,NL,7,1886.25,2025-12-18,2024-05-14,13,7,1886.25,5,4,4,13,Champions
CUST003251,GB,3,1065.31,2025-12-31,2024-05-16,0,3,1065.31,5,1,2,8,Potential Loyalist
CUST002784,ES,4,594.1,2025-12-20,2024-05-17,11,4,594.1,5,2,1,8,Potential Loyalist
CUST001237,ES,4,1581.07,2025-11-27,2024-05-20,34,4,1581.07,4,2,3,9,Potential Loyalist
CUST003355,DE,5,1822.95,2024-12-24,2024-05-22,372,5,1822.95,1,3,4,8,At Risk
CUST003915,SE,5,2145.09,2025-10-03,2024-05-22,89,5,2145.09,2,3,4,9,At Risk
CUST003260,IT,2,293.63,2025-07-12,2024-05-23,172,2,293.63,2,1,1,4,Hibernating
CUST003790,SE,7,2632.32,2025-12-19,2024-05-25,12,7,2632.32,5,4,5,14,Champions
CUST003479,GB,1,140.31,2024-05-25,2024-05-25,585,1,140.31,1,1,1,3,Hibernating
CUST002314,NL,5,1528.59,2025-10-20,2024-05-27,72,5,1528.59,3,3,3,9,Potential Loyalist
CUST002046,NL,6,2307.3,2025-09-16,2024-05-28,106,6,2307.3,2,4,4,10,At Risk
CUST003608,FR,3,1012.34,2025-05-28,2024-05-30,217,3,1012.34,1,1,2,4,Hibernating
CUST001382,FR,4,2501.81,2025-12-04,2024-06-01,27,4,2501.81,4,2,5,11,Potential Loyalist
CUST003278,GB,4,1807.87,2025-04-15,2024-06-02,260,4,1807.87,1,2,4,7,Hibernating
CUST001047,DE,3,3348.53,2025-04-22,2024-06-02,253,3,3348.53,1,1,5,7,Hibernating
CUST001669,DE,5,873.24,2025-11-04,2024-06-05,57,5,873.24,3,3,2,8,Potential Loyalist
CUST000305,NL,3,132.76,2025-11-16,2024-06-05,45,3,132.76,3,1,1,5,Potential Loyalist
CUST000151,IT,5,1585.89,2025-07-24,2024-06-06,160,5,1585.89,2,3,3,8,At Risk
CUST001239,SE,5,777.52,2025-10-01,2024-06-07,91,5,777.52,2,3,2,7,At Risk
CUST003788,GB,5,1984.53,2025-12-19,2024-06-07,12,5,1984.53,5,3,4,12,Loyal
CUST001464,NL,3,178.78,2024-08-27,2024-06-07,491,3,178.78,1,1,1,3,Hibernating
CUST002372,ES,6,1031.04,2025-11-23,2024-06-08,38,6,1031.04,4,4,2,10,Loyal
CUST001316,GB,8,1275.62,2025-12-01,2024-06-13,30,8,1275.62,4,5,3,12,Loyal
CUST000859,GB,4,403.24,2025-12-17,2024-06-15,14,4,403.24,5,2,1,8,Potential Loyalist
CUST003240,GB,5,1328.09,2025-08-17,2024-06-19,136,5,1328.09,2,3,3,8,At Risk
CUST003033,ES,4,571.27,2025-10-16,2024-06-20,76,4,571.27,3,2,1,6,Potential Loyalist
CUST002997,DE,5,631.41,2025-11-29,2024-06-22,32,5,631.41,4,3,1,8,Loyal
CUST003552,DE,4,2603.68,2025-12-03,2024-06-22,28,4,2603.68,4,2,5,11,Potential Loyalist
CUST003898,ES,3,1334.65,2024-12-06,2024-06-23,390,3,1334.65,1,1,3,5,Hibernating
CUST001253,DE,6,980.2,2025-12-21,2024-06-25,10,6,980.2,5,4,2,11,Loyal
CUST003744,DE,4,2221.35,2025-08-09,2024-06-28,144,4,2221.35,2,2,4,8,Hibernating
CUST002288,FR,3,1058.45,2025-12-08,2024-06-28,23,3,1058.45,4,1,2,7,Potential Loyalist
CUST001868,DE,3,778.75,2024-09-27,2024-06-28,460,3,778.75,1,1,2,4,Hibernating
CUST003611,GB,7,3826.13,2025-12-28,2024-06-30,3,7,3826.13,5,4,5,14,Champions
CUST002904,FR,7,2207.63,2025-10-04,2024-07-02,88,7,2207.63,2,4,4,10,At Risk
CUST000140,SE,4,709.16,2024-12-03,2024-07-08,393,4,709.16,1,2,2,5,Hibernating
CUST002927,ES,5,4273.65,2025-07-16,2024-07-14,168,5,4273.65,2,3,5,10,At Risk
CUST003410,DE,10,1640.02,2025-09-27,2024-07-21,95,10,1640.02,2,5,4,11,At Risk
CUST003583,FR,4,1640.59,2025-11-24,2024-07-21,37,4,1640.59,4,2,4,10,Potential Loyalist
CUST002403,FR,6,1878.87,2025-12-16,2024-07-21,15,6,1878.87,5,4,4,13,Champions
CUST003956,ES,7,1931.24,2025-09-28,2024-07-25,94,7,1931.24,2,4,4,10,At Risk
CUST002143,NL,2,120.77,2024-11-24,2024-07-27,402,2,120.77,1,1,1,3,Hibernating
CUST003061,FR,6,2155.26,2025-12-19,2024-07-27,12,6,2155.26,5,4,4,13,Champions
CUST000279,NL,7,1486.09,2025-11-27,2024-07-30,34,7,1486.09,4,4,3,11,Loyal
CUST002661,GB,4,967.49,2025-10-29,2024-07-30,63,4,967.49,3,2,2,7,Potential Loyalist
CUST002501,ES,3,1292.19,2025-07-06,2024-08-02,178,3,1292.19,2,1,3,6,Hibernating
CUST000131,FR,5,2887.65,2025-12-25,2024-08-04,6,5,2887.65,5,3,5,13,Champions
CUST003189,ES,3,766.58,2025-08-20,2024-08-05,133,3,766.58,2,1,2,5,Hibernating
CUST003598,GB,7,2201.84,2025-08-03,2024-08-08,150,7,2201.84,2,4,4,10,At Risk
CUST000337,ES,4,1656.83,2025-02-11,2024-08-09,323,4,1656.83,1,2,4,7,Hibernating
CUST001308,ES,3,1025.03,2025-12-12,2024-08-10,19,3,1025.03,4,1,2,7,Potential Loyalist
CUST001294,NL,4,404.48,2025-07-17,2024-08-11,167,4,404.48,2,2,1,5,Hibernating
CUST000161,FR,3,1105.26,2025-11-23,2024-08-13,38,3,1105.26,4,1,2,7,Potential Loyalist
CUST001422,GB,5,967.94,2025-12-18,2024-08-13,13,5,967.94,5,3,2,10,Loyal
CUST003049,FR,3,356.06,2025-08-26,2024-08-13,127,3,356.06,2,1,1,4,Hibernating
CUST003193,SE,3,559.28,2025-02-01,2024-08-19,333,3,559.28,1,1,1,3,Hibernating
CUST000952,NL,8,3414.19,2025-12-10,2024-08-20,21,8,3414.19,4,5,5,14,Champions
CUST001354,NL,5,2792.73,2025-09-21,2024-08-21,101,5,2792.73,2,3,5,10,At Risk
CUST002499,SE,5,2071.74,2025-10-06,2024-08-25,86,5,2071.74,2,3,4,9,At Risk
CUST002393,FR,8,1045.94,2025-12-28,2024-08-29,3,8,1045.94,5,5,2,12,Loyal
CUST002166,SE,2,905.05,2024-09-11,2024-09-02,476,2,905.05,1,1,2,4,Hibernating
CUST000130,GB,6,2733.8,2025-07-22,2024-09-03,162,6,2733.8,2,4,5,11,At Risk
CUST003030,GB,4,1415.95,2025-04-18,2024-09-03,257,4,1415.95,1,2,3,6,Hibernating
CUST000600,DE,2,287.56,2025-12-10,2024-09-05,21,2,287.56,4,1,1,6,Potential Loyalist
CUST001766,FR,6,1433.97,2025-08-31,2024-09-08,122,6,1433.97,2,4,3,9,At Risk
CUST000353,NL,7,1875.79,2025-11-21,2024-09-09,40,7,1875.79,3,4,4,11,Potential Loyalist
CUST001605,DE,3,755.78,2025-10-05,2024-09-12,87,3,755.78,2,1,2,5,Hibernating
CUST002244,SE,2,542.87,2025-08-28,2024-09-15,125,2,542.87,2,1,1,4,Hibernating
CUST002791,NL,5,1405.34,2025-06-21,2024-09-16,193,5,1405.34,1,3,3,7,At Risk
CUST000998,DE,5,2509.92,2025-11-22,2024-09-20,39,5,2509.92,3,3,5,11,Potential Loyalist
CUST001671,FR,5,1053.97,2025-12-12,2024-09-25,19,5,1053.97,4,3,2,9,Loyal
CUST000425,DE,3,368.93,2025-01-17,2024-10-01,348,3,368.93,1,1,1,3,Hibernating
CUST000059,DE,6,2389.93,2025-11-02,2024-10-03,59,6,2389.93,3,4,5,12,Potential Loyalist
CUST003724,DE,3,1606.92,2025-02-01,2024-10-06,333,3,1606.92,1,1,3,5,Hibernating
CUST001653,FR,6,2168.41,2025-12-03,2024-10-18,28,6,2168.41,4,4,4,12,Loyal
CUST003172,FR,8,1461.82,2025-12-11,2024-10-22,20,8,1461.82,4,5,3,12,Loyal
CUST001035,DE,3,1133.18,2025-11-03,2024-10-24,58,3,1133.18,3,1,3,7,Potential Loyalist
CUST001879,FR,4,1557.04,2025-11-30,2024-10-25,31,4,1557.04,4,2,3,9,Potential Loyalist
CUST001667,DE,3,1166.59,2025-12-12,2024-11-02,19,3,1166.59,4,1,3,8,Potential Loyalist
CUST003078,DE,3,525.24,2025-04-24,2024-11-02,251,3,525.24,1,1,1,3,Hibernating
CUST003334,DE,9,1319.35,2025-11-16,2024-11-03,45,9,1319.35,3,5,3,11,Potential Loyalist
CUST001205,GB,3,94.22,2025-11-30,2024-11-03,31,3,94.22,4,1,1,6,Potential Loyalist
CUST000413,SE,4,1329.35,2025-10-09,2024-11-03,83,4,1329.35,2,2,3,7,Hibernating
CUST003060,SE,3,870.49,2025-02-04,2024-11-06,330,3,870.49,1,1,2,4,Hibernating
CUST000829,NL,3,888.65,2025-10-17,2024-11-08,75,3,888.65,3,1,2,6,Potential Loyalist
CUST000595,IT,4,703.94,2025-12-29,2024-11-12,2,4,703.94,5,2,2,9,Potential Loyalist
CUST001621,GB,2,423.44,2025-02-16,2024-11-13,318,2,423.44,1,1,1,3,Hibernating
CUST001942,FR,4,690.92,2025-12-26,2024-11-14,5,4,690.92,5,2,2,9,Potential Loyalist
CUST002224,DE,2,131.51,2025-07-15,2024-11-26,169,2,131.51,2,1,1,4,Hibernating
CUST000367,SE,1,429.62,2024-11-27,2024-11-27,399,1,429.62,1,1,1,3,Hibernating
CUST000613,GB,3,1211.65,2025-10-10,2024-11-30,82,3,1211.65,2,1,3,6,Hibernating
CUST003233,DE,4,1007.45,2025-12-10,2024-12-02,21,4,1007.45,4,2,2,8,Potential Loyalist
CUST003682,DE,4,1327.19,2025-12-22,2024-12-02,9,4,1327.19,5,2,3,10,Potential Loyalist
CUST001271,NL,2,54.22,2025-12-16,2024-12-02,15,2,54.22,5,1,1,7,Potential Loyalist
CUST003681,ES,2,239.01,2025-08-28,2024-12-03,125,2,239.01,2,1,1,4,Hibernating
CUST002041,ES,2,189.72,2025-10-13,2024-12-07,79,2,189.72,3,1,1,5,Potential Loyalist
CUST003468,NL,8,3218.63,2025-12-12,2024-12-07,19,8,3218.63,4,5,5,14,Champions
CUST000178,FR,3,175.68,2025-05-28,2024-12-10,217,3,175.68,1,1,1,3,Hibernating
CUST003836,FR,5,792.93,2025-11-02,2024-12-10,59,5,792.93,3,3,2,8,Potential Loyalist
CUST000022,DE,2,251.88,2025-01-30,2024-12-21,335,2,251.88,1,1,1,3,Hibernating
CUST002170,FR,4,1104.54,2025-04-06,2024-12-24,269,4,1104.54,1,2,2,5,Hibernating
CUST002919,FR,3,552.89,2025-12-14,2024-12-31,17,3,552.89,4,1,1,6,Potential Loyalist
CUST002572,IT,4,589.48,2025-08-31,2025-01-01,122,4,589.48,2,2,1,5,Hibernating
CUST003230,DE,3,149.6,2025-09-26,2025-01-01,96,3,149.6,2,1,1,4,Hibernating
CUST000369,DE,5,2000.67,2025-05-17,2025-01-13,228,5,2000.67,1,3,4,8,At Risk
CUST001543,GB,3,2188.71,2025-10-08,2025-01-25,84,3,2188.71,2,1,4,7,Hibernating
CUST001637,FR,4,1266.1,2025-12-02,2025-02-06,29,4,1266.1,4,2,3,9,Potential Loyalist
CUST003363,NL,9,2501.2,2025-12-27,2025-02-20,4,9,2501.2,5,5,5,15,Champions
CUST001057,ES,7,2286.58,2025-11-27,2025-02-25,34,7,2286.58,4,4,4,12,Loyal
CUST003777,ES,5,2811.97,2025-11-03,2025-02-28,58,5,2811.97,3,3,5,11,Potential Loyalist
CUST000723,DE,1,430.82,2025-03-02,2025-03-02,304,1,430.82,1,1,1,3,Hibernating
CUST001087,GB,3,783.0,2025-09-29,2025-03-03,93,3,783.0,2,1,2,5,Hibernating
CUST002463,GB,4,897.32,2025-12-20,2025-03-04,11,4,897.32,5,2,2,9,Potential Loyalist
CUST001429,GB,2,472.83,2025-12-22,2025-03-17,9,2,472.83,5,1,1,7,Potential Loyalist
CUST001302,IT,3,491.37,2025-12-11,2025-03-19,20,3,491.37,4,1,1,6,Potential Loyalist
CUST002985,GB,3,400.04,2025-09-06,2025-03-22,116,3,400.04,2,1,1,4,Hibernating
CUST002918,ES,3,164.11,2025-10-11,2025-03-24,81,3,164.11,2,1,1,4,Hibernating
CUST002455,GB,3,3108.88,2025-10-02,2025-04-08,90,3,3108.88,2,1,5,8,Hibernating
CUST002789,SE,3,1601.1,2025-07-14,2025-04-08,170,3,1601.1,2,1,3,6,Hibernating
CUST002631,GB,2,1873.77,2025-12-30,2025-05-02,1,2,1873.77,5,1,4,10,Potential Loyalist
CUST003399,DE,2,274.24,2025-05-28,2025-05-03,217,2,274.24,1,1,1,3,Hibernating
CUST001075,SE,5,1715.54,2025-12-04,2025-06-23,27,5,1715.54,4,3,4,11,Loyal
CUST003180,NL,1,297.98,2025-07-13,2025-07-13,171,1,297.98,2,1,1,4,Hibernating
CUST003261,DE,1,107.19,2025-09-03,2025-09-03,119,1,107.19,2,1,1,4,Hibernating
CUST001462,NL,1,19.94,2025-11-15,2025-11-15,46,1,19.94,3,1,1,5,Potential Loyalist
CUST001743,ES,1,335.04,2025-11-27,2025-11-27,34,1,335.04,4,1,1,6,Potential Loyalist
CUST002048,NL,3,2900.06,2024-09-20,2024-01-01,467,3,2900.06,1,1,5,7,Hibernating
CUST002883,DE,6,2049.23,2025-10-25,2024-01-02,67,6,2049.23,3,4,4,11,Potential Loyalist
CUST001710,NL,8,2311.26,2025-03-14,2024-01-03,292,8,2311.26,1,5,4,10,At Risk
CUST000640,FR,9,2510.36,2025-10-17,2024-01-04,75,9,2510.36,3,5,5,13,Champions
CUST000055,GB,6,1877.45,2025-11-22,2024-01-05,39,6,1877.45,3,4,4,11,Potential Loyalist
CUST000798,GB,8,1786.85,2025-12-21,2024-01-05,10,8,1786.85,5,5,4,14,Champions
CUST002168,DE,9,4243.05,2025-10-29,2024-01-06,63,9,4243.05,3,5,5,13,Champions
CUST003615,FR,6,4545.89,2025-06-04,2024-01-08,210,6,4545.89,1,4,5,10,At Risk
CUST002898,FR,8,2399.4,2025-11-07,2024-01-10,54,8,2399.4,3,5,5,13,Champions
CUST002771,DE,4,947.97,2025-10-09,2024-01-10,83,4,947.97,2,2,2,6,Hibernating
CUST003704,ES,8,1483.58,2025-06-30,2024-01-11,184,8,1483.58,2,5,3,10,At Risk
CUST000632,IT,5,657.1,2025-12-04,2024-01-12,27,5,657.1,4,3,2,9,Loyal
CUST000803,GB,7,3359.56,2025-09-06,2024-01-13,116,7,3359.56,2,4,5,11,At Risk
CUST002337,GB,7,1414.58,2025-12-21,2024-01-13,10,7,1414.58,5,4,3,12,Loyal
CUST000393,FR,5,1170.72,2024-11-11,2024-01-14,415,5,1170.72,1,3,3,7,At Risk
CUST001045,IT,5,817.23,2025-12-02,2024-01-16,29,5,817.23,4,3,2,9,Loyal
CUST001936,ES,5,1129.18,2025-12-31,2024-01-18,0,5,1129.18,5,3,3,11,Loyal
CUST002977,ES,8,3896.75,2025-12-03,2024-01-19,28,8,3896.75,4,5,5,14,Champions
CUST000750,GB,7,4570.41,2025-12-12,2024-01-19,19,7,4570.41,4,4,5,13,Champions
CUST003595,GB,9,1273.21,2025-11-07,2024-01-20,54,9,1273.21,3,5,3,11,Potential Loyalist
CUST000099,DE,7,1838.27,2025-12-14,2024-01-20,17,7,1838.27,4,4,4,12,Loyal
CUST002537,NL,7,736.98,2025-11-30,2024-01-20,31,7,736.98,4,4,2,10,Loyal
CUST002567,DE,3,591.76,2025-11-04,2024-01-22,57,3,591.76,3,1,1,5,Potential Loyalist
CUST001579,GB,4,757.65,2025-07-25,2024-01-22,159,4,757.65,2,2,2,6,Hibernating
CUST003981,ES,10,2170.4,2025-11-26,2024-01-23,35,10,2170.4,4,5,4,13,Champions
CUST002075,IT,9,3039.15,2025-08-30,2024-01-24,123,9,3039.15,2,5,5,12,At Risk
CUST003717,FR,5,420.02,2025-02-13,2024-01-26,321,5,420.02,1,3,1,5,At Risk
CUST003322,DE,5,1695.55,2025-11-11,2024-01-26,50,5,1695.55,3,3,4,10,Potential Loyalist
CUST000107,FR,9,3059.55,2025-07-28,2024-01-27,156,9,3059.55,2,5,5,12,At Risk
CUST003364,FR,11,3912.59,2025-12-07,2024-01-27,24,11,3912.59,4,5,5,14,Champions
CUST000380,FR,8,2440.06,2025-12-04,2024-01-27,27,8,2440.06,4,5,5,14,Champions
CUST001866,IT,7,2238.42,2025-08-13,2024-01-28,140,7,2238.42,2,4,4,10,At Risk
CUST000243,IT,3,1419.1,2025-01-14,2024-01-28,351,3,1419.1,1,1,3,5,Hibernating
CUST002737,SE,3,255.59,2025-09-13,2024-01-28,109,3,255.59,2,1,1,4,Hibernating
CUST003171,NL,5,1282.43,2025-10-27,2024-01-28,65,5,1282.43,3,3,3,9,Potential Loyalist
CUST003194,FR,11,3838.76,2025-12-17,2024-01-29,14,11,3838.76,5,5,5,15,Champions
CUST001614,FR,4,1052.39,2025-03-15,2024-01-30,291,4,1052.39,1,2,2,5,Hibernating
CUST002609,NL,14,2540.68,2025-12-16,2024-02-01,15,14,2540.68,5,5,5,15,Champions
CUST002613,DE,5,2074.75,2025-04-10,2024-02-02,265,5,2074.75,1,3,4,8,At Risk
CUST000461,DE,3,840.56,2025-12-30,2024-02-02,1,3,840.56,5,1,2,8,Potential Loyalist
CUST003719,FR,8,2460.72,2025-12-06,2024-02-03,25,8,2460.72,4,5,5,14,Champions
CUST003842,DE,7,3370.61,2025-11-04,2024-02-07,57,7,3370.61,3,4,5,12,Potential Loyalist
CUST002429,FR,6,860.29,2025-12-08,2024-02-07,23,6,860.29,4,4,2,10,Loyal
CUST003137,NL,8,1519.42,2025-11-29,2024-02-08,32,8,1519.42,4,5,3,12,Loyal
CUST003207,ES,7,1775.7,2025-12-25,2024-02-09,6,7,1775.7,5,4,4,13,Champions
CUST000440,DE,6,1544.99,2025-11-23,2024-02-09,38,6,1544.99,4,4,3,11,Loyal
CUST002988,GB,4,741.22,2025-05-19,2024-02-10,226,4,741.22,1,2,2,5,Hibernating
CUST000792,GB,5,1379.48,2025-12-30,2024-02-10,1,5,1379.48,5,3,3,11,Loyal
CUST003542,ES,5,700.07,2025-08-19,2024-02-10,134,5,700.07,2,3,2,7,At Risk
CUST002794,FR,5,4215.88,2025-10-09,2024-02-10,83,5,4215.88,2,3,5,10,At Risk
CUST002265,GB,2,806.12,2025-06-15,2024-02-11,199,2,806.12,1,1,2,4,Hibernating
CUST001510,ES,6,1248.78,2025-12-31,2024-02-12,0,6,1248.78,5,4,3,12,Loyal
CUST003105,FR,3,706.04,2025-10-21,2024-02-13,71,3,706.04,3,1,2,6,Potential Loyalist
CUST002073,DE,6,2819.63,2025-11-20,2024-02-14,41,6,2819.63,3,4,5,12,Potential Loyalist
CUST001843,FR,3,2691.11,2025-05-14,2024-02-14,231,3,2691.11,1,1,5,7,Hibernating
CUST000372,DE,7,2260.66,2025-11-25,2024-02-17,36,7,2260.66,4,4,4,12,Loyal
CUST002058,FR,6,768.47,2025-11-30,2024-02-18,31,6,768.47,4,4,2,10,Loyal
CUST001041,GB,5,1367.22,2025-03-17,2024-02-20,289,5,1367.22,1,3,3,7,At Risk
CUST000863,GB,10,2036.84,2025-11-20,2024-02-20,41,10,2036.84,3,5,4,12,Potential Loyalist
CUST001463,DE,4,956.42,2024-11-16,2024-02-21,410,4,956.42,1,2,2,5,Hibernating
CUST003626,FR,9,2809.01,2025-12-29,2024-02-21,2,9,2809.01,5,5,5,15,Champions
CUST003797,GB,8,1338.25,2025-12-28,2024-02-22,3,8,1338.25,5,5,3,13,Champions
CUST002836,IT,4,479.09,2025-08-02,2024-02-22,151,4,479.09,2,2,1,5,Hibernating
CUST000550,ES,10,1585.79,2025-12-14,2024-02-24,17,10,1585.79,4,5,3,12,Loyal
CUST003359,ES,9,2295.32,2025-09-28,2024-02-24,94,9,2295.32,2,5,4,11,At Risk
CUST002892,NL,7,1034.56,2025-11-19,2024-02-25,42,7,1034.56,3,4,2,9,Potential Loyalist
CUST001403,DE,6,1993.69,2025-09-02,2024-02-25,120,6,1993.69,2,4,4,10,At Risk
CUST000301,DE,4,902.46,2025-12-25,2024-02-25,6,4,902.46,5,2,2,9,Potential Loyalist
CUST001992,DE,12,3993.77,2025-10-14,2024-02-27,78,12,3993.77,3,5,5,13,Champions
CUST000270,FR,7,1341.3,2025-12-08,2024-02-28,23,7,1341.3,4,4,3,11,Loyal
CUST003025,DE,8,4422.85,2025-06-12,2024-03-02,202,8,4422.85,1,5,5,11,At Risk
CUST001289,DE,6,1556.38,2025-12-19,2024-03-03,12,6,1556.38,5,4,3,12,Loyal
CUST002553,ES,6,427.38,2025-12-08,2024-03-03,23,6,427.38,4,4,1,9,Loyal
CUST001356,IT,1,103.88,2024-03-05,2024-03-05,666,1,103.88,1,1,1,3,Hibernating
CUST002218,FR,8,3771.56,2025-12-28,2024-03-07,3,8,3771.56,5,5,5,15,Champions
CUST002607,DE,2,361.77,2024-08-11,2024-03-07,507,2,361.77,1,1,1,3,Hibernating
CUST002944,NL,5,1443.26,2025-11-16,2024-03-09,45,5,1443.26,3,3,3,9,Potential Loyalist
CUST003727,DE,6,2013.04,2025-08-02,2024-03-09,151,6,2013.04,2,4,4,10,At Risk
CUST000430,DE,9,1263.39,2025-12-27,2024-03-10,4,9,1263.39,5,5,3,13,Champions
CUST002217,ES,6,861.71,2025-11-16,2024-03-12,45,6,861.71,3,4,2,9,Potential Loyalist
CUST003121,FR,8,1203.96,2025-12-27,2024-03-13,4,8,1203.96,5,5,3,13,Champions
CUST000034,IT,7,2211.07,2025-11-01,2024-03-15,60,7,2211.07,3,4,4,11,Potential Loyalist
CUST001291,FR,5,608.72,2025-04-10,2024-03-16,265,5,608.72,1,3,1,5,At Risk
CUST002038,DE,5,1577.94,2025-12-07,2024-03-17,24,5,1577.94,4,3,3,10,Loyal
CUST000451,ES,3,1464.24,2025-12-07,2024-03-20,24,3,1464.24,4,1,3,8,Potential Loyalist
CUST001320,DE,2,921.09,2025-12-15,2024-03-20,16,2,921.09,5,1,2,8,Potential Loyalist
CUST002769,GB,5,949.84,2025-05-20,2024-03-20,225,5,949.84,1,3,2,6,At Risk
CUST002739,SE,8,2901.08,2025-12-24,2024-03-20,7,8,2901.08,5,5,5,15,Champions
CUST000834,DE,5,1367.69,2025-03-29,2024-03-21,277,5,1367.69,1,3,3,7,At Risk
CUST002110,SE,6,2752.87,2025-02-17,2024-03-23,317,6,2752.87,1,4,5,10,At Risk
CUST002625,FR,4,523.08,2025-03-09,2024-03-23,297,4,523.08,1,2,1,4,Hibernating
CUST003656,DE,3,245.45,2024-08-21,2024-03-23,497,3,245.45,1,1,1,3,Hibernating
CUST000630,FR,8,1470.07,2025-12-24,2024-03-24,7,8,1470.07,5,5,3,13,Champions
CUST000109,DE,6,3735.08,2025-06-21,2024-03-25,193,6,3735.08,1,4,5,10,At Risk
CUST000125,DE,7,4200.15,2025-12-10,2024-03-27,21,7,4200.15,4,4,5,13,Champions
CUST002505,DE,5,1714.16,2025-12-07,2024-03-29,24,5,1714.16,4,3,4,11,Loyal
CUST000660,GB,9,2586.17,2025-11-19,2024-04-01,42,9,2586.17,3,5,5,13,Champions
CUST002462,IT,6,1804.86,2025-05-11,2024-04-03,234,6,1804.86,1,4,4,9,At Risk
CUST003902,FR,5,1782.01,2025-10-27,2024-04-04,65,5,1782.01,3,3,4,10,Potential Loyalist
CUST002035,GB,9,1820.45,2025-12-13,2024-04-07,18,9,1820.45,4,5,4,13,Champions
CUST002321,IT,6,1389.92,2025-09-06,2024-04-08,116,6,1389.92,2,4,3,9,At Risk
CUST003009,NL,6,941.81,2025-12-17,2024-04-09,14,6,941.81,5,4,2,11,Loyal
CUST000651,DE,4,941.14,2025-12-04,2024-04-09,27,4,941.14,4,2,2,8,Potential Loyalist
CUST000449,FR,3,1224.23,2024-08-21,2024-04-10,497,3,1224.23,1,1,3,5,Hibernating
CUST001376,IT,5,374.13,2025-10-03,2024-04-11,89,5,374.13,2,3,1,6,At Risk
CUST001284,DE,3,2732.01,2025-03-03,2024-04-15,303,3,2732.01,1,1,5,7,Hibernating
CUST000432,ES,6,3280.93,2025-12-06,2024-04-16,25,6,3280.93,4,4,5,13,Champions
CUST000661,FR,5,142.79,2025-12-07,2024-04-17,24,5,142.79,4,3,1,8,Loyal
CUST000942,GB,7,1678.83,2025-12-03,2024-04-17,28,7,1678.83,4,4,4,12,Loyal
CUST002227,FR,9,1879.69,2025-07-09,2024-04-21,175,9,1879.69,2,5,4,11,At Risk
CUST003786,DE,3,615.47,2025-11-04,2024-04-23,57,3,615.47,3,1,1,5,Potential Loyalist
CUST001214,ES,4,1685.81,2024-12-06,2024-04-23,390,4,1685.81,1,2,4,7,Hibernating
CUST000431,DE,2,316.0,2024-10-26,2024-04-24,431,2,316.0,1,1,1,3,Hibernating
CUST003628,IT,7,2983.25,2025-11-21,2024-04-25,40,7,2983.25,3,4,5,12,Potential Loyalist
CUST000384,IT,4,706.55,2025-12-23,2024-04-27,8,4,706.55,5,2,2,9,Potential Loyalist
CUST001998,DE,3,1742.63,2025-04-27,2024-04-29,248,3,1742.63,1,1,4,6,Hibernating
CUST003329,DE,5,1746.85,2025-10-20,2024-04-30,72,5,1746.85,3,3,4,10,Potential Loyalist
CUST000678,FR,8,1435.49,2025-11-15,2024-05-01,46,8,1435.49,3,5,3,11,Potential Loyalist
CUST001689,GB,4,1327.58,2025-06-25,2024-05-06,189,4,1327.58,2,2,3,7,Hibernating
CUST003213,DE,4,480.27,2025-05-26,2024-05-08,219,4,480.27,1,2,1,4,Hibernating
CUST001046,GB,4,348.85,2025-12-01,2024-05-08,30,4,348.85,4,2,1,7,Potential Loyalist
CUST001455,DE,8,2174.82,2025-12-25,2024-05-08,6,8,2174.82,5,5,4,14,Champions
CUST002057,GB,2,952.26,2025-11-16,2024-05-08,45,2,952.26,3,1,2,6,Potential Loyalist
CUST000899,DE,4,1331.79,2025-12-15,2024-05-10,16,4,1331.79,5,2,3,10,Potential Loyalist
CUST002369,FR,3,938.35,2025-12-22,2024-05-12,9,3,938.35,5,1,2,8,Potential Loyalist
CUST003785,ES,4,2237.86,2025-06-09,2024-05-14,205,4,2237.86,1,2,4,7,Hibernating
CUST001952,DE,5,743.62,2025-07-11,2024-05-14,173,5,743.62,2,3,2,7,At Risk
CUST001280,GB,5,3488.29,2025-12-19,2024-05-15,12,5,3488.29,5,3,5,13,Champions
CUST001983,GB,6,381.52,2025-12-28,2024-05-18,3,6,381.52,5,4,1,10,Loyal
CUST001499,FR,3,787.68,2024-11-04,2024-05-18,422,3,787.68,1,1,2,4,Hibernating
CUST001074,DE,7,2807.87,2025-11-26,2024-05-23,35,7,2807.87,4,4,5,13,Champions
CUST002219,IT,5,2234.98,2025-12-29,2024-05-27,2,5,2234.98,5,3,4,12,Loyal
CUST003167,IT,6,1142.33,2025-12-05,2024-05-27,26,6,1142.33,4,4,3,11,Loyal
CUST002569,ES,3,1395.19,2025-05-21,2024-05-29,224,3,1395.19,1,1,3,5,Hibernating
CUST000783,FR,4,404.46,2025-06-09,2024-06-05,205,4,404.46,1,2,1,4,Hibernating
CUST003895,NL,6,1097.72,2025-12-28,2024-06-08,3,6,1097.72,5,4,2,11,Loyal
CUST000552,ES,7,2275.71,2025-11-15,2024-06-13,46,7,2275.71,3,4,4,11,Potential Loyalist
CUST001691,DE,6,2086.31,2025-12-10,2024-06-14,21,6,2086.31,4,4,4,12,Loyal
CUST002990,ES,7,3837.48,2025-12-28,2024-06-14,3,7,3837.48,5,4,5,14,Champions
CUST002339,DE,7,801.6,2025-12-27,2024-06-17,4,7,801.6,5,4,2,11,Loyal
CUST000266,NL,3,986.26,2025-10-29,2024-06-18,63,3,986.26,3,1,2,6,Potential Loyalist
CUST000583,GB,6,960.15,2025-12-17,2024-06-19,14,6,960.15,5,4,2,11,Loyal
CUST000391,SE,4,1693.75,2025-12-07,2024-06-20,24,4,1693.75,4,2,4,10,Potential Loyalist
CUST003982,ES,6,1764.89,2025-12-29,2024-06-23,2,6,1764.89,5,4,4,13,Champions
CUST003765,GB,4,2042.5,2025-12-19,2024-06-27,12,4,2042.5,5,2,4,11,Potential Loyalist
CUST002767,GB,9,1443.94,2025-11-15,2024-06-30,46,9,1443.94,3,5,3,11,Potential Loyalist
CUST000855,DE,6,4824.53,2025-10-11,2024-07-02,81,6,4824.53,2,4,5,11,At Risk
CUST003523,FR,6,1046.6,2025-06-25,2024-07-04,189,6,1046.6,2,4,2,8,At Risk
CUST002087,DE,4,328.21,2025-03-04,2024-07-05,302,4,328.21,1,2,1,4,Hibernating
CUST001672,IT,5,2053.09,2025-09-07,2024-07-07,115,5,2053.09,2,3,4,9,At Risk
CUST003916,FR,8,2335.28,2025-12-13,2024-07-09,18,8,2335.28,4,5,4,13,Champions
CUST002305,IT,8,1852.61,2025-11-28,2024-07-13,33,8,1852.61,4,5,4,13,Champions
CUST002047,DE,2,455.41,2025-08-21,2024-07-16,132,2,455.41,2,1,1,4,Hibernating
CUST003000,IT,8,2608.95,2025-12-25,2024-07-20,6,8,2608.95,5,5,5,15,Champions
CUST002539,ES,3,1111.04,2025-11-11,2024-07-20,50,3,1111.04,3,1,2,6,Potential Loyalist
CUST000478,GB,5,1129.67,2025-12-23,2024-07-20,8,5,1129.67,5,3,3,11,Loyal
CUST002852,DE,5,1689.4,2025-12-23,2024-07-26,8,5,1689.4,5,3,4,12,Loyal
CUST000460,DE,6,3043.67,2025-12-02,2024-07-28,29,6,3043.67,4,4,5,13,Champions
CUST000100,DE,8,2565.52,2025-12-06,2024-08-11,25,8,2565.52,4,5,5,14,Champions
CUST000598,DE,7,4522.21,2025-11-25,2024-08-12,36,7,4522.21,4,4,5,13,Champions
CUST000433,GB,7,1669.6,2025-11-29,2024-08-13,32,7,1669.6,4,4,4,12,Loyal
CUST002206,IT,5,848.35,2025-11-26,2024-08-14,35,5,848.35,4,3,2,9,Loyal
CUST003706,IT,11,5106.23,2025-12-11,2024-08-15,20,11,5106.23,4,5,5,14,Champions
CUST002297,DE,4,1542.37,2025-08-29,2024-08-17,124,4,1542.37,2,2,3,7,Hibernating
CUST003209,FR,6,989.11,2025-08-16,2024-08-17,137,6,989.11,2,4,2,8,At Risk
CUST002371,NL,4,844.07,2025-11-10,2024-08-20,51,4,844.07,3,2,2,7,Potential Loyalist
CUST000995,FR,5,1068.56,2025-11-30,2024-08-30,31,5,1068.56,4,3,2,9,Loyal
CUST003954,DE,5,2429.23,2025-10-19,2024-09-01,73,5,2429.23,3,3,5,11,Potential Loyalist
CUST000113,IT,8,2648.35,2025-12-15,2024-09-05,16,8,2648.35,5,5,5,15,Champions
CUST002285,DE,4,670.96,2025-10-14,2024-09-06,78,4,670.96,3,2,2,7,Potential Loyalist
CUST003007,IT,3,1292.55,2025-01-08,2024-09-12,357,3,1292.55,1,1,3,5,Hibernating
CUST003718,DE,4,1163.6,2025-12-07,2024-09-14,24,4,1163.6,4,2,3,9,Potential Loyalist
CUST003153,NL,4,2205.03,2025-12-27,2024-09-15,4,4,2205.03,5,2,4,11,Potential Loyalist
CUST001950,FR,7,1014.03,2025-10-30,2024-09-16,62,7,1014.03,3,4,2,9,Potential Loyalist
CUST001315,GB,5,2745.5,2025-12-30,2024-09-17,1,5,2745.5,5,3,5,13,Champions
CUST003225,DE,4,1219.36,2025-05-20,2024-09-19,225,4,1219.36,1,2,3,6,Hibernating
CUST002353,GB,3,341.2,2025-08-28,2024-09-22,125,3,341.2,2,1,1,4,Hibernating
CUST003696,DE,5,1489.44,2025-12-01,2024-09-24,30,5,1489.44,4,3,3,10,Loyal
CUST002594,GB,6,1601.13,2025-11-12,2024-09-28,49,6,1601.13,3,4,3,10,Potential Loyalist
CUST003013,FR,3,1452.62,2025-05-16,2024-09-30,229,3,1452.62,1,1,3,5,Hibernating
CUST003443,DE,3,1846.52,2025-12-15,2024-10-06,16,3,1846.52,5,1,4,10,Potential Loyalist
CUST003908,FR,2,645.87,2025-04-02,2024-10-07,273,2,645.87,1,1,1,3,Hibernating
CUST000003,NL,2,100.3,2024-10-28,2024-10-11,429,2,100.3,1,1,1,3,Hibernating
CUST001110,DE,6,988.87,2025-04-22,2024-10-11,253,6,988.87,1,4,2,7,At Risk
CUST000752,IT,8,2389.77,2025-12-30,2024-10-16,1,8,2389.77,5,5,5,15,Champions
CUST001870,NL,5,936.81,2025-09-29,2024-10-22,93,5,936.81,2,3,2,7,At Risk
CUST001326,FR,3,608.69,2025-12-20,2024-10-27,11,3,608.69,5,1,1,7,Potential Loyalist
CUST003676,FR,3,601.03,2025-08-16,2024-10-28,137,3,601.03,2,1,1,4,Hibernating
CUST003620,DE,2,98.23,2024-12-31,2024-11-04,365,2,98.23,1,1,1,3,Hibernating
CUST002464,GB,3,1151.52,2025-12-31,2024-11-09,0,3,1151.52,5,1,3,9,Potential Loyalist
CUST001272,ES,4,1347.54,2025-12-29,2024-11-10,2,4,1347.54,5,2,3,10,Potential Loyalist
CUST002367,DE,8,2343.86,2025-10-23,2024-11-11,69,8,2343.86,3,5,4,12,Potential Loyalist
CUST000063,ES,1,33.77,2024-11-13,2024-11-13,413,1,33.77,1,1,1,3,Hibernating
CUST002286,FR,5,1088.06,2025-08-08,2024-11-13,145,5,1088.06,2,3,2,7,At Risk
CUST002924,DE,4,2104.39,2025-09-20,2024-11-16,102,4,2104.39,2,2,4,8,Hibernating
CUST001293,GB,4,171.42,2025-12-29,2024-11-18,2,4,171.42,5,2,1,8,Potential Loyalist
CUST002571,FR,3,137.65,2025-05-13,2024-11-19,232,3,137.65,1,1,1,3,Hibernating
CUST001693,FR,3,642.73,2025-08-19,2024-11-22,134,3,642.73,2,1,1,4,Hibernating
CUST000314,SE,3,496.48,2025-09-06,2024-11-22,116,3,496.48,2,1,1,4,Hibernating
CUST002753,FR,2,591.87,2025-01-10,2024-11-26,355,2,591.87,1,1,1,3,Hibernating
CUST003200,FR,4,493.04,2025-12-29,2024-11-27,2,4,493.04,5,2,1,8,Potential Loyalist
CUST001168,GB,3,392.1,2025-09-22,2024-11-29,100,3,392.1,2,1,1,4,Hibernating
CUST001768,GB,3,870.23,2025-12-11,2024-11-30,20,3,870.23,4,1,2,7,Potential Loyalist
CUST001396,ES,3,2171.79,2025-07-19,2024-12-03,165,3,2171.79,2,1,4,7,Hibernating
CUST002394,DE,4,980.34,2025-11-25,2024-12-05,36,4,980.34,4,2,2,8,Potential Loyalist
CUST002459,GB,3,663.4,2025-04-25,2024-12-09,250,3,663.4,1,1,2,4,Hibernating
CUST003169,ES,5,2949.35,2025-11-03,2024-12-10,58,5,2949.35,3,3,5,11,Potential Loyalist
CUST000633,GB,6,1546.52,2025-12-13,2024-12-11,18,6,1546.52,4,4,3,11,Loyal
CUST001680,NL,6,4653.42,2025-10-17,2024-12-12,75,6,4653.42,3,4,5,12,Potential Loyalist
CUST003139,GB,5,2490.95,2025-09-01,2024-12-12,121,5,2490.95,2,3,5,10,At Risk
CUST002600,DE,2,989.89,2025-06-22,2024-12-12,192,2,989.89,1,1,2,4,Hibernating
CUST003466,NL,4,1068.68,2025-10-01,2024-12-14,91,4,1068.68,2,2,2,6,Hibernating
CUST000923,IT,2,610.14,2025-06-09,2024-12-14,205,2,610.14,1,1,1,3,Hibernating
CUST001779,FR,7,1618.03,2025-12-19,2024-12-24,12,7,1618.03,5,4,4,13,Champions
CUST000592,GB,3,187.87,2025-11-06,2024-12-25,55,3,187.87,3,1,1,5,Potential Loyalist
CUST000631,NL,4,1025.54,2025-09-05,2024-12-28,117,4,1025.54,2,2,2,6,Hibernating
CUST002721,IT,2,887.17,2025-11-29,2024-12-31,32,2,887.17,4,1,2,7,Potential Loyalist
CUST000736,IT,4,264.96,2025-11-30,2024-12-31,31,4,264.96,4,2,1,7,Potential Loyalist
CUST002422,DE,2,547.07,2025-03-31,2025-01-04,275,2,547.07,1,1,1,3,Hibernating
CUST003470,DE,4,918.49,2025-04-09,2025-01-16,266,4,918.49,1,2,2,5,Hibernating
CUST003362,FR,4,900.37,2025-12-06,2025-01-22,25,4,900.37,4,2,2,8,Potential Loyalist
CUST002912,DE,2,833.4,2025-06-17,2025-02-14,197,2,833.4,1,1,2,4,Hibernating
CUST002705,ES,3,1799.85,2025-11-18,2025-02-18,43,3,1799.85,3,1,4,8,Potential Loyalist
CUST000649,ES,2,570.8,2025-10-20,2025-03-03,72,2,570.8,3,1,1,5,Potential Loyalist
CUST003911,DE,6,3698.68,2025-12-19,2025-03-05,12,6,3698.68,5,4,5,14,Champions
CUST002521,NL,1,167.35,2025-03-12,2025-03-12,294,1,167.35,1,1,1,3,Hibernating
CUST001434,NL,2,180.0,2025-07-26,2025-05-05,158,2,180.0,2,1,1,4,Hibernating
CUST001179,ES,3,640.21,2025-11-16,2025-06-08,45,3,640.21,3,1,1,5,Potential Loyalist
CUST000536,IT,3,358.84,2025-12-28,2025-06-13,3,3,358.84,5,1,1,7,Potential Loyalist
CUST001201,ES,2,268.39,2025-07-15,2025-06-23,169,2,268.39,2,1,1,4,Hibernating
CUST001328,ES,2,766.2,2025-11-30,2025-07-19,31,2,766.2,4,1,2,7,Potential Loyalist
CUST001684,ES,1,363.82,2025-07-26,2025-07-26,158,1,363.82,2,1,1,4,Hibernating
CUST001601,DE,1,41.48,2025-10-22,2025-10-22,70,1,41.48,3,1,1,5,Potential Loyalist
CUST003823,ES,2,541.37,2025-12-23,2025-11-22,8,2,541.37,5,1,1,7,Potential Loyalist
CUST000389,ES,2,147.56,2025-12-05,2025-11-27,26,2,147.56,4,1,1,6,Potential Loyalist
CUST000506,DE,6,2286.62,2025-12-23,2024-01-01,8,6,2286.62,5,4,4,13,Champions
CUST003577,DE,8,2194.0,2025-12-27,2024-01-01,4,8,2194.0,5,5,4,14,Champions
CUST000043,DE,11,4424.77,2025-10-01,2024-01-02,91,11,4424.77,2,5,5,12,At Risk
CUST002381,ES,6,1020.15,2025-11-08,2024-01-03,53,6,1020.15,3,4,2,9,Potential Loyalist
CUST002702,SE,9,5129.21,2025-11-20,2024-01-04,41,9,5129.21,3,5,5,13,Champions
CUST002646,FR,3,219.5,2025-12-13,2024-01-06,18,3,219.5,4,1,1,6,Potential Loyalist
CUST002479,DE,13,2529.73,2025-12-17,2024-01-06,14,13,2529.73,5,5,5,15,Champions
CUST000657,FR,6,1960.54,2025-12-31,2024-01-07,0,6,1960.54,5,4,4,13,Champions
CUST000786,IT,8,2065.73,2025-12-05,2024-01-09,26,8,2065.73,4,5,4,13,Champions
CUST001562,DE,9,1688.42,2025-07-19,2024-01-11,165,9,1688.42,2,5,4,11,At Risk
CUST001443,NL,7,2955.05,2025-11-16,2024-01-11,45,7,2955.05,3,4,5,12,Potential Loyalist
CUST000924,ES,7,1489.69,2025-06-07,2024-01-12,207,7,1489.69,1,4,3,8,At Risk
CUST000326,NL,4,1023.64,2025-12-08,2024-01-13,23,4,1023.64,4,2,2,8,Potential Loyalist
CUST002354,IT,9,3090.75,2025-10-15,2024-01-15,77,9,3090.75,3,5,5,13,Champions
CUST001564,FR,5,669.65,2025-10-18,2024-01-16,74,5,669.65,3,3,2,8,Potential Loyalist
CUST001391,DE,5,1535.07,2025-07-05,2024-01-17,179,5,1535.07,2,3,3,8,At Risk
CUST003102,NL,5,821.26,2025-09-21,2024-01-19,101,5,821.26,2,3,2,7,At Risk
CUST002382,ES,5,1999.58,2025-12-17,2024-01-20,14,5,1999.58,5,3,4,12,Loyal
CUST001615,FR,7,2216.92,2025-12-04,2024-01-20,27,7,2216.92,4,4,4,12,Loyal
CUST002754,FR,4,1440.74,2025-11-24,2024-01-20,37,4,1440.74,4,2,3,9,Potential Loyalist
CUST003463,GB,12,2215.42,2025-12-23,2024-01-21,8,12,2215.42,5,5,4,14,Champions
CUST002942,GB,1,204.87,2024-01-22,2024-01-22,709,1,204.87,1,1,1,3,Hibernating
CUST000648,NL,4,1089.8,2025-12-13,2024-01-26,18,4,1089.8,4,2,2,8,Potential Loyalist
CUST002865,FR,2,1426.48,2025-04-21,2024-01-26,254,2,1426.48,1,1,3,5,Hibernating
CUST001918,GB,3,756.39,2024-12-18,2024-01-27,378,3,756.39,1,1,2,4,Hibernating
CUST003888,GB,6,1269.85,2025-11-23,2024-01-28,38,6,1269.85,4,4,3,11,Loyal
CUST003588,ES,7,1544.49,2025-12-13,2024-01-29,18,7,1544.49,4,4,3,11,Loyal
CUST001759,DE,8,2846.38,2025-12-12,2024-01-30,19,8,2846.38,4,5,5,14,Champions
CUST002283,GB,5,810.48,2025-08-22,2024-02-01,131,5,810.48,2,3,2,7,At Risk
CUST000727,DE,8,4557.51,2025-09-09,2024-02-01,113,8,4557.51,2,5,5,12,At Risk
CUST003844,FR,7,4432.23,2025-05-20,2024-02-02,225,7,4432.23,1,4,5,10,At Risk
CUST002818,DE,4,1406.72,2025-05-10,2024-02-02,235,4,1406.72,1,2,3,6,Hibernating
CUST001764,GB,4,506.25,2025-10-06,2024-02-02,86,4,506.25,2,2,1,5,Hibernating
CUST000356,GB,5,1282.64,2025-11-23,2024-02-02,38,5,1282.64,4,3,3,10,Loyal
CUST001159,IT,7,3266.52,2025-12-31,2024-02-03,0,7,3266.52,5,4,5,14,Champions
CUST000504,ES,10,2577.24,2025-11-02,2024-02-04,59,10,2577.24,3,5,5,13,Champions
CUST001917,IT,7,1876.24,2025-12-26,2024-02-04,5,7,1876.24,5,4,4,13,Champions
CUST001656,IT,5,1121.47,2025-12-04,2024-02-06,27,5,1121.47,4,3,3,10,Loyal
CUST000070,SE,5,2057.03,2025-11-19,2024-02-06,42,5,2057.03,3,3,4,10,Potential Loyalist
CUST001696,DE,3,384.32,2025-10-08,2024-02-07,84,3,384.32,2,1,1,4,Hibernating
CUST000141,SE,6,642.16,2025-08-24,2024-02-07,129,6,642.16,2,4,1,7,At Risk
CUST000647,GB,2,90.49,2024-11-06,2024-02-09,420,2,90.49,1,1,1,3,Hibernating
CUST003971,SE,5,2842.25,2025-11-30,2024-02-09,31,5,2842.25,4,3,5,12,Loyal
CUST003736,GB,2,419.31,2025-02-06,2024-02-10,328,2,419.31,1,1,1,3,Hibernating
CUST003969,GB,9,3104.84,2025-10-10,2024-02-10,82,9,3104.84,2,5,5,12,At Risk
CUST000586,DE,10,3119.14,2025-12-30,2024-02-10,1,10,3119.14,5,5,5,15,Champions
CUST001372,DE,4,1651.37,2025-12-21,2024-02-10,10,4,1651.37,5,2,4,11,Potential Loyalist
CUST002817,GB,5,931.96,2025-11-01,2024-02-10,60,5,931.96,3,3,2,8,Potential Loyalist
CUST002716,FR,6,1334.07,2025-03-03,2024-02-12,303,6,1334.07,1,4,3,8,At Risk
CUST003792,DE,5,1941.15,2025-08-30,2024-02-12,123,5,1941.15,2,3,4,9,At Risk
CUST003544,FR,4,673.99,2025-10-06,2024-02-12,86,4,673.99,2,2,2,6,Hibernating
CUST003499,DE,7,2688.81,2025-11-28,2024-02-13,33,7,2688.81,4,4,5,13,Champions
CUST001013,IT,4,2368.13,2025-12-14,2024-02-13,17,4,2368.13,4,2,4,10,Potential Loyalist
CUST003890,FR,3,381.16,2025-09-15,2024-02-14,107,3,381.16,2,1,1,4,Hibernating
CUST002508,FR,8,2082.68,2025-12-26,2024-02-14,5,8,2082.68,5,5,4,14,Champions
CUST003824,FR,2,403.16,2024-05-03,2024-02-14,607,2,403.16,1,1,1,3,Hibernating
CUST001626,NL,6,1593.7,2025-11-22,2024-02-16,39,6,1593.7,3,4,3,10,Potential Loyalist
CUST000785,DE,5,2545.3,2025-03-01,2024-02-17,305,5,2545.3,1,3,5,9,At Risk
CUST002159,GB,5,1454.63,2025-10-15,2024-02-17,77,5,1454.63,3,3,3,9,Potential Loyalist
CUST002995,DE,6,2940.97,2025-08-17,2024-02-21,136,6,2940.97,2,4,5,11,At Risk
CUST002292,FR,4,1961.3,2025-04-21,2024-02-23,254,4,1961.3,1,2,4,7,Hibernating
CUST000675,FR,6,1796.83,2025-11-04,2024-02-24,57,6,1796.83,3,4,4,11,Potential Loyalist
CUST003680,FR,7,1976.74,2025-12-10,2024-02-24,21,7,1976.74,4,4,4,12,Loyal
CUST001470,ES,3,2121.74,2025-12-26,2024-02-24,5,3,2121.74,5,1,4,10,Potential Loyalist
CUST000315,ES,8,1320.13,2025-12-21,2024-02-25,10,8,1320.13,5,5,3,13,Champions
CUST001628,GB,6,982.95,2025-11-15,2024-02-26,46,6,982.95,3,4,2,9,Potential Loyalist
CUST001676,FR,6,2337.32,2025-12-08,2024-03-01,23,6,2337.32,4,4,4,12,Loyal
CUST001301,DE,6,675.79,2025-12-03,2024-03-03,28,6,675.79,4,4,2,10,Loyal
CUST003241,FR,9,2792.79,2025-12-22,2024-03-03,9,9,2792.79,5,5,5,15,Champions
CUST001863,DE,1,169.56,2024-03-03,2024-03-03,668,1,169.56,1,1,1,3,Hibernating
CUST001722,DE,9,2473.69,2025-12-03,2024-03-04,28,9,2473.69,4,5,5,14,Champions
CUST000448,ES,5,1335.86,2025-11-20,2024-03-06,41,5,1335.86,3,3,3,9,Potential Loyalist
CUST000447,SE,6,1311.15,2025-10-14,2024-03-08,78,6,1311.15,3,4,3,10,Potential Loyalist
CUST001007,NL,10,3655.51,2025-11-16,2024-03-09,45,10,3655.51,3,5,5,13,Champions
CUST003041,DE,5,2087.69,2025-12-22,2024-03-11,9,5,2087.69,5,3,4,12,Loyal
CUST002781,DE,8,3685.31,2025-12-11,2024-03-11,20,8,3685.31,4,5,5,14,Champions
CUST001256,FR,7,4701.8,2025-09-17,2024-03-13,105,7,4701.8,2,4,5,11,At Risk
CUST001965,GB,5,630.15,2025-12-14,2024-03-13,17,5,630.15,4,3,1,8,Loyal
CUST001122,SE,6,1766.74,2025-11-28,2024-03-14,33,6,1766.74,4,4,4,12,Loyal
CUST003967,FR,3,1666.04,2025-12-20,2024-03-14,11,3,1666.04,5,1,4,10,Potential Loyalist
CUST003111,GB,4,793.59,2025-11-02,2024-03-16,59,4,793.59,3,2,2,7,Potential Loyalist
CUST003953,SE,6,1022.72,2025-06-20,2024-03-16,194,6,1022.72,1,4,2,7,At Risk
CUST002511,DE,8,2052.48,2025-11-12,2024-03-18,49,8,2052.48,3,5,4,12,Potential Loyalist
CUST001906,DE,4,928.08,2025-11-08,2024-03-20,53,4,928.08,3,2,2,7,Potential Loyalist
CUST000673,DE,4,2453.17,2025-09-26,2024-03-21,96,4,2453.17,2,2,5,9,Hibernating
CUST002827,NL,7,3009.68,2025-12-29,2024-03-28,2,7,3009.68,5,4,5,14,Champions
CUST000977,GB,3,665.94,2025-11-15,2024-03-29,46,3,665.94,3,1,2,6,Potential Loyalist
CUST000396,IT,5,1340.08,2025-08-24,2024-03-30,129,5,1340.08,2,3,3,8,At Risk
CUST001559,ES,6,1733.58,2025-12-15,2024-04-02,16,6,1733.58,5,4,4,13,Champions
CUST000435,DE,9,2204.87,2025-12-27,2024-04-04,4,9,2204.87,5,5,4,14,Champions
CUST002516,IT,3,515.14,2025-10-07,2024-04-04,85,3,515.14,2,1,1,4,Hibernating
CUST000146,DE,5,2520.12,2025-05-19,2024-04-04,226,5,2520.12,1,3,5,9,At Risk
CUST000320,FR,5,2687.82,2025-11-21,2024-04-08,40,5,2687.82,3,3,5,11,Potential Loyalist
CUST001226,GB,6,1527.23,2025-12-05,2024-04-09,26,6,1527.23,4,4,3,11,Loyal
CUST000203,DE,4,620.01,2025-12-20,2024-04-11,11,4,620.01,5,2,1,8,Potential Loyalist
CUST000473,DE,4,2804.8,2025-12-02,2024-04-13,29,4,2804.8,4,2,5,11,Potential Loyalist
CUST001620,NL,3,667.27,2024-11-23,2024-04-13,403,3,667.27,1,1,2,4,Hibernating
CUST003877,DE,7,1778.44,2025-11-21,2024-04-14,40,7,1778.44,3,4,4,11,Potential Loyalist
CUST000706,SE,2,679.53,2025-03-30,2024-04-15,276,2,679.53,1,1,2,4,Hibernating
CUST002308,GB,9,2431.7,2025-12-14,2024-04-17,17,9,2431.7,4,5,5,14,Champions
CUST002236,GB,4,1117.27,2025-07-03,2024-04-17,181,4,1117.27,2,2,3,7,Hibernating
CUST001529,ES,4,373.75,2025-01-17,2024-04-18,348,4,373.75,1,2,1,4,Hibernating
CUST001228,FR,5,3213.21,2025-12-27,2024-04-19,4,5,3213.21,5,3,5,13,Champions
CUST003379,DE,8,3636.33,2025-11-26,2024-04-20,35,8,3636.33,4,5,5,14,Champions
CUST003245,NL,5,952.74,2025-11-10,2024-04-20,51,5,952.74,3,3,2,8,Potential Loyalist
CUST002468,DE,4,2205.84,2024-10-12,2024-04-23,445,4,2205.84,1,2,4,7,Hibernating
CUST002782,ES,5,1669.99,2025-12-20,2024-04-24,11,5,1669.99,5,3,4,12,Loyal
CUST002554,IT,8,4138.23,2025-12-28,2024-04-25,3,8,4138.23,5,5,5,15,Champions
CUST003368,FR,8,2518.67,2025-11-11,2024-04-29,50,8,2518.67,3,5,5,13,Champions
CUST000912,FR,4,796.6,2025-06-29,2024-05-01,185,4,796.6,2,2,2,6,Hibernating
CUST003181,DE,3,1311.53,2025-10-27,2024-05-04,65,3,1311.53,3,1,3,7,Potential Loyalist
CUST000988,FR,4,1851.67,2025-05-11,2024-05-05,234,4,1851.67,1,2,4,7,Hibernating
CUST002032,GB,5,880.21,2025-10-23,2024-05-05,69,5,880.21,3,3,2,8,Potential Loyalist
CUST001380,GB,2,649.34,2025-12-19,2024-05-05,12,2,649.34,5,1,2,8,Potential Loyalist
CUST001904,DE,4,416.95,2025-08-08,2024-05-06,145,4,416.95,2,2,1,5,Hibernating
CUST002316,DE,5,1992.5,2025-12-28,2024-05-07,3,5,1992.5,5,3,4,12,Loyal
CUST000376,FR,11,2490.38,2025-09-27,2024-05-09,95,11,2490.38,2,5,5,12,At Risk
CUST003512,DE,4,903.53,2025-09-20,2024-05-09,102,4,903.53,2,2,2,6,Hibernating
CUST002819,DE,6,2040.21,2025-09-07,2024-05-09,115,6,2040.21,2,4,4,10,At Risk
CUST002078,GB,7,2970.65,2025-11-30,2024-05-10,31,7,2970.65,4,4,5,13,Champions
CUST001919,FR,6,1155.41,2025-12-24,2024-05-10,7,6,1155.41,5,4,3,12,Loyal
CUST002581,DE,4,1323.49,2025-12-05,2024-05-11,26,4,1323.49,4,2,3,9,Potential Loyalist
CUST000475,GB,5,1231.78,2025-03-12,2024-05-12,294,5,1231.78,1,3,3,7,At Risk
CUST001986,DE,7,3026.45,2025-05-03,2024-05-13,242,7,3026.45,1,4,5,10,At Risk
CUST003693,ES,3,379.28,2025-11-12,2024-05-14,49,3,379.28,3,1,1,5,Potential Loyalist
CUST003689,DE,3,556.74,2025-12-26,2024-05-17,5,3,556.74,5,1,1,7,Potential Loyalist
CUST002164,ES,6,1719.64,2025-11-23,2024-05-20,38,6,1719.64,4,4,4,12,Loyal
CUST002030,NL,6,1590.27,2025-02-23,2024-05-25,311,6,1590.27,1,4,3,8,At Risk
CUST002806,SE,6,1760.78,2025-12-14,2024-05-25,17,6,1760.78,4,4,4,12,Loyal
CUST001393,DE,7,1229.93,2025-12-21,2024-05-26,10,7,1229.93,5,4,3,12,Loyal
CUST001927,GB,3,2201.1,2025-09-04,2024-05-27,118,3,2201.1,2,1,4,7,Hibernating
CUST001899,FR,6,814.55,2025-12-22,2024-06-01,9,6,814.55,5,4,2,11,Loyal
CUST002252,IT,3,1717.48,2025-08-24,2024-06-01,129,3,1717.48,2,1,4,7,Hibernating
CUST003937,FR,6,2879.04,2025-12-17,2024-06-02,14,6,2879.04,5,4,5,14,Champions
CUST000870,IT,6,717.92,2025-12-25,2024-06-05,6,6,717.92,5,4,2,11,Loyal
CUST001729,ES,4,744.52,2025-11-11,2024-06-05,50,4,744.52,3,2,2,7,Potential Loyalist
CUST003045,NL,3,185.95,2024-08-03,2024-06-06,515,3,185.95,1,1,1,3,Hibernating
CUST002674,DE,2,175.17,2025-02-02,2024-06-07,332,2,175.17,1,1,1,3,Hibernating
CUST002298,DE,9,3233.56,2025-11-26,2024-06-07,35,9,3233.56,4,5,5,14,Champions
CUST000438,ES,5,3284.44,2025-11-09,2024-06-09,52,5,3284.44,3,3,5,11,Potential Loyalist
CUST002311,GB,4,2720.84,2024-10-24,2024-06-09,433,4,2720.84,1,2,5,8,Hibernating
CUST001009,DE,4,814.6,2025-06-16,2024-06-11,198,4,814.6,1,2,2,5,Hibernating
CUST001466,DE,6,975.73,2025-12-25,2024-06-14,6,6,975.73,5,4,2,11,Loyal
CUST002031,DE,5,591.88,2025-09-07,2024-06-16,115,5,591.88,2,3,1,6,At Risk
CUST003921,IT,4,2319.47,2025-12-19,2024-06-19,12,4,2319.47,5,2,4,11,Potential Loyalist
CUST003752,IT,4,275.73,2025-09-24,2024-06-22,98,4,275.73,2,2,1,5,Hibernating
CUST002708,FR,7,2308.46,2025-10-19,2024-06-23,73,7,2308.46,3,4,4,11,Potential Loyalist
CUST001389,SE,6,1721.38,2025-06-24,2024-06-23,190,6,1721.38,1,4,4,9,At Risk
CUST000635,DE,2,115.12,2024-08-01,2024-06-25,517,2,115.12,1,1,1,3,Hibernating
CUST000717,ES,6,3769.44,2025-12-07,2024-06-25,24,6,3769.44,4,4,5,13,Champions
CUST000299,GB,8,1634.86,2025-12-28,2024-06-25,3,8,1634.86,5,5,4,14,Champions
CUST001000,FR,4,327.88,2025-12-04,2024-06-26,27,4,327.88,4,2,1,7,Potential Loyalist
CUST002582,IT,4,954.57,2025-10-30,2024-06-29,62,4,954.57,3,2,2,7,Potential Loyalist
CUST001162,DE,7,4618.39,2025-11-13,2024-07-02,48,7,4618.39,3,4,5,12,Potential Loyalist
CUST002033,GB,7,495.61,2025-12-28,2024-07-02,3,7,495.61,5,4,1,10,Loyal
CUST000234,GB,7,4390.51,2025-12-13,2024-07-04,18,7,4390.51,4,4,5,13,Champions
CUST002711,ES,3,262.78,2025-06-18,2024-07-07,196,3,262.78,1,1,1,3,Hibernating
CUST001025,IT,6,1100.89,2025-09-29,2024-07-09,93,6,1100.89,2,4,2,8,At Risk
CUST003182,FR,2,410.13,2025-09-09,2024-07-12,113,2,410.13,2,1,1,4,Hibernating
CUST003274,GB,7,1604.78,2025-12-26,2024-07-12,5,7,1604.78,5,4,3,12,Loyal
CUST000704,DE,6,1672.67,2025-12-04,2024-07-17,27,6,1672.67,4,4,4,12,Loyal
CUST002302,GB,6,1870.84,2025-12-15,2024-07-19,16,6,1870.84,5,4,4,13,Champions
CUST002250,DE,8,2230.81,2025-06-29,2024-07-19,185,8,2230.81,2,5,4,11,At Risk
CUST003994,DE,4,1322.5,2025-11-06,2024-07-20,55,4,1322.5,3,2,3,8,Potential Loyalist
CUST000944,ES,5,1781.32,2025-12-24,2024-07-21,7,5,1781.32,5,3,4,12,Loyal
CUST002645,DE,6,2834.19,2025-12-10,2024-07-26,21,6,2834.19,4,4,5,13,Champions
CUST002060,GB,7,1351.82,2025-12-23,2024-07-27,8,7,1351.82,5,4,3,12,Loyal
CUST002122,GB,4,668.44,2025-12-08,2024-07-29,23,4,668.44,4,2,2,8,Potential Loyalist
CUST003116,IT,5,3622.46,2025-07-24,2024-08-02,160,5,3622.46,2,3,5,10,At Risk
CUST000328,GB,7,2099.33,2025-09-12,2024-08-04,110,7,2099.33,2,4,4,10,At Risk
CUST000565,FR,3,1222.68,2025-12-11,2024-08-04,20,3,1222.68,4,1,3,8,Potential Loyalist
CUST000145,FR,5,1075.98,2025-06-25,2024-08-07,189,5,1075.98,2,3,2,7,At Risk
CUST001276,DE,5,1959.22,2025-12-17,2024-08-07,14,5,1959.22,5,3,4,12,Loyal
CUST000765,DE,5,2555.1,2025-12-02,2024-08-08,29,5,2555.1,4,3,5,12,Loyal
CUST002129,IT,3,773.83,2024-12-13,2024-08-08,383,3,773.83,1,1,2,4,Hibernating
CUST003614,ES,4,1060.66,2025-10-24,2024-08-09,68,4,1060.66,3,2,2,7,Potential Loyalist
CUST001522,IT,5,1198.39,2025-12-01,2024-08-15,30,5,1198.39,4,3,3,10,Loyal
CUST002061,DE,7,1841.45,2025-11-18,2024-08-15,43,7,1841.45,3,4,4,11,Potential Loyalist
CUST002804,SE,4,770.48,2025-12-19,2024-08-19,12,4,770.48,5,2,2,9,Potential Loyalist
CUST001220,FR,4,174.42,2025-11-16,2024-08-21,45,4,174.42,3,2,1,6,Potential Loyalist
CUST003310,GB,2,323.38,2024-12-04,2024-08-25,392,2,323.38,1,1,1,3,Hibernating
CUST001803,FR,3,194.15,2024-10-09,2024-08-26,448,3,194.15,1,1,1,3,Hibernating
CUST003601,DE,7,2177.44,2025-12-10,2024-09-01,21,7,2177.44,4,4,4,12,Loyal
CUST001164,NL,7,3830.8,2025-11-10,2024-09-09,51,7,3830.8,3,4,5,12,Potential Loyalist
CUST003672,DE,5,1280.03,2025-11-19,2024-09-09,42,5,1280.03,3,3,3,9,Potential Loyalist
CUST000866,GB,4,949.82,2025-12-22,2024-09-11,9,4,949.82,5,2,2,9,Potential Loyalist
CUST002040,FR,4,1208.8,2025-10-11,2024-09-16,81,4,1208.8,2,2,3,7,Hibernating
CUST003590,DE,3,480.65,2025-11-09,2024-09-16,52,3,480.65,3,1,1,5,Potential Loyalist
CUST000066,GB,6,1686.21,2025-11-29,2024-09-21,32,6,1686.21,4,4,4,12,Loyal
CUST000585,GB,5,1308.05,2025-11-26,2024-09-23,35,5,1308.05,4,3,3,10,Loyal
CUST000990,ES,4,1423.59,2025-10-04,2024-09-25,88,4,1423.59,2,2,3,7,Hibernating
CUST000718,SE,3,338.02,2025-12-25,2024-09-28,6,3,338.02,5,1,1,7,Potential Loyalist
CUST003750,IT,4,247.68,2024-12-17,2024-09-30,379,4,247.68,1,2,1,4,Hibernating
CUST002049,GB,6,2098.43,2025-12-31,2024-10-04,0,6,2098.43,5,4,4,13,Champions
CUST000843,DE,3,214.34,2024-11-07,2024-10-05,419,3,214.34,1,1,1,3,Hibernating
CUST002897,GB,4,2736.12,2025-06-26,2024-10-07,188,4,2736.12,2,2,5,9,Hibernating
CUST000487,DE,6,3191.75,2025-10-30,2024-10-08,62,6,3191.75,3,4,5,12,Potential Loyalist
CUST001834,NL,6,1884.27,2025-10-15,2024-10-18,77,6,1884.27,3,4,4,11,Potential Loyalist
CUST002923,ES,5,952.05,2025-11-22,2024-10-20,39,5,952.05,3,3,2,8,Potential Loyalist
CUST000263,DE,3,143.57,2025-12-23,2024-10-24,8,3,143.57,5,1,1,7,Potential Loyalist
CUST001985,DE,4,219.63,2025-05-25,2024-10-25,220,4,219.63,1,2,1,4,Hibernating
CUST000638,DE,3,791.3,2025-02-10,2024-10-27,324,3,791.3,1,1,2,4,Hibernating
CUST002885,DE,7,2856.96,2025-10-28,2024-10-27,64,7,2856.96,3,4,5,12,Potential Loyalist
CUST001314,ES,2,260.84,2025-05-29,2024-11-02,216,2,260.84,1,1,1,3,Hibernating
CUST003798,DE,4,921.35,2025-01-13,2024-11-02,352,4,921.35,1,2,2,5,Hibernating
CUST002410,GB,5,1046.74,2025-09-18,2024-11-08,104,5,1046.74,2,3,2,7,At Risk
CUST003246,DE,2,1064.8,2025-01-16,2024-11-08,349,2,1064.8,1,1,2,4,Hibernating
CUST001129,FR,7,2641.72,2025-11-26,2024-11-10,35,7,2641.72,4,4,5,13,Champions
CUST003046,NL,4,658.29,2025-12-16,2024-11-13,15,4,658.29,5,2,2,9,Potential Loyalist
CUST003939,DE,3,1881.27,2025-08-16,2024-11-13,137,3,1881.27,2,1,4,7,Hibernating
CUST000719,DE,3,429.82,2025-06-28,2024-11-16,186,3,429.82,2,1,1,4,Hibernating
CUST001296,DE,3,650.8,2025-01-01,2024-11-17,364,3,650.8,1,1,2,4,Hibernating
CUST000597,NL,6,1461.97,2025-12-27,2024-11-20,4,6,1461.97,5,4,3,12,Loyal
CUST002641,FR,4,3853.38,2025-12-21,2024-12-09,10,4,3853.38,5,2,5,12,Potential Loyalist
CUST000518,ES,3,1369.41,2025-10-05,2024-12-10,87,3,1369.41,2,1,3,6,Hibernating
CUST000519,SE,4,1621.7,2025-12-28,2024-12-12,3,4,1621.7,5,2,4,11,Potential Loyalist
CUST003691,ES,4,1240.52,2025-11-14,2024-12-18,47,4,1240.52,3,2,3,8,Potential Loyalist
CUST001855,IT,2,780.31,2025-01-12,2024-12-20,353,2,780.31,1,1,2,4,Hibernating
CUST003783,DE,5,622.73,2025-11-30,2024-12-21,31,5,622.73,4,3,1,8,Loyal
CUST000797,IT,3,983.88,2025-11-25,2025-01-11,36,3,983.88,4,1,2,7,Potential Loyalist
CUST003154,FR,1,719.68,2025-01-20,2025-01-20,345,1,719.68,1,1,2,4,Hibernating
CUST000517,FR,6,1606.16,2025-12-07,2025-01-26,24,6,1606.16,4,4,3,11,Loyal
CUST002162,GB,4,2306.22,2025-11-30,2025-01-26,31,4,2306.22,4,2,4,10,Potential Loyalist
CUST000457,DE,4,1273.71,2025-12-24,2025-01-28,7,4,1273.71,5,2,3,10,Potential Loyalist
CUST003434,FR,3,1880.69,2025-11-14,2025-02-03,47,3,1880.69,3,1,4,8,Potential Loyalist
CUST000174,DE,3,354.04,2025-11-26,2025-02-09,35,3,354.04,4,1,1,6,Potential Loyalist
CUST003684,DE,5,1101.57,2025-12-30,2025-02-09,1,5,1101.57,5,3,2,10,Loyal
CUST000527,FR,3,2989.93,2025-10-02,2025-02-13,90,3,2989.93,2,1,5,8,Hibernating
CUST003455,IT,6,1867.1,2025-12-17,2025-02-23,14,6,1867.1,5,4,4,13,Champions
CUST003524,DE,3,2028.45,2025-12-24,2025-02-25,7,3,2028.45,5,1,4,10,Potential Loyalist
CUST001384,FR,3,2205.38,2025-08-28,2025-02-27,125,3,2205.38,2,1,4,7,Hibernating
CUST000687,GB,8,2451.16,2025-12-25,2025-03-10,6,8,2451.16,5,5,5,15,Champions
CUST001997,SE,1,108.69,2025-03-22,2025-03-22,284,1,108.69,1,1,1,3,Hibernating
CUST002502,ES,4,1572.63,2025-12-30,2025-03-22,1,4,1572.63,5,2,3,10,Potential Loyalist
CUST000458,GB,4,2398.62,2025-10-25,2025-03-27,67,4,2398.62,3,2,5,10,Potential Loyalist
CUST000658,FR,2,230.83,2025-07-20,2025-04-04,164,2,230.83,2,1,1,4,Hibernating
CUST002886,IT,3,226.9,2025-11-04,2025-04-07,57,3,226.9,3,1,1,5,Potential Loyalist
CUST002051,GB,2,227.03,2025-05-04,2025-05-03,241,2,227.03,1,1,1,3,Hibernating
CUST001215,NL,1,576.38,2025-05-07,2025-05-07,238,1,576.38,1,1,1,3,Hibernating
CUST003403,SE,2,435.23,2025-09-30,2025-05-09,92,2,435.23,2,1,1,4,Hibernating
CUST003812,GB,2,483.58,2025-06-12,2025-05-12,202,2,483.58,1,1,1,3,Hibernating
CUST003108,DE,2,107.74,2025-09-29,2025-05-20,93,2,107.74,2,1,1,4,Hibernating
CUST000255,DE,5,1702.66,2025-12-08,2025-06-29,23,5,1702.66,4,3,4,11,Loyal
CUST001762,ES,1,848.3,2025-07-27,2025-07-27,157,1,848.3,2,1,2,5,Hibernating
CUST003905,ES,1,80.8,2025-11-11,2025-11-11,50,1,80.8,3,1,1,5,Potential Loyalist
CUST003074,FR,1,597.29,2025-11-12,2025-11-12,49,1,597.29,3,1,1,5,Potential Loyalist
CUST001138,GB,4,1106.35,2025-12-14,2024-01-04,17,4,1106.35,4,2,2,8,Potential Loyalist
CUST002884,DE,3,1533.04,2025-12-12,2024-01-05,19,3,1533.04,4,1,3,8,Potential Loyalist
CUST002795,FR,7,3065.28,2025-12-08,2024-01-07,23,7,3065.28,4,4,5,13,Champions
CUST003924,FR,6,2177.64,2025-07-27,2024-01-07,157,6,2177.64,2,4,4,10,At Risk
CUST000584,FR,4,1310.35,2025-12-29,2024-01-07,2,4,1310.35,5,2,3,10,Potential Loyalist
CUST002889,ES,7,3021.68,2025-12-28,2024-01-07,3,7,3021.68,5,4,5,14,Champions
CUST000622,DE,7,565.73,2025-10-18,2024-01-10,74,7,565.73,3,4,1,8,Potential Loyalist
CUST003990,IT,4,1829.08,2025-12-30,2024-01-10,1,4,1829.08,5,2,4,11,Potential Loyalist
CUST001984,GB,3,471.99,2025-12-29,2024-01-10,2,3,471.99,5,1,1,7,Potential Loyalist
CUST001385,NL,3,525.76,2024-12-05,2024-01-11,391,3,525.76,1,1,1,3,Hibernating
CUST001173,GB,8,2421.41,2025-12-27,2024-01-12,4,8,2421.41,5,5,5,15,Champions
CUST001283,GB,3,2183.5,2025-11-17,2024-01-13,44,3,2183.5,3,1,4,8,Potential Loyalist
CUST002891,FR,4,922.63,2025-07-29,2024-01-13,155,4,922.63,2,2,2,6,Hibernating
CUST003063,GB,5,1487.14,2025-08-29,2024-01-15,124,5,1487.14,2,3,3,8,At Risk
CUST002220,DE,6,569.19,2025-05-28,2024-01-16,217,6,569.19,1,4,1,6,At Risk
CUST003537,FR,6,1541.62,2025-11-21,2024-01-16,40,6,1541.62,3,4,3,10,Potential Loyalist
CUST003618,ES,3,574.42,2025-10-27,2024-01-17,65,3,574.42,3,1,1,5,Potential Loyalist
CUST003123,DE,8,2582.45,2025-12-26,2024-01-18,5,8,2582.45,5,5,5,15,Champions
CUST002440,DE,5,886.75,2025-10-23,2024-01-19,69,5,886.75,3,3,2,8,Potential Loyalist
CUST001773,IT,3,409.11,2024-10-27,2024-01-20,430,3,409.11,1,1,1,3,Hibernating
CUST003446,GB,2,167.16,2025-11-13,2024-01-22,48,2,167.16,3,1,1,5,Potential Loyalist
CUST002982,DE,7,1267.49,2025-12-04,2024-01-22,27,7,1267.49,4,4,3,11,Loyal
CUST003361,ES,8,2712.93,2025-10-14,2024-01-22,78,8,2712.93,3,5,5,13,Champions
CUST001386,FR,8,2964.14,2025-12-31,2024-01-23,0,8,2964.14,5,5,5,15,Champions
CUST003505,IT,5,2265.83,2025-09-18,2024-01-24,104,5,2265.83,2,3,4,9,At Risk
CUST003867,FR,6,2911.74,2025-11-18,2024-01-24,43,6,2911.74,3,4,5,12,Potential Loyalist
CUST003594,GB,6,1011.1,2025-10-05,2024-01-25,87,6,1011.1,2,4,2,8,At Risk
CUST002228,GB,5,1402.0,2025-12-14,2024-01-26,17,5,1402.0,4,3,3,10,Loyal
CUST002902,ES,4,713.13,2025-04-05,2024-01-26,270,4,713.13,1,2,2,5,Hibernating
CUST001548,GB,2,1205.02,2025-02-12,2024-01-26,322,2,1205.02,1,1,3,5,Hibernating
CUST002723,ES,4,1010.08,2025-06-30,2024-01-27,184,4,1010.08,2,2,2,6,Hibernating
CUST001557,GB,6,1989.79,2025-12-20,2024-01-28,11,6,1989.79,5,4,4,13,Champions
CUST002911,DE,4,2157.51,2025-09-17,2024-01-29,105,4,2157.51,2,2,4,8,Hibernating
CUST000793,GB,8,1785.27,2025-11-04,2024-01-29,57,8,1785.27,3,5,4,12,Potential Loyalist
CUST002138,NL,5,3192.34,2025-12-05,2024-01-29,26,5,3192.34,4,3,5,12,Loyal
CUST003839,IT,6,2384.0,2025-11-02,2024-01-30,59,6,2384.0,3,4,5,12,Potential Loyalist
CUST001535,FR,5,1224.13,2025-12-07,2024-01-30,24,5,1224.13,4,3,3,10,Loyal
CUST002814,DE,7,4554.03,2025-12-24,2024-01-31,7,7,4554.03,5,4,5,14,Champions
CUST003627,DE,4,1306.48,2025-09-10,2024-01-31,112,4,1306.48,2,2,3,7,Hibernating
CUST001573,NL,5,589.88,2025-08-09,2024-02-04,144,5,589.88,2,3,1,6,At Risk
CUST000274,IT,8,1582.33,2025-12-24,2024-02-05,7,8,1582.33,5,5,3,13,Champions
CUST003333,DE,8,1271.32,2025-12-02,2024-02-06,29,8,1271.32,4,5,3,12,Loyal
CUST002908,DE,5,1513.27,2025-04-13,2024-02-07,262,5,1513.27,1,3,3,7,At Risk
CUST002173,DE,7,3666.3,2025-11-09,2024-02-08,52,7,3666.3,3,4,5,12,Potential Loyalist
CUST001252,GB,4,1645.8,2025-09-07,2024-02-10,115,4,1645.8,2,2,4,8,Hibernating
CUST001292,DE,6,957.78,2025-12-17,2024-02-10,14,6,957.78,5,4,2,11,Loyal
CUST003821,FR,4,506.98,2025-09-15,2024-02-10,107,4,506.98,2,2,1,5,Hibernating
CUST003606,DE,6,2812.39,2025-10-18,2024-02-12,74,6,2812.39,3,4,5,12,Potential Loyalist
CUST003203,DE,6,3727.85,2025-09-09,2024-02-12,113,6,3727.85,2,4,5,11,At Risk
CUST001175,GB,8,2339.14,2025-11-04,2024-02-14,57,8,2339.14,3,5,4,12,Potential Loyalist
CUST003619,ES,4,485.33,2025-12-25,2024-02-14,6,4,485.33,5,2,1,8,Potential Loyalist
CUST002916,NL,5,1876.13,2025-08-28,2024-02-14,125,5,1876.13,2,3,4,9,At Risk
CUST002215,NL,9,3689.1,2025-11-08,2024-02-15,53,9,3689.1,3,5,5,13,Champions
CUST002147,GB,8,2640.46,2025-11-16,2024-02-15,45,8,2640.46,3,5,5,13,Champions
CUST003894,FR,6,2237.99,2025-02-02,2024-02-16,332,6,2237.99,1,4,4,9,At Risk
CUST001148,NL,4,446.07,2025-12-07,2024-02-17,24,4,446.07,4,2,1,7,Potential Loyalist
CUST000772,ES,4,1612.19,2025-11-25,2024-02-18,36,4,1612.19,4,2,3,9,Potential Loyalist
CUST003715,SE,6,2100.53,2025-11-19,2024-02-18,42,6,2100.53,3,4,4,11,Potential Loyalist
CUST000572,ES,8,3251.77,2025-11-07,2024-02-18,54,8,3251.77,3,5,5,13,Champions
CUST003299,FR,2,193.07,2025-07-21,2024-02-18,163,2,193.07,2,1,1,4,Hibernating
CUST002880,DE,6,781.67,2025-10-20,2024-02-21,72,6,781.67,3,4,2,9,Potential Loyalist
CUST001070,FR,4,2362.95,2025-08-17,2024-02-22,136,4,2362.95,2,2,4,8,Hibernating
CUST002256,GB,6,2396.9,2025-10-27,2024-02-24,65,6,2396.9,3,4,5,12,Potential Loyalist
CUST001989,FR,4,1079.47,2025-12-21,2024-02-24,10,4,1079.47,5,2,2,9,Potential Loyalist
CUST001587,NL,8,2838.8,2025-12-08,2024-02-24,23,8,2838.8,4,5,5,14,Champions
CUST001738,DE,3,633.24,2025-11-21,2024-02-25,40,3,633.24,3,1,1,5,Potential Loyalist
CUST000398,FR,5,1203.97,2025-12-21,2024-02-25,10,5,1203.97,5,3,3,11,Loyal
CUST001775,ES,6,1989.64,2025-06-25,2024-02-26,189,6,1989.64,2,4,4,10,At Risk
CUST001652,FR,3,721.1,2025-08-17,2024-02-26,136,3,721.1,2,1,2,5,Hibernating
CUST001698,DE,5,2015.68,2025-10-24,2024-02-28,68,5,2015.68,3,3,4,10,Potential Loyalist
CUST002433,SE,5,2154.19,2025-12-31,2024-02-29,0,5,2154.19,5,3,4,12,Loyal
CUST002431,GB,3,614.37,2025-02-08,2024-02-29,326,3,614.37,1,1,1,3,Hibernating
CUST002655,ES,8,1958.47,2025-11-22,2024-03-02,39,8,1958.47,3,5,4,12,Potential Loyalist
CUST001317,GB,6,3910.71,2025-12-17,2024-03-03,14,6,3910.71,5,4,5,14,Champions
CUST003360,NL,4,771.92,2025-12-06,2024-03-05,25,4,771.92,4,2,2,8,Potential Loyalist
CUST003331,GB,4,687.56,2024-11-04,2024-03-13,422,4,687.56,1,2,2,5,Hibernating
CUST001980,ES,7,1420.62,2025-12-10,2024-03-14,21,7,1420.62,4,4,3,11,Loyal
CUST001692,GB,7,2589.88,2025-05-16,2024-03-15,229,7,2589.88,1,4,5,10,At Risk
CUST000464,GB,6,1384.08,2025-12-30,2024-03-15,1,6,1384.08,5,4,3,12,Loyal
CUST003034,DE,6,1582.64,2025-09-24,2024-03-15,98,6,1582.64,2,4,3,9,At Risk
CUST000352,ES,5,2600.79,2025-10-10,2024-03-17,82,5,2600.79,2,3,5,10,At Risk
CUST000969,GB,3,380.28,2025-05-31,2024-03-17,214,3,380.28,1,1,1,3,Hibernating
CUST001747,DE,4,2938.54,2025-01-31,2024-03-19,334,4,2938.54,1,2,5,8,Hibernating
CUST001547,ES,9,1356.65,2025-12-23,2024-03-21,8,9,1356.65,5,5,3,13,Champions
CUST001250,GB,5,1541.09,2025-02-12,2024-03-21,322,5,1541.09,1,3,3,7,At Risk
CUST000009,GB,7,961.21,2025-11-21,2024-03-24,40,7,961.21,3,4,2,9,Potential Loyalist
CUST001845,IT,2,66.91,2025-06-25,2024-03-24,189,2,66.91,2,1,1,4,Hibernating
CUST002010,GB,6,2342.0,2025-08-05,2024-03-25,148,6,2342.0,2,4,4,10,At Risk
CUST001757,SE,6,2030.99,2025-10-29,2024-03-25,63,6,2030.99,3,4,4,11,Potential Loyalist
CUST000336,DE,9,4318.72,2025-10-12,2024-03-26,80,9,4318.72,2,5,5,12,At Risk
CUST001319,DE,5,1389.95,2025-07-18,2024-03-31,166,5,1389.95,2,3,3,8,At Risk
CUST001735,DE,3,247.37,2025-12-22,2024-04-02,9,3,247.37,5,1,1,7,Potential Loyalist
CUST000971,NL,7,1311.42,2025-12-12,2024-04-05,19,7,1311.42,4,4,3,11,Loyal
CUST002296,DE,4,1023.84,2025-04-12,2024-04-05,263,4,1023.84,1,2,2,5,Hibernating
CUST003521,DE,4,1454.42,2025-11-14,2024-04-06,47,4,1454.42,3,2,3,8,Potential Loyalist
CUST001413,FR,8,1185.58,2025-09-17,2024-04-06,105,8,1185.58,2,5,3,10,At Risk
CUST003445,SE,7,2678.21,2025-09-12,2024-04-07,110,7,2678.21,2,4,5,11,At Risk
CUST001236,FR,7,1757.16,2025-09-17,2024-04-09,105,7,1757.16,2,4,4,10,At Risk
CUST000593,DE,6,1938.7,2025-09-29,2024-04-12,93,6,1938.7,2,4,4,10,At Risk
CUST003728,DE,7,1648.19,2025-08-16,2024-04-12,137,7,1648.19,2,4,4,10,At Risk
CUST001298,DE,3,1666.18,2025-10-06,2024-04-13,86,3,1666.18,2,1,4,7,Hibernating
CUST003853,GB,7,3213.14,2025-09-06,2024-04-14,116,7,3213.14,2,4,5,11,At Risk
CUST000791,DE,5,1474.48,2025-11-08,2024-04-17,53,5,1474.48,3,3,3,9,Potential Loyalist
CUST000007,DE,6,1183.71,2025-12-22,2024-04-19,9,6,1183.71,5,4,3,12,Loyal
CUST000939,DE,4,1060.42,2025-06-28,2024-04-20,186,4,1060.42,2,2,2,6,Hibernating
CUST001407,ES,4,801.54,2025-06-24,2024-04-20,190,4,801.54,1,2,2,5,Hibernating
CUST000967,NL,11,3916.92,2025-12-06,2024-04-20,25,11,3916.92,4,5,5,14,Champions
CUST001135,NL,5,2965.47,2025-11-12,2024-04-20,49,5,2965.47,3,3,5,11,Potential Loyalist
CUST002460,FR,4,2474.45,2024-11-13,2024-04-22,413,4,2474.45,1,2,5,8,Hibernating
CUST000392,FR,4,1596.9,2025-11-18,2024-04-25,43,4,1596.9,3,2,3,8,Potential Loyalist
CUST001066,NL,1,180.46,2024-04-26,2024-04-26,614,1,180.46,1,1,1,3,Hibernating
CUST003330,NL,7,3103.82,2025-10-25,2024-04-26,67,7,3103.82,3,4,5,12,Potential Loyalist
CUST002157,DE,4,441.48,2025-11-11,2024-04-30,50,4,441.48,3,2,1,6,Potential Loyalist
CUST000134,FR,6,1454.38,2025-11-03,2024-05-01,58,6,1454.38,3,4,3,10,Potential Loyalist
CUST001409,GB,7,1184.23,2025-11-21,2024-05-01,40,7,1184.23,3,4,3,10,Potential Loyalist
CUST003263,FR,6,2405.61,2025-11-16,2024-05-04,45,6,2405.61,3,4,5,12,Potential Loyalist
CUST000103,FR,5,350.18,2025-12-13,2024-05-04,18,5,350.18,4,3,1,8,Loyal
CUST002276,GB,4,835.63,2025-10-21,2024-05-05,71,4,835.63,3,2,2,7,Potential Loyalist
CUST000589,DE,6,1831.25,2025-11-15,2024-05-09,46,6,1831.25,3,4,4,11,Potential Loyalist
CUST001425,SE,7,4867.81,2025-04-28,2024-05-09,247,7,4867.81,1,4,5,10,At Risk
CUST001991,ES,4,2714.41,2025-02-23,2024-05-09,311,4,2714.41,1,2,5,8,Hibernating
CUST002135,NL,7,2178.45,2025-07-17,2024-05-10,167,7,2178.45,2,4,4,10,At Risk
CUST003685,NL,3,767.64,2025-11-01,2024-05-11,60,3,767.64,3,1,2,6,Potential Loyalist
CUST001901,GB,5,4346.49,2025-12-21,2024-05-11,10,5,4346.49,5,3,5,13,Champions
CUST000825,GB,4,243.1,2025-12-13,2024-05-13,18,4,243.1,4,2,1,7,Potential Loyalist
CUST002451,FR,2,102.34,2025-09-24,2024-05-13,98,2,102.34,2,1,1,4,Hibernating
CUST001318,NL,3,1598.34,2025-12-11,2024-05-13,20,3,1598.34,4,1,3,8,Potential Loyalist
CUST002981,FR,8,1419.01,2025-11-09,2024-05-18,52,8,1419.01,3,5,3,11,Potential Loyalist
CUST000459,DE,10,3151.11,2025-09-17,2024-05-18,105,10,3151.11,2,5,5,12,At Risk
CUST001575,DE,4,1260.44,2025-12-26,2024-05-18,5,4,1260.44,5,2,3,10,Potential Loyalist
CUST003869,NL,2,690.68,2025-06-24,2024-05-21,190,2,690.68,1,1,2,4,Hibernating
CUST003805,FR,8,2050.74,2025-12-22,2024-05-21,9,8,2050.74,5,5,4,14,Champions
CUST003340,NL,6,2089.68,2025-12-21,2024-05-21,10,6,2089.68,5,4,4,13,Champions
CUST003912,FR,5,2768.44,2025-09-15,2024-05-22,107,5,2768.44,2,3,5,10,At Risk
CUST002461,SE,5,1123.42,2025-11-27,2024-05-28,34,5,1123.42,4,3,3,10,Loyal
CUST000246,IT,6,2710.92,2025-09-22,2024-05-28,100,6,2710.92,2,4,5,11,At Risk
CUST002478,ES,3,859.14,2025-06-14,2024-05-30,200,3,859.14,1,1,2,4,Hibernating
CUST002158,FR,5,724.6,2025-04-05,2024-06-07,270,5,724.6,1,3,2,6,At Risk
CUST003553,GB,8,4047.56,2025-08-09,2024-06-08,144,8,4047.56,2,5,5,12,At Risk
CUST002542,ES,3,859.62,2025-12-28,2024-06-08,3,3,859.62,5,1,2,8,Potential Loyalist
CUST001972,ES,5,789.23,2025-08-17,2024-06-09,136,5,789.23,2,3,2,7,At Risk
CUST000422,ES,5,2628.63,2025-02-07,2024-06-13,327,5,2628.63,1,3,5,9,At Risk
CUST000800,IT,6,815.6,2025-11-16,2024-06-14,45,6,815.6,3,4,2,9,Potential Loyalist
CUST003349,FR,9,2843.86,2025-11-29,2024-06-14,32,9,2843.86,4,5,5,14,Champions
CUST003686,GB,6,2031.13,2025-06-27,2024-06-16,187,6,2031.13,2,4,4,10,At Risk
CUST000784,FR,5,1256.53,2025-12-02,2024-06-22,29,5,1256.53,4,3,3,10,Loyal
CUST003796,NL,3,273.26,2025-12-14,2024-06-23,17,3,273.26,4,1,1,6,Potential Loyalist
CUST000937,DE,4,1218.17,2025-04-04,2024-06-24,271,4,1218.17,1,2,3,6,Hibernating
CUST001157,DE,7,617.14,2025-12-22,2024-06-27,9,7,617.14,5,4,1,10,Loyal
CUST003776,IT,8,5557.63,2025-11-09,2024-06-27,52,8,5557.63,3,5,5,13,Champions
CUST002603,NL,3,594.32,2025-12-09,2024-06-28,22,3,594.32,4,1,1,6,Potential Loyalist
CUST001650,NL,8,1441.79,2025-12-04,2024-06-30,27,8,1441.79,4,5,3,12,Loyal
CUST003726,IT,10,2661.08,2025-11-16,2024-06-30,45,10,2661.08,3,5,5,13,Champions
CUST002595,DE,3,365.89,2025-12-24,2024-06-30,7,3,365.89,5,1,1,7,Potential Loyalist
CUST001914,FR,8,3896.03,2025-12-13,2024-07-03,18,8,3896.03,4,5,5,14,Champions
CUST000350,GB,2,436.24,2025-03-16,2024-07-05,290,2,436.24,1,1,1,3,Hibernating
CUST001846,DE,4,2067.24,2025-12-01,2024-07-11,30,4,2067.24,4,2,4,10,Potential Loyalist
CUST003234,DE,5,481.48,2025-12-29,2024-07-13,2,5,481.48,5,3,1,9,Loyal
CUST001538,NL,7,1256.57,2025-11-22,2024-07-14,39,7,1256.57,3,4,3,10,Potential Loyalist
CUST002187,IT,4,257.63,2025-10-11,2024-07-15,81,4,257.63,2,2,1,5,Hibernating
CUST000994,GB,4,1644.72,2025-09-17,2024-07-18,105,4,1644.72,2,2,4,8,Hibernating
CUST000580,FR,4,1191.53,2025-10-18,2024-07-22,74,4,1191.53,3,2,3,8,Potential Loyalist
CUST002742,DE,5,769.95,2025-11-18,2024-07-31,43,5,769.95,3,3,2,8,Potential Loyalist
CUST002801,ES,5,3252.78,2025-12-21,2024-08-01,10,5,3252.78,5,3,5,13,Champions
CUST003944,FR,5,1150.32,2025-11-05,2024-08-07,56,5,1150.32,3,3,3,9,Potential Loyalist
CUST003378,DE,7,1867.19,2025-12-12,2024-08-09,19,7,1867.19,4,4,4,12,Loyal
CUST003665,GB,2,177.44,2025-08-14,2024-08-13,139,2,177.44,2,1,1,4,Hibernating
CUST002148,FR,5,739.42,2025-09-09,2024-08-19,113,5,739.42,2,3,2,7,At Risk
CUST001187,NL,7,2432.2,2025-12-26,2024-08-24,5,7,2432.2,5,4,5,14,Champions
CUST002226,GB,6,4779.59,2025-12-18,2024-08-26,13,6,4779.59,5,4,5,14,Champions
CUST003055,NL,3,1376.94,2025-03-07,2024-08-27,299,3,1376.94,1,1,3,5,Hibernating
CUST000662,SE,4,1330.96,2025-12-22,2024-08-29,9,4,1330.96,5,2,3,10,Potential Loyalist
CUST003142,IT,5,1065.33,2025-09-14,2024-08-30,108,5,1065.33,2,3,2,7,At Risk
CUST000664,DE,9,2899.17,2025-11-21,2024-09-02,40,9,2899.17,3,5,5,13,Champions
CUST000921,ES,7,1587.48,2025-10-10,2024-09-04,82,7,1587.48,2,4,3,9,At Risk
CUST003871,FR,4,596.6,2025-11-20,2024-09-06,41,4,596.6,3,2,1,6,Potential Loyalist
CUST003003,FR,2,216.53,2025-05-22,2024-09-11,223,2,216.53,1,1,1,3,Hibernating
CUST002954,GB,5,724.68,2025-12-26,2024-09-15,5,5,724.68,5,3,2,10,Loyal
CUST003571,FR,4,1268.14,2025-11-06,2024-09-17,55,4,1268.14,3,2,3,8,Potential Loyalist
CUST000813,DE,4,1133.84,2025-12-20,2024-09-21,11,4,1133.84,5,2,3,10,Potential Loyalist
CUST003756,DE,4,2138.81,2025-11-03,2024-09-22,58,4,2138.81,3,2,4,9,Potential Loyalist
CUST003604,FR,3,75.69,2025-05-22,2024-09-22,223,3,75.69,1,1,1,3,Hibernating
CUST000199,IT,5,888.8,2025-12-28,2024-09-28,3,5,888.8,5,3,2,10,Loyal
CUST000789,GB,2,1316.43,2025-11-19,2024-09-30,42,2,1316.43,3,1,3,7,Potential Loyalist
CUST002893,ES,4,988.26,2025-12-30,2024-10-03,1,4,988.26,5,2,2,9,Potential Loyalist
CUST003569,ES,6,1428.14,2025-12-18,2024-10-07,13,6,1428.14,5,4,3,12,Loyal
CUST001365,NL,5,929.85,2025-12-26,2024-10-10,5,5,929.85,5,3,2,10,Loyal
CUST001993,GB,7,1492.07,2025-09-19,2024-10-10,103,7,1492.07,2,4,3,9,At Risk
CUST003195,FR,3,726.29,2025-12-29,2024-10-13,2,3,726.29,5,1,2,8,Potential Loyalist
CUST000013,ES,4,1340.65,2025-11-14,2024-10-16,47,4,1340.65,3,2,3,8,Potential Loyalist
CUST000953,DE,4,1501.37,2025-12-16,2024-10-17,15,4,1501.37,5,2,3,10,Potential Loyalist
CUST001748,FR,3,312.03,2025-05-20,2024-10-18,225,3,312.03,1,1,1,3,Hibernating
CUST000501,NL,2,759.42,2025-03-11,2024-10-19,295,2,759.42,1,1,2,4,Hibernating
CUST002068,FR,3,347.27,2025-08-20,2024-10-22,133,3,347.27,2,1,1,4,Hibernating
CUST001400,NL,3,514.57,2025-11-13,2024-10-23,48,3,514.57,3,1,1,5,Potential Loyalist
CUST003255,FR,6,1337.33,2025-12-21,2024-10-28,10,6,1337.33,5,4,3,12,Loyal
CUST000163,GB,3,501.89,2025-10-23,2024-11-02,69,3,501.89,3,1,1,5,Potential Loyalist
CUST000905,FR,4,696.4,2025-07-09,2024-11-02,175,4,696.4,2,2,2,6,Hibernating
CUST000462,GB,5,296.44,2025-12-08,2024-11-03,23,5,296.44,4,3,1,8,Loyal
CUST003539,NL,4,909.14,2025-09-01,2024-11-06,121,4,909.14,2,2,2,6,Hibernating
CUST000629,DE,4,4081.66,2025-12-15,2024-11-07,16,4,4081.66,5,2,5,12,Potential Loyalist
CUST001841,FR,4,510.55,2025-12-29,2024-11-08,2,4,510.55,5,2,1,8,Potential Loyalist
CUST003697,SE,4,1319.13,2025-07-09,2024-11-08,175,4,1319.13,2,2,3,7,Hibernating
CUST000714,FR,3,1295.25,2025-12-02,2024-11-09,29,3,1295.25,4,1,3,8,Potential Loyalist
CUST003567,GB,2,242.17,2024-12-30,2024-11-10,366,2,242.17,1,1,1,3,Hibernating
CUST000429,FR,5,675.26,2025-09-08,2024-11-14,114,5,675.26,2,3,2,7,At Risk
CUST001147,ES,4,961.01,2025-10-14,2024-11-16,78,4,961.01,3,2,2,7,Potential Loyalist
CUST000514,ES,2,321.52,2025-05-27,2024-11-19,218,2,321.52,1,1,1,3,Hibernating
CUST001636,DE,2,505.82,2024-12-09,2024-11-22,387,2,505.82,1,1,1,3,Hibernating
CUST000241,IT,8,1855.45,2025-12-26,2024-11-24,5,8,1855.45,5,5,4,14,Champions
CUST000809,GB,5,1299.74,2025-11-08,2024-11-24,53,5,1299.74,3,3,3,9,Potential Loyalist
CUST001306,IT,3,839.55,2025-12-04,2024-11-26,27,3,839.55,4,1,2,7,Potential Loyalist
CUST001787,GB,4,1457.02,2025-05-25,2024-11-27,220,4,1457.02,1,2,3,6,Hibernating
CUST003988,GB,7,1007.92,2025-12-28,2024-11-29,3,7,1007.92,5,4,2,11,Loyal
CUST001874,ES,3,1770.12,2025-12-06,2024-11-30,25,3,1770.12,4,1,4,9,Potential Loyalist
CUST000155,SE,5,2119.14,2025-12-18,2024-11-30,13,5,2119.14,5,3,4,12,Loyal
CUST000025,GB,4,688.1,2025-11-25,2024-11-30,36,4,688.1,4,2,2,8,Potential Loyalist
CUST002634,DE,6,862.99,2025-11-24,2024-12-01,37,6,862.99,4,4,2,10,Loyal
CUST000807,IT,4,385.38,2025-05-13,2024-12-08,232,4,385.38,1,2,1,4,Hibernating
CUST000659,GB,2,1522.86,2025-08-29,2024-12-18,124,2,1522.86,2,1,3,6,Hibernating
CUST002175,DE,2,92.93,2025-11-01,2024-12-21,60,2,92.93,3,1,1,5,Potential Loyalist
CUST003977,FR,7,1292.86,2025-12-15,2024-12-27,16,7,1292.86,5,4,3,12,Loyal
CUST002430,IT,5,1199.78,2025-12-08,2024-12-28,23,5,1199.78,4,3,3,10,Loyal
CUST003099,DE,5,1275.99,2025-11-20,2024-12-28,41,5,1275.99,3,3,3,9,Potential Loyalist
CUST000780,GB,2,119.57,2025-07-08,2024-12-29,176,2,119.57,2,1,1,4,Hibernating
CUST002523,FR,9,1215.14,2025-12-28,2024-12-29,3,9,1215.14,5,5,3,13,Champions
CUST001327,DE,2,73.05,2025-04-17,2025-01-01,258,2,73.05,1,1,1,3,Hibernating
CUST000701,GB,2,51.33,2025-09-18,2025-01-07,104,2,51.33,2,1,1,4,Hibernating
CUST000245,DE,5,596.92,2025-07-22,2025-01-21,162,5,596.92,2,3,1,6,At Risk
CUST001304,GB,3,1483.46,2025-11-25,2025-02-01,36,3,1483.46,4,1,3,8,Potential Loyalist
CUST001683,GB,2,238.54,2025-08-09,2025-02-02,144,2,238.54,2,1,1,4,Hibernating
CUST002342,DE,3,118.59,2025-11-08,2025-02-13,53,3,118.59,3,1,1,5,Potential Loyalist
CUST002079,SE,1,47.04,2025-02-13,2025-02-13,321,1,47.04,1,1,1,3,Hibernating
CUST001158,IT,1,138.13,2025-02-17,2025-02-17,317,1,138.13,1,1,1,3,Hibernating
CUST002872,IT,2,724.55,2025-12-07,2025-02-18,24,2,724.55,4,1,2,7,Potential Loyalist
CUST000383,GB,3,1044.29,2025-12-16,2025-02-24,15,3,1044.29,5,1,2,8,Potential Loyalist
CUST002663,DE,3,1316.64,2025-12-10,2025-02-25,21,3,1316.64,4,1,3,8,Potential Loyalist
CUST002449,DE,5,509.2,2025-09-23,2025-03-02,99,5,509.2,2,3,1,6,At Risk
CUST001043,FR,2,2732.42,2025-07-06,2025-03-04,178,2,2732.42,2,1,5,8,Hibernating
CUST001758,GB,1,1185.79,2025-04-05,2025-04-05,270,1,1185.79,1,1,3,5,Hibernating
CUST000591,DE,2,355.85,2025-12-26,2025-04-08,5,2,355.85,5,1,1,7,Potential Loyalist
CUST003351,DE,2,978.41,2025-12-17,2025-04-12,14,2,978.41,5,1,2,8,Potential Loyalist
CUST002323,GB,2,797.22,2025-06-27,2025-04-14,187,2,797.22,2,1,2,5,Hibernating
CUST003837,IT,2,951.22,2025-12-15,2025-04-20,16,2,951.22,5,1,2,8,Potential Loyalist
CUST002395,IT,3,859.82,2025-12-27,2025-06-05,4,3,859.82,5,1,2,8,Potential Loyalist
CUST003332,NL,3,531.96,2025-12-14,2025-06-19,17,3,531.96,4,1,1,6,Potential Loyalist
CUST001558,FR,2,510.71,2025-11-23,2025-06-24,38,2,510.71,4,1,1,6,Potential Loyalist
CUST003474,NL,3,835.36,2025-11-23,2025-06-25,38,3,835.36,4,1,2,7,Potential Loyalist
CUST003441,FR,5,1370.15,2025-12-11,2025-07-09,20,5,1370.15,4,3,3,10,Loyal
CUST001397,FR,2,384.91,2025-12-21,2025-07-14,10,2,384.91,5,1,1,7,Potential Loyalist
CUST002432,ES,4,1075.82,2025-12-28,2025-07-23,3,4,1075.82,5,2,2,9,Potential Loyalist
CUST002699,ES,3,1153.36,2025-10-28,2025-09-18,64,3,1153.36,3,1,3,7,Potential Loyalist
CUST003617,GB,2,85.25,2025-12-13,2025-09-28,18,2,85.25,4,1,1,6,Potential Loyalist
CUST000576,IT,7,1610.85,2025-07-01,2024-01-01,183,7,1610.85,2,4,3,9,At Risk
CUST002435,SE,3,2264.25,2025-11-21,2024-01-01,40,3,2264.25,3,1,4,8,Potential Loyalist
CUST002161,NL,5,1575.13,2025-08-18,2024-01-03,135,5,1575.13,2,3,3,8,At Risk
CUST003516,IT,4,1453.08,2025-07-06,2024-01-04,178,4,1453.08,2,2,3,7,Hibernating
CUST000610,NL,6,1643.27,2025-09-01,2024-01-04,121,6,1643.27,2,4,4,10,At Risk
CUST001151,NL,11,2148.84,2025-12-25,2024-01-05,6,11,2148.84,5,5,4,14,Champions
CUST002291,GB,4,870.15,2025-12-07,2024-01-06,24,4,870.15,4,2,2,8,Potential Loyalist
CUST003882,NL,7,2011.9,2025-11-30,2024-01-06,31,7,2011.9,4,4,4,12,Loyal
CUST001217,DE,5,371.64,2025-11-30,2024-01-07,31,5,371.64,4,3,1,8,Loyal
CUST002788,DE,5,707.4,2025-12-08,2024-01-08,23,5,707.4,4,3,2,9,Loyal
CUST003581,GB,4,2315.86,2025-09-01,2024-01-08,121,4,2315.86,2,2,4,8,Hibernating
CUST003358,FR,5,725.14,2025-08-16,2024-01-09,137,5,725.14,2,3,2,7,At Risk
CUST002140,ES,4,2873.03,2025-12-17,2024-01-10,14,4,2873.03,5,2,5,12,Potential Loyalist
CUST002544,GB,6,1139.92,2025-09-17,2024-01-12,105,6,1139.92,2,4,3,9,At Risk
CUST001227,FR,6,2833.59,2025-10-14,2024-01-12,78,6,2833.59,3,4,5,12,Potential Loyalist
CUST002059,NL,5,982.96,2025-11-29,2024-01-12,32,5,982.96,4,3,2,9,Loyal
CUST002856,GB,7,3040.12,2025-12-12,2024-01-14,19,7,3040.12,4,4,5,13,Champions
CUST002448,DE,3,1909.51,2025-02-25,2024-01-16,309,3,1909.51,1,1,4,6,Hibernating
CUST002876,GB,3,1812.85,2025-05-19,2024-01-16,226,3,1812.85,1,1,4,6,Hibernating
CUST002029,FR,10,2762.98,2025-11-23,2024-01-16,38,10,2762.98,4,5,5,14,Champions
CUST001034,DE,6,1870.09,2025-12-21,2024-01-19,10,6,1870.09,5,4,4,13,Champions
CUST000306,SE,12,3614.93,2025-12-07,2024-01-19,24,12,3614.93,4,5,5,14,Champions
CUST001561,FR,5,2107.19,2025-12-01,2024-01-21,30,5,2107.19,4,3,4,11,Loyal
CUST001003,IT,6,1326.14,2025-01-03,2024-01-21,362,6,1326.14,1,4,3,8,At Risk
CUST001160,DE,6,4994.71,2025-12-21,2024-01-21,10,6,4994.71,5,4,5,14,Champions
CUST000528,FR,9,4264.52,2025-12-14,2024-01-22,17,9,4264.52,4,5,5,14,Champions
CUST000520,DE,4,1398.24,2025-11-19,2024-01-23,42,4,1398.24,3,2,3,8,Potential Loyalist
CUST001533,NL,6,620.62,2025-11-29,2024-01-24,32,6,620.62,4,4,1,9,Loyal
CUST002939,SE,5,998.14,2025-11-18,2024-01-24,43,5,998.14,3,3,2,8,Potential Loyalist
CUST001956,IT,9,2501.78,2025-12-15,2024-01-24,16,9,2501.78,5,5,5,15,Champions
CUST003854,IT,9,2485.22,2025-12-08,2024-01-25,23,9,2485.22,4,5,5,14,Champions
CUST002064,GB,3,684.48,2025-03-05,2024-01-26,301,3,684.48,1,1,2,4,Hibernating
CUST003425,ES,7,1097.07,2025-10-28,2024-01-28,64,7,1097.07,3,4,2,9,Potential Loyalist
CUST002590,NL,6,3457.36,2025-12-08,2024-01-28,23,6,3457.36,4,4,5,13,Champions
CUST003923,ES,5,2398.18,2025-04-28,2024-01-31,247,5,2398.18,1,3,5,9,At Risk
CUST000679,SE,8,4284.95,2025-12-15,2024-02-02,16,8,4284.95,5,5,5,15,Champions
CUST001813,FR,6,2128.87,2024-12-21,2024-02-03,375,6,2128.87,1,4,4,9,At Risk
CUST002643,ES,7,5414.65,2025-09-30,2024-02-04,92,7,5414.65,2,4,5,11,At Risk
CUST000468,ES,10,880.95,2025-12-04,2024-02-04,27,10,880.95,4,5,2,11,Loyal
CUST000166,ES,8,1689.04,2025-09-05,2024-02-04,117,8,1689.04,2,5,4,11,At Risk
CUST003995,GB,5,3253.74,2025-11-03,2024-02-04,58,5,3253.74,3,3,5,11,Potential Loyalist
CUST002724,GB,7,2027.41,2025-12-22,2024-02-05,9,7,2027.41,5,4,4,13,Champions
CUST001733,GB,3,479.74,2025-11-28,2024-02-06,33,3,479.74,4,1,1,6,Potential Loyalist
CUST003714,GB,5,447.79,2025-11-23,2024-02-06,38,5,447.79,4,3,1,8,Loyal
CUST000041,DE,6,1102.5,2025-05-22,2024-02-06,223,6,1102.5,1,4,2,7,At Risk
CUST001697,DE,7,757.33,2025-11-28,2024-02-07,33,7,757.33,4,4,2,10,Loyal
CUST002921,FR,6,2314.29,2025-12-25,2024-02-07,6,6,2314.29,5,4,4,13,Champions
CUST002133,GB,5,1360.76,2025-07-29,2024-02-08,155,5,1360.76,2,3,3,8,At Risk
CUST002149,GB,6,933.55,2025-06-27,2024-02-09,187,6,933.55,2,4,2,8,At Risk
CUST000386,ES,2,465.36,2024-12-29,2024-02-10,367,2,465.36,1,1,1,3,Hibernating
CUST003177,NL,6,1712.49,2025-09-12,2024-02-10,110,6,1712.49,2,4,4,10,At Risk
CUST002712,GB,5,924.45,2025-04-02,2024-02-12,273,5,924.45,1,3,2,6,At Risk
CUST003811,NL,4,2629.98,2025-01-28,2024-02-13,337,4,2629.98,1,2,5,8,Hibernating
CUST000911,GB,8,1617.51,2025-11-24,2024-02-14,37,8,1617.51,4,5,4,13,Champions
CUST003270,NL,3,218.41,2025-11-17,2024-02-16,44,3,218.41,3,1,1,5,Potential Loyalist
CUST000908,FR,3,1057.05,2025-08-23,2024-02-16,130,3,1057.05,2,1,2,5,Hibernating
CUST000317,FR,3,548.05,2025-12-07,2024-02-17,24,3,548.05,4,1,1,6,Potential Loyalist
CUST001178,DE,8,1616.29,2025-11-17,2024-02-18,44,8,1616.29,3,5,3,11,Potential Loyalist
CUST001578,GB,5,1712.85,2025-12-29,2024-02-19,2,5,1712.85,5,3,4,12,Loyal
CUST003409,DE,6,1868.06,2025-10-22,2024-02-21,70,6,1868.06,3,4,4,11,Potential Loyalist
CUST001131,NL,4,2271.38,2025-04-06,2024-02-23,269,4,2271.38,1,2,4,7,Hibernating
CUST000397,ES,4,1290.31,2025-11-03,2024-02-23,58,4,1290.31,3,2,3,8,Potential Loyalist
CUST003335,IT,4,293.21,2025-04-06,2024-02-24,269,4,293.21,1,2,1,4,Hibernating
CUST003266,DE,5,1612.21,2025-10-26,2024-02-24,66,5,1612.21,3,3,3,9,Potential Loyalist
CUST003070,NL,6,2682.95,2025-12-08,2024-02-25,23,6,2682.95,4,4,5,13,Champions
CUST003791,DE,11,4090.57,2025-12-22,2024-02-25,9,11,4090.57,5,5,5,15,Champions
CUST003881,GB,6,1399.62,2025-09-21,2024-02-27,101,6,1399.62,2,4,3,9,At Risk
CUST003066,FR,5,1093.75,2025-12-08,2024-02-27,23,5,1093.75,4,3,2,9,Loyal
CUST003124,GB,3,858.61,2025-04-30,2024-03-01,245,3,858.61,1,1,2,4,Hibernating
CUST003347,FR,6,2157.03,2025-12-24,2024-03-03,7,6,2157.03,5,4,4,13,Champions
CUST001549,DE,5,1248.57,2025-04-01,2024-03-07,274,5,1248.57,1,3,3,7,At Risk
CUST002344,FR,7,1072.82,2025-12-09,2024-03-09,22,7,1072.82,4,4,2,10,Loyal
CUST001800,DE,4,813.82,2025-02-22,2024-03-10,312,4,813.82,1,2,2,5,Hibernating
CUST003511,FR,9,3278.52,2025-07-23,2024-03-10,161,9,3278.52,2,5,5,12,At Risk
CUST002131,DE,3,546.47,2025-06-04,2024-03-12,210,3,546.47,1,1,1,3,Hibernating
CUST001996,NL,5,711.78,2025-12-23,2024-03-12,8,5,711.78,5,3,2,10,Loyal
CUST002937,ES,10,1982.5,2025-12-16,2024-03-13,15,10,1982.5,5,5,4,14,Champions
CUST003636,GB,4,1106.42,2025-06-27,2024-03-13,187,4,1106.42,2,2,2,6,Hibernating
CUST001825,GB,5,351.02,2025-11-24,2024-03-13,37,5,351.02,4,3,1,8,Loyal
CUST002820,FR,4,1623.06,2025-07-28,2024-03-14,156,4,1623.06,2,2,4,8,Hibernating
CUST000318,DE,10,1600.83,2025-12-27,2024-03-16,4,10,1600.83,5,5,3,13,Champions
CUST002744,DE,7,1217.67,2025-11-15,2024-03-18,46,7,1217.67,3,4,3,10,Potential Loyalist
CUST003582,ES,3,2734.53,2025-09-14,2024-03-19,108,3,2734.53,2,1,5,8,Hibernating
CUST003407,ES,3,1366.25,2025-04-26,2024-03-19,249,3,1366.25,1,1,3,5,Hibernating
CUST001350,DE,3,687.43,2025-06-05,2024-03-24,209,3,687.43,1,1,2,4,Hibernating
CUST002828,DE,4,850.27,2025-09-17,2024-03-24,105,4,850.27,2,2,2,6,Hibernating
CUST003112,DE,3,573.84,2025-12-08,2024-03-25,23,3,573.84,4,1,1,6,Potential Loyalist
CUST003338,ES,4,1628.31,2025-07-24,2024-03-25,160,4,1628.31,2,2,4,8,Hibernating
CUST001336,NL,6,3368.74,2025-11-25,2024-03-26,36,6,3368.74,4,4,5,13,Champions
CUST001352,GB,3,1619.34,2025-08-23,2024-03-26,130,3,1619.34,2,1,4,7,Hibernating
CUST000045,FR,7,2238.32,2025-12-27,2024-03-26,4,7,2238.32,5,4,4,13,Champions
CUST001532,GB,6,2715.53,2025-11-27,2024-03-27,34,6,2715.53,4,4,5,13,Champions
CUST000074,ES,3,155.08,2025-07-02,2024-03-27,182,3,155.08,2,1,1,4,Hibernating
CUST001760,GB,8,4271.68,2025-10-07,2024-03-28,85,8,4271.68,2,5,5,12,At Risk
CUST002896,IT,5,879.23,2025-12-10,2024-03-28,21,5,879.23,4,3,2,9,Loyal
CUST002388,GB,8,714.73,2025-11-21,2024-03-29,40,8,714.73,3,5,2,10,Potential Loyalist
CUST000756,ES,5,898.95,2025-12-17,2024-03-30,14,5,898.95,5,3,2,10,Loyal
CUST001398,DE,5,1657.95,2025-10-05,2024-03-30,87,5,1657.95,2,3,4,9,At Risk
CUST001926,DE,6,2860.82,2025-11-26,2024-04-06,35,6,2860.82,4,4,5,13,Champions
CUST001265,DE,3,227.76,2024-12-01,2024-04-07,395,3,227.76,1,1,1,3,Hibernating
CUST002377,FR,9,4501.89,2025-12-16,2024-04-10,15,9,4501.89,5,5,5,15,Champions
CUST001560,IT,4,2360.62,2024-12-22,2024-04-13,374,4,2360.62,1,2,4,7,Hibernating
CUST000410,DE,4,462.55,2025-10-13,2024-04-13,79,4,462.55,3,2,1,6,Potential Loyalist
CUST000213,NL,11,6504.5,2025-12-30,2024-04-14,1,11,6504.5,5,5,5,15,Champions
CUST003190,ES,5,1827.15,2025-06-14,2024-04-14,200,5,1827.15,1,3,4,8,At Risk
CUST002790,SE,6,1769.82,2025-12-12,2024-04-16,19,6,1769.82,4,4,4,12,Loyal
CUST001540,GB,3,1773.32,2025-05-30,2024-04-17,215,3,1773.32,1,1,4,6,Hibernating
CUST003188,FR,5,776.88,2025-04-24,2024-04-18,251,5,776.88,1,3,2,6,At Risk
CUST001132,GB,4,629.37,2025-12-28,2024-04-19,3,4,629.37,5,2,1,8,Potential Loyalist
CUST003652,FR,6,1598.86,2025-08-03,2024-04-23,150,6,1598.86,2,4,3,9,At Risk
CUST002293,DE,9,1822.44,2025-12-17,2024-04-23,14,9,1822.44,5,5,4,14,Champions
CUST001749,ES,7,1555.72,2025-11-07,2024-04-24,54,7,1555.72,3,4,3,10,Potential Loyalist
CUST001730,GB,4,1385.61,2025-12-16,2024-04-25,15,4,1385.61,5,2,3,10,Potential Loyalist
CUST002022,GB,7,2224.46,2025-07-07,2024-04-25,177,7,2224.46,2,4,4,10,At Risk
CUST001133,DE,4,944.61,2025-03-23,2024-04-26,283,4,944.61,1,2,2,5,Hibernating
CUST001206,ES,4,2210.91,2025-11-01,2024-04-27,60,4,2210.91,3,2,4,9,Potential Loyalist
CUST000954,IT,3,556.0,2025-12-13,2024-04-27,18,3,556.0,4,1,1,6,Potential Loyalist
CUST003144,GB,4,1906.65,2025-06-21,2024-04-27,193,4,1906.65,1,2,4,7,Hibernating
CUST001530,GB,4,1092.97,2025-05-05,2024-04-28,240,4,1092.97,1,2,2,5,Hibernating
CUST000846,FR,4,1971.92,2025-03-15,2024-04-29,291,4,1971.92,1,2,4,7,Hibernating
CUST001617,SE,4,2268.97,2025-12-19,2024-05-01,12,4,2268.97,5,2,4,11,Potential Loyalist
CUST002447,FR,4,424.32,2025-09-18,2024-05-02,104,4,424.32,2,2,1,5,Hibernating
CUST003942,IT,4,2148.82,2025-12-12,2024-05-05,19,4,2148.82,4,2,4,10,Potential Loyalist
CUST001751,GB,5,1689.6,2025-12-08,2024-05-07,23,5,1689.6,4,3,4,11,Loyal
CUST003413,DE,4,1333.38,2025-07-10,2024-05-08,174,4,1333.38,2,2,3,7,Hibernating
CUST003780,IT,7,3250.42,2025-10-21,2024-05-09,71,7,3250.42,3,4,5,12,Potential Loyalist
CUST000596,GB,5,552.74,2025-12-16,2024-05-10,15,5,552.74,5,3,1,9,Loyal
CUST003816,GB,6,2231.35,2025-12-12,2024-05-11,19,6,2231.35,4,4,4,12,Loyal
CUST003698,NL,2,762.1,2025-12-15,2024-05-14,16,2,762.1,5,1,2,8,Potential Loyalist
CUST000902,DE,8,2415.95,2025-12-01,2024-05-16,30,8,2415.95,4,5,5,14,Champions
CUST001618,NL,7,4822.2,2025-11-06,2024-05-17,55,7,4822.2,3,4,5,12,Potential Loyalist
CUST000776,DE,4,997.01,2025-01-08,2024-05-22,357,4,997.01,1,2,2,5,Hibernating
CUST002324,FR,7,1324.08,2025-10-22,2024-05-22,70,7,1324.08,3,4,3,10,Potential Loyalist
CUST002272,FR,6,1895.69,2025-12-29,2024-05-22,2,6,1895.69,5,4,4,13,Champions
CUST001928,GB,5,333.84,2025-11-09,2024-05-29,52,5,333.84,3,3,1,7,Potential Loyalist
CUST002201,SE,4,801.82,2025-09-13,2024-06-01,109,4,801.82,2,2,2,6,Hibernating
CUST001441,SE,5,1933.94,2025-11-05,2024-06-01,56,5,1933.94,3,3,4,10,Potential Loyalist
CUST000304,GB,5,2405.23,2025-08-17,2024-06-03,136,5,2405.23,2,3,5,10,At Risk
CUST000726,ES,7,2101.23,2025-11-01,2024-06-05,60,7,2101.23,3,4,4,11,Potential Loyalist
CUST002512,IT,3,226.73,2024-12-24,2024-06-08,372,3,226.73,1,1,1,3,Hibernating
CUST000556,FR,3,323.4,2025-07-03,2024-06-09,181,3,323.4,2,1,1,4,Hibernating
CUST002280,DE,9,1202.8,2025-12-19,2024-06-15,12,9,1202.8,5,5,3,13,Champions
CUST002214,SE,2,660.47,2025-11-04,2024-06-17,57,2,660.47,3,1,2,6,Potential Loyalist
CUST002670,FR,3,2290.83,2025-12-18,2024-06-18,13,3,2290.83,5,1,4,10,Potential Loyalist
CUST000319,DE,7,1219.53,2025-12-13,2024-06-20,18,7,1219.53,4,4,3,11,Loyal
CUST001732,GB,6,3457.81,2025-11-15,2024-06-20,46,6,3457.81,3,4,5,12,Potential Loyalist
CUST001383,SE,5,949.16,2025-12-27,2024-06-21,4,5,949.16,5,3,2,10,Loyal
CUST000385,NL,5,2036.02,2025-12-08,2024-06-24,23,5,2036.02,4,3,4,11,Loyal
CUST001531,FR,3,1971.4,2025-06-07,2024-06-25,207,3,1971.4,1,1,4,6,Hibernating
CUST002577,SE,5,1211.4,2025-12-09,2024-06-26,22,5,1211.4,4,3,3,10,Loyal
CUST003375,ES,5,510.15,2025-07-07,2024-07-02,177,5,510.15,2,3,1,6,At Risk
CUST003400,GB,4,238.45,2025-12-29,2024-07-03,2,4,238.45,5,2,1,8,Potential Loyalist
CUST001807,NL,3,543.24,2024-10-08,2024-07-06,449,3,543.24,1,1,1,3,Hibernating
CUST001627,DE,4,2295.55,2025-12-03,2024-07-06,28,4,2295.55,4,2,4,10,Potential Loyalist
CUST002524,FR,9,1686.42,2025-11-18,2024-07-08,43,9,1686.42,3,5,4,12,Potential Loyalist
CUST001665,SE,4,2370.66,2025-09-04,2024-07-11,118,4,2370.66,2,2,5,9,Hibernating
CUST003348,DE,5,2013.55,2025-12-21,2024-07-17,10,5,2013.55,5,3,4,12,Loyal
CUST002160,NL,4,950.3,2025-03-18,2024-07-21,288,4,950.3,1,2,2,5,Hibernating
CUST000715,FR,7,2045.73,2025-10-24,2024-07-23,68,7,2045.73,3,4,4,11,Potential Loyalist
CUST000845,DE,6,2028.37,2025-11-07,2024-07-25,54,6,2028.37,3,4,4,11,Potential Loyalist
CUST003802,IT,4,1178.95,2025-10-15,2024-07-28,77,4,1178.95,3,2,3,8,Potential Loyalist
CUST001161,ES,2,2368.8,2025-01-29,2024-07-30,336,2,2368.8,1,1,4,6,Hibernating
CUST001286,GB,2,622.79,2025-09-28,2024-07-31,94,2,622.79,2,1,1,4,Hibernating
CUST000046,NL,7,3267.49,2025-12-29,2024-07-31,2,7,3267.49,5,4,5,14,Champions
CUST001099,ES,5,888.08,2025-12-25,2024-08-02,6,5,888.08,5,3,2,10,Loyal
CUST002132,DE,2,868.48,2025-02-06,2024-08-02,328,2,868.48,1,1,2,4,Hibernating
CUST000981,FR,5,1051.13,2025-12-14,2024-08-04,17,5,1051.13,4,3,2,9,Loyal
CUST002588,NL,6,1061.24,2025-12-25,2024-08-07,6,6,1061.24,5,4,2,11,Loyal
CUST001474,FR,6,1785.63,2025-11-03,2024-08-11,58,6,1785.63,3,4,4,11,Potential Loyalist
CUST003701,GB,10,934.22,2025-11-14,2024-08-11,47,10,934.22,3,5,2,10,Potential Loyalist
CUST003502,ES,7,3286.92,2025-08-24,2024-08-18,129,7,3286.92,2,4,5,11,At Risk
CUST001606,GB,2,54.88,2024-10-23,2024-08-22,434,2,54.88,1,1,1,3,Hibernating
CUST002284,DE,5,1660.48,2025-10-11,2024-08-22,81,5,1660.48,2,3,4,9,At Risk
CUST001740,FR,6,1902.41,2025-12-21,2024-08-23,10,6,1902.41,5,4,4,13,Champions
CUST001761,GB,4,671.72,2025-12-27,2024-08-25,4,4,671.72,5,2,2,9,Potential Loyalist
CUST000170,GB,7,1572.41,2025-12-15,2024-08-27,16,7,1572.41,5,4,3,12,Loyal
CUST002969,IT,8,4861.21,2025-12-18,2024-08-28,13,8,4861.21,5,5,5,15,Champions
CUST001731,FR,7,850.14,2025-12-20,2024-08-29,11,7,850.14,5,4,2,11,Loyal
CUST000982,ES,3,522.03,2025-12-28,2024-08-31,3,3,522.03,5,1,1,7,Potential Loyalist
CUST002777,DE,4,1041.39,2025-06-21,2024-09-02,193,4,1041.39,1,2,2,5,Hibernating
CUST001778,FR,6,2160.22,2025-12-15,2024-09-05,16,6,2160.22,5,4,4,13,Champions
CUST002289,GB,8,1816.04,2025-12-07,2024-09-08,24,8,1816.04,4,5,4,13,Champions
CUST000515,DE,5,3130.7,2025-09-15,2024-09-09,107,5,3130.7,2,3,5,10,At Risk
CUST001685,DE,3,1152.73,2025-10-18,2024-09-11,74,3,1152.73,3,1,3,7,Potential Loyalist
CUST001063,ES,3,1651.45,2025-12-01,2024-09-15,30,3,1651.45,4,1,4,9,Potential Loyalist
CUST001140,GB,4,418.38,2025-12-30,2024-09-16,1,4,418.38,5,2,1,8,Potential Loyalist
CUST000668,DE,4,1929.33,2025-10-22,2024-09-20,70,4,1929.33,3,2,4,9,Potential Loyalist
CUST002905,GB,5,762.32,2025-07-27,2024-09-20,157,5,762.32,2,3,2,7,At Risk
CUST000365,IT,3,445.61,2025-10-27,2024-09-20,65,3,445.61,3,1,1,5,Potential Loyalist
CUST000225,FR,4,415.23,2025-05-20,2024-09-22,225,4,415.23,1,2,1,4,Hibernating
CUST003808,FR,3,2421.71,2025-10-19,2024-09-22,73,3,2421.71,3,1,5,9,Potential Loyalist
CUST003784,ES,5,749.37,2025-11-17,2024-09-23,44,5,749.37,3,3,2,8,Potential Loyalist
CUST000200,ES,5,1703.77,2025-11-21,2024-10-02,40,5,1703.77,3,3,4,10,Potential Loyalist
CUST000841,DE,7,950.25,2025-12-23,2024-10-06,8,7,950.25,5,4,2,11,Loyal
CUST000874,FR,3,1756.82,2025-07-26,2024-10-06,158,3,1756.82,2,1,4,7,Hibernating
CUST002967,NL,5,3177.16,2025-12-28,2024-10-07,3,5,3177.16,5,3,5,13,Champions
CUST001976,IT,4,1182.97,2025-10-23,2024-10-08,69,4,1182.97,3,2,3,8,Potential Loyalist
CUST003243,GB,3,769.72,2025-05-12,2024-10-10,233,3,769.72,1,1,2,4,Hibernating
CUST000143,GB,2,1272.3,2024-12-04,2024-10-12,392,2,1272.3,1,1,3,5,Hibernating
CUST002487,GB,6,3099.37,2025-06-18,2024-10-13,196,6,3099.37,1,4,5,10,At Risk
CUST002971,FR,3,474.02,2025-07-27,2024-10-13,157,3,474.02,2,1,1,4,Hibernating
CUST001392,DE,7,2436.51,2025-10-04,2024-10-17,88,7,2436.51,2,4,5,11,At Risk
CUST003692,GB,3,831.1,2025-11-19,2024-10-22,42,3,831.1,3,1,2,6,Potential Loyalist
CUST002473,IT,6,2256.78,2025-12-28,2024-10-27,3,6,2256.78,5,4,4,13,Champions
CUST001285,FR,3,1395.43,2025-10-19,2024-11-03,73,3,1395.43,3,1,3,7,Potential Loyalist
CUST001149,ES,5,1743.16,2025-08-17,2024-11-03,136,5,1743.16,2,3,4,9,At Risk
CUST000327,GB,3,1634.74,2025-06-24,2024-11-06,190,3,1634.74,1,1,4,6,Hibernating
CUST000728,ES,2,103.16,2024-12-21,2024-11-07,375,2,103.16,1,1,1,3,Hibernating
CUST002130,FR,5,1315.25,2025-08-09,2024-11-08,144,5,1315.25,2,3,3,8,At Risk
CUST001915,FR,4,2215.06,2025-11-19,2024-11-12,42,4,2215.06,3,2,4,9,Potential Loyalist
CUST003772,IT,3,1010.37,2025-07-29,2024-11-12,155,3,1010.37,2,1,2,5,Hibernating
CUST003650,SE,6,777.35,2025-05-31,2024-11-13,214,6,777.35,1,4,2,7,At Risk
CUST003554,GB,6,1118.57,2025-12-28,2024-11-14,3,6,1118.57,5,4,3,12,Loyal
CUST003357,NL,4,520.09,2025-12-01,2024-11-14,30,4,520.09,4,2,1,7,Potential Loyalist
CUST000209,DE,5,936.16,2025-12-30,2024-11-14,1,5,936.16,5,3,2,10,Loyal
CUST002458,GB,1,39.05,2024-11-17,2024-11-17,409,1,39.05,1,1,1,3,Hibernating
CUST002390,NL,2,428.06,2025-12-26,2024-11-18,5,2,428.06,5,1,1,7,Potential Loyalist
CUST003683,ES,4,819.6,2025-12-16,2024-11-19,15,4,819.6,5,2,2,9,Potential Loyalist
CUST001686,ES,5,1323.51,2025-11-27,2024-11-21,34,5,1323.51,4,3,3,10,Loyal
CUST001218,NL,3,1041.13,2025-12-10,2024-11-23,21,3,1041.13,4,1,2,7,Potential Loyalist
CUST001604,FR,4,450.53,2025-11-05,2024-11-30,56,4,450.53,3,2,1,6,Potential Loyalist
CUST003793,GB,7,1157.64,2025-12-23,2024-11-30,8,7,1157.64,5,4,3,12,Loyal
CUST000526,GB,4,606.96,2025-12-25,2024-12-03,6,4,606.96,5,2,1,8,Potential Loyalist
CUST000207,DE,3,1556.67,2025-03-04,2024-12-04,302,3,1556.67,1,1,3,5,Hibernating
CUST002666,FR,5,1680.55,2025-09-08,2024-12-07,114,5,1680.55,2,3,4,9,At Risk
CUST001297,DE,2,222.65,2025-04-10,2024-12-15,265,2,222.65,1,1,1,3,Hibernating
CUST002178,GB,2,448.2,2025-06-15,2024-12-21,199,2,448.2,1,1,1,3,Hibernating
CUST001055,SE,2,262.8,2025-05-01,2024-12-22,244,2,262.8,1,1,1,3,Hibernating
CUST001809,DE,2,453.95,2025-11-13,2024-12-24,48,2,453.95,3,1,1,5,Potential Loyalist
CUST001446,DE,2,127.74,2025-10-20,2024-12-27,72,2,127.74,3,1,1,5,Potential Loyalist
CUST003508,GB,1,54.35,2025-01-02,2025-01-02,363,1,54.35,1,1,1,3,Hibernating
CUST001619,GB,1,1229.22,2025-01-03,2025-01-03,362,1,1229.22,1,1,3,5,Hibernating
CUST002062,GB,1,92.1,2025-01-03,2025-01-03,362,1,92.1,1,1,1,3,Hibernating
CUST001551,SE,1,62.45,2025-01-09,2025-01-09,356,1,62.45,1,1,1,3,Hibernating
CUST001445,ES,6,3092.72,2025-10-07,2025-01-19,85,6,3092.72,2,4,5,11,At Risk
CUST002826,ES,3,1830.86,2025-08-30,2025-01-23,123,3,1830.86,2,1,4,7,Hibernating
CUST001130,FR,2,730.36,2025-11-18,2025-02-14,43,2,730.36,3,1,2,6,Potential Loyalist
CUST002457,FR,2,2215.5,2025-12-03,2025-02-16,28,2,2215.5,4,1,4,9,Potential Loyalist
CUST002475,GB,1,386.71,2025-02-21,2025-02-21,313,1,386.71,1,1,1,3,Hibernating
CUST000796,IT,1,38.36,2025-04-01,2025-04-01,274,1,38.36,1,1,1,3,Hibernating
CUST001920,FR,2,269.92,2025-07-03,2025-04-07,181,2,269.92,2,1,1,4,Hibernating
CUST003373,FR,3,870.62,2025-12-14,2025-04-08,17,3,870.62,4,1,2,7,Potential Loyalist
CUST002438,FR,3,889.28,2025-05-24,2025-05-03,221,3,889.28,1,1,2,4,Hibernating
CUST000479,SE,5,603.07,2025-12-25,2025-05-11,6,5,603.07,5,3,1,9,Loyal
CUST002815,GB,2,737.9,2025-07-17,2025-05-15,167,2,737.9,2,1,2,5,Hibernating
CUST002312,IT,2,836.26,2025-08-19,2025-05-18,134,2,836.26,2,1,2,5,Hibernating
CUST002994,FR,4,733.29,2025-12-18,2025-05-29,13,4,733.29,5,2,2,9,Potential Loyalist
CUST001219,NL,2,954.21,2025-08-20,2025-06-02,133,2,954.21,2,1,2,5,Hibernating
CUST000720,NL,1,21.97,2025-08-17,2025-08-17,136,1,21.97,2,1,1,4,Hibernating
CUST000916,FR,3,416.7,2025-11-18,2025-09-14,43,3,416.7,3,1,1,5,Potential Loyalist
CUST001204,FR,1,166.98,2025-10-05,2025-10-05,87,1,166.98,2,1,1,4,Hibernating
CUST002953,NL,2,554.03,2025-12-12,2025-10-05,19,2,554.03,4,1,1,6,Potential Loyalist
CUST003387,DE,2,57.54,2025-12-28,2025-11-04,3,2,57.54,5,1,1,7,Potential Loyalist
CUST003789,DE,3,2634.39,2025-12-14,2025-11-04,17,3,2634.39,4,1,5,10,Potential Loyalist
CUST002151,FR,1,860.14,2025-12-07,2025-12-07,24,1,860.14,4,1,2,7,Potential Loyalist
CUST003043,DE,1,933.15,2025-12-10,2025-12-10,21,1,933.15,4,1,2,7,Potential Loyalist
CUST001844,GB,5,1845.7,2025-07-11,2024-01-03,173,5,1845.7,2,3,4,9,At Risk
CUST001232,DE,8,1851.76,2025-10-26,2024-01-03,66,8,1851.76,3,5,4,12,Potential Loyalist
CUST003053,FR,5,1242.04,2025-08-05,2024-01-04,148,5,1242.04,2,3,3,8,At Risk
CUST001877,GB,6,1260.86,2025-12-07,2024-01-04,24,6,1260.86,4,4,3,11,Loyal
CUST001640,IT,10,2048.92,2025-12-18,2024-01-04,13,10,2048.92,5,5,4,14,Champions
CUST002309,DE,5,1304.62,2025-06-16,2024-01-05,198,5,1304.62,1,3,3,7,At Risk
CUST003673,NL,4,1417.6,2025-01-22,2024-01-05,343,4,1417.6,1,2,3,6,Hibernating
CUST001649,ES,4,673.02,2025-07-14,2024-01-05,170,4,673.02,2,2,2,6,Hibernating
CUST002300,FR,5,807.28,2024-09-27,2024-01-06,460,5,807.28,1,3,2,6,At Risk
CUST002483,IT,6,2737.97,2025-12-28,2024-01-07,3,6,2737.97,5,4,5,14,Champions
CUST003267,GB,4,365.98,2025-10-31,2024-01-08,61,4,365.98,3,2,1,6,Potential Loyalist
CUST002694,GB,3,1277.49,2025-09-21,2024-01-08,101,3,1277.49,2,1,3,6,Hibernating
CUST001117,DE,7,1629.14,2025-11-29,2024-01-09,32,7,1629.14,4,4,4,12,Loyal
CUST001165,DE,6,3367.62,2025-04-29,2024-01-10,246,6,3367.62,1,4,5,10,At Risk
CUST003100,FR,9,3651.65,2025-04-21,2024-01-11,254,9,3651.65,1,5,5,11,At Risk
CUST001357,IT,2,82.0,2024-07-14,2024-01-11,535,2,82.0,1,1,1,3,Hibernating
CUST003534,FR,6,1589.27,2025-12-26,2024-01-12,5,6,1589.27,5,4,3,12,Loyal
CUST002119,DE,6,1558.75,2025-06-23,2024-01-13,191,6,1558.75,1,4,3,8,At Risk
CUST003647,GB,5,1308.71,2025-12-10,2024-01-13,21,5,1308.71,4,3,3,10,Loyal
CUST000691,FR,3,1950.3,2024-11-16,2024-01-13,410,3,1950.3,1,1,4,6,Hibernating
CUST000955,FR,6,1148.94,2025-11-04,2024-01-14,57,6,1148.94,3,4,3,10,Potential Loyalist
CUST000601,DE,7,2469.46,2025-09-21,2024-01-15,101,7,2469.46,2,4,5,11,At Risk
CUST000333,DE,6,3231.19,2025-12-13,2024-01-16,18,6,3231.19,4,4,5,13,Champions
CUST002492,DE,4,1071.13,2025-09-10,2024-01-16,112,4,1071.13,2,2,2,6,Hibernating
CUST003237,DE,5,1131.94,2025-12-29,2024-01-18,2,5,1131.94,5,3,3,11,Loyal
CUST001011,DE,6,3362.97,2025-07-28,2024-01-19,156,6,3362.97,2,4,5,11,At Risk
CUST002185,NL,8,1749.02,2025-09-06,2024-01-20,116,8,1749.02,2,5,4,11,At Risk
CUST002127,GB,8,3654.39,2025-11-30,2024-01-20,31,8,3654.39,4,5,5,14,Champions
CUST000934,GB,7,1240.45,2025-10-22,2024-01-25,70,7,1240.45,3,4,3,10,Potential Loyalist
CUST001964,FR,6,1734.21,2025-09-24,2024-01-26,98,6,1734.21,2,4,4,10,At Risk
CUST002210,IT,4,1208.76,2025-11-23,2024-01-27,38,4,1208.76,4,2,3,9,Potential Loyalist
CUST002862,FR,7,1211.59,2025-11-14,2024-01-27,47,7,1211.59,3,4,3,10,Potential Loyalist
CUST000491,GB,5,566.11,2025-04-05,2024-01-29,270,5,566.11,1,3,1,5,At Risk
CUST001719,SE,12,3972.59,2025-12-09,2024-01-30,22,12,3972.59,4,5,5,14,Champions
CUST003503,SE,4,366.98,2025-08-21,2024-02-01,132,4,366.98,2,2,1,5,Hibernating
CUST001630,GB,6,1116.6,2025-12-28,2024-02-01,3,6,1116.6,5,4,3,12,Loyal
CUST003648,FR,6,1222.13,2025-11-25,2024-02-03,36,6,1222.13,4,4,3,11,Loyal
CUST001660,FR,4,1003.32,2025-05-13,2024-02-03,232,4,1003.32,1,2,2,5,Hibernating
CUST000212,NL,6,1310.45,2025-10-03,2024-02-08,89,6,1310.45,2,4,3,9,At Risk
CUST002056,NL,5,1208.24,2025-12-16,2024-02-08,15,5,1208.24,5,3,3,11,Loyal
CUST003221,GB,7,2021.5,2025-07-27,2024-02-09,157,7,2021.5,2,4,4,10,At Risk
CUST002653,FR,5,1947.96,2025-11-08,2024-02-10,53,5,1947.96,3,3,4,10,Potential Loyalist
CUST001348,FR,5,1914.97,2025-09-28,2024-02-10,94,5,1914.97,2,3,4,9,At Risk
CUST001118,IT,5,1679.59,2025-06-29,2024-02-10,185,5,1679.59,2,3,4,9,At Risk
CUST000121,ES,6,1655.67,2025-11-07,2024-02-10,54,6,1655.67,3,4,4,11,Potential Loyalist
CUST001633,NL,4,1584.6,2025-11-30,2024-02-10,31,4,1584.6,4,2,3,9,Potential Loyalist
CUST000095,ES,2,157.64,2025-06-11,2024-02-11,203,2,157.64,1,1,1,3,Hibernating
CUST003635,DE,4,383.79,2025-12-09,2024-02-13,22,4,383.79,4,2,1,7,Potential Loyalist
CUST003069,FR,6,2457.2,2025-12-13,2024-02-13,18,6,2457.2,4,4,5,13,Champions
CUST000722,DE,4,1156.92,2025-03-05,2024-02-13,301,4,1156.92,1,2,3,6,Hibernating
CUST001387,ES,2,982.09,2024-10-11,2024-02-13,446,2,982.09,1,1,2,4,Hibernating
CUST000224,FR,4,759.88,2025-12-11,2024-02-15,20,4,759.88,4,2,2,8,Potential Loyalist
CUST001119,FR,4,2126.19,2025-12-04,2024-02-16,27,4,2126.19,4,2,4,10,Potential Loyalist
CUST003269,GB,5,1369.4,2025-12-28,2024-02-17,3,5,1369.4,5,3,3,11,Loyal
CUST001251,ES,5,1213.5,2025-11-25,2024-02-17,36,5,1213.5,4,3,3,10,Loyal
CUST003657,FR,8,2737.91,2025-12-23,2024-02-17,8,8,2737.91,5,5,5,15,Champions
CUST003599,FR,5,2681.56,2025-05-27,2024-02-18,218,5,2681.56,1,3,5,9,At Risk
CUST000401,DE,8,3009.5,2025-11-12,2024-02-18,49,8,3009.5,3,5,5,13,Champions
CUST000693,GB,5,1273.46,2025-12-17,2024-02-18,14,5,1273.46,5,3,3,11,Loyal
CUST002026,FR,7,2531.89,2025-11-10,2024-02-18,51,7,2531.89,3,4,5,12,Potential Loyalist
CUST001106,DE,10,3320.33,2025-11-19,2024-02-19,42,10,3320.33,3,5,5,13,Champions
CUST003675,GB,6,1304.64,2025-12-23,2024-02-20,8,6,1304.64,5,4,3,12,Loyal
CUST000614,DE,5,1596.15,2025-09-16,2024-02-22,106,5,1596.15,2,3,3,8,At Risk
CUST002943,FR,9,2763.69,2025-12-13,2024-02-23,18,9,2763.69,4,5,5,14,Champions
CUST002725,FR,8,1029.27,2025-11-29,2024-02-25,32,8,1029.27,4,5,2,11,Loyal
CUST002020,NL,6,1540.8,2024-12-17,2024-02-26,379,6,1540.8,1,4,3,8,At Risk
CUST001718,NL,7,2083.54,2025-12-07,2024-02-26,24,7,2083.54,4,4,4,12,Loyal
CUST002621,ES,7,1637.89,2025-11-05,2024-02-26,56,7,1637.89,3,4,4,11,Potential Loyalist
CUST001519,DE,5,1218.59,2025-10-14,2024-02-27,78,5,1218.59,3,3,3,9,Potential Loyalist
CUST000903,DE,4,757.54,2025-12-05,2024-02-27,26,4,757.54,4,2,2,8,Potential Loyalist
CUST001335,SE,8,969.77,2025-11-11,2024-02-27,50,8,969.77,3,5,2,10,Potential Loyalist
CUST003899,GB,5,1324.98,2025-11-26,2024-02-27,35,5,1324.98,4,3,3,10,Loyal
CUST001727,GB,4,1007.91,2025-12-18,2024-02-28,13,4,1007.91,5,2,2,9,Potential Loyalist
CUST002525,ES,4,1241.15,2025-02-21,2024-02-28,313,4,1241.15,1,2,3,6,Hibernating
CUST001922,DE,8,2066.11,2025-12-09,2024-02-29,22,8,2066.11,4,5,4,13,Champions
CUST001260,GB,7,4311.31,2025-12-01,2024-03-02,30,7,4311.31,4,4,5,13,Champions
CUST002165,GB,6,3283.98,2025-12-12,2024-03-03,19,6,3283.98,4,4,5,13,Champions
CUST001959,GB,5,1814.82,2025-12-25,2024-03-03,6,5,1814.82,5,3,4,12,Loyal
CUST001786,IT,5,706.93,2025-11-09,2024-03-03,52,5,706.93,3,3,2,8,Potential Loyalist
CUST003239,GB,8,3969.02,2025-06-10,2024-03-03,204,8,3969.02,1,5,5,11,At Risk
CUST001929,GB,5,283.07,2025-11-02,2024-03-05,59,5,283.07,3,3,1,7,Potential Loyalist
CUST000493,FR,8,2419.93,2025-09-19,2024-03-06,103,8,2419.93,2,5,5,12,At Risk
CUST000153,DE,6,2563.33,2025-12-18,2024-03-07,13,6,2563.33,5,4,5,14,Champions
CUST001186,IT,4,525.46,2025-11-03,2024-03-09,58,4,525.46,3,2,1,6,Potential Loyalist
CUST001127,DE,7,650.37,2025-07-03,2024-03-09,181,7,650.37,2,4,2,8,At Risk
CUST003352,FR,8,2492.9,2025-11-16,2024-03-09,45,8,2492.9,3,5,5,13,Champions
CUST003946,DE,4,226.86,2024-11-06,2024-03-11,420,4,226.86,1,2,1,4,Hibernating
CUST003488,DE,7,3087.68,2025-04-01,2024-03-12,274,7,3087.68,1,4,5,10,At Risk
CUST003336,NL,7,557.19,2025-09-14,2024-03-12,108,7,557.19,2,4,1,7,At Risk
CUST003107,NL,4,1838.27,2025-04-26,2024-03-13,249,4,1838.27,1,2,4,7,Hibernating
CUST002096,ES,4,1806.5,2025-06-06,2024-03-14,208,4,1806.5,1,2,4,7,Hibernating
CUST003294,GB,10,2415.71,2025-12-14,2024-03-14,17,10,2415.71,4,5,5,14,Champions
CUST001185,DE,6,1194.14,2025-09-16,2024-03-14,106,6,1194.14,2,4,3,9,At Risk
CUST001651,DE,8,993.32,2025-11-27,2024-03-15,34,8,993.32,4,5,2,11,Loyal
CUST003803,ES,4,1187.4,2025-11-13,2024-03-19,48,4,1187.4,3,2,3,8,Potential Loyalist
CUST000169,DE,6,1282.47,2025-11-13,2024-03-19,48,6,1282.47,3,4,3,10,Potential Loyalist
CUST000559,ES,9,6049.18,2025-12-02,2024-03-20,29,9,6049.18,4,5,5,14,Champions
CUST001704,GB,6,388.28,2025-07-15,2024-03-23,169,6,388.28,2,4,1,7,At Risk
CUST001278,SE,8,1525.78,2025-11-17,2024-03-24,44,8,1525.78,3,5,3,11,Potential Loyalist
CUST000194,GB,4,3737.04,2025-11-08,2024-03-25,53,4,3737.04,3,2,5,10,Potential Loyalist
CUST001527,FR,3,246.68,2025-12-11,2024-03-29,20,3,246.68,4,1,1,6,Potential Loyalist
CUST002436,FR,7,1262.99,2025-08-21,2024-03-30,132,7,1262.99,2,4,3,9,At Risk
CUST002325,ES,2,462.78,2024-05-21,2024-03-31,589,2,462.78,1,1,1,3,Hibernating
CUST001597,FR,4,695.1,2025-11-25,2024-04-02,36,4,695.1,4,2,2,8,Potential Loyalist
CUST000042,GB,7,2360.1,2025-12-20,2024-04-02,11,7,2360.1,5,4,4,13,Champions
CUST003113,NL,10,2085.23,2025-12-22,2024-04-03,9,10,2085.23,5,5,4,14,Champions
CUST000759,IT,5,1988.96,2025-12-08,2024-04-04,23,5,1988.96,4,3,4,11,Loyal
CUST000564,DE,4,1072.92,2025-09-09,2024-04-05,113,4,1072.92,2,2,2,6,Hibernating
CUST002669,NL,5,3925.04,2025-11-12,2024-04-07,49,5,3925.04,3,3,5,11,Potential Loyalist
CUST001765,DE,5,882.82,2025-10-03,2024-04-07,89,5,882.82,2,3,2,7,At Risk
CUST003687,IT,8,2970.28,2025-09-13,2024-04-11,109,8,2970.28,2,5,5,12,At Risk
CUST001081,ES,9,3093.92,2025-12-21,2024-04-11,10,9,3093.92,5,5,5,15,Champions
CUST001375,DE,8,3391.19,2025-12-26,2024-04-12,5,8,3391.19,5,5,5,15,Champions
CUST001888,DE,2,445.25,2024-09-01,2024-04-12,486,2,445.25,1,1,1,3,Hibernating
CUST002118,GB,8,1883.43,2025-12-31,2024-04-13,0,8,1883.43,5,5,4,14,Champions
CUST003768,FR,6,1237.66,2025-04-30,2024-04-16,245,6,1237.66,1,4,3,8,At Risk
CUST001631,ES,8,2352.71,2025-09-03,2024-04-18,119,8,2352.71,2,5,4,11,At Risk
CUST001812,ES,9,2662.69,2025-06-17,2024-04-21,197,9,2662.69,1,5,5,11,At Risk
CUST000823,FR,4,774.33,2025-09-29,2024-04-22,93,4,774.33,2,2,2,6,Hibernating
CUST002450,FR,4,1766.0,2025-07-27,2024-04-22,157,4,1766.0,2,2,4,8,Hibernating
CUST002667,DE,7,947.63,2025-12-08,2024-04-23,23,7,947.63,4,4,2,10,Loyal
CUST000378,DE,2,327.09,2024-11-24,2024-04-24,402,2,327.09,1,1,1,3,Hibernating
CUST003039,DE,6,776.54,2025-09-20,2024-04-25,102,6,776.54,2,4,2,8,At Risk
CUST001586,DE,4,518.28,2025-09-24,2024-04-27,98,4,518.28,2,2,1,5,Hibernating
CUST003205,NL,6,4337.05,2025-06-07,2024-04-27,207,6,4337.05,1,4,5,10,At Risk
CUST000330,DE,9,3355.66,2025-12-20,2024-04-27,11,9,3355.66,5,5,5,15,Champions
CUST000340,DE,6,3804.47,2025-11-11,2024-04-28,50,6,3804.47,3,4,5,12,Potential Loyalist
CUST000331,FR,4,937.83,2025-11-12,2024-04-28,49,4,937.83,3,2,2,7,Potential Loyalist
CUST003271,FR,1,29.22,2024-04-28,2024-04-28,612,1,29.22,1,1,1,3,Hibernating
CUST002279,GB,6,2681.83,2025-12-24,2024-04-28,7,6,2681.83,5,4,5,14,Champions
CUST002829,FR,5,1419.67,2025-09-10,2024-04-28,112,5,1419.67,2,3,3,8,At Risk
CUST001197,SE,7,2070.84,2025-11-12,2024-04-30,49,7,2070.84,3,4,4,11,Potential Loyalist
CUST001008,ES,6,3525.87,2025-12-14,2024-05-01,17,6,3525.87,4,4,5,13,Champions
CUST000105,IT,11,2127.22,2025-11-23,2024-05-01,38,11,2127.22,4,5,4,13,Champions
CUST002864,GB,4,2867.07,2025-12-15,2024-05-02,16,4,2867.07,5,2,5,12,Potential Loyalist
CUST003779,NL,6,2548.74,2025-12-20,2024-05-06,11,6,2548.74,5,4,5,14,Champions
CUST002822,DE,3,888.38,2025-12-08,2024-05-06,23,3,888.38,4,1,2,7,Potential Loyalist
CUST000963,DE,4,753.0,2025-03-19,2024-05-09,287,4,753.0,1,2,2,5,Hibernating
CUST002307,DE,4,1601.51,2025-06-25,2024-05-11,189,4,1601.51,2,2,3,7,Hibernating
CUST001373,ES,8,3233.04,2025-11-04,2024-05-12,57,8,3233.04,3,5,5,13,Champions
CUST000729,DE,5,1525.42,2025-07-18,2024-05-16,166,5,1525.42,2,3,3,8,At Risk
CUST003444,SE,7,1327.51,2025-12-17,2024-05-18,14,7,1327.51,5,4,3,12,Loyal
CUST000684,NL,3,888.18,2025-11-03,2024-05-19,58,3,888.18,3,1,2,6,Potential Loyalist
CUST003855,NL,5,2239.67,2025-07-29,2024-05-20,155,5,2239.67,2,3,4,9,At Risk
CUST001518,IT,11,3527.68,2025-12-17,2024-05-20,14,11,3527.68,5,5,5,15,Champions
CUST001678,FR,2,228.31,2024-11-24,2024-05-21,402,2,228.31,1,1,1,3,Hibernating
CUST002671,GB,6,779.19,2025-06-29,2024-05-22,185,6,779.19,2,4,2,8,At Risk
CUST002859,DE,7,1875.22,2025-12-23,2024-05-22,8,7,1875.22,5,4,4,13,Champions
CUST002713,FR,2,1146.2,2025-02-04,2024-05-26,330,2,1146.2,1,1,3,5,Hibernating
CUST003555,DE,6,1963.94,2025-12-03,2024-05-27,28,6,1963.94,4,4,4,12,Loyal
CUST001785,NL,4,642.01,2025-11-29,2024-05-28,32,4,642.01,4,2,1,7,Potential Loyalist
CUST001233,DE,5,3237.75,2025-10-21,2024-05-29,71,5,3237.75,3,3,5,11,Potential Loyalist
CUST000762,FR,2,791.15,2025-02-10,2024-05-31,324,2,791.15,1,1,2,4,Hibernating
CUST003658,GB,1,11.11,2024-06-02,2024-06-02,577,1,11.11,1,1,1,3,Hibernating
CUST001230,FR,3,1039.58,2025-06-15,2024-06-04,199,3,1039.58,1,1,2,4,Hibernating
CUST001504,FR,4,1346.42,2025-06-29,2024-06-04,185,4,1346.42,2,2,3,7,Hibernating
CUST000489,SE,5,1601.07,2025-10-22,2024-06-04,70,5,1601.07,3,3,3,9,Potential Loyalist
CUST000842,NL,3,822.1,2025-12-27,2024-06-06,4,3,822.1,5,1,2,8,Potential Loyalist
CUST001706,DE,9,4534.85,2025-12-29,2024-06-06,2,9,4534.85,5,5,5,15,Champions
CUST001717,DE,7,3141.27,2025-11-27,2024-06-07,34,7,3141.27,4,4,5,13,Champions
CUST001661,GB,2,740.12,2025-09-27,2024-06-07,95,2,740.12,2,1,2,5,Hibernating
CUST001962,FR,6,1426.9,2025-09-12,2024-06-09,110,6,1426.9,2,4,3,9,At Risk
CUST000764,NL,9,3660.6,2025-11-04,2024-06-09,57,9,3660.6,3,5,5,13,Champions
CUST000139,FR,7,787.82,2025-12-11,2024-06-13,20,7,787.82,4,4,2,10,Loyal
CUST000529,DE,4,513.05,2025-05-28,2024-06-19,217,4,513.05,1,2,1,4,Hibernating
CUST003412,DE,5,1105.02,2025-10-04,2024-06-20,88,5,1105.02,2,3,2,7,At Risk
CUST000895,NL,10,2218.46,2025-08-24,2024-06-20,129,10,2218.46,2,5,4,11,At Risk
CUST002498,ES,6,2732.17,2025-09-07,2024-06-22,115,6,2732.17,2,4,5,11,At Risk
CUST001082,DE,4,1043.78,2025-11-25,2024-06-22,36,4,1043.78,4,2,2,8,Potential Loyalist
CUST003350,DE,3,1426.72,2025-05-22,2024-06-24,223,3,1426.72,1,1,3,5,Hibernating
CUST000290,GB,6,2743.52,2025-09-13,2024-06-24,109,6,2743.52,2,4,5,11,At Risk
CUST002106,FR,8,1566.45,2025-12-02,2024-06-24,29,8,1566.45,4,5,3,12,Loyal
CUST002028,SE,4,2132.51,2025-07-04,2024-06-25,180,4,2132.51,2,2,4,8,Hibernating
CUST004000,DE,1,182.99,2024-06-26,2024-06-26,553,1,182.99,1,1,1,3,Hibernating
CUST003710,SE,7,1893.97,2025-12-09,2024-06-28,22,7,1893.97,4,4,4,12,Loyal
CUST003067,DE,7,3102.1,2025-10-03,2024-06-29,89,7,3102.1,2,4,5,11,At Risk
CUST000244,FR,2,315.7,2024-07-12,2024-07-02,537,2,315.7,1,1,1,3,Hibernating
CUST000999,SE,3,1117.53,2025-09-26,2024-07-10,96,3,1117.53,2,1,3,6,Hibernating
CUST001338,NL,3,2052.28,2025-12-10,2024-07-15,21,3,2052.28,4,1,4,9,Potential Loyalist
CUST000360,GB,8,2289.67,2025-12-02,2024-07-16,29,8,2289.67,4,5,4,13,Champions
CUST002637,SE,4,672.87,2025-08-27,2024-07-16,126,4,672.87,2,2,2,6,Hibernating
CUST002509,ES,9,3710.45,2025-08-25,2024-07-28,128,9,3710.45,2,5,5,12,At Risk
CUST001632,FR,5,3308.19,2025-10-01,2024-07-30,91,5,3308.19,2,3,5,10,At Risk
CUST000680,ES,5,1336.11,2025-11-13,2024-07-30,48,5,1336.11,3,3,3,9,Potential Loyalist
CUST002104,NL,7,553.78,2025-12-02,2024-07-31,29,7,553.78,4,4,1,9,Loyal
CUST001358,FR,6,1864.83,2025-10-10,2024-08-01,82,6,1864.83,2,4,4,10,At Risk
CUST001423,DE,9,2111.72,2025-11-27,2024-08-13,34,9,2111.72,4,5,4,13,Champions
CUST002500,FR,4,1305.83,2025-12-06,2024-08-18,25,4,1305.83,4,2,3,9,Potential Loyalist
CUST001104,IT,10,4734.68,2025-12-07,2024-08-20,24,10,4734.68,4,5,5,14,Champions
CUST002605,DE,10,3522.48,2025-12-07,2024-08-24,24,10,3522.48,4,5,5,14,Champions
CUST003863,FR,3,2432.38,2025-08-22,2024-08-30,131,3,2432.38,2,1,5,8,Hibernating
CUST002117,FR,4,1438.38,2025-08-10,2024-08-31,143,4,1438.38,2,2,3,7,Hibernating
CUST001824,ES,2,471.07,2025-10-19,2024-09-06,73,2,471.07,3,1,1,5,Potential Loyalist
CUST000277,ES,5,1008.33,2025-12-25,2024-09-06,6,5,1008.33,5,3,2,10,Loyal
CUST001054,ES,7,1024.43,2025-10-31,2024-09-07,61,7,1024.43,3,4,2,9,Potential Loyalist
CUST002700,ES,3,155.28,2025-03-23,2024-09-09,283,3,155.28,1,1,1,3,Hibernating
CUST003383,DE,1,78.11,2024-09-10,2024-09-10,477,1,78.11,1,1,1,3,Hibernating
CUST001249,IT,3,829.24,2025-12-27,2024-09-12,4,3,829.24,5,1,2,8,Potential Loyalist
CUST002076,IT,3,411.86,2025-08-07,2024-09-12,146,3,411.86,2,1,1,4,Hibernating
CUST000171,NL,6,1603.6,2025-12-21,2024-09-15,10,6,1603.6,5,4,3,12,Loyal
CUST001565,ES,6,1504.36,2025-11-01,2024-09-18,60,6,1504.36,3,4,3,10,Potential Loyalist
CUST003125,NL,6,2519.5,2025-11-09,2024-09-24,52,6,2519.5,3,4,5,12,Potential Loyalist
CUST002452,SE,3,1061.49,2025-03-04,2024-09-25,302,3,1061.49,1,1,2,4,Hibernating
CUST003253,GB,3,1112.69,2024-10-30,2024-09-26,427,3,1112.69,1,1,2,4,Hibernating
CUST000137,GB,4,603.84,2025-10-08,2024-09-28,84,4,603.84,2,2,1,5,Hibernating
CUST002970,GB,6,1412.96,2025-12-27,2024-09-29,4,6,1412.96,5,4,3,12,Loyal
CUST002507,ES,4,597.12,2025-10-06,2024-09-29,86,4,597.12,2,2,1,5,Hibernating
CUST002513,FR,5,1240.13,2025-12-10,2024-09-30,21,5,1240.13,4,3,3,10,Loyal
CUST000480,GB,4,1499.02,2025-12-10,2024-10-02,21,4,1499.02,4,2,3,9,Potential Loyalist
CUST001585,SE,4,290.05,2025-05-19,2024-10-03,226,4,290.05,1,2,1,4,Hibernating
CUST003037,FR,3,1148.56,2025-08-12,2024-10-04,141,3,1148.56,2,1,3,6,Hibernating
CUST000332,ES,6,2287.16,2025-07-24,2024-10-04,160,6,2287.16,2,4,4,10,At Risk
CUST000672,IT,4,1566.97,2025-05-02,2024-10-05,243,4,1566.97,1,2,3,6,Hibernating
CUST001016,IT,9,2629.88,2025-11-12,2024-10-07,49,9,2629.88,3,5,5,13,Champions
CUST001495,GB,6,1199.5,2025-12-27,2024-10-07,4,6,1199.5,5,4,3,12,Loyal
CUST000361,FR,3,2499.27,2025-12-13,2024-10-13,18,3,2499.27,4,1,5,10,Potential Loyalist
CUST000023,FR,2,22.84,2024-12-22,2024-10-18,374,2,22.84,1,1,1,3,Hibernating
CUST000484,GB,1,43.52,2024-10-22,2024-10-22,435,1,43.52,1,1,1,3,Hibernating
CUST003005,GB,6,1472.1,2025-12-31,2024-10-30,0,6,1472.1,5,4,3,12,Loyal
CUST002707,DE,7,903.28,2025-12-14,2024-11-02,17,7,903.28,4,4,2,10,Loyal
CUST000351,GB,2,302.27,2025-04-26,2024-11-03,249,2,302.27,1,1,1,3,Hibernating
CUST001261,FR,5,969.53,2025-10-14,2024-11-09,78,5,969.53,3,3,2,8,Potential Loyalist
CUST000288,GB,8,2672.17,2025-11-03,2024-11-10,58,8,2672.17,3,5,5,13,Champions
CUST003071,NL,7,1633.28,2025-12-12,2024-11-10,19,7,1633.28,4,4,4,12,Loyal
CUST001797,NL,4,2571.58,2025-07-22,2024-11-11,162,4,2571.58,2,2,5,9,Hibernating
CUST003392,IT,5,5584.57,2025-03-16,2024-11-12,290,5,5584.57,1,3,5,9,At Risk
CUST000167,FR,3,1508.26,2025-10-25,2024-11-16,67,3,1508.26,3,1,3,7,Potential Loyalist
CUST003094,ES,4,298.35,2025-10-24,2024-11-17,68,4,298.35,3,2,1,6,Potential Loyalist
CUST002639,SE,2,286.02,2025-10-31,2024-11-25,61,2,286.02,3,1,1,5,Potential Loyalist
CUST003563,DE,1,128.77,2024-12-02,2024-12-02,394,1,128.77,1,1,1,3,Hibernating
CUST002966,NL,2,486.12,2025-12-10,2024-12-05,21,2,486.12,4,1,1,6,Potential Loyalist
CUST002186,IT,4,2529.04,2025-11-05,2024-12-06,56,4,2529.04,3,2,5,10,Potential Loyalist
CUST000472,SE,6,1887.22,2025-12-05,2024-12-06,26,6,1887.22,4,4,4,12,Loyal
CUST001517,GB,4,595.75,2025-12-02,2024-12-10,29,4,595.75,4,2,1,7,Potential Loyalist
CUST003945,DE,4,1050.73,2025-12-09,2024-12-11,22,4,1050.73,4,2,2,8,Potential Loyalist
CUST000414,GB,5,1143.14,2025-11-19,2024-12-15,42,5,1143.14,3,3,3,9,Potential Loyalist
CUST002268,NL,6,2083.52,2025-12-06,2024-12-20,25,6,2083.52,4,4,4,12,Loyal
CUST001002,GB,3,1556.91,2025-04-02,2024-12-22,273,3,1556.91,1,1,3,5,Hibernating
CUST003974,NL,2,306.66,2025-11-17,2024-12-22,44,2,306.66,3,1,1,5,Potential Loyalist
CUST002709,DE,4,527.33,2025-05-18,2024-12-28,227,4,527.33,1,2,1,4,Hibernating
CUST001231,IT,2,167.82,2025-06-14,2024-12-28,200,2,167.82,1,1,1,3,Hibernating
CUST003021,FR,4,1049.98,2025-12-02,2025-01-05,29,4,1049.98,4,2,2,8,Potential Loyalist
CUST003109,GB,7,2280.83,2025-09-23,2025-01-05,99,7,2280.83,2,4,4,10,At Risk
CUST000562,DE,4,2890.99,2025-07-17,2025-01-18,167,4,2890.99,2,2,5,9,Hibernating
CUST001240,DE,6,2057.46,2025-08-24,2025-01-20,129,6,2057.46,2,4,4,10,At Risk
CUST003424,DE,6,1134.36,2025-12-21,2025-02-08,10,6,1134.36,5,4,3,12,Loyal
CUST000349,FR,3,728.46,2025-12-22,2025-02-13,9,3,728.46,5,1,2,8,Potential Loyalist
CUST003638,DE,4,1431.87,2025-12-13,2025-02-21,18,4,1431.87,4,2,3,9,Potential Loyalist
CUST003941,ES,1,46.95,2025-03-20,2025-03-20,286,1,46.95,1,1,1,3,Hibernating
CUST000522,FR,2,586.83,2025-12-23,2025-04-15,8,2,586.83,5,1,1,7,Potential Loyalist
CUST001506,FR,3,1327.76,2025-08-18,2025-04-23,135,3,1327.76,2,1,3,6,Hibernating
CUST001890,SE,2,337.37,2025-08-01,2025-05-03,152,2,337.37,2,1,1,4,Hibernating
CUST002015,GB,1,267.31,2025-05-15,2025-05-15,230,1,267.31,1,1,1,3,Hibernating
CUST003834,FR,3,993.3,2025-05-25,2025-05-17,220,3,993.3,1,1,2,4,Hibernating
CUST002197,GB,3,1591.77,2025-12-19,2025-06-01,12,3,1591.77,5,1,3,9,Potential Loyalist
CUST001347,FR,1,278.21,2025-09-25,2025-09-25,97,1,278.21,2,1,1,4,Hibernating
CUST003477,SE,2,708.85,2025-10-04,2025-10-01,88,2,708.85,2,1,2,5,Hibernating
CUST001442,DE,3,1910.92,2025-12-28,2025-10-04,3,3,1910.92,5,1,4,10,Potential Loyalist
CUST003490,FR,2,798.58,2025-12-03,2025-11-18,28,2,798.58,4,1,2,7,Potential Loyalist
CUST000689,ES,1,86.92,2025-11-19,2025-11-19,42,1,86.92,3,1,1,5,Potential Loyalist
CUST003514,ES,10,3877.89,2025-12-29,2024-01-01,2,10,3877.89,5,5,5,15,Champions
CUST001937,FR,5,2253.35,2025-12-16,2024-01-01,15,5,2253.35,5,3,4,12,Loyal
CUST000603,DE,7,1753.62,2025-12-18,2024-01-02,13,7,1753.62,5,4,4,13,Champions
CUST003192,IT,5,921.49,2025-11-10,2024-01-03,51,5,921.49,3,3,2,8,Potential Loyalist
CUST001905,NL,6,1224.06,2025-04-13,2024-01-03,262,6,1224.06,1,4,3,8,At Risk
CUST001449,IT,4,1305.64,2024-08-29,2024-01-05,489,4,1305.64,1,2,3,6,Hibernating
CUST001242,ES,5,1535.33,2025-12-09,2024-01-06,22,5,1535.33,4,3,3,10,Loyal
CUST000989,DE,11,1690.52,2025-12-02,2024-01-06,29,11,1690.52,4,5,4,13,Champions
CUST003264,DE,8,1448.62,2025-12-20,2024-01-07,11,8,1448.62,5,5,3,13,Champions
CUST000032,DE,5,430.49,2025-07-27,2024-01-08,157,5,430.49,2,3,1,6,At Risk
CUST001774,SE,4,2035.21,2025-03-16,2024-01-11,290,4,2035.21,1,2,4,7,Hibernating
CUST001873,GB,5,1015.5,2025-12-12,2024-01-12,19,5,1015.5,4,3,2,9,Loyal
CUST001857,ES,3,3248.17,2025-12-08,2024-01-12,23,3,3248.17,4,1,5,10,Potential Loyalist
CUST003716,FR,3,556.88,2025-03-07,2024-01-13,299,3,556.88,1,1,1,3,Hibernating
CUST002350,DE,5,1546.31,2025-11-08,2024-01-13,53,5,1546.31,3,3,3,9,Potential Loyalist
CUST002894,NL,11,4007.53,2025-11-30,2024-01-14,31,11,4007.53,4,5,5,14,Champions
CUST000033,DE,11,2888.53,2025-12-03,2024-01-17,28,11,2888.53,4,5,5,14,Champions
CUST003064,GB,6,1441.61,2025-05-19,2024-01-18,226,6,1441.61,1,4,3,8,At Risk
CUST000901,DE,5,2006.19,2025-08-27,2024-01-18,126,5,2006.19,2,3,4,9,At Risk
CUST003572,GB,7,2644.32,2025-12-17,2024-01-20,14,7,2644.32,5,4,5,14,Champions
CUST003644,GB,7,4057.94,2025-12-14,2024-01-23,17,7,4057.94,4,4,5,13,Champions
CUST002407,FR,4,1127.78,2025-04-08,2024-01-25,267,4,1127.78,1,2,3,6,Hibernating
CUST003022,FR,4,626.34,2025-05-30,2024-01-26,215,4,626.34,1,2,1,4,Hibernating
CUST002664,NL,8,1963.79,2025-02-16,2024-01-26,318,8,1963.79,1,5,4,10,At Risk
CUST003183,FR,6,2214.23,2025-10-26,2024-01-26,66,6,2214.23,3,4,4,11,Potential Loyalist
CUST000767,ES,4,1034.45,2025-06-11,2024-01-26,203,4,1034.45,1,2,2,5,Hibernating
CUST003487,FR,10,4172.18,2025-04-19,2024-01-29,256,10,4172.18,1,5,5,11,At Risk
CUST003136,GB,8,4353.08,2025-02-15,2024-01-30,319,8,4353.08,1,5,5,11,At Risk
CUST000737,FR,4,1052.19,2025-05-12,2024-02-01,233,4,1052.19,1,2,2,5,Hibernating
CUST003782,FR,5,2352.68,2025-08-12,2024-02-01,141,5,2352.68,2,3,4,9,At Risk
CUST002750,GB,4,1046.82,2025-10-05,2024-02-02,87,4,1046.82,2,2,2,6,Hibernating
CUST003580,GB,7,4044.07,2025-03-22,2024-02-03,284,7,4044.07,1,4,5,10,At Risk
CUST002070,FR,7,1632.89,2025-12-08,2024-02-04,23,7,1632.89,4,4,4,12,Loyal
CUST002392,DE,6,2077.39,2025-05-26,2024-02-05,219,6,2077.39,1,4,4,9,At Risk
CUST003904,FR,9,1729.97,2025-12-07,2024-02-06,24,9,1729.97,4,5,4,13,Champions
CUST002867,GB,6,3278.93,2025-10-29,2024-02-06,63,6,3278.93,3,4,5,12,Potential Loyalist
CUST002853,DE,9,4738.22,2025-12-17,2024-02-10,14,9,4738.22,5,5,5,15,Champions
CUST001174,FR,6,2947.54,2025-11-07,2024-02-10,54,6,2947.54,3,4,5,12,Potential Loyalist
CUST000275,GB,4,495.89,2025-10-30,2024-02-10,62,4,495.89,3,2,1,6,Potential Loyalist
CUST000162,GB,6,986.39,2025-12-30,2024-02-11,1,6,986.39,5,4,2,11,Loyal
CUST003893,NL,7,916.78,2025-12-12,2024-02-12,19,7,916.78,4,4,2,10,Loyal
CUST002736,ES,8,1546.13,2025-11-20,2024-02-12,41,8,1546.13,3,5,3,11,Potential Loyalist
CUST003927,GB,6,1498.25,2025-07-03,2024-02-12,181,6,1498.25,2,4,3,9,At Risk
CUST002398,DE,6,920.54,2025-04-04,2024-02-14,271,6,920.54,1,4,2,7,At Risk
CUST002043,GB,5,755.32,2025-12-30,2024-02-14,1,5,755.32,5,3,2,10,Loyal
CUST002821,IT,8,2439.25,2025-12-31,2024-02-14,0,8,2439.25,5,5,5,15,Champions
CUST003801,FR,4,301.95,2025-05-29,2024-02-16,216,4,301.95,1,2,1,4,Hibernating
CUST002282,FR,4,748.38,2025-11-10,2024-02-16,51,4,748.38,3,2,2,7,Potential Loyalist
CUST001068,DE,2,321.08,2025-03-27,2024-02-16,279,2,321.08,1,1,1,3,Hibernating
CUST002254,ES,10,3868.86,2025-12-17,2024-02-16,14,10,3868.86,5,5,5,15,Champions
CUST000248,SE,3,672.54,2025-01-31,2024-02-16,334,3,672.54,1,1,2,4,Hibernating
CUST000878,NL,8,1399.47,2025-12-28,2024-02-18,3,8,1399.47,5,5,3,13,Champions
CUST003447,ES,5,1761.08,2025-12-19,2024-02-21,12,5,1761.08,5,3,4,12,Loyal
CUST001430,ES,4,885.66,2025-01-22,2024-02-21,343,4,885.66,1,2,2,5,Hibernating
CUST002281,FR,3,491.24,2025-05-29,2024-02-22,216,3,491.24,1,1,1,3,Hibernating
CUST002622,IT,5,742.94,2025-10-07,2024-02-24,85,5,742.94,2,3,2,7,At Risk
CUST003688,FR,3,1271.33,2025-01-15,2024-02-25,350,3,1271.33,1,1,3,5,Hibernating
CUST000078,DE,6,1966.99,2025-11-30,2024-02-26,31,6,1966.99,4,4,4,12,Loyal
CUST000257,IT,6,1518.53,2024-12-25,2024-02-27,371,6,1518.53,1,4,3,8,At Risk
CUST000434,DE,3,693.31,2025-01-28,2024-02-28,337,3,693.31,1,1,2,4,Hibernating
CUST003884,DE,6,1503.51,2025-08-21,2024-03-01,132,6,1503.51,2,4,3,9,At Risk
CUST002409,SE,1,42.44,2024-03-02,2024-03-02,669,1,42.44,1,1,1,3,Hibernating
CUST003591,SE,9,4004.9,2025-11-03,2024-03-03,58,9,4004.9,3,5,5,13,Champions
CUST003624,IT,5,741.87,2025-08-03,2024-03-03,150,5,741.87,2,3,2,7,At Risk
CUST002996,ES,7,3624.91,2025-11-22,2024-03-04,39,7,3624.91,3,4,5,12,Potential Loyalist
CUST000238,DE,8,2609.29,2025-12-09,2024-03-04,22,8,2609.29,4,5,5,14,Champions
CUST003435,NL,4,1479.32,2025-07-24,2024-03-05,160,4,1479.32,2,2,3,7,Hibernating
CUST001953,GB,9,5178.81,2025-10-03,2024-03-07,89,9,5178.81,2,5,5,12,At Risk
CUST003918,FR,7,1644.54,2025-12-14,2024-03-07,17,7,1644.54,4,4,4,12,Loyal
CUST000849,GB,10,2822.04,2025-12-18,2024-03-09,13,10,2822.04,5,5,5,15,Champions
CUST003259,FR,8,776.97,2025-11-19,2024-03-13,42,8,776.97,3,5,2,10,Potential Loyalist
CUST001223,FR,3,1911.38,2025-01-24,2024-03-13,341,3,1911.38,1,1,4,6,Hibernating
CUST001478,ES,4,434.13,2025-10-23,2024-03-13,69,4,434.13,3,2,1,6,Potential Loyalist
CUST001433,GB,5,1116.97,2025-12-13,2024-03-15,18,5,1116.97,4,3,3,10,Loyal
CUST002869,FR,4,1484.0,2025-09-13,2024-03-16,109,4,1484.0,2,2,3,7,Hibernating
CUST000699,DE,8,5741.43,2025-12-27,2024-03-16,4,8,5741.43,5,5,5,15,Champions
CUST002552,DE,9,1802.21,2025-12-22,2024-03-19,9,9,1802.21,5,5,4,14,Champions
CUST003677,DE,3,1519.78,2025-12-27,2024-03-20,4,3,1519.78,5,1,3,9,Potential Loyalist
CUST000860,DE,3,807.26,2025-01-25,2024-03-20,340,3,807.26,1,1,2,4,Hibernating
CUST003448,NL,3,601.86,2025-12-23,2024-03-20,8,3,601.86,5,1,1,7,Potential Loyalist
CUST001835,ES,4,1143.08,2025-05-08,2024-03-21,237,4,1143.08,1,2,3,6,Hibernating
CUST003325,ES,6,2617.4,2025-11-07,2024-03-22,54,6,2617.4,3,4,5,12,Potential Loyalist
CUST001010,GB,7,2399.45,2025-11-25,2024-03-25,36,7,2399.45,4,4,5,13,Champions
CUST001146,IT,7,1581.66,2025-05-09,2024-03-25,236,7,1581.66,1,4,3,8,At Risk
CUST002413,GB,4,686.84,2025-07-06,2024-03-27,178,4,686.84,2,2,2,6,Hibernating
CUST002352,IT,7,2238.59,2025-11-16,2024-03-28,45,7,2238.59,3,4,4,11,Potential Loyalist
CUST000455,DE,3,1245.56,2025-12-24,2024-03-28,7,3,1245.56,5,1,3,9,Potential Loyalist
CUST003891,ES,5,1153.44,2025-11-23,2024-03-28,38,5,1153.44,4,3,3,10,Loyal
CUST003152,DE,7,1831.46,2025-10-10,2024-03-30,82,7,1831.46,2,4,4,10,At Risk
CUST000980,GB,5,1489.72,2025-10-24,2024-04-01,68,5,1489.72,3,3,3,9,Potential Loyalist
CUST003262,GB,5,1200.54,2025-11-26,2024-04-02,35,5,1200.54,4,3,3,10,Loyal
CUST002805,GB,9,3585.6,2025-12-13,2024-04-03,18,9,3585.6,4,5,5,14,Champions
CUST000323,NL,7,3291.97,2025-12-17,2024-04-03,14,7,3291.97,5,4,5,14,Champions
CUST000794,GB,3,1355.47,2025-01-30,2024-04-03,335,3,1355.47,1,1,3,5,Hibernating
CUST000040,FR,8,3092.1,2025-11-15,2024-04-03,46,8,3092.1,3,5,5,13,Champions
CUST000991,ES,7,1291.49,2025-11-11,2024-04-06,50,7,1291.49,3,4,3,10,Potential Loyalist
CUST003300,ES,5,972.37,2025-06-16,2024-04-06,198,5,972.37,1,3,2,6,At Risk
CUST001971,DE,7,3687.43,2025-12-08,2024-04-06,23,7,3687.43,4,4,5,13,Champions
CUST000861,ES,8,1946.65,2025-12-18,2024-04-08,13,8,1946.65,5,5,4,14,Champions
CUST002976,DE,6,1796.02,2025-11-21,2024-04-08,40,6,1796.02,3,4,4,11,Potential Loyalist
CUST002659,DE,5,1187.15,2025-12-25,2024-04-10,6,5,1187.15,5,3,3,11,Loyal
CUST000571,GB,9,2376.02,2025-12-26,2024-04-14,5,9,2376.02,5,5,5,15,Champions
CUST003702,NL,8,2810.34,2025-12-13,2024-04-15,18,8,2810.34,4,5,5,14,Champions
CUST000830,GB,3,988.19,2025-10-12,2024-04-16,80,3,988.19,2,1,2,5,Hibernating
CUST001312,IT,7,1655.18,2025-09-26,2024-04-16,96,7,1655.18,2,4,4,10,At Risk
CUST003880,DE,3,624.38,2025-07-20,2024-04-17,164,3,624.38,2,1,1,4,Hibernating
CUST001745,FR,5,2996.58,2025-12-15,2024-04-18,16,5,2996.58,5,3,5,13,Champions
CUST003814,GB,5,946.74,2025-12-13,2024-04-20,18,5,946.74,4,3,2,9,Loyal
CUST000273,ES,6,1055.72,2025-12-22,2024-04-20,9,6,1055.72,5,4,2,11,Loyal
CUST001939,GB,3,1082.38,2025-12-06,2024-04-23,25,3,1082.38,4,1,2,7,Potential Loyalist
CUST003313,NL,6,3245.04,2025-08-02,2024-04-23,151,6,3245.04,2,4,5,11,At Risk
CUST001141,ES,4,930.0,2025-10-22,2024-04-23,70,4,930.0,3,2,2,7,Potential Loyalist
CUST002146,ES,6,1440.25,2025-12-20,2024-04-25,11,6,1440.25,5,4,3,12,Loyal
CUST003584,ES,5,2539.54,2025-06-04,2024-04-25,210,5,2539.54,1,3,5,9,At Risk
CUST000655,FR,8,2388.88,2025-12-18,2024-04-27,13,8,2388.88,5,5,5,15,Champions
CUST000771,DE,3,1409.47,2025-03-22,2024-04-28,284,3,1409.47,1,1,3,5,Hibernating
CUST001145,FR,11,1653.33,2025-12-22,2024-04-28,9,11,1653.33,5,5,4,14,Champions
CUST003309,FR,7,3044.68,2025-10-13,2024-04-29,79,7,3044.68,3,4,5,12,Potential Loyalist
CUST003986,IT,8,1196.94,2025-12-04,2024-04-29,27,8,1196.94,4,5,3,12,Loyal
CUST000049,GB,4,930.22,2025-10-24,2024-04-30,68,4,930.22,3,2,2,7,Potential Loyalist
CUST002956,NL,5,1313.46,2025-11-01,2024-05-02,60,5,1313.46,3,3,3,9,Potential Loyalist
CUST001967,DE,9,3354.83,2025-12-05,2024-05-03,26,9,3354.83,4,5,5,14,Champions
CUST001545,SE,4,1180.41,2025-01-12,2024-05-05,353,4,1180.41,1,2,3,6,Hibernating
CUST000463,NL,4,408.76,2025-12-24,2024-05-05,7,4,408.76,5,2,1,8,Potential Loyalist
CUST001746,GB,12,5383.8,2025-12-01,2024-05-05,30,12,5383.8,4,5,5,14,Champions
CUST000505,NL,6,1600.39,2025-12-13,2024-05-06,18,6,1600.39,4,4,3,11,Loyal
CUST000567,FR,10,1988.1,2025-12-26,2024-05-07,5,10,1988.1,5,5,4,14,Champions
CUST002336,FR,9,2644.59,2025-12-28,2024-05-11,3,9,2644.59,5,5,5,15,Champions
CUST002792,SE,3,1125.14,2024-09-18,2024-05-11,469,3,1125.14,1,1,3,5,Hibernating
CUST003029,NL,4,1750.74,2025-09-11,2024-05-11,111,4,1750.74,2,2,4,8,Hibernating
CUST001887,DE,3,2497.67,2024-11-27,2024-05-13,399,3,2497.67,1,1,5,7,Hibernating
CUST002592,ES,7,2270.86,2025-11-22,2024-05-13,39,7,2270.86,3,4,4,11,Potential Loyalist
CUST001848,DE,7,2053.31,2025-11-02,2024-05-13,59,7,2053.31,3,4,4,11,Potential Loyalist
CUST000705,DE,7,1758.07,2025-12-18,2024-05-13,13,7,1758.07,5,4,4,13,Champions
CUST002928,SE,5,2175.37,2025-06-28,2024-05-13,186,5,2175.37,2,3,4,9,At Risk
CUST000164,GB,7,825.23,2025-12-17,2024-05-13,14,7,825.23,5,4,2,11,Loyal
CUST002583,GB,6,3513.21,2025-12-20,2024-05-13,11,6,3513.21,5,4,5,14,Champions
CUST000247,FR,5,993.03,2025-12-01,2024-05-14,30,5,993.03,4,3,2,9,Loyal
CUST003612,DE,8,2907.05,2025-12-28,2024-05-15,3,8,2907.05,5,5,5,15,Champions
CUST001460,NL,5,731.86,2025-11-02,2024-05-15,59,5,731.86,3,3,2,8,Potential Loyalist
CUST001838,FR,5,803.41,2025-10-15,2024-05-17,77,5,803.41,3,3,2,8,Potential Loyalist
CUST002383,IT,8,2097.52,2025-11-12,2024-05-20,49,8,2097.52,3,5,4,12,Potential Loyalist
CUST002798,GB,6,2232.21,2025-12-24,2024-05-22,7,6,2232.21,5,4,4,13,Champions
CUST000833,DE,5,810.98,2025-12-18,2024-05-23,13,5,810.98,5,3,2,10,Loyal
CUST000030,DE,5,496.64,2025-08-07,2024-05-25,146,5,496.64,2,3,1,6,At Risk
CUST001741,ES,7,2672.22,2025-09-27,2024-05-25,95,7,2672.22,2,4,5,11,At Risk
CUST001695,FR,5,3131.0,2025-12-26,2024-05-26,5,5,3131.0,5,3,5,13,Champions
CUST003711,DE,6,2183.57,2025-12-17,2024-05-26,14,6,2183.57,5,4,4,13,Champions
CUST000831,DE,4,2874.0,2025-09-28,2024-05-31,94,4,2874.0,2,2,5,9,Hibernating
CUST001295,ES,4,2023.9,2025-07-25,2024-06-03,159,4,2023.9,2,2,4,8,Hibernating
CUST000159,DE,6,2947.34,2025-11-30,2024-06-04,31,6,2947.34,4,4,5,13,Champions
CUST000594,FR,8,1743.85,2025-12-17,2024-06-06,14,8,1743.85,5,5,4,14,Champions
CUST000537,ES,6,1653.58,2025-12-25,2024-06-07,6,6,1653.58,5,4,4,13,Champions
CUST000753,GB,3,276.21,2025-10-23,2024-06-08,69,3,276.21,3,1,1,5,Potential Loyalist
CUST003222,DE,3,619.58,2025-05-01,2024-06-08,244,3,619.58,1,1,1,3,Hibernating
CUST002920,FR,6,1511.8,2025-12-17,2024-06-08,14,6,1511.8,5,4,3,12,Loyal
CUST000122,IT,8,1636.27,2025-12-17,2024-06-09,14,8,1636.27,5,5,4,14,Champions
CUST000060,FR,5,290.3,2025-12-12,2024-06-09,19,5,290.3,4,3,1,8,Loyal
CUST001642,ES,7,5320.29,2025-12-24,2024-06-09,7,7,5320.29,5,4,5,14,Champions
CUST000539,GB,8,1559.67,2025-12-13,2024-06-14,18,8,1559.67,4,5,3,12,Loyal
CUST000287,GB,4,946.37,2025-12-01,2024-06-17,30,4,946.37,4,2,2,8,Potential Loyalist
CUST002216,FR,4,1529.77,2024-11-27,2024-06-18,399,4,1529.77,1,2,3,6,Hibernating
CUST001858,GB,7,3615.04,2025-07-14,2024-06-18,170,7,3615.04,2,4,5,11,At Risk
CUST000569,IT,5,684.42,2025-03-26,2024-06-19,280,5,684.42,1,3,2,6,At Risk
CUST002598,GB,6,1867.19,2025-12-24,2024-06-21,7,6,1867.19,5,4,4,13,Champions
CUST003307,FR,6,1324.35,2025-12-28,2024-06-22,3,6,1324.35,5,4,3,12,Loyal
CUST002400,GB,4,1773.11,2025-12-26,2024-06-27,5,4,1773.11,5,2,4,11,Potential Loyalist
CUST003965,DE,6,2049.66,2025-10-21,2024-06-29,71,6,2049.66,3,4,4,11,Potential Loyalist
CUST001541,NL,4,1061.82,2025-08-23,2024-07-10,130,4,1061.82,2,2,2,6,Hibernating
CUST003985,ES,5,1738.59,2025-10-29,2024-07-12,63,5,1738.59,3,3,4,10,Potential Loyalist
CUST000395,FR,2,44.01,2025-01-25,2024-07-15,340,2,44.01,1,1,1,3,Hibernating
CUST002211,ES,3,640.76,2025-11-08,2024-07-16,53,3,640.76,3,1,1,5,Potential Loyalist
CUST003473,GB,12,4196.39,2025-11-02,2024-07-20,59,12,4196.39,3,5,5,13,Champions
CUST001969,FR,8,2396.98,2025-11-26,2024-07-21,35,8,2396.98,4,5,5,14,Champions
CUST002141,ES,4,596.46,2025-11-30,2024-07-21,31,4,596.46,4,2,1,7,Potential Loyalist
CUST002926,IT,2,759.67,2024-09-29,2024-07-29,458,2,759.67,1,1,2,4,Hibernating
CUST000129,DE,3,1776.39,2025-07-27,2024-08-02,157,3,1776.39,2,1,4,7,Hibernating
CUST002839,ES,4,2609.4,2025-09-14,2024-08-04,108,4,2609.4,2,2,5,9,Hibernating
CUST003708,FR,3,2143.18,2025-12-03,2024-08-07,28,3,2143.18,4,1,4,9,Potential Loyalist
CUST002208,ES,4,864.24,2025-12-22,2024-08-10,9,4,864.24,5,2,2,9,Potential Loyalist
CUST002066,ES,3,403.5,2025-09-27,2024-08-11,95,3,403.5,2,1,1,4,Hibernating
CUST003906,GB,2,59.36,2025-11-27,2024-08-15,34,2,59.36,4,1,1,6,Potential Loyalist
CUST003475,ES,4,938.3,2025-01-09,2024-08-17,356,4,938.3,1,2,2,5,Hibernating
CUST002752,NL,7,3254.48,2025-12-15,2024-08-25,16,7,3254.48,5,4,5,14,Champions
CUST002915,DE,5,2445.37,2025-11-23,2024-08-26,38,5,2445.37,4,3,5,12,Loyal
CUST003150,GB,10,2670.52,2025-12-02,2024-09-01,29,10,2670.52,4,5,5,14,Champions
CUST001079,DE,5,796.62,2025-12-02,2024-09-06,29,5,796.62,4,3,2,9,Loyal
CUST002425,FR,2,199.24,2025-10-11,2024-09-08,81,2,199.24,2,1,1,4,Hibernating
CUST000061,FR,5,1547.76,2025-11-28,2024-09-09,33,5,1547.76,4,3,3,10,Loyal
CUST003501,FR,7,2414.16,2025-12-22,2024-09-10,9,7,2414.16,5,4,5,14,Champions
CUST000499,SE,4,1064.81,2025-12-16,2024-09-11,15,4,1064.81,5,2,2,9,Potential Loyalist
CUST000553,GB,4,853.05,2025-08-30,2024-09-12,123,4,853.05,2,2,2,6,Hibernating
CUST003919,NL,5,1210.92,2025-09-13,2024-09-20,109,5,1210.92,2,3,3,8,At Risk
CUST000663,GB,5,401.94,2024-12-15,2024-09-21,381,5,401.94,1,3,1,5,At Risk
CUST003062,DE,6,2188.84,2025-12-18,2024-09-26,13,6,2188.84,5,4,4,13,Champions
CUST002145,GB,6,1454.05,2025-12-26,2024-09-30,5,6,1454.05,5,4,3,12,Loyal
CUST000235,DE,4,695.42,2025-09-18,2024-10-01,104,4,695.42,2,2,2,6,Hibernating
CUST000851,DE,3,2346.36,2025-08-01,2024-10-03,152,3,2346.36,2,1,4,7,Hibernating
CUST001432,GB,4,1054.12,2025-10-26,2024-10-08,66,4,1054.12,3,2,2,7,Potential Loyalist
CUST003059,DE,5,1083.24,2025-12-12,2024-10-14,19,5,1083.24,4,3,2,9,Loyal
CUST000832,GB,2,483.41,2025-03-06,2024-10-16,300,2,483.41,1,1,1,3,Hibernating
CUST003889,GB,7,1709.24,2025-12-21,2024-10-19,10,7,1709.24,5,4,4,13,Champions
CUST000769,FR,7,2669.58,2025-11-15,2024-10-22,46,7,2669.58,3,4,5,12,Potential Loyalist
CUST001377,FR,4,330.82,2025-12-13,2024-10-22,18,4,330.82,4,2,1,7,Potential Loyalist
CUST003690,DE,4,3604.99,2025-12-11,2024-10-27,20,4,3604.99,4,2,5,11,Potential Loyalist
CUST000721,IT,5,1142.12,2025-09-14,2024-10-28,108,5,1142.12,2,3,3,8,At Risk
CUST003754,NL,4,576.92,2025-12-28,2024-10-30,3,4,576.92,5,2,1,8,Potential Loyalist
CUST000914,FR,7,1241.26,2025-12-13,2024-10-31,18,7,1241.26,4,5,3,12,Loyal
CUST001431,GB,5,1808.19,2025-12-17,2024-11-03,14,5,1808.19,5,3,4,12,Loyal
CUST002202,DE,3,1519.44,2025-03-02,2024-11-03,304,3,1519.44,1,1,3,5,Hibernating
CUST000403,GB,6,1638.47,2025-12-04,2024-11-03,27,6,1638.47,4,4,4,12,Loyal
CUST002550,DE,6,2422.85,2025-12-12,2024-11-04,19,6,2422.85,4,4,5,13,Champions
CUST001324,DE,3,1712.12,2025-01-12,2024-11-06,353,3,1712.12,1,1,4,6,Hibernating
CUST003917,NL,3,1006.6,2025-12-01,2024-11-06,30,3,1006.6,4,1,2,7,Potential Loyalist
CUST003872,DE,5,663.33,2025-12-15,2024-11-07,16,5,663.33,5,3,2,10,Loyal
CUST002837,SE,3,502.59,2025-11-28,2024-11-07,33,3,502.59,4,1,1,6,Potential Loyalist
CUST001574,ES,4,968.21,2025-09-09,2024-11-10,113,4,968.21,2,2,2,6,Hibernating
CUST002783,SE,3,730.03,2025-07-13,2024-11-10,171,3,730.03,2,1,2,5,Hibernating
CUST001451,GB,2,697.04,2025-09-07,2024-11-10,115,2,697.04,2,1,2,5,Hibernating
CUST001847,DE,2,675.22,2024-12-21,2024-11-17,375,2,675.22,1,1,2,4,Hibernating
CUST003458,NL,3,1917.08,2025-04-23,2024-11-20,252,3,1917.08,1,1,4,6,Hibernating
CUST001994,DE,6,3050.24,2025-12-13,2024-11-20,18,6,3050.24,4,4,5,13,Champions
CUST000342,GB,5,1935.25,2025-12-24,2024-11-21,7,5,1935.25,5,3,4,12,Loyal
CUST001875,NL,4,475.4,2025-09-17,2024-11-24,105,4,475.4,2,2,1,5,Hibernating
CUST000993,FR,6,1574.7,2025-10-27,2024-11-25,65,6,1574.7,3,4,3,10,Potential Loyalist
CUST000984,DE,3,590.82,2025-04-13,2024-11-25,262,3,590.82,1,1,1,3,Hibernating
CUST001390,GB,5,702.87,2025-12-31,2024-11-30,0,5,702.87,5,3,2,10,Loyal
CUST001388,DE,1,68.04,2024-12-01,2024-12-01,395,1,68.04,1,1,1,3,Hibernating
CUST002629,GB,4,1135.57,2025-12-10,2024-12-11,21,4,1135.57,4,2,3,9,Potential Loyalist
CUST003438,GB,7,2542.44,2025-09-24,2024-12-14,98,7,2542.44,2,5,5,12,At Risk
CUST000634,GB,3,1209.55,2025-12-12,2024-12-18,19,3,1209.55,4,1,3,8,Potential Loyalist
CUST001623,GB,4,2296.42,2025-08-10,2024-12-21,143,4,2296.42,2,2,4,8,Hibernating
CUST002174,ES,5,1333.32,2025-12-01,2024-12-22,30,5,1333.32,4,3,3,10,Loyal
CUST000739,FR,4,2542.62,2025-06-23,2024-12-23,191,4,2542.62,1,2,5,8,Hibernating
CUST002536,ES,3,257.23,2025-04-06,2024-12-28,269,3,257.23,1,1,1,3,Hibernating
CUST003198,IT,2,104.18,2025-07-24,2025-01-07,160,2,104.18,2,1,1,4,Hibernating
CUST003997,FR,4,1397.93,2025-11-15,2025-01-13,46,4,1397.93,3,2,3,8,Potential Loyalist
CUST003589,DE,5,557.27,2025-11-26,2025-01-14,35,5,557.27,4,3,1,8,Loyal
CUST001921,NL,7,1536.74,2025-12-14,2025-01-25,17,7,1536.74,4,5,3,12,Loyal
CUST001546,GB,3,1052.87,2025-10-04,2025-02-15,88,3,1052.87,2,1,2,5,Hibernating
CUST000521,GB,1,327.84,2025-02-23,2025-02-23,311,1,327.84,1,1,1,3,Hibernating
CUST003781,FR,5,1508.31,2025-11-12,2025-02-28,49,5,1508.31,3,3,3,9,Potential Loyalist
CUST001440,NL,2,170.01,2025-04-15,2025-03-19,260,2,170.01,1,1,1,3,Hibernating
CUST002662,IT,5,386.65,2025-11-14,2025-03-22,47,5,386.65,3,3,1,7,Potential Loyalist
CUST000031,GB,2,294.22,2025-08-24,2025-04-22,129,2,294.22,2,1,1,4,Hibernating
CUST003457,GB,2,2465.08,2025-05-15,2025-05-07,230,2,2465.08,1,1,5,7,Hibernating
CUST000972,IT,2,385.98,2025-12-23,2025-05-09,8,2,385.98,5,1,1,7,Potential Loyalist
CUST002871,IT,3,64.59,2025-12-09,2025-05-10,22,3,64.59,4,1,1,6,Potential Loyalist
CUST003229,DE,3,1282.11,2025-10-17,2025-05-11,75,3,1282.11,3,1,3,7,Potential Loyalist
CUST003593,GB,1,45.58,2025-06-19,2025-06-19,195,1,45.58,1,1,1,3,Hibernating
CUST000051,SE,4,1434.34,2025-11-21,2025-07-22,40,4,1434.34,3,2,3,8,Potential Loyalist
CUST001461,FR,1,594.14,2025-10-11,2025-10-11,81,1,594.14,2,1,1,4,Hibernating
CUST001484,DE,5,975.98,2025-11-26,2024-01-01,35,5,975.98,4,3,2,9,Loyal
CUST000334,DE,3,677.73,2025-09-16,2024-01-01,106,3,677.73,2,1,2,5,Hibernating
CUST002077,DE,6,2792.18,2025-12-08,2024-01-01,23,6,2792.18,4,4,5,13,Champions
CUST003298,DE,6,956.96,2025-04-03,2024-01-02,272,6,956.96,1,4,2,7,At Risk
CUST002529,DE,8,1187.4,2025-12-05,2024-01-02,26,8,1187.4,4,5,3,12,Loyal
CUST003746,DE,7,2029.67,2025-12-27,2024-01-03,4,7,2029.67,5,5,4,14,Champions
CUST003549,FR,3,573.31,2025-06-19,2024-01-03,195,3,573.31,1,1,1,3,Hibernating
CUST001065,FR,8,2576.8,2025-11-14,2024-01-03,47,8,2576.8,3,5,5,13,Champions
CUST001815,DE,4,3123.97,2025-02-05,2024-01-03,329,4,3123.97,1,2,5,8,Hibernating
CUST002973,ES,5,1977.97,2025-08-01,2024-01-05,152,5,1977.97,2,3,4,9,At Risk
CUST002559,DE,10,3672.48,2025-09-27,2024-01-06,95,10,3672.48,2,5,5,12,At Risk
CUST003910,FR,9,3967.52,2025-11-15,2024-01-07,46,9,3967.52,3,5,5,13,Champions
CUST001493,DE,11,6595.32,2025-12-13,2024-01-08,18,11,6595.32,4,5,5,14,Champions
CUST000220,ES,7,2237.09,2025-11-19,2024-01-09,42,7,2237.09,3,5,4,12,Potential Loyalist
CUST001582,FR,3,1231.21,2024-12-18,2024-01-09,378,3,1231.21,1,1,3,5,Hibernating
CUST000891,NL,5,759.87,2025-07-26,2024-01-09,158,5,759.87,2,3,2,7,At Risk
CUST001102,SE,5,1904.5,2025-10-06,2024-01-10,86,5,1904.5,2,3,4,9,At Risk
CUST001085,IT,6,1754.42,2025-12-07,2024-01-10,24,6,1754.42,4,4,4,12,Loyal
CUST002467,FR,6,1760.25,2025-12-12,2024-01-11,19,6,1760.25,4,4,4,12,Loyal
CUST003540,DE,10,3324.03,2025-09-01,2024-01-11,121,10,3324.03,2,5,5,12,At Risk
CUST001203,DE,6,2053.53,2025-11-18,2024-01-13,43,6,2053.53,3,4,4,11,Potential Loyalist
CUST000707,FR,8,2056.15,2025-11-04,2024-01-14,57,8,2056.15,3,5,4,12,Potential Loyalist
CUST002437,FR,3,1858.0,2025-05-15,2024-01-15,230,3,1858.0,1,1,4,6,Hibernating
CUST003236,DE,6,1215.59,2025-08-23,2024-01-17,130,6,1215.59,2,4,3,9,At Risk
CUST001111,ES,10,1058.53,2025-09-26,2024-01-18,96,10,1058.53,2,5,2,9,At Risk
CUST003670,FR,3,540.23,2025-02-07,2024-01-19,327,3,540.23,1,1,1,3,Hibernating
CUST003098,DE,6,1694.64,2025-11-12,2024-01-20,49,6,1694.64,3,4,4,11,Potential Loyalist
CUST000695,DE,6,2957.84,2025-12-31,2024-01-20,0,6,2957.84,5,4,5,14,Champions
CUST002359,GB,6,2145.24,2025-11-08,2024-01-22,53,6,2145.24,3,4,4,11,Potential Loyalist
CUST001343,ES,9,3432.69,2025-11-27,2024-01-22,34,9,3432.69,4,5,5,14,Champions
CUST002090,FR,4,402.0,2025-12-08,2024-01-22,23,4,402.0,4,2,1,7,Potential Loyalist
CUST002809,GB,5,2291.18,2025-11-20,2024-01-25,41,5,2291.18,3,3,4,10,Potential Loyalist
CUST003741,IT,8,1832.75,2025-12-16,2024-01-26,15,8,1832.75,5,5,4,14,Champions
CUST000978,DE,6,882.55,2025-03-30,2024-01-27,276,6,882.55,1,4,2,7,At Risk
CUST000136,FR,6,1765.35,2025-11-04,2024-01-28,57,6,1765.35,3,4,4,11,Potential Loyalist
CUST001711,DE,4,1788.5,2025-06-21,2024-01-31,193,4,1788.5,1,2,4,7,Hibernating
CUST003337,IT,5,2132.51,2025-12-12,2024-01-31,19,5,2132.51,4,3,4,11,Loyal
CUST000880,DE,5,870.43,2025-11-05,2024-02-03,56,5,870.43,3,3,2,8,Potential Loyalist
CUST003252,DE,6,2933.3,2025-11-26,2024-02-08,35,6,2933.3,4,4,5,13,Champions
CUST003426,GB,7,2986.71,2025-10-31,2024-02-09,61,7,2986.71,3,5,5,13,Champions
CUST002453,GB,4,1184.22,2025-03-04,2024-02-11,302,4,1184.22,1,2,3,6,Hibernating
CUST000093,ES,5,1358.22,2025-10-31,2024-02-11,61,5,1358.22,3,3,3,9,Potential Loyalist
CUST001699,SE,9,3744.78,2025-10-22,2024-02-11,70,9,3744.78,3,5,5,13,Champions
CUST003083,DE,6,4039.48,2025-12-13,2024-02-11,18,6,4039.48,4,4,5,13,Champions
CUST000709,FR,5,1172.52,2025-05-18,2024-02-12,227,5,1172.52,1,3,3,7,At Risk
CUST003833,ES,5,1143.84,2025-05-10,2024-02-13,235,5,1143.84,1,3,3,7,At Risk
CUST000152,DE,6,1154.46,2025-11-04,2024-02-13,57,6,1154.46,3,4,3,10,Potential Loyalist
CUST000889,DE,3,1722.68,2025-02-15,2024-02-14,319,3,1722.68,1,1,4,6,Hibernating
CUST001086,GB,5,1697.87,2025-12-12,2024-02-16,19,5,1697.87,4,3,4,11,Loyal
CUST000089,IT,3,1422.47,2025-02-16,2024-02-17,318,3,1422.47,1,1,3,5,Hibernating
CUST000256,GB,8,4975.7,2025-10-29,2024-02-18,63,8,4975.7,3,5,5,13,Champions
CUST001263,FR,5,1863.48,2025-11-13,2024-02-20,48,5,1863.48,3,3,4,10,Potential Loyalist
CUST002729,DE,5,1938.25,2025-12-21,2024-02-20,10,5,1938.25,5,3,4,12,Loyal
CUST002469,GB,6,5300.38,2025-12-06,2024-02-21,25,6,5300.38,4,4,5,13,Champions
CUST002947,GB,5,1844.12,2025-12-30,2024-02-22,1,5,1844.12,5,3,4,12,Loyal
CUST000725,GB,10,1851.26,2025-10-31,2024-02-23,61,10,1851.26,3,5,4,12,Potential Loyalist
CUST001581,DE,4,945.55,2025-12-01,2024-02-23,30,4,945.55,4,2,2,8,Potential Loyalist
CUST000084,DE,4,1198.19,2025-11-29,2024-02-25,32,4,1198.19,4,2,3,9,Potential Loyalist
CUST003979,DE,2,317.52,2025-07-12,2024-02-26,172,2,317.52,2,1,1,4,Hibernating
CUST001018,GB,9,1099.59,2025-11-23,2024-02-27,38,9,1099.59,4,5,2,11,Loyal
CUST001017,DE,9,1269.23,2025-12-07,2024-02-28,24,9,1269.23,4,5,3,12,Loyal
CUST003371,DE,4,671.42,2025-06-15,2024-02-28,199,4,671.42,1,2,2,5,Hibernating
CUST003420,DE,6,1630.49,2025-12-19,2024-02-29,12,6,1630.49,5,4,4,13,Champions
CUST000080,DE,6,5123.46,2025-10-15,2024-02-29,77,6,5123.46,3,4,5,12,Potential Loyalist
CUST002241,ES,5,1167.6,2025-12-27,2024-03-04,4,5,1167.6,5,3,3,11,Loyal
CUST002722,ES,7,2455.79,2025-02-01,2024-03-04,333,7,2455.79,1,5,5,11,At Risk
CUST001004,NL,6,3538.36,2025-12-05,2024-03-06,26,6,3538.36,4,4,5,13,Champions
CUST002405,NL,9,4077.36,2025-10-22,2024-03-07,70,9,4077.36,3,5,5,13,Champions
CUST000276,GB,7,2129.67,2025-01-30,2024-03-10,335,7,2129.67,1,5,4,10,At Risk
CUST002562,NL,7,4014.01,2025-10-07,2024-03-11,85,7,4014.01,2,5,5,12,At Risk
CUST003849,NL,7,2977.7,2025-12-07,2024-03-11,24,7,2977.7,4,5,5,14,Champions
CUST003050,FR,7,2297.7,2025-10-08,2024-03-13,84,7,2297.7,2,5,4,11,At Risk
CUST003561,FR,4,2426.06,2025-11-22,2024-03-14,39,4,2426.06,3,2,5,10,Potential Loyalist
CUST000442,SE,6,1859.53,2025-06-10,2024-03-14,204,6,1859.53,1,4,4,9,At Risk
CUST000399,ES,6,2744.28,2025-08-07,2024-03-14,146,6,2744.28,2,4,5,11,At Risk
CUST003122,DE,6,1104.56,2025-11-07,2024-03-15,54,6,1104.56,3,4,2,9,Potential Loyalist
CUST001401,DE,5,952.88,2025-11-28,2024-03-16,33,5,952.88,4,3,2,9,Loyal
CUST001663,IT,4,1523.98,2025-04-18,2024-03-17,257,4,1523.98,1,2,3,6,Hibernating
CUST000961,DE,3,197.18,2025-02-28,2024-03-17,306,3,197.18,1,1,1,3,Hibernating
CUST002813,NL,5,519.78,2025-12-02,2024-03-18,29,5,519.78,4,3,1,8,Loyal
CUST003415,ES,7,2021.86,2025-12-05,2024-03-25,26,7,2021.86,4,5,4,13,Champions
CUST001554,IT,6,2019.45,2025-09-19,2024-03-26,103,6,2019.45,2,4,4,10,At Risk
CUST001502,GB,6,1432.11,2025-11-24,2024-03-26,37,6,1432.11,4,4,3,11,Loyal
CUST000500,SE,7,2280.62,2025-12-27,2024-03-26,4,7,2280.62,5,5,4,14,Champions
CUST001820,FR,2,458.59,2024-08-11,2024-03-27,507,2,458.59,1,1,1,3,Hibernating
CUST002935,NL,6,1317.65,2025-12-19,2024-03-27,12,6,1317.65,5,4,3,12,Loyal
CUST001182,FR,7,2584.67,2025-11-29,2024-03-31,32,7,2584.67,4,5,5,14,Champions
CUST003774,NL,9,1523.53,2025-12-28,2024-03-31,3,9,1523.53,5,5,3,13,Champions
CUST003878,IT,7,2377.11,2025-11-09,2024-04-02,52,7,2377.11,3,5,5,13,Champions
CUST001097,DE,8,4219.19,2025-11-18,2024-04-03,43,8,4219.19,3,5,5,13,Champions
CUST001907,SE,10,2557.77,2025-11-14,2024-04-04,47,10,2557.77,3,5,5,13,Champions
CUST000801,NL,4,856.56,2025-09-10,2024-04-06,112,4,856.56,2,2,2,6,Hibernating
CUST001472,NL,4,437.02,2025-12-03,2024-04-06,28,4,437.02,4,2,1,7,Potential Loyalist
CUST003428,GB,8,1604.53,2025-12-30,2024-04-06,1,8,1604.53,5,5,3,13,Champions
CUST002471,DE,6,2680.09,2025-06-27,2024-04-08,187,6,2680.09,2,4,5,11,At Risk
CUST003496,DE,6,1377.9,2025-09-15,2024-04-09,107,6,1377.9,2,4,3,9,At Risk
CUST001480,FR,4,1070.82,2025-08-15,2024-04-10,138,4,1070.82,2,2,2,6,Hibernating
CUST002044,DE,7,2998.14,2025-11-07,2024-04-11,54,7,2998.14,3,5,5,13,Champions
CUST003321,GB,6,1892.76,2025-12-31,2024-04-13,0,6,1892.76,5,4,4,13,Champions
CUST003968,DE,10,3569.35,2025-12-11,2024-04-13,20,10,3569.35,4,5,5,14,Champions
CUST003578,GB,2,2292.51,2024-12-02,2024-04-16,394,2,2292.51,1,1,4,6,Hibernating
CUST001781,DE,5,497.71,2025-12-14,2024-04-16,17,5,497.71,4,3,1,8,Loyal
CUST002692,GB,7,1042.7,2025-12-29,2024-04-16,2,7,1042.7,5,5,2,12,Loyal
CUST003305,DE,4,857.65,2025-12-20,2024-04-19,11,4,857.65,5,2,2,9,Potential Loyalist
CUST002938,GB,2,1068.13,2025-06-17,2024-04-20,197,2,1068.13,1,1,2,4,Hibernating
CUST002522,DE,5,952.75,2025-09-20,2024-04-20,102,5,952.75,2,3,2,7,At Risk
CUST003353,IT,3,569.81,2025-12-18,2024-04-23,13,3,569.81,5,1,1,7,Potential Loyalist
CUST001702,FR,5,1920.09,2025-12-21,2024-04-24,10,5,1920.09,5,3,4,12,Loyal
CUST003851,FR,6,1753.44,2025-05-09,2024-04-26,236,6,1753.44,1,4,4,9,At Risk
CUST003830,DE,4,491.36,2025-11-25,2024-04-27,36,4,491.36,4,2,1,7,Potential Loyalist
CUST000930,FR,9,2469.07,2025-09-25,2024-04-27,97,9,2469.07,2,5,5,12,At Risk
CUST000931,DE,2,841.73,2024-11-23,2024-04-28,403,2,841.73,1,1,2,4,Hibernating
CUST002564,DE,7,2272.05,2025-12-04,2024-04-29,27,7,2272.05,4,5,4,13,Champions
CUST001655,DE,7,2084.22,2025-08-11,2024-04-30,142,7,2084.22,2,5,4,11,At Risk
CUST001754,DE,5,1645.78,2024-12-31,2024-05-01,365,5,1645.78,1,3,4,8,At Risk
CUST002246,GB,6,3907.69,2025-12-23,2024-05-01,8,6,3907.69,5,4,5,14,Champions
CUST001856,FR,6,3782.52,2025-12-17,2024-05-01,14,6,3782.52,5,4,5,14,Champions
CUST000296,GB,5,1241.2,2025-12-19,2024-05-02,12,5,1241.2,5,3,3,11,Loyal
CUST001366,DE,4,1199.12,2025-09-18,2024-05-03,104,4,1199.12,2,2,3,7,Hibernating
CUST000932,ES,8,3137.67,2025-11-22,2024-05-06,39,8,3137.67,3,5,5,13,Champions
CUST002975,FR,7,1485.13,2025-10-01,2024-05-07,91,7,1485.13,2,5,3,10,At Risk
CUST000192,IT,4,1125.67,2025-12-19,2024-05-09,12,4,1125.67,5,2,3,10,Potential Loyalist
CUST001782,IT,5,1345.25,2025-11-26,2024-05-10,35,5,1345.25,4,3,3,10,Loyal
CUST000525,ES,5,746.63,2025-06-21,2024-05-10,193,5,746.63,1,3,2,6,At Risk
CUST001913,SE,7,3983.99,2025-12-23,2024-05-17,8,7,3983.99,5,5,5,15,Champions
CUST001634,ES,7,3937.63,2025-12-26,2024-05-17,5,7,3937.63,5,5,5,15,Champions
CUST003745,DE,7,3366.29,2025-10-18,2024-05-17,74,7,3366.29,3,5,5,13,Champions
CUST003367,FR,8,2381.11,2025-11-11,2024-05-17,50,8,2381.11,3,5,5,13,Champions
CUST002636,NL,6,809.81,2025-12-31,2024-05-17,0,6,809.81,5,4,2,11,Loyal
CUST000872,FR,3,1239.24,2025-10-22,2024-05-20,70,3,1239.24,3,1,3,7,Potential Loyalist
CUST000933,SE,8,1358.18,2025-12-12,2024-05-20,19,8,1358.18,4,5,3,12,Loyal
CUST000014,DE,2,1065.94,2025-11-15,2024-05-22,46,2,1065.94,3,1,2,6,Potential Loyalist
CUST000215,NL,5,1588.88,2025-11-17,2024-05-24,44,5,1588.88,3,3,3,9,Potential Loyalist
CUST002362,FR,5,861.91,2025-12-30,2024-05-27,1,5,861.91,5,3,2,10,Loyal
CUST001006,NL,8,3839.1,2025-11-15,2024-05-28,46,8,3839.1,3,5,5,13,Champions
CUST000091,DE,6,1428.1,2025-05-25,2024-05-30,220,6,1428.1,1,4,3,8,At Risk
CUST001299,GB,2,362.14,2024-11-25,2024-06-01,401,2,362.14,1,1,1,3,Hibernating
CUST002759,NL,6,1665.3,2025-11-07,2024-06-03,54,6,1665.3,3,4,4,11,Potential Loyalist
CUST001508,GB,3,699.72,2025-06-26,2024-06-03,188,3,699.72,2,1,2,5,Hibernating
CUST003832,ES,7,3804.11,2025-09-04,2024-06-05,118,7,3804.11,2,5,5,12,At Risk
CUST001414,DE,9,1165.85,2025-12-07,2024-06-08,24,9,1165.85,4,5,3,12,Loyal
CUST003666,FR,7,3232.16,2025-11-11,2024-06-13,50,7,3232.16,3,5,5,13,Champions
CUST003532,ES,8,1182.69,2025-12-28,2024-06-14,3,8,1182.69,5,5,3,13,Champions
CUST001511,ES,2,85.79,2024-08-18,2024-06-18,500,2,85.79,1,1,1,3,Hibernating
CUST001234,DE,10,2824.49,2025-09-29,2024-06-19,93,10,2824.49,2,5,5,12,At Risk
CUST000183,IT,5,1964.31,2025-10-15,2024-06-19,77,5,1964.31,3,3,4,10,Potential Loyalist
CUST001909,FR,4,647.07,2025-11-18,2024-06-20,43,4,647.07,3,2,1,6,Potential Loyalist
CUST000951,GB,4,965.84,2025-11-27,2024-06-20,34,4,965.84,4,2,2,8,Potential Loyalist
CUST001708,DE,6,1139.8,2025-12-27,2024-06-20,4,6,1139.8,5,4,3,12,Loyal
CUST003456,DE,4,219.41,2025-03-31,2024-06-21,275,4,219.41,1,2,1,4,Hibernating
CUST002012,DE,6,3042.72,2025-11-29,2024-06-21,32,6,3042.72,4,4,5,13,Champions
CUST003860,ES,6,1715.63,2025-12-28,2024-06-22,3,6,1715.63,5,4,4,13,Champions
CUST001896,NL,3,548.95,2025-12-17,2024-06-23,14,3,548.95,5,1,1,7,Potential Loyalist
CUST003394,FR,2,1584.14,2024-12-31,2024-06-24,365,2,1584.14,1,1,3,5,Hibernating
CUST001489,FR,8,2916.27,2025-12-28,2024-06-25,3,8,2916.27,5,5,5,15,Champions
CUST000495,GB,5,687.85,2025-12-14,2024-06-25,17,5,687.85,4,3,2,9,Loyal
CUST002088,NL,6,1072.51,2025-12-10,2024-06-25,21,6,1072.51,4,4,2,10,Loyal
CUST002683,DE,2,127.49,2025-06-17,2024-06-26,197,2,127.49,1,1,1,3,Hibernating
CUST000355,DE,5,1454.3,2025-12-28,2024-06-30,3,5,1454.3,5,3,3,11,Loyal
CUST000228,FR,3,875.52,2025-07-07,2024-07-06,177,3,875.52,2,1,2,5,Hibernating
CUST002181,FR,5,3348.26,2024-12-11,2024-07-07,385,5,3348.26,1,3,5,9,At Risk
CUST001603,DE,4,831.97,2025-02-20,2024-07-11,314,4,831.97,1,2,2,5,Hibernating
CUST000513,IT,5,992.52,2025-04-04,2024-07-12,271,5,992.52,1,3,2,6,At Risk
CUST003339,GB,8,4113.24,2025-12-27,2024-07-13,4,8,4113.24,5,5,5,15,Champions
CUST000623,FR,6,1281.54,2025-12-20,2024-07-15,11,6,1281.54,5,4,3,12,Loyal
CUST000960,NL,9,3974.3,2025-11-19,2024-07-16,42,9,3974.3,3,5,5,13,Champions
CUST002024,DE,4,533.18,2025-10-03,2024-07-17,89,4,533.18,2,2,1,5,Hibernating
CUST003129,SE,6,1469.53,2025-12-08,2024-07-17,23,6,1469.53,4,4,3,11,Loyal
CUST002364,GB,5,1184.31,2025-12-10,2024-07-19,21,5,1184.31,4,3,3,10,Loyal
CUST001255,NL,5,1258.35,2025-11-18,2024-07-19,43,5,1258.35,3,3,3,9,Potential Loyalist
CUST003531,FR,3,501.35,2025-08-24,2024-07-21,129,3,501.35,2,1,1,4,Hibernating
CUST001027,ES,2,343.26,2024-12-01,2024-07-21,395,2,343.26,1,1,1,3,Hibernating
CUST000303,GB,3,589.04,2025-08-22,2024-07-23,131,3,589.04,2,1,1,4,Hibernating
CUST001876,GB,6,1789.03,2025-12-09,2024-07-24,22,6,1789.03,4,4,4,12,Loyal
CUST003369,DE,4,1370.87,2025-08-05,2024-07-25,148,4,1370.87,2,2,3,7,Hibernating
CUST001019,IT,4,894.22,2025-11-28,2024-07-28,33,4,894.22,4,2,2,8,Potential Loyalist
CUST000198,IT,5,1503.64,2025-11-16,2024-08-04,45,5,1503.64,3,3,3,9,Potential Loyalist
CUST001491,DE,4,405.66,2025-11-15,2024-08-05,46,4,405.66,3,2,1,6,Potential Loyalist
CUST002421,DE,3,1010.68,2025-05-15,2024-08-11,230,3,1010.68,1,1,2,4,Hibernating
CUST003530,FR,3,283.8,2025-12-03,2024-08-11,28,3,283.8,4,1,1,6,Potential Loyalist
CUST002182,DE,2,1431.67,2024-09-11,2024-08-17,476,2,1431.67,1,1,3,5,Hibernating
CUST003643,GB,2,682.2,2025-01-16,2024-08-18,349,2,682.2,1,1,2,4,Hibernating
CUST000713,GB,5,785.19,2025-12-08,2024-08-18,23,5,785.19,4,3,2,9,Loyal
CUST001516,DE,4,1327.56,2025-11-23,2024-08-21,38,4,1327.56,4,2,3,9,Potential Loyalist
CUST002111,DE,8,2243.81,2025-12-30,2024-08-24,1,8,2243.81,5,5,4,14,Champions
CUST002322,NL,5,1296.7,2025-11-27,2024-08-28,34,5,1296.7,4,3,3,10,Loyal
CUST003283,ES,5,1091.51,2025-05-04,2024-08-29,241,5,1091.51,1,3,2,6,At Risk
CUST002329,GB,4,679.44,2025-11-07,2024-08-29,54,4,679.44,3,2,2,7,Potential Loyalist
CUST000509,IT,3,1408.03,2024-11-20,2024-09-05,406,3,1408.03,1,1,3,5,Hibernating
CUST003831,FR,5,1277.12,2025-11-20,2024-09-06,41,5,1277.12,3,3,3,9,Potential Loyalist
CUST002108,IT,7,4382.95,2025-11-13,2024-09-06,48,7,4382.95,3,5,5,13,Champions
CUST000507,IT,3,804.96,2025-10-28,2024-09-07,64,3,804.96,3,1,2,6,Potential Loyalist
CUST001828,SE,6,2271.69,2025-11-14,2024-09-12,47,6,2271.69,3,4,4,11,Potential Loyalist
CUST003476,ES,4,774.83,2025-10-25,2024-09-13,67,4,774.83,3,2,2,7,Potential Loyalist
CUST003159,ES,4,628.38,2025-11-18,2024-09-19,43,4,628.38,3,2,1,6,Potential Loyalist
CUST003551,ES,5,1477.64,2025-11-05,2024-09-26,56,5,1477.64,3,3,3,9,Potential Loyalist
CUST002245,ES,5,2621.9,2025-07-12,2024-10-04,172,5,2621.9,2,3,5,10,At Risk
CUST000226,DE,3,571.48,2025-09-08,2024-10-04,114,3,571.48,2,1,1,4,Hibernating
CUST000700,GB,5,738.68,2025-12-25,2024-10-04,6,5,738.68,5,3,2,10,Loyal
CUST000642,FR,3,926.34,2025-10-24,2024-10-05,68,3,926.34,3,1,2,6,Potential Loyalist
CUST001154,NL,3,1258.5,2025-11-18,2024-10-05,43,3,1258.5,3,1,3,7,Potential Loyalist
CUST003292,IT,6,770.13,2025-11-30,2024-10-19,31,6,770.13,4,4,2,10,Loyal
CUST000893,ES,8,2132.31,2025-11-30,2024-10-22,31,8,2132.31,4,5,4,13,Champions
CUST002154,ES,2,693.27,2025-11-30,2024-10-27,31,2,693.27,4,1,2,7,Potential Loyalist
CUST002764,FR,5,1235.34,2025-11-12,2024-10-29,49,5,1235.34,3,3,3,9,Potential Loyalist
CUST002650,GB,5,2567.89,2025-10-29,2024-11-01,63,5,2567.89,3,3,5,11,Potential Loyalist
CUST002957,NL,3,1588.14,2025-01-11,2024-11-05,354,3,1588.14,1,1,3,5,Hibernating
CUST001108,ES,5,1624.76,2025-10-22,2024-11-14,70,5,1624.76,3,3,4,10,Potential Loyalist
CUST001900,ES,3,586.56,2025-03-05,2024-11-14,301,3,586.56,1,1,1,3,Hibernating
CUST002948,GB,5,737.01,2025-11-01,2024-11-16,60,5,737.01,3,3,2,8,Potential Loyalist
CUST001370,DE,7,1518.03,2025-09-28,2024-11-18,94,7,1518.03,2,5,3,10,At Risk
CUST001826,GB,5,3130.83,2025-12-06,2024-11-26,25,5,3130.83,4,3,5,12,Loyal
CUST000363,GB,3,636.9,2025-09-09,2024-11-28,113,3,636.9,2,1,1,4,Hibernating
CUST001925,ES,7,1853.1,2025-09-03,2024-12-01,119,7,1853.1,2,5,4,11,At Risk
CUST003036,FR,6,1847.78,2025-11-17,2024-12-04,44,6,1847.78,3,4,4,11,Potential Loyalist
CUST002958,ES,5,1225.79,2025-10-22,2024-12-18,70,5,1225.79,3,3,3,9,Potential Loyalist
CUST002439,GB,2,930.83,2025-05-12,2024-12-23,233,2,930.83,1,1,2,4,Hibernating
CUST000072,DE,5,1189.07,2025-12-15,2024-12-26,16,5,1189.07,5,3,3,11,Loyal
CUST000814,IT,5,1238.92,2025-12-25,2024-12-29,6,5,1238.92,5,3,3,11,Loyal
CUST002987,DE,6,1696.8,2025-12-05,2024-12-30,26,6,1696.8,4,4,4,12,Loyal
CUST003250,GB,5,2709.81,2025-11-27,2025-01-13,34,5,2709.81,4,3,5,12,Loyal
CUST000940,GB,1,72.43,2025-01-20,2025-01-20,345,1,72.43,1,1,1,3,Hibernating
CUST003560,GB,3,3490.69,2025-11-27,2025-01-20,34,3,3490.69,4,1,5,10,Potential Loyalist
CUST000949,IT,2,886.23,2025-06-13,2025-01-21,201,2,886.23,1,1,2,4,Hibernating
CUST000423,DE,1,1041.26,2025-01-29,2025-01-29,336,1,1041.26,1,1,2,4,Hibernating
CUST002800,DE,3,1070.49,2025-09-23,2025-02-08,99,3,1070.49,2,1,2,5,Hibernating
CUST003092,SE,6,1956.22,2025-12-31,2025-02-08,0,6,1956.22,5,4,4,13,Champions
CUST003052,GB,6,1834.08,2025-11-30,2025-02-09,31,6,1834.08,4,4,4,12,Loyal
CUST003533,FR,1,1338.51,2025-02-27,2025-02-27,307,1,1338.51,1,1,3,5,Hibernating
CUST002116,DE,4,992.56,2025-09-12,2025-03-01,110,4,992.56,2,2,2,6,Hibernating
CUST002102,GB,3,476.73,2025-12-14,2025-03-03,17,3,476.73,4,1,1,6,Potential Loyalist
CUST003861,ES,4,2559.74,2025-10-24,2025-03-16,68,4,2559.74,3,2,5,10,Potential Loyalist
CUST000884,DE,4,1625.62,2025-12-04,2025-03-20,27,4,1625.62,4,2,4,10,Potential Loyalist
CUST001716,SE,3,1310.99,2025-12-23,2025-03-28,8,3,1310.99,5,1,3,9,Potential Loyalist
CUST002274,NL,4,2016.48,2025-11-06,2025-04-01,55,4,2016.48,3,2,4,9,Potential Loyalist
CUST001181,SE,3,574.79,2025-12-04,2025-04-01,27,3,574.79,4,1,1,6,Potential Loyalist
CUST000150,FR,3,1814.18,2025-10-06,2025-04-11,86,3,1814.18,2,1,4,7,Hibernating
CUST003840,NL,3,1478.95,2025-11-30,2025-04-23,31,3,1478.95,4,1,3,8,Potential Loyalist
CUST002652,FR,2,720.33,2025-06-19,2025-05-04,195,2,720.33,1,1,2,4,Hibernating
CUST002807,ES,5,3219.95,2025-12-10,2025-05-11,21,5,3219.95,4,3,5,12,Loyal
CUST002494,FR,3,118.73,2025-11-21,2025-05-22,40,3,118.73,3,1,1,5,Potential Loyalist
CUST000001,FR,3,503.55,2025-11-23,2025-06-27,38,3,503.55,4,1,1,6,Potential Loyalist
CUST001116,GB,1,212.69,2025-07-07,2025-07-07,177,1,212.69,2,1,1,4,Hibernating
CUST003164,GB,2,1553.47,2025-10-25,2025-08-06,67,2,1553.47,3,1,3,7,Potential Loyalist
CUST002762,DE,2,56.97,2025-10-18,2025-08-24,74,2,56.97,3,1,1,5,Potential Loyalist
CUST003162,DE,2,806.53,2025-10-25,2025-10-19,67,2,806.53,3,1,2,6,Potential Loyalist
CUST002825,FR,1,721.06,2025-11-29,2025-11-29,32,1,721.06,4,1,2,7,Potential Loyalist
CUST002698,FR,2,2903.21,2025-12-17,2025-12-11,14,2,2903.21,5,1,5,11,Potential Loyalist
CUST000768,IT,10,2591.44,2025-12-19,2024-01-01,12,10,2591.44,5,5,5,15,Champions
CUST000966,FR,4,1336.86,2025-10-28,2024-01-03,64,4,1336.86,3,2,3,8,Potential Loyalist
CUST002417,FR,4,1559.78,2025-10-09,2024-01-03,83,4,1559.78,2,2,3,7,Hibernating
CUST000943,NL,3,1045.08,2024-12-16,2024-01-04,380,3,1045.08,1,1,2,4,Hibernating
CUST003913,DE,5,1451.81,2025-08-06,2024-01-05,147,5,1451.81,2,3,3,8,At Risk
CUST001550,GB,8,2016.18,2025-09-13,2024-01-05,109,8,2016.18,2,5,4,11,At Risk
CUST002346,NL,6,3190.46,2025-11-07,2024-01-05,54,6,3190.46,3,4,5,12,Potential Loyalist
CUST001657,GB,7,1276.59,2025-12-03,2024-01-05,28,7,1276.59,4,5,3,12,Loyal
CUST002545,DE,6,1574.36,2025-12-16,2024-01-06,15,6,1574.36,5,4,3,12,Loyal
CUST002264,FR,9,3251.81,2025-12-19,2024-01-07,12,9,3251.81,5,5,5,15,Champions
CUST001351,ES,3,1089.23,2025-06-15,2024-01-07,199,3,1089.23,1,1,2,4,Hibernating
CUST001675,ES,6,2091.79,2025-12-22,2024-01-09,9,6,2091.79,5,4,4,13,Champions
CUST003282,DE,7,2248.84,2025-09-28,2024-01-09,94,7,2248.84,2,5,4,11,At Risk
CUST003649,GB,6,597.87,2025-12-08,2024-01-09,23,6,597.87,4,4,1,9,Loyal
CUST000628,NL,8,633.09,2025-12-09,2024-01-09,22,8,633.09,4,5,1,10,Loyal
CUST003442,GB,5,694.27,2025-05-22,2024-01-11,223,5,694.27,1,3,2,6,At Risk
CUST003054,FR,6,2123.55,2025-12-17,2024-01-11,14,6,2123.55,5,4,4,13,Champions
CUST003423,ES,6,1447.87,2025-12-28,2024-01-12,3,6,1447.87,5,4,3,12,Loyal
CUST003900,ES,7,2091.03,2025-12-19,2024-01-13,12,7,2091.03,5,5,4,14,Champions
CUST001424,DE,7,2254.11,2025-12-27,2024-01-14,4,7,2254.11,5,5,4,14,Champions
CUST003281,GB,3,1397.28,2025-12-01,2024-01-14,30,3,1397.28,4,1,3,8,Potential Loyalist
CUST000373,DE,6,1894.15,2025-08-24,2024-01-15,129,6,1894.15,2,4,4,10,At Risk
CUST000888,DE,4,744.0,2024-09-05,2024-01-16,482,4,744.0,1,2,2,5,Hibernating
CUST001687,IT,6,864.28,2025-10-28,2024-01-16,64,6,864.28,3,4,2,9,Potential Loyalist
CUST001552,GB,7,2714.22,2025-12-21,2024-01-18,10,7,2714.22,5,5,5,15,Champions
CUST002404,FR,4,748.12,2025-08-04,2024-01-21,149,4,748.12,2,2,2,6,Hibernating
CUST002465,GB,5,1323.12,2025-12-18,2024-01-22,13,5,1323.12,5,3,3,11,Loyal
CUST001287,DE,5,921.95,2025-11-03,2024-01-23,58,5,921.95,3,3,2,8,Potential Loyalist
CUST001248,DE,4,928.54,2025-09-23,2024-01-23,99,4,928.54,2,2,2,6,Hibernating
CUST001067,DE,6,2146.95,2025-11-21,2024-01-25,40,6,2146.95,3,4,4,11,Potential Loyalist
CUST001752,DE,5,1397.3,2025-08-03,2024-01-28,150,5,1397.3,2,3,3,8,At Risk
CUST001053,IT,8,4019.16,2025-12-30,2024-01-31,1,8,4019.16,5,5,5,15,Champions
CUST001094,GB,8,2500.11,2025-10-18,2024-02-01,74,8,2500.11,3,5,5,13,Champions
CUST003678,FR,3,480.35,2025-11-27,2024-02-02,34,3,480.35,4,1,1,6,Potential Loyalist
CUST003216,DE,5,2519.54,2025-03-30,2024-02-02,276,5,2519.54,1,3,5,9,At Risk
CUST002089,ES,5,502.0,2025-12-12,2024-02-03,19,5,502.0,4,3,1,8,Loyal
CUST001635,IT,8,4336.92,2025-12-08,2024-02-03,23,8,4336.92,4,5,5,14,Champions
CUST000779,NL,9,2602.35,2025-12-07,2024-02-03,24,9,2602.35,4,5,5,14,Champions
CUST003543,DE,6,2442.57,2025-12-27,2024-02-07,4,6,2442.57,5,4,5,14,Champions
CUST003306,FR,6,1180.19,2025-11-22,2024-02-07,39,6,1180.19,3,4,3,10,Potential Loyalist
CUST000088,GB,1,1165.76,2024-02-07,2024-02-07,693,1,1165.76,1,1,3,5,Hibernating
CUST002091,ES,4,777.81,2025-12-08,2024-02-08,23,4,777.81,4,2,2,8,Potential Loyalist
CUST003651,ES,6,742.12,2025-03-04,2024-02-09,302,6,742.12,1,4,2,7,At Risk
CUST001360,GB,1,540.3,2024-02-10,2024-02-10,690,1,540.3,1,1,1,3,Hibernating
CUST000090,GB,5,2142.2,2025-11-07,2024-02-10,54,5,2142.2,3,3,4,10,Potential Loyalist
CUST000358,GB,9,3487.21,2025-11-06,2024-02-10,55,9,3487.21,3,5,5,13,Champions
CUST003304,FR,10,2262.36,2025-11-20,2024-02-11,41,10,2262.36,3,5,4,12,Potential Loyalist
CUST001330,GB,4,480.25,2024-10-09,2024-02-12,448,4,480.25,1,2,1,4,Hibernating
CUST000510,NL,3,268.94,2025-07-02,2024-02-12,182,3,268.94,2,1,1,4,Hibernating
CUST001247,DE,1,40.49,2024-02-14,2024-02-14,686,1,40.49,1,1,1,3,Hibernating
CUST002654,DE,1,554.95,2024-02-15,2024-02-15,685,1,554.95,1,1,1,3,Hibernating
CUST001361,IT,5,767.97,2025-11-30,2024-02-15,31,5,767.97,4,3,2,9,Loyal
CUST002374,FR,4,752.62,2025-10-25,2024-02-15,67,4,752.62,3,2,2,7,Potential Loyalist
CUST000428,IT,4,1461.24,2025-10-19,2024-02-19,73,4,1461.24,3,2,3,8,Potential Loyalist
CUST001536,DE,6,893.6,2025-07-30,2024-02-20,154,6,893.6,2,4,2,8,At Risk
CUST003866,FR,10,2557.14,2025-05-17,2024-02-22,228,10,2557.14,1,5,5,11,At Risk
CUST002152,DE,10,2370.15,2025-12-15,2024-02-24,16,10,2370.15,5,5,4,14,Champions
CUST000024,FR,5,2440.68,2025-12-14,2024-02-24,17,5,2440.68,4,3,5,12,Loyal
CUST000626,FR,5,1428.97,2025-08-23,2024-02-24,130,5,1428.97,2,3,3,8,At Risk
CUST001037,FR,5,1383.04,2025-11-19,2024-02-24,42,5,1383.04,3,3,3,9,Potential Loyalist
CUST002345,IT,11,5556.3,2025-11-20,2024-02-25,41,11,5556.3,3,5,5,13,Champions
CUST001736,IT,10,1434.83,2025-11-12,2024-02-25,49,10,1434.83,3,5,3,11,Potential Loyalist
CUST001648,ES,10,1354.36,2025-10-20,2024-02-25,72,10,1354.36,3,5,3,11,Potential Loyalist
CUST002608,FR,8,4085.67,2025-11-30,2024-02-25,31,8,4085.67,4,5,5,14,Champions
CUST003319,ES,7,3794.61,2025-12-01,2024-02-29,30,7,3794.61,4,5,5,14,Champions
CUST000116,IT,5,882.72,2025-05-18,2024-02-29,227,5,882.72,1,3,2,6,At Risk
CUST002611,ES,7,2189.2,2025-10-25,2024-03-01,67,7,2189.2,3,5,4,12,Potential Loyalist
CUST003318,DE,9,3565.79,2025-12-02,2024-03-02,29,9,3565.79,4,5,5,14,Champions
CUST000375,DE,3,906.22,2025-05-11,2024-03-03,234,3,906.22,1,1,2,4,Hibernating
CUST003870,DE,4,718.66,2025-12-03,2024-03-03,28,4,718.66,4,2,2,8,Potential Loyalist
CUST003254,DE,10,5392.42,2025-05-14,2024-03-04,231,10,5392.42,1,5,5,11,At Risk
CUST001192,GB,1,508.14,2024-03-06,2024-03-06,665,1,508.14,1,1,1,3,Hibernating
CUST002616,DE,4,1222.68,2025-05-22,2024-03-06,223,4,1222.68,1,2,3,6,Hibernating
CUST003722,ES,8,1865.86,2025-12-27,2024-03-06,4,8,1865.86,5,5,4,14,Champions
CUST000824,FR,7,2007.65,2025-11-25,2024-03-06,36,7,2007.65,4,5,4,13,Champions
CUST003365,IT,7,2895.03,2025-10-04,2024-03-07,88,7,2895.03,2,5,5,12,At Risk
CUST000456,GB,4,455.09,2025-12-01,2024-03-07,30,4,455.09,4,2,1,7,Potential Loyalist
CUST001183,GB,6,1619.83,2025-10-08,2024-03-07,84,6,1619.83,2,4,4,10,At Risk
CUST003211,DE,5,1410.87,2025-07-02,2024-03-07,182,5,1410.87,2,3,3,8,At Risk
CUST000108,ES,11,3043.69,2025-03-06,2024-03-09,300,11,3043.69,1,5,5,11,At Risk
CUST002341,ES,6,1175.07,2025-11-25,2024-03-10,36,6,1175.07,4,4,3,11,Loyal
CUST001823,GB,7,2617.3,2025-08-28,2024-03-10,125,7,2617.3,2,5,5,12,At Risk
CUST002406,GB,3,202.13,2025-03-30,2024-03-11,276,3,202.13,1,1,1,3,Hibernating
CUST002072,GB,7,2641.87,2025-10-21,2024-03-12,71,7,2641.87,3,5,5,13,Champions
CUST002682,ES,10,3292.1,2025-12-23,2024-03-13,8,10,3292.1,5,5,5,15,Champions
CUST002485,GB,6,1497.97,2025-11-11,2024-03-13,50,6,1497.97,3,4,3,10,Potential Loyalist
CUST002868,ES,6,3228.49,2025-10-09,2024-03-15,83,6,3228.49,2,4,5,11,At Risk
CUST001910,DE,4,1404.62,2025-11-07,2024-03-18,54,4,1404.62,3,2,3,8,Potential Loyalist
CUST002486,SE,5,960.64,2025-12-02,2024-03-18,29,5,960.64,4,3,2,9,Loyal
CUST002546,GB,3,946.27,2024-06-08,2024-03-18,571,3,946.27,1,1,2,4,Hibernating
CUST002229,FR,7,4155.16,2025-12-30,2024-03-19,1,7,4155.16,5,5,5,15,Champions
CUST000012,SE,6,1153.83,2025-12-20,2024-03-20,11,6,1153.83,5,4,3,12,Loyal
CUST001750,DE,5,2170.73,2025-02-26,2024-03-23,308,5,2170.73,1,3,4,8,At Risk
CUST000335,DE,5,1805.81,2024-12-31,2024-03-23,365,5,1805.81,1,3,4,8,At Risk
CUST003002,ES,6,615.93,2025-11-30,2024-03-25,31,6,615.93,4,4,1,9,Loyal
CUST002745,GB,5,1086.96,2025-06-22,2024-03-25,192,5,1086.96,1,3,2,6,At Risk
CUST001792,NL,7,2408.2,2025-11-09,2024-03-26,52,7,2408.2,3,5,5,13,Champions
CUST002934,GB,5,633.29,2025-04-26,2024-03-26,249,5,633.29,1,3,1,5,At Risk
CUST000579,GB,6,2694.68,2025-05-21,2024-03-27,224,6,2694.68,1,4,5,10,At Risk
CUST000357,DE,9,2136.41,2025-11-12,2024-03-30,49,9,2136.41,3,5,4,12,Potential Loyalist
CUST002741,FR,7,1720.51,2025-12-08,2024-04-01,23,7,1720.51,4,5,4,13,Champions
CUST001638,DE,9,3340.32,2025-11-25,2024-04-02,36,9,3340.32,4,5,5,14,Champions
CUST000877,NL,4,669.59,2025-11-23,2024-04-08,38,4,669.59,4,2,2,8,Potential Loyalist
CUST003386,IT,5,357.66,2025-11-27,2024-04-08,34,5,357.66,4,3,1,8,Loyal
CUST001136,DE,5,1041.31,2025-11-30,2024-04-09,31,5,1041.31,4,3,2,9,Loyal
CUST000710,NL,9,2817.24,2025-12-29,2024-04-09,2,9,2817.24,5,5,5,15,Champions
CUST000242,SE,4,1215.79,2025-09-03,2024-04-11,119,4,1215.79,2,2,3,7,Hibernating
CUST001235,NL,3,499.88,2025-11-26,2024-04-11,35,3,499.88,4,1,1,6,Potential Loyalist
CUST003566,NL,5,1016.0,2025-11-14,2024-04-12,47,5,1016.0,3,3,2,8,Potential Loyalist
CUST003632,DE,4,2131.17,2025-12-31,2024-04-14,0,4,2131.17,5,2,4,11,Potential Loyalist
CUST003011,GB,5,2652.02,2025-08-31,2024-04-15,122,5,2652.02,2,3,5,10,At Risk
CUST003661,GB,4,1187.4,2025-09-28,2024-04-15,94,4,1187.4,2,2,3,7,Hibernating
CUST002497,GB,6,3241.85,2025-07-06,2024-04-17,178,6,3241.85,2,4,5,11,At Risk
CUST000338,NL,6,932.67,2024-11-14,2024-04-18,412,6,932.67,1,4,2,7,At Risk
CUST002427,DE,4,1157.28,2025-11-07,2024-04-19,54,4,1157.28,3,2,3,8,Potential Loyalist
CUST003764,FR,3,1225.17,2025-03-05,2024-04-19,301,3,1225.17,1,1,3,5,Hibernating
CUST002136,IT,4,696.21,2025-10-21,2024-04-20,71,4,696.21,3,2,2,7,Potential Loyalist
CUST001673,ES,9,2922.84,2025-11-24,2024-04-20,37,9,2922.84,4,5,5,14,Champions
CUST000223,DE,4,581.89,2025-06-20,2024-04-20,194,4,581.89,1,2,1,4,Hibernating
CUST001444,FR,12,4022.62,2025-12-19,2024-04-21,12,12,4022.62,5,5,5,15,Champions
CUST000415,GB,5,2585.77,2025-11-14,2024-04-25,47,5,2585.77,3,3,5,11,Potential Loyalist
CUST002419,DE,3,1084.15,2025-08-25,2024-04-25,128,3,1084.15,2,1,2,5,Hibernating
CUST001039,DE,5,891.97,2025-10-23,2024-04-25,69,5,891.97,3,3,2,8,Potential Loyalist
CUST003495,NL,4,1698.16,2025-11-23,2024-04-27,38,4,1698.16,4,2,4,10,Potential Loyalist
CUST001583,GB,5,1100.86,2025-05-19,2024-04-29,226,5,1100.86,1,3,2,6,At Risk
CUST003729,DE,5,1323.5,2025-11-29,2024-05-04,32,5,1323.5,4,3,3,10,Loyal
CUST001152,ES,4,1358.13,2025-12-29,2024-05-04,2,4,1358.13,5,2,3,10,Potential Loyalist
CUST000102,GB,6,1984.05,2025-12-07,2024-05-05,24,6,1984.05,4,4,4,12,Loyal
CUST001490,FR,4,477.3,2025-09-24,2024-05-05,98,4,477.3,2,2,1,5,Hibernating
CUST003633,GB,3,1370.14,2025-11-18,2024-05-06,43,3,1370.14,3,1,3,7,Potential Loyalist
CUST000426,GB,2,267.63,2024-06-03,2024-05-09,576,2,267.63,1,1,1,3,Hibernating
CUST001798,DE,4,685.41,2025-10-30,2024-05-11,62,4,685.41,3,2,2,7,Potential Loyalist
CUST001378,GB,5,1359.05,2025-12-16,2024-05-12,15,5,1359.05,5,3,3,11,Loyal
CUST002093,DE,3,823.82,2025-01-24,2024-05-13,341,3,823.82,1,1,2,4,Hibernating
CUST002574,GB,4,1366.71,2025-04-22,2024-05-14,253,4,1366.71,1,2,3,6,Hibernating
CUST000077,ES,3,468.03,2025-12-02,2024-05-15,29,3,468.03,4,1,1,6,Potential Loyalist
CUST002014,DE,2,590.07,2025-05-31,2024-05-15,214,2,590.07,1,1,1,3,Hibernating
CUST000620,NL,6,1378.94,2025-02-07,2024-05-19,327,6,1378.94,1,4,3,8,At Risk
CUST003570,ES,8,1457.75,2025-11-26,2024-05-25,35,8,1457.75,4,5,3,12,Loyal
CUST002183,DE,5,425.24,2025-11-26,2024-05-26,35,5,425.24,4,3,1,8,Loyal
CUST001258,GB,5,737.8,2025-10-16,2024-05-31,76,5,737.8,3,3,2,8,Potential Loyalist
CUST001349,SE,5,4374.72,2025-11-03,2024-05-31,58,5,4374.72,3,3,5,11,Potential Loyalist
CUST002222,GB,8,2563.34,2025-11-30,2024-06-01,31,8,2563.34,4,5,5,14,Champions
CUST002001,FR,5,2386.24,2025-12-28,2024-06-02,3,5,2386.24,5,3,5,13,Champions
CUST001412,DE,4,1521.48,2025-12-29,2024-06-04,2,4,1521.48,5,2,3,10,Potential Loyalist
CUST002198,ES,3,552.33,2025-01-16,2024-06-05,349,3,552.33,1,1,1,3,Hibernating
CUST003925,SE,3,1061.35,2024-12-02,2024-06-05,394,3,1061.35,1,1,2,4,Hibernating
CUST002746,ES,7,3717.96,2025-12-27,2024-06-06,4,7,3717.96,5,5,5,15,Champions
CUST001979,IT,6,2377.38,2025-12-28,2024-06-14,3,6,2377.38,5,4,5,14,Champions
CUST003146,FR,7,3513.65,2025-11-18,2024-06-15,43,7,3513.65,3,5,5,13,Champions
CUST003385,DE,4,1257.94,2025-08-20,2024-06-17,133,4,1257.94,2,2,3,7,Hibernating
CUST001150,ES,5,1379.77,2025-12-12,2024-06-24,19,5,1379.77,4,3,3,10,Loyal
CUST002602,DE,3,435.07,2025-05-24,2024-06-24,221,3,435.07,1,1,1,3,Hibernating
CUST003202,GB,5,1513.27,2025-10-26,2024-06-30,66,5,1513.27,3,3,3,9,Potential Loyalist
CUST003317,GB,1,305.05,2024-07-06,2024-07-06,543,1,305.05,1,1,1,3,Hibernating
CUST003174,DE,4,1296.7,2025-02-01,2024-07-09,333,4,1296.7,1,2,3,6,Hibernating
CUST000496,FR,4,1449.87,2025-12-13,2024-07-14,18,4,1449.87,4,2,3,9,Potential Loyalist
CUST003145,FR,3,1659.46,2025-07-23,2024-07-20,161,3,1659.46,2,1,4,7,Hibernating
CUST002879,GB,4,739.45,2025-11-29,2024-07-20,32,4,739.45,4,2,2,8,Potential Loyalist
CUST001895,GB,3,367.73,2025-04-06,2024-07-22,269,3,367.73,1,1,1,3,Hibernating
CUST000615,IT,4,1185.76,2025-11-26,2024-07-26,35,4,1185.76,4,2,3,9,Potential Loyalist
CUST000970,GB,4,949.76,2025-06-16,2024-07-26,198,4,949.76,1,2,2,5,Hibernating
CUST001021,NL,5,1499.32,2025-11-29,2024-07-29,32,5,1499.32,4,3,3,10,Loyal
CUST000656,DE,7,1402.37,2025-12-04,2024-07-29,27,7,1402.37,4,5,3,12,Loyal
CUST000568,FR,2,41.45,2025-09-04,2024-08-03,118,2,41.45,2,1,1,4,Hibernating
CUST001273,ES,7,2877.27,2025-12-17,2024-08-04,14,7,2877.27,5,5,5,15,Champions
CUST003008,DE,5,515.1,2025-10-25,2024-08-08,67,5,515.1,3,3,1,7,Potential Loyalist
CUST002999,FR,5,1920.07,2025-08-28,2024-08-15,125,5,1920.07,2,3,4,9,At Risk
CUST002080,ES,4,1987.53,2025-12-26,2024-08-16,5,4,1987.53,5,2,4,11,Potential Loyalist
CUST000154,GB,5,1005.79,2025-11-26,2024-08-19,35,5,1005.79,4,3,2,9,Loyal
CUST000044,IT,2,1682.21,2025-04-01,2024-08-23,274,2,1682.21,1,1,4,6,Hibernating
CUST003907,GB,3,450.65,2025-05-05,2024-08-27,240,3,450.65,1,1,1,3,Hibernating
CUST002192,IT,4,437.58,2025-12-31,2024-08-28,0,4,437.58,5,2,1,8,Potential Loyalist
CUST001069,FR,5,1107.39,2025-12-07,2024-08-28,24,5,1107.39,4,3,2,9,Loyal
CUST000476,SE,3,849.36,2025-07-10,2024-08-30,174,3,849.36,2,1,2,5,Hibernating
CUST003208,NL,7,810.36,2025-10-17,2024-08-31,75,7,810.36,3,5,2,10,Potential Loyalist
CUST002810,NL,2,1533.54,2025-12-18,2024-09-01,13,2,1533.54,5,1,3,9,Potential Loyalist
CUST000890,DE,8,2508.78,2025-11-07,2024-09-02,54,8,2508.78,3,5,5,13,Champions
CUST000696,GB,4,2095.34,2025-06-06,2024-09-05,208,4,2095.34,1,2,4,7,Hibernating
CUST002774,GB,4,719.68,2025-11-16,2024-09-06,45,4,719.68,3,2,2,7,Potential Loyalist
CUST003843,GB,3,311.27,2025-10-04,2024-09-13,88,3,311.27,2,1,1,4,Hibernating
CUST001647,DE,6,796.61,2025-12-20,2024-09-15,11,6,796.61,5,4,2,11,Loyal
CUST002259,FR,5,1720.0,2025-12-25,2024-09-16,6,5,1720.0,5,3,4,12,Loyal
CUST000812,ES,2,266.21,2025-07-04,2024-09-16,180,2,266.21,2,1,1,4,Hibernating
CUST000111,FR,6,2621.54,2025-10-17,2024-09-18,75,6,2621.54,3,4,5,12,Potential Loyalist
CUST000348,DE,4,950.66,2025-10-12,2024-09-19,80,4,950.66,2,2,2,6,Hibernating
CUST001488,NL,5,1040.13,2025-11-04,2024-09-24,57,5,1040.13,3,3,2,8,Potential Loyalist
CUST001842,FR,4,430.06,2025-09-14,2024-09-26,108,4,430.06,2,2,1,5,Hibernating
CUST003082,IT,5,1751.23,2025-12-11,2024-09-27,20,5,1751.23,4,3,4,11,Loyal
CUST003762,NL,3,1195.11,2025-10-10,2024-09-30,82,3,1195.11,2,1,3,6,Hibernating
CUST001592,SE,5,1037.4,2025-12-16,2024-10-01,15,5,1037.4,5,3,2,10,Loyal
CUST003660,IT,3,1676.66,2025-11-03,2024-10-02,58,3,1676.66,3,1,4,8,Potential Loyalist
CUST002541,NL,5,1891.37,2025-09-29,2024-10-02,93,5,1891.37,2,3,4,9,At Risk
CUST000295,DE,4,1292.59,2025-12-19,2024-10-05,12,4,1292.59,5,2,3,10,Potential Loyalist
CUST001783,GB,6,3471.07,2025-11-23,2024-10-06,38,6,3471.07,4,4,5,13,Champions
CUST003909,GB,6,1788.14,2025-12-21,2024-10-12,10,6,1788.14,5,4,4,13,Champions
CUST001198,SE,3,405.91,2025-08-27,2024-10-13,126,3,405.91,2,1,1,4,Hibernating
CUST002903,DE,4,2411.06,2025-07-05,2024-10-17,179,4,2411.06,2,2,5,9,Hibernating
CUST003397,ES,7,3675.21,2025-06-30,2024-10-21,184,7,3675.21,2,5,5,12,At Risk
CUST002150,ES,5,962.34,2025-12-12,2024-10-23,19,5,962.34,4,3,2,9,Loyal
CUST003631,ES,3,676.06,2025-10-13,2024-10-25,79,3,676.06,3,1,2,6,Potential Loyalist
CUST003081,NL,3,943.97,2025-08-30,2024-10-25,123,3,943.97,2,1,2,5,Hibernating
CUST001238,GB,1,129.45,2024-11-03,2024-11-03,423,1,129.45,1,1,1,3,Hibernating
CUST000181,FR,4,874.36,2025-11-23,2024-11-05,38,4,874.36,4,2,2,8,Potential Loyalist
CUST003327,ES,4,1368.51,2025-12-07,2024-11-08,24,4,1368.51,4,2,3,9,Potential Loyalist
CUST003630,GB,4,656.24,2025-11-29,2024-11-12,32,4,656.24,4,2,2,8,Potential Loyalist
CUST000844,SE,3,1079.85,2025-12-30,2024-11-16,1,3,1079.85,5,1,2,8,Potential Loyalist
CUST002963,FR,3,541.57,2025-12-16,2024-11-22,15,3,541.57,5,1,1,7,Potential Loyalist
CUST002681,FR,7,2278.97,2025-12-19,2024-11-26,12,7,2278.97,5,5,4,14,Champions
CUST001658,FR,3,1444.13,2025-09-07,2024-11-27,115,3,1444.13,2,1,3,6,Hibernating
CUST001340,DE,6,1581.88,2025-12-27,2024-12-04,4,6,1581.88,5,4,3,12,Loyal
CUST001477,ES,5,2552.24,2025-11-16,2024-12-06,45,5,2552.24,3,3,5,11,Potential Loyalist
CUST000420,ES,4,547.58,2025-10-24,2024-12-07,68,4,547.58,3,2,1,6,Potential Loyalist
CUST001332,NL,5,3010.41,2025-11-22,2024-12-10,39,5,3010.41,3,3,5,11,Potential Loyalist
CUST002262,GB,4,1960.06,2025-11-14,2024-12-14,47,4,1960.06,3,2,4,9,Potential Loyalist
CUST001071,FR,3,137.61,2025-08-02,2024-12-19,151,3,137.61,2,1,1,4,Hibernating
CUST000182,DE,5,761.71,2025-10-27,2024-12-21,65,5,761.71,3,3,2,8,Potential Loyalist
CUST002955,IT,4,907.95,2025-09-03,2024-12-26,119,4,907.95,2,2,2,6,Hibernating
CUST003640,DE,5,1001.1,2025-10-12,2024-12-29,80,5,1001.1,2,3,2,7,At Risk
CUST001257,DE,3,478.42,2025-10-24,2025-01-09,68,3,478.42,3,1,1,5,Potential Loyalist
CUST003759,FR,2,1972.94,2025-08-27,2025-01-09,126,2,1972.94,2,1,4,7,Hibernating
CUST002084,IT,5,2249.67,2025-10-26,2025-01-12,66,5,2249.67,3,3,4,10,Potential Loyalist
CUST002418,DE,5,3471.77,2025-12-20,2025-01-28,11,5,3471.77,5,3,5,13,Champions
CUST000676,SE,3,439.11,2025-09-24,2025-02-08,98,3,439.11,2,1,1,4,Hibernating
CUST001598,DE,3,934.47,2025-12-19,2025-02-13,12,3,934.47,5,1,2,8,Potential Loyalist
CUST001275,GB,3,498.71,2025-06-20,2025-03-15,194,3,498.71,1,1,1,3,Hibernating
CUST001005,ES,3,1634.38,2025-07-20,2025-03-30,164,3,1634.38,2,1,4,7,Hibernating
CUST001331,GB,3,981.17,2025-12-20,2025-04-16,11,3,981.17,5,1,2,8,Potential Loyalist
CUST000387,FR,3,1591.59,2025-10-12,2025-05-16,80,3,1591.59,2,1,3,6,Hibernating
CUST000347,GB,4,1426.92,2025-12-29,2025-06-12,2,4,1426.92,5,2,3,10,Potential Loyalist
CUST001333,DE,2,51.77,2025-11-26,2025-08-09,35,2,51.77,4,1,1,6,Potential Loyalist
CUST003016,FR,4,2874.64,2025-11-27,2025-08-20,34,4,2874.64,4,2,5,11,Potential Loyalist
CUST001968,FR,5,1869.29,2025-12-20,2025-08-26,11,5,1869.29,5,3,4,12,Loyal
CUST003141,FR,3,134.85,2025-12-20,2025-09-30,11,3,134.85,5,1,1,7,Potential Loyalist
CUST003817,FR,2,1001.42,2025-02-08,2024-01-01,326,2,1001.42,1,1,2,4,Hibernating
CUST000173,GB,5,1498.99,2025-02-11,2024-01-02,323,5,1498.99,1,3,3,7,At Risk
CUST001912,IT,5,1099.61,2025-12-13,2024-01-03,18,5,1099.61,4,3,2,9,Loyal
CUST003885,IT,9,910.58,2025-11-26,2024-01-04,35,9,910.58,4,5,2,11,Loyal
CUST000187,ES,4,1085.6,2025-05-24,2024-01-05,221,4,1085.6,1,2,2,5,Hibernating
CUST001924,FR,6,1416.29,2025-05-31,2024-01-05,214,6,1416.29,1,4,3,8,At Risk
CUST000879,DE,9,2321.81,2025-11-04,2024-01-06,57,9,2321.81,3,5,4,12,Potential Loyalist
CUST001611,IT,1,79.78,2024-01-06,2024-01-06,725,1,79.78,1,1,1,3,Hibernating
CUST001339,DE,4,125.2,2025-11-25,2024-01-06,36,4,125.2,4,2,1,7,Potential Loyalist
CUST000229,IT,4,259.39,2025-11-28,2024-01-06,33,4,259.39,4,2,1,7,Potential Loyalist
CUST003275,ES,5,3486.51,2025-01-12,2024-01-07,353,5,3486.51,1,3,5,9,At Risk
CUST003886,IT,3,1139.75,2025-02-15,2024-01-08,319,3,1139.75,1,1,3,5,Hibernating
CUST002824,DE,6,1358.69,2025-12-08,2024-01-08,23,6,1358.69,4,4,3,11,Loyal
CUST000919,ES,5,1460.34,2025-09-01,2024-01-09,121,5,1460.34,2,3,3,8,At Risk
CUST001371,SE,5,1309.5,2025-01-17,2024-01-10,348,5,1309.5,1,3,3,7,At Risk
CUST002728,DE,8,2164.8,2025-06-24,2024-01-10,190,8,2164.8,1,5,4,10,At Risk
CUST002199,GB,8,5232.86,2025-12-02,2024-01-11,29,8,5232.86,4,5,5,14,Champions
CUST000986,GB,7,3246.76,2025-12-17,2024-01-13,14,7,3246.76,5,5,5,15,Champions
CUST003980,FR,8,1626.77,2025-10-13,2024-01-14,79,8,1626.77,3,5,4,12,Potential Loyalist
CUST003087,FR,3,92.1,2025-07-25,2024-01-14,159,3,92.1,2,1,1,4,Hibernating
CUST001468,FR,6,2493.06,2025-12-07,2024-01-14,24,6,2493.06,4,4,5,13,Champions
CUST003671,DE,1,88.5,2024-01-14,2024-01-14,717,1,88.5,1,1,1,3,Hibernating
CUST000645,DE,6,1723.59,2025-05-17,2024-01-14,228,6,1723.59,1,4,4,9,At Risk
CUST003048,FR,6,923.71,2025-06-15,2024-01-15,199,6,923.71,1,4,2,7,At Risk
CUST003742,ES,3,1651.97,2025-09-06,2024-01-16,116,3,1651.97,2,1,4,7,Hibernating
CUST002009,DE,4,1047.02,2025-12-05,2024-01-16,26,4,1047.02,4,2,2,8,Potential Loyalist
CUST001032,GB,7,2172.48,2025-12-14,2024-01-18,17,7,2172.48,4,5,4,13,Champions
CUST000927,FR,5,603.0,2025-10-08,2024-01-18,84,5,603.0,2,3,1,6,At Risk
CUST002638,ES,9,1913.61,2025-11-01,2024-01-19,60,9,1913.61,3,5,4,12,Potential Loyalist
CUST002013,IT,8,1275.56,2025-11-02,2024-01-19,59,8,1275.56,3,5,3,11,Potential Loyalist
CUST000308,FR,7,3559.8,2025-12-19,2024-01-19,12,7,3559.8,5,5,5,15,Champions
CUST003120,DE,6,1493.44,2025-11-26,2024-01-19,35,6,1493.44,4,4,3,11,Loyal
CUST002103,DE,5,1361.45,2025-03-04,2024-01-21,302,5,1361.45,1,3,3,7,At Risk
CUST002295,DE,4,416.07,2025-04-25,2024-01-22,250,4,416.07,1,2,1,4,Hibernating
CUST000544,NL,6,1418.42,2025-10-04,2024-01-23,88,6,1418.42,2,4,3,9,At Risk
CUST003506,GB,9,1560.38,2025-12-08,2024-01-23,23,9,1560.38,4,5,3,12,Loyal
CUST000302,GB,7,3730.08,2025-12-31,2024-01-24,0,7,3730.08,5,5,5,15,Champions
CUST001599,DE,7,4704.7,2025-12-07,2024-01-24,24,7,4704.7,4,5,5,14,Champions
CUST000777,DE,5,1270.61,2025-10-26,2024-01-26,66,5,1270.61,3,3,3,9,Potential Loyalist
CUST001216,DE,6,990.94,2025-11-26,2024-01-28,35,6,990.94,4,4,2,10,Loyal
CUST000744,GB,10,1748.86,2025-12-11,2024-01-29,20,10,1748.86,4,5,4,13,Champions
CUST002998,FR,6,1117.66,2025-11-09,2024-02-01,52,6,1117.66,3,4,3,10,Potential Loyalist
CUST003258,DE,10,3670.62,2025-12-28,2024-02-03,3,10,3670.62,5,5,5,15,Champions
CUST003273,NL,6,2016.86,2025-12-06,2024-02-04,25,6,2016.86,4,4,4,12,Loyal
CUST003464,GB,5,1506.0,2025-12-08,2024-02-04,23,5,1506.0,4,3,3,10,Loyal
CUST001367,NL,8,3722.86,2025-10-22,2024-02-05,70,8,3722.86,3,5,5,13,Champions
CUST000512,FR,6,984.55,2025-08-03,2024-02-06,150,6,984.55,2,4,2,8,At Risk
CUST002720,DE,4,801.87,2025-06-04,2024-02-07,210,4,801.87,1,2,2,5,Hibernating
CUST001155,GB,5,1952.71,2024-11-18,2024-02-08,408,5,1952.71,1,3,4,8,At Risk
CUST003585,FR,8,3872.78,2025-10-16,2024-02-09,76,8,3872.78,3,5,5,13,Champions
CUST001254,DE,7,1609.75,2025-03-09,2024-02-09,297,7,1609.75,1,5,3,9,At Risk
CUST000010,NL,5,948.07,2025-11-15,2024-02-10,46,5,948.07,3,3,2,8,Potential Loyalist
CUST003057,GB,3,974.22,2024-09-27,2024-02-12,460,3,974.22,1,1,2,4,Hibernating
CUST001534,FR,5,1262.52,2025-11-11,2024-02-13,50,5,1262.52,3,3,3,9,Potential Loyalist
CUST001799,DE,8,2293.99,2025-11-09,2024-02-14,52,8,2293.99,3,5,4,12,Potential Loyalist
CUST003247,GB,4,1849.27,2025-05-06,2024-02-14,239,4,1849.27,1,2,4,7,Hibernating
CUST003901,FR,2,474.8,2025-05-16,2024-02-18,229,2,474.8,1,1,1,3,Hibernating
CUST000262,SE,11,4720.57,2025-12-14,2024-02-18,17,11,4720.57,4,5,5,14,Champions
CUST003653,ES,2,726.14,2024-05-18,2024-02-19,592,2,726.14,1,1,2,4,Hibernating
CUST000918,IT,3,2104.51,2025-01-31,2024-02-19,334,3,2104.51,1,1,4,6,Hibernating
CUST002163,FR,9,3954.11,2025-12-25,2024-02-21,6,9,3954.11,5,5,5,15,Champions
CUST000724,NL,7,720.77,2025-11-29,2024-02-23,32,7,720.77,4,5,2,11,Loyal
CUST000382,NL,6,1195.71,2025-12-05,2024-02-25,26,6,1195.71,4,4,3,11,Loyal
CUST001829,ES,5,4016.62,2025-12-08,2024-02-25,23,5,4016.62,4,3,5,12,Loyal
CUST000147,GB,6,1852.37,2025-10-06,2024-02-26,86,6,1852.37,2,4,4,10,At Risk
CUST002466,DE,8,1143.96,2025-12-17,2024-02-27,14,8,1143.96,5,5,3,13,Champions
CUST001051,IT,5,983.56,2025-11-13,2024-02-28,48,5,983.56,3,3,2,8,Potential Loyalist
CUST000175,GB,3,345.55,2025-12-05,2024-02-28,26,3,345.55,4,1,1,6,Potential Loyalist
CUST001563,ES,5,1627.38,2025-07-13,2024-03-03,171,5,1627.38,2,3,4,9,At Risk
CUST003565,GB,5,970.46,2025-05-07,2024-03-03,238,5,970.46,1,3,2,6,At Risk
CUST000068,ES,3,237.11,2025-12-13,2024-03-04,18,3,237.11,4,1,1,6,Potential Loyalist
CUST002983,NL,5,865.91,2025-08-13,2024-03-05,140,5,865.91,2,3,2,7,At Risk
CUST003669,DE,9,2318.44,2025-12-23,2024-03-07,8,9,2318.44,5,5,4,14,Champions
CUST002320,FR,4,1372.25,2025-05-31,2024-03-07,214,4,1372.25,1,2,3,6,Hibernating
CUST001703,FR,8,3264.18,2025-08-12,2024-03-08,141,8,3264.18,2,5,5,12,At Risk
CUST000148,GB,4,1480.71,2025-10-05,2024-03-10,87,4,1480.71,2,2,3,7,Hibernating
CUST003694,DE,7,1893.94,2025-12-14,2024-03-13,17,7,1893.94,4,5,4,13,Champions
CUST001410,ES,7,1324.38,2025-05-05,2024-03-14,240,7,1324.38,1,5,3,9,At Risk
CUST003723,IT,6,1746.4,2025-10-26,2024-03-14,66,6,1746.4,3,4,4,11,Potential Loyalist
CUST000788,FR,3,1353.14,2025-12-28,2024-03-15,3,3,1353.14,5,1,3,9,Potential Loyalist
CUST001503,DE,6,2510.67,2025-10-06,2024-03-16,86,6,2510.67,2,4,5,11,At Risk
CUST002658,ES,4,2107.98,2025-09-06,2024-03-17,116,4,2107.98,2,2,4,8,Hibernating
CUST002528,SE,7,2585.96,2025-12-03,2024-03-20,28,7,2585.96,4,5,5,14,Champions
CUST003667,ES,4,633.39,2025-03-18,2024-03-23,288,4,633.39,1,2,1,4,Hibernating
CUST000906,IT,4,2223.33,2025-07-04,2024-03-24,180,4,2223.33,2,2,4,8,Hibernating
CUST000524,ES,5,1807.67,2025-01-06,2024-03-25,359,5,1807.67,1,3,4,8,At Risk
CUST003806,SE,8,2468.47,2025-10-31,2024-03-28,61,8,2468.47,3,5,5,13,Champions
CUST001822,DE,6,2765.47,2025-10-30,2024-03-28,62,6,2765.47,3,4,5,12,Potential Loyalist
CUST001608,ES,4,870.66,2025-07-28,2024-03-29,156,4,870.66,2,2,2,6,Hibernating
CUST000997,IT,3,689.09,2025-11-17,2024-03-30,44,3,689.09,3,1,2,6,Potential Loyalist
CUST003518,FR,5,1003.24,2025-10-16,2024-04-01,76,5,1003.24,3,3,2,8,Potential Loyalist
CUST003287,FR,3,1214.27,2025-03-19,2024-04-02,287,3,1214.27,1,1,3,5,Hibernating
CUST003366,GB,5,957.58,2025-10-05,2024-04-02,87,5,957.58,2,3,2,7,At Risk
CUST002936,DE,5,1381.24,2025-09-14,2024-04-05,108,5,1381.24,2,3,3,8,At Risk
CUST002326,SE,6,2751.3,2025-09-13,2024-04-06,109,6,2751.3,2,4,5,11,At Risk
CUST003819,ES,7,5037.69,2025-11-16,2024-04-06,45,7,5037.69,3,5,5,13,Champions
CUST002992,ES,4,974.87,2025-03-03,2024-04-07,303,4,974.87,1,2,2,5,Hibernating
CUST003795,DE,8,1495.47,2025-11-21,2024-04-08,40,8,1495.47,3,5,3,11,Potential Loyalist
CUST002647,SE,7,1207.73,2025-11-11,2024-04-10,50,7,1207.73,3,5,3,11,Potential Loyalist
CUST001555,DE,4,1258.68,2025-12-30,2024-04-13,1,4,1258.68,5,2,3,10,Potential Loyalist
CUST002556,SE,8,1789.53,2025-12-18,2024-04-18,13,8,1789.53,5,5,4,14,Champions
CUST001369,DE,3,359.96,2024-12-14,2024-04-21,382,3,359.96,1,1,1,3,Hibernating
CUST000646,IT,9,2644.13,2025-12-22,2024-04-22,9,9,2644.13,5,5,5,15,Champions
CUST002223,DE,5,1812.66,2025-12-30,2024-04-23,1,5,1812.66,5,3,4,12,Loyal
CUST003991,DE,7,1672.45,2025-11-28,2024-04-23,33,7,1672.45,4,5,4,13,Champions
CUST001862,NL,7,4120.68,2025-12-14,2024-04-24,17,7,4120.68,4,5,5,14,Champions
CUST000138,NL,10,6011.69,2025-10-15,2024-04-25,77,10,6011.69,3,5,5,13,Champions
CUST000354,DE,7,992.2,2025-11-15,2024-04-25,46,7,992.2,3,5,2,10,Potential Loyalist
CUST002675,IT,9,2185.39,2025-12-30,2024-04-27,1,9,2185.39,5,5,4,14,Champions
CUST001282,NL,4,473.06,2025-07-06,2024-05-01,178,4,473.06,2,2,1,5,Hibernating
CUST003462,DE,6,1971.75,2025-12-01,2024-05-02,30,6,1971.75,4,4,4,12,Loyal
CUST002242,DE,6,1319.15,2025-12-21,2024-05-03,10,6,1319.15,5,4,3,12,Loyal
CUST002155,DE,6,1891.54,2025-09-29,2024-05-03,93,6,1891.54,2,4,4,10,At Risk
CUST001199,NL,3,718.44,2025-03-22,2024-05-04,284,3,718.44,1,1,2,4,Hibernating
CUST002328,DE,7,1617.27,2025-12-11,2024-05-08,20,7,1617.27,4,5,4,13,Champions
CUST002812,GB,10,2855.3,2025-12-10,2024-05-09,21,10,2855.3,4,5,5,14,Champions
CUST003238,SE,2,642.35,2025-05-28,2024-05-09,217,2,642.35,1,1,1,3,Hibernating
CUST003637,IT,6,2775.94,2025-10-16,2024-05-12,76,6,2775.94,3,4,5,12,Potential Loyalist
CUST003073,FR,8,2979.39,2025-12-29,2024-05-14,2,8,2979.39,5,5,5,15,Champions
CUST000158,ES,7,1311.9,2025-11-20,2024-05-15,41,7,1311.9,3,5,3,11,Potential Loyalist
CUST002950,IT,8,3456.05,2025-09-01,2024-05-15,121,8,3456.05,2,5,5,12,At Risk
CUST000259,GB,6,900.25,2025-11-21,2024-05-16,40,6,900.25,3,4,2,9,Potential Loyalist
CUST003248,FR,6,1435.85,2025-10-31,2024-05-19,61,6,1435.85,3,4,3,10,Potential Loyalist
CUST000577,DE,6,779.35,2025-12-25,2024-05-21,6,6,779.35,5,4,2,11,Loyal
CUST003257,NL,3,1012.56,2025-07-01,2024-05-22,183,3,1012.56,2,1,2,5,Hibernating
CUST000965,FR,3,1275.08,2025-10-02,2024-05-23,90,3,1275.08,2,1,3,6,Hibernating
CUST003993,ES,5,3947.4,2025-08-21,2024-05-23,132,5,3947.4,2,3,5,10,At Risk
CUST001394,GB,10,3591.16,2025-09-01,2024-05-25,121,10,3591.16,2,5,5,12,At Risk
CUST002648,GB,6,2452.09,2025-12-31,2024-05-26,0,6,2452.09,5,4,5,14,Champions
CUST000904,GB,4,1994.38,2025-11-15,2024-05-29,46,4,1994.38,3,2,4,9,Potential Loyalist
CUST003984,DE,6,2397.7,2025-10-21,2024-05-29,71,6,2397.7,3,4,5,12,Potential Loyalist
CUST003527,SE,3,145.19,2025-03-08,2024-05-30,298,3,145.19,1,1,1,3,Hibernating
CUST002396,FR,4,1020.97,2025-11-11,2024-06-01,50,4,1020.97,3,2,2,7,Potential Loyalist
CUST001734,FR,5,424.04,2025-11-01,2024-06-01,60,5,424.04,3,3,1,7,Potential Loyalist
CUST002596,ES,7,4691.02,2025-10-01,2024-06-05,91,7,4691.02,2,5,5,12,At Risk
CUST001033,DE,6,1790.67,2025-08-23,2024-06-05,130,6,1790.67,2,4,4,10,At Risk
CUST001990,NL,4,1660.23,2025-12-30,2024-06-07,1,4,1660.23,5,2,4,11,Potential Loyalist
CUST003972,GB,4,2324.45,2025-12-30,2024-06-09,1,4,2324.45,5,2,4,11,Potential Loyalist
CUST002877,GB,5,1324.74,2025-06-28,2024-06-14,186,5,1324.74,2,3,3,8,At Risk
CUST000441,DE,5,1292.81,2025-06-22,2024-06-14,192,5,1292.81,1,3,3,7,At Risk
CUST003897,DE,1,43.38,2024-06-16,2024-06-16,563,1,43.38,1,1,1,3,Hibernating
CUST002515,GB,5,3838.95,2025-12-27,2024-06-18,4,5,3838.95,5,3,5,13,Champions
CUST000917,FR,7,1831.71,2025-11-28,2024-06-19,33,7,1831.71,4,5,4,13,Champions
CUST001078,NL,6,1345.77,2025-08-30,2024-06-19,123,6,1345.77,2,4,3,9,At Risk
CUST001163,FR,6,1163.35,2025-12-03,2024-06-21,28,6,1163.35,4,4,3,11,Loyal
CUST003176,DE,5,2650.84,2025-08-10,2024-06-21,143,5,2650.84,2,3,5,10,At Risk
CUST000674,GB,7,1148.22,2025-11-30,2024-06-22,31,7,1148.22,4,5,3,12,Loyal
CUST003422,GB,4,1640.47,2025-12-22,2024-06-23,9,4,1640.47,5,2,4,11,Potential Loyalist
CUST003370,NL,5,1023.76,2025-10-05,2024-06-24,87,5,1023.76,2,3,2,7,At Risk
CUST002890,ES,6,929.66,2025-09-09,2024-06-25,113,6,929.66,2,4,2,8,At Risk
CUST002796,GB,2,279.86,2025-12-31,2024-06-26,0,2,279.86,5,1,1,7,Potential Loyalist
CUST002443,ES,5,2617.78,2025-12-31,2024-06-27,0,5,2617.78,5,3,5,13,Champions
CUST002657,ES,2,662.45,2024-10-04,2024-06-27,453,2,662.45,1,1,2,4,Hibernating
CUST002526,FR,6,1881.58,2025-09-11,2024-07-01,111,6,1881.58,2,4,4,10,At Risk
CUST001103,IT,5,1112.2,2025-07-25,2024-07-04,159,5,1112.2,2,3,2,7,At Risk
CUST003128,DE,7,2981.05,2025-11-16,2024-07-05,45,7,2981.05,3,5,5,13,Champions
CUST002007,FR,7,1854.95,2025-11-29,2024-07-06,32,7,1854.95,4,5,4,13,Champions
CUST001211,FR,8,2356.63,2025-12-03,2024-07-07,28,8,2356.63,4,5,4,13,Champions
CUST003605,DE,6,2427.89,2025-12-16,2024-07-07,15,6,2427.89,5,4,5,14,Champions
CUST003517,DE,8,1354.7,2025-11-06,2024-07-12,55,8,1354.7,3,5,3,11,Potential Loyalist
CUST003038,SE,7,2187.44,2025-12-05,2024-07-19,26,7,2187.44,4,5,4,13,Champions
CUST000588,DE,4,334.08,2025-09-21,2024-07-24,101,4,334.08,2,2,1,5,Hibernating
CUST003914,SE,4,1716.61,2025-11-20,2024-07-27,41,4,1716.61,3,2,4,9,Potential Loyalist
CUST002756,FR,2,266.3,2025-12-30,2024-08-03,1,2,266.3,5,1,1,7,Potential Loyalist
CUST001682,SE,3,568.43,2025-10-07,2024-08-04,85,3,568.43,2,1,1,4,Hibernating
CUST003586,FR,6,654.84,2025-01-10,2024-08-06,355,6,654.84,1,4,2,7,At Risk
CUST001681,FR,4,2442.32,2025-10-30,2024-08-08,62,4,2442.32,3,2,5,10,Potential Loyalist
CUST001353,FR,4,162.41,2025-12-18,2024-08-10,13,4,162.41,5,2,1,8,Potential Loyalist
CUST000316,NL,4,2770.7,2025-12-24,2024-08-11,7,4,2770.7,5,2,5,12,Potential Loyalist
CUST000810,DE,3,402.21,2025-10-25,2024-08-13,67,3,402.21,3,1,1,5,Potential Loyalist
CUST001988,GB,5,1540.75,2025-12-14,2024-08-14,17,5,1540.75,4,3,3,10,Loyal
CUST003639,FR,5,1657.28,2025-07-18,2024-08-17,166,5,1657.28,2,3,4,9,At Risk
CUST000985,NL,4,1225.6,2025-11-29,2024-08-17,32,4,1225.6,4,2,3,9,Potential Loyalist
CUST002687,DE,5,795.68,2025-04-20,2024-08-18,255,5,795.68,1,3,2,6,At Risk
CUST001654,FR,3,1252.24,2025-12-05,2024-08-18,26,3,1252.24,4,1,3,8,Potential Loyalist
CUST003865,DE,5,523.59,2025-10-17,2024-08-19,75,5,523.59,3,3,1,7,Potential Loyalist
CUST000264,GB,6,3234.08,2025-11-22,2024-08-20,39,6,3234.08,3,4,5,12,Potential Loyalist
CUST003989,FR,6,1628.52,2025-12-05,2024-08-23,26,6,1628.52,4,4,4,12,Loyal
CUST000590,DE,6,1358.74,2025-12-02,2024-08-23,29,6,1358.74,4,4,3,11,Loyal
CUST002376,FR,5,1798.91,2025-05-15,2024-08-24,230,5,1798.91,1,3,4,8,At Risk
CUST001061,IT,4,896.85,2025-11-15,2024-09-03,46,4,896.85,3,2,2,7,Potential Loyalist
CUST001049,IT,3,1451.06,2025-11-16,2024-09-05,45,3,1451.06,3,1,3,7,Potential Loyalist
CUST003156,GB,2,386.76,2025-12-24,2024-09-05,7,2,386.76,5,1,1,7,Potential Loyalist
CUST001864,GB,7,1483.53,2025-12-20,2024-09-05,11,7,1483.53,5,5,3,13,Champions
CUST001208,FR,3,481.09,2025-05-11,2024-09-06,234,3,481.09,1,1,1,3,Hibernating
CUST002776,FR,8,2090.76,2025-12-08,2024-09-06,23,8,2090.76,4,5,4,13,Champions
CUST003519,DE,5,1456.23,2025-09-21,2024-09-08,101,5,1456.23,2,3,3,8,At Risk
CUST001479,ES,7,2120.03,2025-11-05,2024-09-09,56,7,2120.03,3,5,4,12,Potential Loyalist
CUST003504,DE,2,1766.71,2025-12-15,2024-09-23,16,2,1766.71,5,1,4,10,Potential Loyalist
CUST001040,FR,5,1989.47,2025-12-08,2024-09-25,23,5,1989.47,4,3,4,11,Loyal
CUST003058,DE,2,216.68,2025-05-22,2024-09-30,223,2,216.68,1,1,1,3,Hibernating
CUST001031,DE,3,425.99,2025-10-03,2024-10-04,89,3,425.99,2,1,1,4,Hibernating
CUST001305,NL,4,4216.12,2025-12-21,2024-10-07,10,4,4216.12,5,2,5,12,Potential Loyalist
CUST000311,FR,2,199.96,2025-11-12,2024-10-09,49,2,199.96,3,1,1,5,Potential Loyalist
CUST002888,FR,3,2287.11,2025-01-05,2024-10-09,360,3,2287.11,1,1,4,6,Hibernating
CUST000790,IT,5,587.94,2025-12-18,2024-10-13,13,5,587.94,5,3,1,9,Loyal
CUST003818,ES,6,908.39,2025-12-01,2024-10-15,30,6,908.39,4,4,2,10,Loyal
CUST003115,DE,4,548.74,2025-10-29,2024-10-19,63,4,548.74,3,2,1,6,Potential Loyalist
CUST002315,SE,8,3237.3,2025-12-25,2024-10-24,6,8,3237.3,5,5,5,15,Champions
CUST001321,DE,4,1236.73,2025-04-20,2024-10-24,255,4,1236.73,1,2,3,6,Hibernating
CUST003597,DE,6,2774.92,2025-11-07,2024-10-27,54,6,2774.92,3,4,5,12,Potential Loyalist
CUST003804,SE,4,287.91,2025-10-27,2024-10-27,65,4,287.91,3,2,1,6,Potential Loyalist
CUST002470,GB,3,139.79,2025-12-18,2024-11-01,13,3,139.79,5,1,1,7,Potential Loyalist
CUST003047,FR,4,1623.63,2025-04-04,2024-11-02,271,4,1623.63,1,2,4,7,Hibernating
CUST000445,ES,5,1823.83,2025-12-13,2024-11-07,18,5,1823.83,4,3,4,11,Loyal
CUST000641,DE,5,470.41,2025-12-10,2024-11-10,21,5,470.41,4,3,1,8,Loyal
CUST003235,FR,6,2817.84,2025-10-31,2024-11-14,61,6,2817.84,3,4,5,12,Potential Loyalist
CUST001337,DE,3,1483.87,2025-11-10,2024-11-15,51,3,1483.87,3,1,3,7,Potential Loyalist
CUST002635,NL,4,390.34,2025-08-19,2024-11-18,134,4,390.34,2,2,1,5,Hibernating
CUST000222,GB,5,1372.63,2025-11-23,2024-11-19,38,5,1372.63,4,3,3,10,Loyal
CUST000868,DE,3,1064.0,2025-10-26,2024-11-20,66,3,1064.0,3,1,2,6,Potential Loyalist
CUST001030,ES,3,698.19,2025-12-15,2024-11-22,16,3,698.19,5,1,2,8,Potential Loyalist
CUST002952,NL,4,1073.39,2025-12-11,2024-11-23,20,4,1073.39,4,2,2,8,Potential Loyalist
CUST003459,NL,7,1371.99,2025-12-14,2024-11-25,17,7,1371.99,4,5,3,12,Loyal
CUST000446,IT,5,787.56,2025-12-28,2024-11-27,3,5,787.56,5,3,2,10,Loyal
CUST002726,FR,4,1421.96,2025-12-07,2024-11-29,24,4,1421.96,4,2,3,9,Potential Loyalist
CUST000135,IT,3,412.81,2025-08-04,2024-11-30,149,3,412.81,2,1,1,4,Hibernating
CUST001134,DE,5,1944.5,2025-06-06,2024-12-01,208,5,1944.5,1,3,4,8,At Risk
CUST003035,FR,2,1514.25,2025-06-22,2024-12-01,192,2,1514.25,1,1,3,5,Hibernating
CUST001859,ES,3,2650.75,2025-06-22,2024-12-02,192,3,2650.75,1,1,5,7,Hibernating
CUST002844,SE,2,243.71,2025-10-18,2024-12-03,74,2,243.71,3,1,1,5,Potential Loyalist
CUST002576,GB,4,528.95,2025-11-12,2024-12-17,49,4,528.95,3,2,1,6,Potential Loyalist
CUST000381,DE,5,2449.26,2025-06-11,2024-12-18,203,5,2449.26,1,3,5,9,At Risk
CUST003827,GB,4,4143.62,2025-07-04,2024-12-23,180,4,4143.62,2,2,5,9,Hibernating
CUST001755,SE,4,586.68,2025-10-02,2024-12-26,90,4,586.68,2,2,1,5,Hibernating
CUST001060,GB,3,118.32,2025-12-05,2024-12-31,26,3,118.32,4,1,1,6,Potential Loyalist
CUST001977,FR,3,209.98,2025-12-30,2025-01-02,1,3,209.98,5,1,1,7,Potential Loyalist
CUST001616,NL,5,1591.82,2025-10-03,2025-01-02,89,5,1591.82,2,3,3,8,At Risk
CUST003429,ES,4,985.93,2025-10-03,2025-01-05,89,4,985.93,2,2,2,6,Hibernating
CUST000079,FR,4,3233.55,2025-11-14,2025-01-11,47,4,3233.55,3,2,5,10,Potential Loyalist
CUST003126,GB,2,1381.54,2025-09-21,2025-01-16,101,2,1381.54,2,1,3,6,Hibernating
CUST001202,DE,4,1465.78,2025-11-26,2025-01-31,35,4,1465.78,4,2,3,9,Potential Loyalist
CUST002000,FR,4,1430.24,2025-11-17,2025-02-09,44,4,1430.24,3,2,3,8,Potential Loyalist
CUST002356,DE,3,1279.4,2025-12-15,2025-02-11,16,3,1279.4,5,1,3,9,Potential Loyalist
CUST002715,DE,4,825.41,2025-05-22,2025-02-20,223,4,825.41,1,2,2,5,Hibernating
CUST003196,GB,5,880.8,2025-12-19,2025-03-06,12,5,880.8,5,3,2,10,Loyal
CUST001281,GB,4,519.78,2025-11-23,2025-03-08,38,4,519.78,4,2,1,7,Potential Loyalist
CUST000712,GB,4,1171.8,2025-11-23,2025-03-16,38,4,1171.8,4,2,3,9,Potential Loyalist
CUST001763,DE,3,794.03,2025-07-20,2025-04-13,164,3,794.03,2,1,2,5,Hibernating
CUST002025,FR,3,2776.25,2025-07-13,2025-04-27,171,3,2776.25,2,1,5,8,Hibernating
CUST000157,NL,2,332.23,2025-12-30,2025-05-17,1,2,332.23,5,1,1,7,Potential Loyalist
CUST001944,NL,3,1882.06,2025-08-18,2025-06-11,135,3,1882.06,2,1,4,7,Hibernating
CUST000474,IT,2,699.06,2025-07-30,2025-06-12,154,2,699.06,2,1,2,5,Hibernating
CUST003075,GB,2,1073.41,2025-09-15,2025-06-25,107,2,1073.41,2,1,2,5,Hibernating
CUST002134,GB,4,1364.19,2025-12-14,2025-07-18,17,4,1364.19,4,2,3,9,Potential Loyalist
CUST003621,NL,1,384.6,2025-08-12,2025-08-12,141,1,384.6,2,1,1,4,Hibernating
CUST002673,NL,3,781.29,2025-11-26,2025-08-26,35,3,781.29,4,1,2,7,Potential Loyalist
CUST003343,GB,1,692.32,2025-08-26,2025-08-26,127,1,692.32,2,1,2,5,Hibernating
CUST002520,NL,3,1249.57,2025-12-27,2025-08-28,4,3,1249.57,5,1,3,9,Potential Loyalist
CUST001602,FR,2,346.6,2025-11-10,2025-09-25,51,2,346.6,3,1,1,5,Potential Loyalist
CUST002348,FR,3,999.59,2024-05-26,2024-01-01,584,3,999.59,1,2,2,5,Hibernating
CUST003452,NL,5,1093.42,2024-07-24,2024-01-01,525,5,1093.42,1,3,2,6,At Risk
CUST002964,SE,8,3131.95,2025-06-25,2024-01-01,189,8,3131.95,2,5,5,12,At Risk
CUST002538,DE,7,2879.3,2025-11-02,2024-01-02,59,7,2879.3,3,5,5,13,Champions
CUST000416,FR,11,2424.16,2025-10-26,2024-01-04,66,11,2424.16,3,5,5,13,Champions
CUST001080,IT,5,1633.2,2025-11-14,2024-01-04,47,5,1633.2,3,3,4,10,Potential Loyalist
CUST000097,GB,5,1157.93,2025-12-13,2024-01-06,18,5,1157.93,4,3,3,10,Loyal
CUST002347,NL,6,2221.1,2025-05-21,2024-01-06,224,6,2221.1,1,4,4,9,At Risk
CUST001123,ES,3,907.19,2025-06-11,2024-01-09,203,3,907.19,1,2,2,5,Hibernating
CUST001898,DE,8,5322.8,2025-11-19,2024-01-09,42,8,5322.8,3,5,5,13,Champions
CUST002775,GB,10,2196.93,2025-11-15,2024-01-10,46,10,2196.93,3,5,4,12,Potential Loyalist
CUST001852,ES,4,1490.79,2024-12-30,2024-01-11,366,4,1490.79,1,2,3,6,Hibernating
CUST001404,NL,6,3378.2,2025-09-30,2024-01-12,92,6,3378.2,2,4,5,11,At Risk
CUST000770,ES,6,2447.19,2025-06-07,2024-01-13,207,6,2447.19,1,4,5,10,At Risk
CUST003158,DE,5,2016.95,2025-11-14,2024-01-15,47,5,2016.95,3,3,4,10,Potential Loyalist
CUST001241,ES,6,1533.5,2025-06-19,2024-01-15,195,6,1533.5,1,4,3,8,At Risk
CUST003940,FR,9,5144.25,2025-11-29,2024-01-16,32,9,5144.25,4,5,5,14,Champions
CUST003763,GB,4,758.51,2025-08-01,2024-01-17,152,4,758.51,2,2,2,6,Hibernating
CUST003324,GB,4,800.27,2025-08-21,2024-01-21,132,4,800.27,2,2,2,6,Hibernating
CUST000086,FR,6,2019.59,2025-12-30,2024-01-21,1,6,2019.59,5,4,4,13,Champions
CUST003613,FR,5,2117.9,2025-11-23,2024-01-22,38,5,2117.9,4,3,4,11,Loyal
CUST002748,DE,8,2676.21,2025-09-26,2024-01-22,96,8,2676.21,2,5,5,12,At Risk
CUST002870,FR,5,430.67,2025-11-13,2024-01-23,48,5,430.67,3,3,1,7,Potential Loyalist
CUST000979,GB,6,3028.32,2025-11-30,2024-01-24,31,6,3028.32,4,4,5,13,Champions
CUST001089,SE,5,910.59,2025-08-17,2024-01-24,136,5,910.59,2,3,2,7,At Risk
CUST000818,FR,3,306.1,2025-10-04,2024-01-25,88,3,306.1,2,2,1,5,Hibernating
CUST003978,GB,5,1099.59,2025-05-09,2024-01-25,236,5,1099.59,1,3,2,6,At Risk
CUST001595,NL,4,1310.79,2025-12-12,2024-01-25,19,4,1310.79,4,2,3,9,Potential Loyalist
CUST000176,DE,6,3108.56,2025-08-13,2024-01-26,140,6,3108.56,2,4,5,11,At Risk
CUST002263,IT,8,1015.11,2025-03-21,2024-01-27,285,8,1015.11,1,5,2,8,At Risk
CUST002039,DE,6,2014.51,2025-12-08,2024-01-28,23,6,2014.51,4,4,4,12,Loyal
CUST002738,GB,5,1673.11,2025-11-04,2024-01-30,57,5,1673.11,3,3,4,10,Potential Loyalist
CUST002203,FR,7,936.64,2025-06-29,2024-01-30,185,7,936.64,2,5,2,9,At Risk
CUST001091,IT,7,4060.06,2025-11-24,2024-02-01,37,7,4060.06,4,5,5,14,Champions
CUST003931,IT,10,2301.58,2025-12-10,2024-02-03,21,10,2301.58,4,5,4,13,Champions
CUST000250,ES,7,2040.32,2025-06-16,2024-02-04,198,7,2040.32,1,5,4,10,At Risk
CUST000156,DE,4,279.57,2025-06-26,2024-02-04,188,4,279.57,2,2,1,5,Hibernating
CUST003028,GB,6,1249.62,2025-03-14,2024-02-05,292,6,1249.62,1,4,3,8,At Risk
CUST001836,NL,4,2100.26,2025-12-08,2024-02-07,23,4,2100.26,4,2,4,10,Potential Loyalist
CUST003868,NL,4,1141.71,2025-10-08,2024-02-07,84,4,1141.71,2,2,3,7,Hibernating
CUST000681,ES,3,160.39,2025-12-15,2024-02-07,16,3,160.39,5,2,1,8,Potential Loyalist
CUST002444,ES,1,56.31,2024-02-10,2024-02-10,690,1,56.31,1,1,1,3,Hibernating
CUST000408,DE,5,1721.8,2025-12-20,2024-02-10,11,5,1721.8,5,3,4,12,Loyal
CUST003961,GB,7,1704.22,2025-12-18,2024-02-10,13,7,1704.22,5,5,4,14,Champions
CUST000865,FR,7,1771.72,2025-12-01,2024-02-15,30,7,1771.72,4,5,4,13,Champions
CUST000346,GB,5,1780.47,2025-12-17,2024-02-16,14,5,1780.47,5,3,4,12,Loyal
CUST001646,ES,6,1068.31,2025-12-05,2024-02-17,26,6,1068.31,4,4,2,10,Loyal
CUST003056,SE,4,1740.62,2025-12-19,2024-02-19,12,4,1740.62,5,2,4,11,Potential Loyalist
CUST001142,FR,6,1714.64,2025-06-15,2024-02-21,199,6,1714.64,1,4,4,9,At Risk
CUST000411,FR,7,1647.33,2025-07-28,2024-02-22,156,7,1647.33,2,5,4,11,At Risk
CUST000006,DE,6,2737.12,2025-12-24,2024-02-23,7,6,2737.12,5,4,5,14,Champions
CUST000481,GB,6,2782.38,2025-05-30,2024-02-24,215,6,2782.38,1,4,5,10,At Risk
CUST001542,DE,8,1747.15,2025-12-27,2024-02-26,4,8,1747.15,5,5,4,14,Champions
CUST002548,FR,5,2942.72,2025-06-21,2024-02-26,193,5,2942.72,1,3,5,9,At Risk
CUST000886,DE,4,1747.13,2025-10-11,2024-02-26,81,4,1747.13,2,2,4,8,Hibernating
CUST002335,DE,4,1948.62,2025-12-09,2024-02-28,22,4,1948.62,4,2,4,10,Potential Loyalist
CUST003296,DE,7,2672.69,2025-11-25,2024-03-02,36,7,2672.69,4,5,5,14,Champions
CUST000196,FR,4,463.13,2025-11-05,2024-03-04,56,4,463.13,3,2,1,6,Potential Loyalist
CUST001419,GB,8,2010.1,2025-10-02,2024-03-04,90,8,2010.1,2,5,4,11,At Risk
CUST003951,DE,9,5799.03,2025-10-23,2024-03-05,69,9,5799.03,3,5,5,13,Champions
CUST001850,GB,4,1746.08,2025-12-31,2024-03-05,0,4,1746.08,5,2,4,11,Potential Loyalist
CUST001883,GB,3,305.25,2025-03-11,2024-03-06,295,3,305.25,1,2,1,4,Hibernating
CUST003135,DE,4,1030.53,2025-12-30,2024-03-07,1,4,1030.53,5,2,2,9,Potential Loyalist
CUST003015,GB,3,2217.1,2025-11-26,2024-03-08,35,3,2217.1,4,2,4,10,Potential Loyalist
CUST003276,ES,6,2128.2,2025-12-03,2024-03-08,28,6,2128.2,4,4,4,12,Loyal
CUST003187,FR,8,1877.44,2025-12-14,2024-03-09,17,8,1877.44,4,5,4,13,Champions
CUST000806,NL,4,1337.87,2025-10-25,2024-03-09,67,4,1337.87,3,2,3,8,Potential Loyalist
CUST003256,DE,2,608.1,2025-10-22,2024-03-12,70,2,608.1,3,1,1,5,Potential Loyalist
CUST002255,IT,5,4182.5,2025-08-28,2024-03-12,125,5,4182.5,2,3,5,10,At Risk
CUST002758,IT,3,899.89,2025-01-28,2024-03-13,337,3,899.89,1,2,2,5,Hibernating
CUST003609,IT,7,2545.53,2025-12-09,2024-03-13,22,7,2545.53,4,5,5,14,Champions
CUST002547,DE,8,2553.32,2025-10-10,2024-03-13,82,8,2553.32,2,5,5,12,At Risk
CUST001742,NL,5,939.24,2025-11-03,2024-03-13,58,5,939.24,3,3,2,8,Potential Loyalist
CUST002387,FR,7,851.11,2025-12-05,2024-03-14,26,7,851.11,4,5,2,11,Loyal
CUST003175,DE,4,766.59,2025-12-14,2024-03-15,17,4,766.59,4,2,2,8,Potential Loyalist
CUST002757,GB,7,1600.19,2025-11-15,2024-03-16,46,7,1600.19,3,5,3,11,Potential Loyalist
CUST000827,FR,3,245.41,2025-09-04,2024-03-17,118,3,245.41,2,2,1,5,Hibernating
CUST000682,FR,6,1106.61,2025-11-12,2024-03-18,49,6,1106.61,3,4,2,9,Potential Loyalist
CUST003138,NL,12,4630.43,2025-12-27,2024-03-18,4,12,4630.43,5,5,5,15,Champions
CUST001084,IT,5,496.48,2025-12-10,2024-03-23,21,5,496.48,4,3,1,8,Loyal
CUST003020,ES,5,1070.59,2025-05-08,2024-03-26,237,5,1070.59,1,3,2,6,At Risk
CUST003220,NL,3,220.25,2024-11-19,2024-03-27,407,3,220.25,1,2,1,4,Hibernating
CUST000570,FR,5,2720.56,2025-12-04,2024-04-01,27,5,2720.56,4,3,5,12,Loyal
CUST001486,FR,2,1089.47,2025-06-09,2024-04-02,205,2,1089.47,1,1,2,4,Hibernating
CUST003933,GB,6,681.7,2025-06-16,2024-04-02,198,6,681.7,1,4,2,7,At Risk
CUST000341,GB,7,1216.17,2025-11-27,2024-04-03,34,7,1216.17,4,5,3,12,Loyal
CUST003755,FR,3,186.24,2025-05-02,2024-04-05,243,3,186.24,1,2,1,4,Hibernating
CUST002037,DE,5,1251.37,2025-10-10,2024-04-05,82,5,1251.37,2,3,3,8,At Risk
CUST003344,DE,4,1437.49,2025-06-02,2024-04-05,212,4,1437.49,1,2,3,6,Hibernating
CUST000817,GB,4,915.56,2025-11-29,2024-04-06,32,4,915.56,4,2,2,8,Potential Loyalist
CUST000115,GB,7,1263.94,2025-12-22,2024-04-09,9,7,1263.94,5,5,3,13,Champions
CUST000018,GB,2,534.3,2025-12-13,2024-04-10,18,2,534.3,4,1,1,6,Potential Loyalist
CUST002373,NL,4,1663.77,2025-12-26,2024-04-11,5,4,1663.77,5,2,4,11,Potential Loyalist
CUST002357,IT,8,3367.35,2025-08-20,2024-04-11,133,8,3367.35,2,5,5,12,At Risk
CUST002071,ES,4,1052.62,2025-11-24,2024-04-13,37,4,1052.62,4,2,2,8,Potential Loyalist
CUST003492,GB,3,297.8,2024-10-18,2024-04-14,439,3,297.8,1,2,1,4,Hibernating
CUST001641,GB,5,2089.67,2025-12-24,2024-04-14,7,5,2089.67,5,3,4,12,Loyal
CUST001300,NL,4,1559.65,2025-07-19,2024-04-16,165,4,1559.65,2,2,3,7,Hibernating
CUST002424,GB,8,2122.55,2025-12-24,2024-04-18,7,8,2122.55,5,5,4,14,Champions
CUST002558,FR,5,2578.14,2025-11-18,2024-04-19,43,5,2578.14,3,3,5,11,Potential Loyalist
CUST001246,GB,6,920.54,2025-12-19,2024-04-19,12,6,920.54,5,4,2,11,Loyal
CUST003147,IT,5,511.14,2025-11-12,2024-04-20,49,5,511.14,3,3,1,7,Potential Loyalist
CUST003703,FR,5,1399.17,2025-03-19,2024-04-20,287,5,1399.17,1,3,3,7,At Risk
CUST000236,NL,7,1043.04,2025-12-14,2024-04-20,17,7,1043.04,4,5,2,11,Loyal
CUST001417,DE,5,2095.44,2025-12-25,2024-04-20,6,5,2095.44,5,3,4,12,Loyal
CUST000654,NL,8,2070.78,2025-12-14,2024-04-21,17,8,2070.78,4,5,4,13,Champions
CUST002338,FR,8,1412.39,2025-12-08,2024-04-22,23,8,1412.39,4,5,3,12,Loyal
CUST002626,SE,8,2368.04,2025-09-26,2024-04-23,96,8,2368.04,2,5,4,11,At Risk
CUST002490,FR,6,1349.59,2025-12-27,2024-04-24,4,6,1349.59,5,4,3,12,Loyal
CUST000298,DE,6,3161.22,2025-12-23,2024-04-25,8,6,3161.22,5,4,5,14,Champions
CUST000004,GB,7,1345.8,2025-12-03,2024-04-25,28,7,1345.8,4,5,3,12,Loyal
CUST003734,GB,5,2213.67,2025-04-09,2024-04-26,266,5,2213.67,1,3,4,8,At Risk
CUST003607,ES,3,926.62,2025-11-23,2024-04-27,38,3,926.62,4,2,2,8,Potential Loyalist
CUST002747,GB,7,2374.48,2025-04-20,2024-04-28,255,7,2374.48,1,5,5,11,At Risk
CUST002866,GB,3,564.8,2025-12-12,2024-04-28,19,3,564.8,4,2,1,7,Potential Loyalist
CUST003096,NL,6,2339.28,2025-10-30,2024-04-30,62,6,2339.28,3,4,4,11,Potential Loyalist
CUST003932,DE,6,4487.33,2025-12-19,2024-05-04,12,6,4487.33,5,4,5,14,Champions
CUST003388,GB,4,1465.91,2025-03-14,2024-05-09,292,4,1465.91,1,2,3,6,Hibernating
CUST002005,FR,8,3742.96,2025-12-22,2024-05-14,9,8,3742.96,5,5,5,15,Champions
CUST000608,FR,3,304.29,2025-11-05,2024-05-14,56,3,304.29,3,2,1,6,Potential Loyalist
CUST003157,IT,3,818.0,2024-12-24,2024-05-18,372,3,818.0,1,2,2,5,Hibernating
CUST002412,DE,3,590.25,2025-11-13,2024-05-19,48,3,590.25,3,2,1,6,Potential Loyalist
CUST002959,FR,5,2373.95,2025-12-24,2024-05-20,7,5,2373.95,5,3,5,13,Champions
CUST001274,DE,4,1789.64,2025-06-30,2024-05-22,184,4,1789.64,2,2,4,8,Hibernating
CUST002142,GB,6,573.39,2025-06-04,2024-05-22,210,6,573.39,1,4,1,6,At Risk
CUST002069,DE,8,2637.57,2025-12-18,2024-05-27,13,8,2637.57,5,5,5,15,Champions
CUST001970,DE,8,1970.64,2025-08-06,2024-05-27,147,8,1970.64,2,5,4,11,At Risk
CUST003498,IT,6,2910.8,2025-12-24,2024-05-27,7,6,2910.8,5,4,5,14,Champions
CUST002094,GB,5,1170.63,2025-11-22,2024-05-27,39,5,1170.63,3,3,3,9,Potential Loyalist
CUST001014,DE,3,478.1,2024-11-29,2024-05-28,397,3,478.1,1,2,1,4,Hibernating
CUST002488,ES,7,2562.46,2025-11-23,2024-05-29,38,7,2562.46,4,5,5,14,Champions
CUST002477,DE,1,183.79,2024-05-30,2024-05-30,580,1,183.79,1,1,1,3,Hibernating
CUST001072,DE,3,1346.26,2025-02-15,2024-05-30,319,3,1346.26,1,2,3,6,Hibernating
CUST000128,ES,7,1567.9,2025-12-05,2024-05-31,26,7,1567.9,4,5,3,12,Loyal
CUST003600,NL,7,1095.54,2025-12-06,2024-05-31,25,7,1095.54,4,5,2,11,Loyal
CUST000065,FR,2,51.39,2025-04-10,2024-06-02,265,2,51.39,1,1,1,3,Hibernating
CUST000611,DE,10,4992.99,2025-11-29,2024-06-02,32,10,4992.99,4,5,5,14,Champions
CUST000292,DE,2,239.75,2024-08-07,2024-06-03,511,2,239.75,1,1,1,3,Hibernating
CUST000252,FR,7,2526.79,2025-10-07,2024-06-07,85,7,2526.79,2,5,5,12,At Risk
CUST000968,FR,5,1045.98,2024-12-15,2024-06-07,381,5,1045.98,1,3,2,6,At Risk
CUST000345,FR,6,811.11,2025-12-14,2024-06-08,17,6,811.11,4,4,2,10,Loyal
CUST001195,DE,4,1191.8,2025-03-06,2024-06-13,300,4,1191.8,1,2,3,6,Hibernating
CUST001245,ES,6,1428.0,2025-04-28,2024-06-15,247,6,1428.0,1,4,3,8,At Risk
CUST001307,NL,6,2174.54,2025-11-08,2024-06-24,53,6,2174.54,3,4,4,11,Potential Loyalist
CUST002843,IT,3,1804.7,2025-11-14,2024-06-24,47,3,1804.7,3,2,4,9,Potential Loyalist
CUST000120,GB,6,2156.18,2025-09-20,2024-06-24,102,6,2156.18,2,4,4,10,At Risk
CUST001723,FR,4,1765.33,2025-03-16,2024-06-25,290,4,1765.33,1,2,4,7,Hibernating
CUST000566,GB,4,2180.81,2025-12-01,2024-06-27,30,4,2180.81,4,2,4,10,Potential Loyalist
CUST003450,DE,3,1326.39,2025-11-06,2024-06-30,55,3,1326.39,3,2,3,8,Potential Loyalist
CUST002573,FR,6,1043.89,2025-11-05,2024-06-30,56,6,1043.89,3,4,2,9,Potential Loyalist
CUST003949,DE,3,547.58,2025-06-08,2024-07-02,206,3,547.58,1,2,1,4,Hibernating
CUST000543,DE,3,130.07,2024-12-17,2024-07-03,379,3,130.07,1,2,1,4,Hibernating
CUST003390,NL,7,1303.66,2025-12-18,2024-07-03,13,7,1303.66,5,5,3,13,Champions
CUST002656,FR,10,3567.38,2025-12-24,2024-07-04,7,10,3567.38,5,5,5,15,Champions
CUST003173,DE,7,2093.2,2025-11-14,2024-07-04,47,7,2093.2,3,5,4,12,Potential Loyalist
CUST000126,FR,7,2294.81,2025-12-24,2024-07-07,7,7,2294.81,5,5,4,14,Champions
CUST003930,DE,3,782.51,2025-12-28,2024-07-08,3,3,782.51,5,2,2,9,Potential Loyalist
CUST001093,GB,2,279.35,2024-07-14,2024-07-14,535,2,279.35,1,1,1,3,Hibernating
CUST002557,GB,7,2626.0,2025-12-22,2024-07-14,9,7,2626.0,5,5,5,15,Champions
CUST002358,DE,6,1204.44,2025-09-30,2024-07-17,92,6,1204.44,2,4,3,9,At Risk
CUST002922,NL,4,690.11,2025-12-18,2024-07-17,13,4,690.11,5,2,2,9,Potential Loyalist
CUST002615,FR,8,2375.34,2025-11-20,2024-07-17,41,8,2375.34,3,5,5,13,Champions
CUST001966,GB,5,1111.72,2025-12-16,2024-07-21,15,5,1111.72,5,3,2,10,Loyal
CUST001465,SE,4,1752.18,2025-12-06,2024-07-23,25,4,1752.18,4,2,4,10,Potential Loyalist
CUST002053,DE,5,1450.05,2025-03-12,2024-07-26,294,5,1450.05,1,3,3,7,At Risk
CUST000374,NL,5,1058.93,2025-08-21,2024-07-28,132,5,1058.93,2,3,2,7,At Risk
CUST003148,NL,4,1024.96,2025-05-06,2024-07-29,239,4,1024.96,1,2,2,5,Hibernating
CUST001523,FR,2,1214.77,2025-05-08,2024-07-29,237,2,1214.77,1,1,3,5,Hibernating
CUST002628,NL,6,863.0,2025-12-25,2024-07-29,6,6,863.0,5,4,2,11,Loyal
CUST002676,FR,7,1799.21,2025-12-02,2024-07-29,29,7,1799.21,4,5,4,13,Champions
CUST000616,IT,9,2563.08,2025-11-29,2024-07-29,32,9,2563.08,4,5,5,14,Champions
CUST001497,GB,6,1170.11,2025-10-28,2024-07-30,64,6,1170.11,3,4,3,10,Potential Loyalist
CUST002620,FR,7,2137.1,2025-09-20,2024-07-31,102,7,2137.1,2,5,4,11,At Risk
CUST000766,GB,9,2241.82,2025-12-24,2024-07-31,7,9,2241.82,5,5,4,14,Champions
CUST003026,FR,6,1124.64,2025-09-24,2024-07-31,98,6,1124.64,2,4,3,9,At Risk
CUST002929,ES,4,1046.68,2025-12-28,2024-08-01,3,4,1046.68,5,2,2,9,Potential Loyalist
CUST000897,FR,3,1285.06,2025-10-04,2024-08-04,88,3,1285.06,2,2,3,7,Hibernating
CUST002787,SE,5,4032.49,2025-07-28,2024-08-08,156,5,4032.49,2,3,5,10,At Risk
CUST002234,ES,9,3043.2,2025-11-07,2024-08-14,54,9,3043.2,3,5,5,13,Champions
CUST002535,NL,6,1887.47,2025-12-28,2024-08-17,3,6,1887.47,5,4,4,13,Champions
CUST000402,IT,5,1015.13,2025-12-23,2024-08-23,8,5,1015.13,5,3,2,10,Loyal
CUST000804,GB,8,1738.07,2025-12-26,2024-08-30,5,8,1738.07,5,5,4,14,Champions
CUST000017,FR,3,205.82,2025-03-05,2024-09-01,301,3,205.82,1,2,1,4,Hibernating
CUST000819,DE,3,1453.55,2025-11-16,2024-09-04,45,3,1453.55,3,2,3,8,Potential Loyalist
CUST001309,FR,7,2978.52,2025-08-26,2024-09-04,127,7,2978.52,2,5,5,12,At Risk
CUST001892,FR,2,399.42,2024-11-27,2024-09-06,399,2,399.42,1,1,1,3,Hibernating
CUST001485,FR,4,987.71,2025-11-10,2024-09-07,51,4,987.71,3,2,2,7,Potential Loyalist
CUST000910,FR,7,3311.68,2025-11-01,2024-09-11,60,7,3311.68,3,5,5,13,Champions
CUST001406,GB,2,2523.37,2024-12-29,2024-09-12,367,2,2523.37,1,1,5,7,Hibernating
CUST000885,ES,4,1088.64,2025-12-08,2024-09-12,23,4,1088.64,4,2,2,8,Potential Loyalist
CUST002067,DE,4,608.39,2025-06-29,2024-09-17,185,4,608.39,2,2,1,5,Hibernating
CUST001325,SE,4,743.52,2025-10-20,2024-09-18,72,4,743.52,3,2,2,7,Potential Loyalist
CUST001427,DE,4,758.13,2025-11-07,2024-10-08,54,4,758.13,3,2,2,7,Potential Loyalist
CUST003226,IT,3,372.41,2025-11-30,2024-10-14,31,3,372.41,4,2,1,7,Potential Loyalist
CUST001943,ES,6,1151.0,2025-12-28,2024-10-15,3,6,1151.0,5,4,3,12,Loyal
CUST002195,DE,5,3483.47,2025-12-21,2024-10-17,10,5,3483.47,5,3,5,13,Champions
CUST001674,ES,2,390.4,2025-12-13,2024-10-18,18,2,390.4,4,1,1,6,Potential Loyalist
CUST002696,GB,5,1238.24,2025-02-22,2024-10-20,312,5,1238.24,1,3,3,7,At Risk
CUST002587,DE,3,1004.92,2025-12-05,2024-10-26,26,3,1004.92,4,2,2,8,Potential Loyalist
CUST002021,SE,5,1577.42,2025-10-12,2024-10-27,80,5,1577.42,2,3,3,8,At Risk
CUST002962,FR,4,926.49,2025-09-17,2024-10-28,105,4,926.49,2,2,2,6,Hibernating
CUST003483,FR,3,163.55,2025-08-12,2024-11-14,141,3,163.55,2,2,1,5,Hibernating
CUST000602,FR,4,1211.16,2025-07-01,2024-11-15,183,4,1211.16,2,2,3,7,Hibernating
CUST002735,IT,4,976.52,2025-07-03,2024-11-19,181,4,976.52,2,2,2,6,Hibernating
CUST000482,NL,4,1160.53,2025-10-23,2024-11-24,69,4,1160.53,3,2,3,8,Potential Loyalist
CUST000085,FR,1,31.24,2024-12-01,2024-12-01,395,1,31.24,1,1,1,3,Hibernating
CUST003215,DE,7,2134.99,2025-12-24,2024-12-03,7,7,2134.99,5,5,4,14,Champions
CUST003228,FR,9,4316.83,2025-12-02,2024-12-03,29,9,4316.83,4,5,5,14,Champions
CUST000283,FR,4,2126.35,2025-12-10,2024-12-08,21,4,2126.35,4,2,4,10,Potential Loyalist
CUST000027,DE,3,361.74,2025-12-25,2024-12-19,6,3,361.74,5,2,1,8,Potential Loyalist
CUST000743,NL,3,685.87,2025-11-10,2024-12-24,51,3,685.87,3,2,2,7,Potential Loyalist
CUST003799,DE,3,753.51,2025-04-05,2024-12-26,270,3,753.51,1,2,2,5,Hibernating
CUST003960,DE,2,589.44,2025-12-17,2024-12-29,14,2,589.44,5,1,1,7,Potential Loyalist
CUST003579,NL,3,480.12,2025-09-30,2024-12-29,92,3,480.12,2,2,1,5,Hibernating
CUST001418,DE,4,636.95,2025-09-01,2024-12-29,121,4,636.95,2,2,1,5,Hibernating
CUST001001,DE,1,213.09,2025-01-04,2025-01-04,361,1,213.09,1,1,1,3,Hibernating
CUST003076,ES,2,427.64,2025-05-04,2025-01-10,241,2,427.64,1,1,1,3,Hibernating
CUST002375,NL,3,3221.02,2025-11-25,2025-01-17,36,3,3221.02,4,2,5,11,Potential Loyalist
CUST002773,ES,2,370.4,2025-07-05,2025-02-27,179,2,370.4,2,1,1,4,Hibernating
CUST002575,DE,2,453.56,2025-08-16,2025-03-04,137,2,453.56,2,1,1,4,Hibernating
CUST003625,DE,2,187.67,2025-06-29,2025-03-13,185,2,187.67,2,1,1,4,Hibernating
CUST001313,GB,1,152.21,2025-03-27,2025-03-27,279,1,152.21,1,1,1,3,Hibernating
CUST002123,SE,4,1362.55,2025-11-25,2025-03-29,36,4,1362.55,4,2,3,9,Potential Loyalist
CUST003436,FR,4,1326.17,2025-11-11,2025-04-11,50,4,1326.17,3,2,3,8,Potential Loyalist
CUST002299,DE,1,98.01,2025-04-12,2025-04-12,263,1,98.01,1,1,1,3,Hibernating
CUST000019,FR,3,322.94,2025-12-17,2025-04-16,14,3,322.94,5,2,1,8,Potential Loyalist
CUST003312,NL,3,169.37,2025-12-05,2025-04-18,26,3,169.37,4,2,1,7,Potential Loyalist
CUST001645,DE,4,318.77,2025-07-19,2025-04-28,165,4,318.77,2,2,1,5,Hibernating
CUST003810,DE,8,939.5,2025-12-31,2025-05-01,0,8,939.5,5,5,2,12,Loyal
CUST003568,NL,1,13.51,2025-06-11,2025-06-11,203,1,13.51,1,1,1,3,Hibernating
CUST001795,DE,2,1698.48,2025-09-22,2025-07-14,100,2,1698.48,2,1,4,7,Hibernating
CUST003879,GB,1,146.85,2025-08-22,2025-08-22,131,1,146.85,2,1,1,4,Hibernating
CUST003377,ES,1,234.88,2025-12-18,2025-12-18,13,1,234.88,5,1,1,7,Potential Loyalist
CUST003510,DE,1,611.63,2025-12-23,2025-12-23,8,1,611.63,5,1,1,7,Potential Loyalist
CUST002275,SE,7,4922.48,2025-12-14,2024-01-01,17,7,4922.48,4,5,5,14,Champions
CUST002176,ES,1,60.96,2024-01-01,2024-01-01,730,1,60.96,1,1,1,3,Hibernating
CUST000749,IT,8,3897.03,2025-12-22,2024-01-02,9,8,3897.03,5,5,5,15,Champions
CUST003668,DE,9,3825.8,2025-11-27,2024-01-04,34,9,3825.8,4,5,5,14,Champions
CUST002273,GB,7,2117.59,2025-12-10,2024-01-04,21,7,2117.59,4,5,4,13,Champions
CUST002534,DE,9,7232.85,2025-06-21,2024-01-05,193,9,7232.85,1,5,5,11,At Risk
CUST003223,DE,10,5200.03,2025-12-21,2024-01-06,10,10,5200.03,5,5,5,15,Champions
CUST003163,FR,8,2438.81,2025-11-20,2024-01-06,41,8,2438.81,3,5,5,13,Champions
CUST002840,FR,5,428.15,2025-10-21,2024-01-07,71,5,428.15,3,3,1,7,Potential Loyalist
CUST003199,DE,10,2200.52,2025-10-19,2024-01-10,73,10,2200.52,3,5,4,12,Potential Loyalist
CUST000761,DE,8,1395.54,2025-12-07,2024-01-12,24,8,1395.54,4,5,3,12,Loyal
CUST000094,GB,6,1553.89,2025-09-05,2024-01-12,117,6,1553.89,2,4,3,9,At Risk
CUST001368,IT,4,669.93,2025-10-26,2024-01-14,66,4,669.93,3,2,2,7,Potential Loyalist
CUST002484,DE,6,3466.16,2025-12-27,2024-01-15,4,6,3466.16,5,4,5,14,Champions
CUST003391,FR,6,1057.29,2025-11-23,2024-01-16,38,6,1057.29,4,4,2,10,Loyal
CUST003023,NL,9,2471.13,2025-08-21,2024-01-18,132,9,2471.13,2,5,5,12,At Risk
CUST002017,FR,8,1200.83,2025-12-26,2024-01-19,5,8,1200.83,5,5,3,13,Champions
CUST002945,ES,4,1749.95,2025-01-04,2024-01-20,361,4,1749.95,1,2,4,7,Hibernating
CUST002128,DE,5,1348.54,2025-12-12,2024-01-22,19,5,1348.54,4,3,3,10,Loyal
CUST000359,IT,8,2643.2,2025-11-18,2024-01-22,43,8,2643.2,3,5,5,13,Champions
CUST001310,ES,3,1083.18,2024-10-20,2024-01-23,437,3,1083.18,1,2,2,5,Hibernating
CUST001622,DE,4,955.53,2025-12-20,2024-01-23,11,4,955.53,5,2,2,9,Potential Loyalist
CUST003773,FR,8,1098.33,2025-12-02,2024-01-26,29,8,1098.33,4,5,2,11,Loyal
CUST002480,ES,5,2375.46,2025-07-18,2024-01-27,166,5,2375.46,2,3,5,10,At Risk
CUST002599,FR,4,840.38,2025-01-02,2024-01-27,363,4,840.38,1,2,2,5,Hibernating
CUST003807,FR,7,2098.52,2025-04-27,2024-01-27,248,7,2098.52,1,5,4,10,At Risk
CUST001379,FR,5,3937.9,2024-12-18,2024-01-27,378,5,3937.9,1,3,5,9,At Risk
CUST003482,GB,3,1274.17,2025-05-18,2024-01-29,227,3,1274.17,1,2,3,6,Hibernating
CUST002238,DE,4,1369.97,2025-04-20,2024-01-29,255,4,1369.97,1,2,3,6,Hibernating
CUST001720,DE,6,794.49,2025-10-29,2024-01-31,63,6,794.49,3,4,2,9,Potential Loyalist
CUST002491,FR,5,772.86,2025-11-10,2024-02-01,51,5,772.86,3,3,2,8,Potential Loyalist
CUST000208,NL,7,1525.17,2025-12-16,2024-02-01,15,7,1525.17,5,5,3,13,Champions
CUST003825,DE,5,1202.71,2025-12-18,2024-02-02,13,5,1202.71,5,3,3,11,Loyal
CUST001044,GB,7,3990.49,2025-11-21,2024-02-02,40,7,3990.49,3,5,5,13,Champions
CUST002019,DE,4,1034.51,2024-10-19,2024-02-03,438,4,1034.51,1,2,2,5,Hibernating
CUST000216,DE,6,3062.38,2025-02-08,2024-02-04,326,6,3062.38,1,4,5,10,At Risk
CUST000913,GB,6,1978.26,2025-12-10,2024-02-04,21,6,1978.26,4,4,4,12,Loyal
CUST003393,IT,10,2175.42,2025-12-25,2024-02-05,6,10,2175.42,5,5,4,14,Champions
CUST003380,NL,6,2017.84,2025-05-22,2024-02-05,223,6,2017.84,1,4,4,9,At Risk
CUST001726,DE,4,1851.72,2025-07-21,2024-02-06,163,4,1851.72,2,2,4,8,Hibernating
CUST002493,ES,8,3117.24,2025-11-18,2024-02-08,43,8,3117.24,3,5,5,13,Champions
CUST000364,GB,4,1847.4,2025-12-28,2024-02-08,3,4,1847.4,5,2,4,11,Potential Loyalist
CUST000692,FR,7,4025.29,2025-12-20,2024-02-09,11,7,4025.29,5,5,5,15,Champions
CUST002065,DE,8,3475.61,2025-10-22,2024-02-09,70,8,3475.61,3,5,5,13,Champions
CUST003155,FR,9,3695.72,2025-11-26,2024-02-10,35,9,3695.72,4,5,5,14,Champions
CUST001421,FR,6,2626.33,2025-12-16,2024-02-11,15,6,2626.33,5,4,5,14,Champions
CUST000202,DE,9,2824.23,2025-12-19,2024-02-13,12,9,2824.23,5,5,5,15,Champions
CUST000195,FR,5,2507.2,2025-03-13,2024-02-14,293,5,2507.2,1,3,5,9,At Risk
CUST001811,NL,6,2181.54,2025-12-15,2024-02-15,16,6,2181.54,5,4,4,13,Champions
CUST001728,SE,4,452.26,2025-03-03,2024-02-16,303,4,452.26,1,2,1,4,Hibernating
CUST003813,DE,3,150.98,2025-03-03,2024-02-16,303,3,150.98,1,2,1,4,Hibernating
CUST001756,ES,4,1586.69,2025-07-09,2024-02-17,175,4,1586.69,2,2,3,7,Hibernating
CUST001528,FR,6,1946.23,2025-12-13,2024-02-18,18,6,1946.23,4,4,4,12,Loyal
CUST002120,IT,8,2523.03,2025-12-15,2024-02-19,16,8,2523.03,5,5,5,15,Champions
CUST002248,ES,7,988.94,2025-09-25,2024-02-19,97,7,988.94,2,5,2,9,At Risk
CUST001776,FR,5,506.57,2025-11-30,2024-02-19,31,5,506.57,4,3,1,8,Loyal
CUST003943,DE,6,1131.54,2025-10-18,2024-02-20,74,6,1131.54,3,4,3,10,Potential Loyalist
CUST003301,FR,7,1405.63,2025-12-18,2024-02-22,13,7,1405.63,5,5,3,13,Champions
CUST003500,NL,2,54.86,2025-12-26,2024-02-24,5,2,54.86,5,1,1,7,Potential Loyalist
CUST000329,FR,5,2438.43,2025-11-07,2024-02-24,54,5,2438.43,3,3,5,11,Potential Loyalist
CUST000732,ES,3,901.73,2025-11-13,2024-02-25,48,3,901.73,3,2,2,7,Potential Loyalist
CUST003679,ES,6,517.67,2025-08-30,2024-02-25,123,6,517.67,2,4,1,7,At Risk
CUST001437,FR,4,658.54,2025-07-02,2024-02-25,182,4,658.54,2,2,2,6,Hibernating
CUST003042,SE,5,2633.51,2025-11-18,2024-02-25,43,5,2633.51,3,3,5,11,Potential Loyalist
CUST000450,DE,3,915.82,2025-12-09,2024-02-26,22,3,915.82,4,2,2,8,Potential Loyalist
CUST002974,NL,7,856.49,2025-03-25,2024-03-02,281,7,856.49,1,5,2,8,At Risk
CUST001024,SE,3,262.91,2025-11-15,2024-03-02,46,3,262.91,3,2,1,6,Potential Loyalist
CUST001196,IT,6,1264.86,2025-12-14,2024-03-02,17,6,1264.86,4,4,3,11,Loyal
CUST001077,FR,5,412.96,2025-12-23,2024-03-03,8,5,412.96,5,3,1,9,Loyal
CUST000900,DE,6,1571.85,2025-12-19,2024-03-04,12,6,1571.85,5,4,3,12,Loyal
CUST002832,NL,3,488.68,2025-11-03,2024-03-05,58,3,488.68,3,2,1,6,Potential Loyalist
CUST002734,SE,3,745.15,2025-08-07,2024-03-06,146,3,745.15,2,2,2,6,Hibernating
CUST000683,DE,5,982.31,2025-12-25,2024-03-06,6,5,982.31,5,3,2,10,Loyal
CUST000211,GB,6,812.2,2025-09-14,2024-03-07,108,6,812.2,2,4,2,8,At Risk
CUST003970,FR,5,1811.97,2025-12-16,2024-03-11,15,5,1811.97,5,3,4,12,Loyal
CUST000005,DE,9,3609.98,2025-12-25,2024-03-12,6,9,3609.98,5,5,5,15,Champions
CUST001808,DE,5,314.25,2025-12-26,2024-03-12,5,5,314.25,5,3,1,9,Loyal
CUST001467,SE,8,2699.6,2025-10-14,2024-03-13,78,8,2699.6,3,5,5,13,Champions
CUST001932,GB,2,193.3,2025-08-04,2024-03-14,149,2,193.3,2,1,1,4,Hibernating
CUST000530,ES,1,38.58,2024-03-14,2024-03-14,657,1,38.58,1,1,1,3,Hibernating
CUST000483,GB,6,1063.6,2025-08-28,2024-03-16,125,6,1063.6,2,4,2,8,At Risk
CUST000760,ES,4,1196.16,2025-08-17,2024-03-17,136,4,1196.16,2,2,3,7,Hibernating
CUST002642,DE,5,2375.09,2025-12-11,2024-03-18,20,5,2375.09,4,3,5,12,Loyal
CUST000894,FR,6,1166.75,2025-09-11,2024-03-18,111,6,1166.75,2,4,3,9,At Risk
CUST000551,GB,8,1284.43,2025-12-06,2024-03-20,25,8,1284.43,4,5,3,12,Loyal
CUST001156,ES,7,1784.58,2025-11-18,2024-03-22,43,7,1784.58,3,5,4,12,Potential Loyalist
CUST003402,DE,4,1023.4,2025-03-10,2024-03-24,296,4,1023.4,1,2,2,5,Hibernating
CUST003481,DE,10,1923.31,2025-10-20,2024-03-24,72,10,1923.31,3,5,4,12,Potential Loyalist
CUST001882,IT,7,1933.64,2025-12-24,2024-03-25,7,7,1933.64,5,5,4,14,Champions
CUST001229,SE,7,2128.56,2025-12-07,2024-03-27,24,7,2128.56,4,5,4,13,Champions
CUST000362,GB,3,949.08,2025-12-01,2024-03-28,30,3,949.08,4,2,2,8,Potential Loyalist
CUST002334,NL,5,2573.19,2025-12-24,2024-04-03,7,5,2573.19,5,3,5,13,Champions
CUST001951,DE,5,2935.51,2025-09-06,2024-04-05,116,5,2935.51,2,3,5,10,At Risk
CUST002085,GB,7,1786.06,2025-11-05,2024-04-05,56,7,1786.06,3,5,4,12,Potential Loyalist
CUST003748,FR,4,1255.03,2025-11-07,2024-04-07,54,4,1255.03,3,2,3,8,Potential Loyalist
CUST002851,NL,5,2873.27,2025-12-18,2024-04-08,13,5,2873.27,5,3,5,13,Champions
CUST002303,GB,5,1171.42,2025-10-05,2024-04-10,87,5,1171.42,2,3,3,8,At Risk
CUST001259,DE,9,1510.32,2025-12-18,2024-04-14,13,9,1510.32,5,5,3,13,Champions
CUST001881,NL,3,403.11,2025-11-05,2024-04-15,56,3,403.11,3,2,1,6,Potential Loyalist
CUST000853,DE,6,1793.25,2025-11-02,2024-04-15,59,6,1793.25,3,4,4,11,Potential Loyalist
CUST001854,ES,7,2273.4,2025-12-23,2024-04-16,8,7,2273.4,5,5,4,14,Champions
CUST002878,DE,3,2124.19,2025-09-18,2024-04-17,104,3,2124.19,2,2,4,8,Hibernating
CUST001664,GB,3,654.65,2025-12-28,2024-04-18,3,3,654.65,5,2,2,9,Potential Loyalist
CUST000533,SE,4,1470.11,2025-12-21,2024-04-20,10,4,1470.11,5,2,3,10,Potential Loyalist
CUST002941,FR,4,894.95,2025-09-08,2024-04-21,114,4,894.95,2,2,2,6,Hibernating
CUST002472,SE,6,2303.05,2025-04-05,2024-04-21,270,6,2303.05,1,4,4,9,At Risk
CUST001796,DE,2,190.31,2025-02-24,2024-04-22,310,2,190.31,1,1,1,3,Hibernating
CUST001471,GB,4,842.89,2025-11-02,2024-04-24,59,4,842.89,3,2,2,7,Potential Loyalist
CUST003314,DE,3,1414.6,2025-03-05,2024-04-25,301,3,1414.6,1,2,3,6,Hibernating
CUST000531,ES,5,1858.14,2025-10-04,2024-04-26,88,5,1858.14,2,3,4,9,At Risk
CUST001556,DE,5,2242.1,2025-10-25,2024-04-26,67,5,2242.1,3,3,4,10,Potential Loyalist
CUST001439,DE,6,1108.41,2025-11-06,2024-04-28,55,6,1108.41,3,4,2,9,Potential Loyalist
CUST002860,DE,4,1386.15,2025-12-20,2024-04-28,11,4,1386.15,5,2,3,10,Potential Loyalist
CUST003408,SE,5,711.6,2025-04-08,2024-04-29,267,5,711.6,1,3,2,6,At Risk
CUST002623,FR,6,711.53,2025-11-04,2024-04-30,57,6,711.53,3,4,2,9,Potential Loyalist
CUST001115,GB,4,1323.44,2025-11-11,2024-05-01,50,4,1323.44,3,2,3,8,Potential Loyalist
CUST001222,DE,5,1291.53,2025-08-03,2024-05-02,150,5,1291.53,2,3,3,8,At Risk
CUST002831,GB,7,2334.11,2025-12-18,2024-05-03,13,7,2334.11,5,5,4,14,Champions
CUST000909,FR,4,546.78,2025-05-10,2024-05-05,235,4,546.78,1,2,1,4,Hibernating
CUST001176,GB,4,489.59,2025-12-04,2024-05-05,27,4,489.59,4,2,1,7,Potential Loyalist
CUST003372,GB,4,1467.13,2025-11-26,2024-05-05,35,4,1467.13,4,2,3,9,Potential Loyalist
CUST000636,FR,8,2042.15,2025-12-22,2024-05-06,9,8,2042.15,5,5,4,14,Champions
CUST003513,SE,6,1345.02,2025-09-09,2024-05-06,113,6,1345.02,2,4,3,9,At Risk
CUST001120,DE,9,1646.14,2025-12-06,2024-05-07,25,9,1646.14,4,5,4,13,Champions
CUST002489,GB,6,1608.86,2025-09-27,2024-05-08,95,6,1608.86,2,4,3,9,At Risk
CUST002363,FR,1,303.36,2024-05-09,2024-05-09,601,1,303.36,1,1,1,3,Hibernating
CUST000578,IT,8,3070.51,2025-12-05,2024-05-10,26,8,3070.51,4,5,5,14,Champions
CUST002563,DE,5,984.27,2025-08-11,2024-05-11,142,5,984.27,2,3,2,7,At Risk
CUST002861,ES,10,2963.85,2025-12-27,2024-05-12,4,10,2963.85,5,5,5,15,Champions
CUST001933,GB,5,1737.32,2025-12-01,2024-05-13,30,5,1737.32,4,3,4,11,Loyal
CUST001515,DE,5,1490.36,2025-07-05,2024-05-15,179,5,1490.36,2,3,3,8,At Risk
CUST002355,NL,5,680.66,2025-12-28,2024-05-15,3,5,680.66,5,3,2,10,Loyal
CUST000142,FR,7,2041.77,2025-10-17,2024-05-16,75,7,2041.77,3,5,4,12,Potential Loyalist
CUST002849,GB,5,1795.61,2025-08-26,2024-05-18,127,5,1795.61,2,3,4,9,At Risk
CUST001949,FR,3,710.66,2025-06-21,2024-05-18,193,3,710.66,1,2,2,5,Hibernating
CUST002257,GB,11,3495.61,2025-08-10,2024-05-18,143,11,3495.61,2,5,5,12,At Risk
CUST003758,FR,4,2864.45,2025-09-08,2024-05-19,114,4,2864.45,2,2,5,9,Hibernating
CUST003747,NL,7,435.98,2025-12-02,2024-05-20,29,7,435.98,4,5,1,10,Loyal
CUST003389,DE,8,2698.72,2025-11-23,2024-05-21,38,8,2698.72,4,5,5,14,Champions
CUST000740,FR,7,4329.05,2025-12-31,2024-05-21,0,7,4329.05,5,5,5,15,Champions
CUST002830,DE,5,855.11,2025-01-14,2024-05-29,351,5,855.11,1,3,2,6,At Risk
CUST002196,FR,4,1818.18,2025-11-02,2024-06-01,59,4,1818.18,3,2,4,9,Potential Loyalist
CUST001596,GB,4,845.6,2025-11-09,2024-06-02,52,4,845.6,3,2,2,7,Potential Loyalist
CUST001469,IT,4,965.87,2025-08-17,2024-06-03,136,4,965.87,2,2,2,6,Hibernating
CUST001453,ES,5,907.06,2025-12-02,2024-06-04,29,5,907.06,4,3,2,9,Loyal
CUST002018,IT,7,1080.15,2025-09-28,2024-06-04,94,7,1080.15,2,5,2,9,At Risk
CUST002503,GB,4,2978.57,2025-12-12,2024-06-04,19,4,2978.57,4,2,5,11,Potential Loyalist
CUST000839,GB,8,1023.56,2025-12-29,2024-06-07,2,8,1023.56,5,5,2,12,Loyal
CUST003787,GB,4,1763.52,2025-02-12,2024-06-14,322,4,1763.52,1,2,4,7,Hibernating
CUST000067,DE,5,3332.62,2025-11-24,2024-06-17,37,5,3332.62,4,3,5,12,Loyal
CUST000869,ES,9,3827.92,2025-12-11,2024-06-20,20,9,3827.92,4,5,5,14,Champions
CUST000733,NL,10,1804.8,2025-12-26,2024-06-26,5,10,1804.8,5,5,4,14,Champions
CUST000730,DE,8,1628.74,2025-10-11,2024-06-26,81,8,1628.74,2,5,4,11,At Risk
CUST001715,DE,4,2811.92,2025-04-03,2024-06-27,272,4,2811.92,1,2,5,8,Hibernating
CUST003610,SE,6,1365.2,2025-11-07,2024-07-01,54,6,1365.2,3,4,3,10,Potential Loyalist
CUST000436,NL,3,658.6,2025-12-21,2024-07-03,10,3,658.6,5,2,2,9,Potential Loyalist
CUST002115,NL,4,1835.62,2025-02-15,2024-07-05,319,4,1835.62,1,2,4,7,Hibernating
CUST001659,FR,7,2734.26,2025-12-28,2024-07-05,3,7,2734.26,5,5,5,15,Champions
CUST001931,GB,6,1071.77,2025-09-05,2024-07-08,117,6,1071.77,2,4,2,8,At Risk
CUST000123,FR,1,909.91,2024-07-08,2024-07-08,541,1,909.91,1,1,2,4,Hibernating
CUST000549,GB,1,96.97,2024-07-14,2024-07-14,535,1,96.97,1,1,1,3,Hibernating
CUST002027,NL,7,1648.81,2025-12-18,2024-07-15,13,7,1648.81,5,5,4,14,Champions
CUST002555,DE,3,417.97,2025-08-17,2024-07-15,136,3,417.97,2,2,1,5,Hibernating
CUST000837,IT,6,2908.86,2025-09-17,2024-07-17,105,6,2908.86,2,4,5,11,At Risk
CUST000652,GB,4,531.12,2025-02-06,2024-07-19,328,4,531.12,1,2,1,4,Hibernating
CUST001961,DE,5,1370.06,2025-11-30,2024-07-21,31,5,1370.06,4,3,3,10,Loyal
CUST000561,NL,2,1630.21,2024-12-22,2024-07-23,374,2,1630.21,1,1,4,6,Hibernating
CUST002247,DE,4,790.61,2025-11-07,2024-07-25,54,4,790.61,3,2,2,7,Potential Loyalist
CUST000069,DE,4,796.36,2025-11-04,2024-07-26,57,4,796.36,3,2,2,7,Potential Loyalist
CUST003416,GB,10,4505.17,2025-11-22,2024-07-27,39,10,4505.17,3,5,5,13,Champions
CUST002006,ES,5,969.26,2025-03-12,2024-07-29,294,5,969.26,1,3,2,6,At Risk
CUST001930,DE,8,1536.1,2025-12-18,2024-07-30,13,8,1536.1,5,5,3,13,Champions
CUST002258,FR,5,1714.03,2025-12-08,2024-07-30,23,5,1714.03,4,3,4,11,Loyal
CUST000322,NL,5,1371.38,2025-11-30,2024-07-31,31,5,1371.38,4,3,3,10,Loyal
CUST000254,FR,2,100.69,2025-12-19,2024-08-03,12,2,100.69,5,1,1,7,Potential Loyalist
CUST000650,GB,1,299.44,2024-08-07,2024-08-07,511,1,299.44,1,1,1,3,Hibernating
CUST003242,FR,7,1822.65,2025-12-02,2024-08-08,29,7,1822.65,4,5,4,13,Champions
CUST003384,FR,6,1563.21,2025-11-20,2024-08-14,41,6,1563.21,3,4,3,10,Potential Loyalist
CUST000871,FR,3,1200.1,2025-10-14,2024-08-16,78,3,1200.1,3,2,3,8,Potential Loyalist
CUST002401,FR,2,798.62,2025-09-02,2024-08-18,120,2,798.62,2,1,2,5,Hibernating
CUST003735,DE,3,238.03,2025-10-18,2024-08-20,74,3,238.03,3,2,1,6,Potential Loyalist
CUST000037,FR,2,1254.56,2024-10-14,2024-08-22,443,2,1254.56,1,1,3,5,Hibernating
CUST002126,NL,3,421.74,2025-12-07,2024-08-23,24,3,421.74,4,2,1,7,Potential Loyalist
CUST002287,SE,3,647.82,2025-07-26,2024-08-30,158,3,647.82,2,2,1,5,Hibernating
CUST002755,IT,5,948.44,2025-12-20,2024-08-31,11,5,948.44,5,3,2,10,Loyal
CUST001978,FR,4,803.09,2025-05-03,2024-09-08,242,4,803.09,1,2,2,5,Hibernating
CUST002833,DE,6,1457.16,2025-11-22,2024-09-09,39,6,1457.16,3,4,3,10,Potential Loyalist
CUST001088,DE,6,1019.27,2025-09-11,2024-09-13,111,6,1019.27,2,4,2,8,At Risk
CUST001494,DE,5,1131.63,2025-11-05,2024-09-16,56,5,1131.63,3,3,3,9,Potential Loyalist
CUST001816,SE,5,540.28,2025-10-06,2024-09-16,86,5,540.28,2,3,1,6,At Risk
CUST003800,GB,4,610.96,2025-09-22,2024-09-18,100,4,610.96,2,2,1,5,Hibernating
CUST003454,FR,2,934.62,2025-11-09,2024-09-23,52,2,934.62,3,1,2,6,Potential Loyalist
CUST002235,NL,8,1299.8,2025-08-28,2024-09-24,125,8,1299.8,2,5,3,10,At Risk
CUST000039,NL,2,805.04,2025-08-12,2024-09-24,141,2,805.04,2,1,2,5,Hibernating
CUST000053,IT,3,1564.8,2025-12-04,2024-09-28,27,3,1564.8,4,2,3,9,Potential Loyalist
CUST000540,DE,8,2835.76,2025-10-05,2024-09-30,87,8,2835.76,2,5,5,12,At Risk
CUST002086,GB,7,1861.78,2025-09-23,2024-10-01,99,7,1861.78,2,5,4,11,At Risk
CUST003411,FR,7,1532.98,2025-12-07,2024-10-02,24,7,1532.98,4,5,3,12,Loyal
CUST003507,SE,4,807.14,2025-12-17,2024-10-03,14,4,807.14,5,2,2,9,Potential Loyalist
CUST003295,SE,2,832.26,2025-10-01,2024-10-13,91,2,832.26,2,1,2,5,Hibernating
CUST002695,SE,6,1286.4,2025-07-02,2024-10-14,182,6,1286.4,2,4,3,9,At Risk
CUST001526,FR,7,1752.18,2025-10-18,2024-10-17,74,7,1752.18,3,5,4,12,Potential Loyalist
CUST000907,ES,4,1293.51,2025-09-19,2024-10-24,103,4,1293.51,2,2,3,7,Hibernating
CUST001940,DE,7,2592.42,2025-10-16,2024-10-27,76,7,2592.42,3,5,5,13,Champions
CUST000281,IT,5,1324.29,2025-07-26,2024-10-28,158,5,1324.29,2,3,3,8,At Risk
CUST000867,DE,2,538.0,2025-03-13,2024-11-07,293,2,538.0,1,1,1,3,Hibernating
CUST002799,SE,4,705.18,2025-11-02,2024-11-09,59,4,705.18,3,2,2,7,Potential Loyalist
CUST001126,GB,3,346.08,2025-09-06,2024-11-11,116,3,346.08,2,2,1,5,Hibernating
CUST000925,FR,6,1756.18,2025-10-25,2024-11-11,67,6,1756.18,3,4,4,11,Potential Loyalist
CUST003775,NL,3,888.2,2025-10-16,2024-11-12,76,3,888.2,3,2,2,7,Potential Loyalist
CUST001576,DE,5,1756.35,2025-12-14,2024-11-14,17,5,1756.35,4,3,4,11,Loyal
CUST001802,NL,1,718.28,2024-11-16,2024-11-16,410,1,718.28,1,1,2,4,Hibernating
CUST001012,SE,2,224.0,2025-01-31,2024-11-17,334,2,224.0,1,1,1,3,Hibernating
CUST003134,GB,5,1752.97,2025-12-24,2024-11-20,7,5,1752.97,5,3,4,12,Loyal
CUST003095,DE,6,2099.48,2025-11-17,2024-11-21,44,6,2099.48,3,4,4,11,Potential Loyalist
CUST000492,GB,2,535.29,2025-04-10,2024-12-02,265,2,535.29,1,1,1,3,Hibernating
CUST001520,IT,4,772.7,2024-12-29,2024-12-02,367,4,772.7,1,2,2,5,Hibernating
CUST001090,DE,6,1874.62,2025-12-13,2024-12-03,18,6,1874.62,4,4,4,12,Loyal
CUST003966,ES,4,986.02,2025-06-03,2024-12-06,211,4,986.02,1,2,2,5,Hibernating
CUST003525,DE,5,570.65,2025-11-29,2024-12-10,32,5,570.65,4,3,1,8,Loyal
CUST002414,DE,2,951.07,2025-08-24,2024-12-14,129,2,951.07,2,1,2,5,Hibernating
CUST001405,NL,3,651.93,2025-05-10,2024-12-14,235,3,651.93,1,2,2,5,Hibernating
CUST000532,SE,4,929.12,2025-11-09,2024-12-15,52,4,929.12,3,2,2,7,Potential Loyalist
CUST002763,GB,1,59.32,2024-12-16,2024-12-16,380,1,59.32,1,1,1,3,Hibernating
CUST001662,GB,4,784.72,2025-12-07,2024-12-16,24,4,784.72,4,2,2,8,Potential Loyalist
CUST000778,NL,2,266.72,2025-01-11,2024-12-18,354,2,266.72,1,1,1,3,Hibernating
CUST000805,FR,2,964.84,2025-02-15,2024-12-26,319,2,964.84,1,1,2,4,Hibernating
CUST001264,GB,3,150.66,2025-12-30,2024-12-31,1,3,150.66,5,2,1,8,Potential Loyalist
CUST002399,GB,1,741.08,2025-01-03,2025-01-03,362,1,741.08,1,1,2,4,Hibernating
CUST000071,ES,4,1305.13,2025-12-07,2025-01-03,24,4,1305.13,4,2,3,9,Potential Loyalist
CUST002946,DE,4,768.72,2025-12-09,2025-01-09,22,4,768.72,4,2,2,8,Potential Loyalist
CUST000560,GB,3,1033.95,2025-09-28,2025-02-03,94,3,1033.95,2,2,2,6,Hibernating
CUST000498,DE,1,53.62,2025-02-04,2025-02-04,330,1,53.62,1,1,1,3,Hibernating
CUST000751,DE,6,1683.47,2025-12-21,2025-02-05,10,6,1683.47,5,4,4,13,Champions
CUST000021,GB,4,616.5,2025-07-08,2025-02-17,176,4,616.5,2,2,1,5,Hibernating
CUST000731,DE,2,265.42,2025-08-13,2025-02-28,140,2,265.42,2,1,1,4,Hibernating
CUST000821,ES,2,770.27,2025-07-20,2025-03-04,164,2,770.27,2,1,2,5,Hibernating
CUST002703,DE,5,936.42,2025-12-28,2025-03-08,3,5,936.42,5,3,2,10,Loyal
CUST003809,DE,4,606.76,2025-12-18,2025-03-11,13,4,606.76,5,2,1,8,Potential Loyalist
CUST003757,DE,2,152.03,2025-10-17,2025-03-12,75,2,152.03,3,1,1,5,Potential Loyalist
CUST003738,ES,3,443.78,2025-05-25,2025-03-14,220,3,443.78,1,2,1,4,Hibernating
CUST000452,GB,5,2068.34,2025-07-23,2025-03-19,161,5,2068.34,2,3,4,9,At Risk
CUST003509,ES,3,386.64,2025-12-22,2025-04-05,9,3,386.64,5,2,1,8,Potential Loyalist
CUST002097,GB,3,2087.38,2025-11-09,2025-05-21,52,3,2087.38,3,2,4,9,Potential Loyalist
CUST001262,ES,5,841.68,2025-12-19,2025-05-23,12,5,841.68,5,3,2,10,Loyal
CUST002004,DE,2,763.76,2025-09-11,2025-06-07,111,2,763.76,2,1,2,5,Hibernating
CUST001128,FR,1,113.36,2025-06-18,2025-06-18,196,1,113.36,1,1,1,3,Hibernating
CUST003103,IT,4,2589.55,2025-12-21,2025-08-06,10,4,2589.55,5,2,5,12,Potential Loyalist
CUST000698,GB,3,363.92,2025-10-30,2025-08-16,62,3,363.92,3,2,1,6,Potential Loyalist
CUST000282,FR,2,857.29,2025-10-09,2025-08-23,83,2,857.29,2,1,2,5,Hibernating
CUST002156,DE,2,863.86,2025-11-06,2025-09-03,55,2,863.86,3,1,2,6,Potential Loyalist
CUST001960,ES,1,221.96,2025-12-15,2025-12-15,16,1,221.96,5,1,1,7,Potential Loyalist
CUST002092,SE,6,708.45,2025-11-02,2024-01-04,59,6,708.45,3,4,2,9,Potential Loyalist
CUST000016,DE,9,3127.27,2025-12-31,2024-01-05,0,9,3127.27,5,5,5,15,Champions
CUST001714,GB,7,1753.11,2025-09-23,2024-01-07,99,7,1753.11,2,5,4,11,At Risk
CUST001189,FR,9,3083.89,2025-09-15,2024-01-07,107,9,3083.89,2,5,5,12,At Risk
CUST001268,GB,7,2608.94,2025-07-27,2024-01-08,157,7,2608.94,2,5,5,12,At Risk
CUST001364,GB,8,2515.26,2025-12-26,2024-01-09,5,8,2515.26,5,5,5,15,Champions
CUST000974,DE,2,926.97,2025-12-02,2024-01-09,29,2,926.97,4,1,2,7,Potential Loyalist
CUST000686,GB,9,2824.52,2025-12-05,2024-01-09,26,9,2824.52,4,5,5,14,Champions
CUST002770,NL,5,1534.73,2025-03-16,2024-01-10,290,5,1534.73,1,3,3,7,At Risk
CUST001584,GB,6,2989.45,2025-10-04,2024-01-10,88,6,2989.45,2,4,5,11,At Risk
CUST000535,ES,7,3028.29,2025-12-26,2024-01-11,5,7,3028.29,5,5,5,15,Champions
CUST001101,DE,3,702.63,2025-10-16,2024-01-11,76,3,702.63,3,2,2,7,Potential Loyalist
CUST003732,SE,4,810.67,2025-11-05,2024-01-12,56,4,810.67,3,2,2,7,Potential Loyalist
CUST003077,IT,7,2069.87,2025-11-27,2024-01-13,34,7,2069.87,4,5,4,13,Champions
CUST000748,GB,4,1115.95,2025-12-07,2024-01-13,24,4,1115.95,4,2,3,9,Potential Loyalist
CUST000418,FR,5,3439.74,2025-11-16,2024-01-13,45,5,3439.74,3,3,5,11,Potential Loyalist
CUST000757,GB,6,3948.65,2025-09-07,2024-01-14,115,6,3948.65,2,4,5,11,At Risk
CUST002098,GB,10,3169.04,2025-10-23,2024-01-14,69,10,3169.04,3,5,5,13,Champions
CUST000368,IT,8,3557.0,2025-11-20,2024-01-14,41,8,3557.0,3,5,5,13,Champions
CUST003841,GB,3,702.68,2025-03-30,2024-01-15,276,3,702.68,1,2,2,5,Hibernating
CUST003467,GB,7,2411.5,2025-12-23,2024-01-16,8,7,2411.5,5,5,5,15,Champions
CUST001791,DE,7,1448.46,2025-12-28,2024-01-18,3,7,1448.46,5,5,3,13,Champions
CUST003545,ES,8,1752.76,2025-11-16,2024-01-18,45,8,1752.76,3,5,4,12,Potential Loyalist
CUST002180,GB,8,2216.54,2025-11-08,2024-01-20,53,8,2216.54,3,5,4,12,Potential Loyalist
CUST000271,ES,7,2477.53,2025-12-01,2024-01-20,30,7,2477.53,4,5,5,14,Champions
CUST000775,ES,9,3133.28,2025-10-25,2024-01-20,67,9,3133.28,3,5,5,13,Champions
CUST001668,IT,8,2328.54,2025-10-08,2024-01-21,84,8,2328.54,2,5,4,11,At Risk
CUST002415,GB,3,1276.77,2024-03-25,2024-01-24,646,3,1276.77,1,2,3,6,Hibernating
CUST003740,GB,10,4431.67,2025-08-06,2024-01-25,147,10,4431.67,2,5,5,12,At Risk
CUST003170,FR,8,1182.43,2025-11-28,2024-01-26,33,8,1182.43,4,5,3,12,Loyal
CUST001871,ES,5,1743.23,2025-10-22,2024-01-26,70,5,1743.23,3,3,4,10,Potential Loyalist
CUST000946,DE,3,803.98,2025-11-16,2024-01-28,45,3,803.98,3,2,2,7,Potential Loyalist
CUST003629,ES,6,2085.19,2025-12-18,2024-01-28,13,6,2085.19,5,4,4,13,Champions
CUST003143,GB,7,2509.1,2025-11-13,2024-01-29,48,7,2509.1,3,5,5,13,Champions
CUST001481,ES,7,1924.05,2025-12-14,2024-01-30,17,7,1924.05,4,5,4,13,Champions
CUST002677,FR,2,1383.29,2025-03-24,2024-01-31,282,2,1383.29,1,1,3,5,Hibernating
CUST000239,GB,4,609.62,2025-07-26,2024-01-31,158,4,609.62,2,2,1,5,Hibernating
CUST000617,DE,4,446.09,2025-11-22,2024-02-01,39,4,446.09,3,2,1,6,Potential Loyalist
CUST002456,DE,8,1337.85,2025-08-25,2024-02-01,128,8,1337.85,2,5,3,10,At Risk
CUST002570,IT,9,2427.33,2025-10-13,2024-02-01,79,9,2427.33,3,5,5,13,Champions
CUST000573,FR,6,1541.66,2025-11-08,2024-02-02,53,6,1541.66,3,4,3,10,Potential Loyalist
CUST002233,IT,4,850.36,2025-04-30,2024-02-02,245,4,850.36,1,2,2,5,Hibernating
CUST000497,GB,8,2512.73,2025-11-23,2024-02-02,38,8,2512.73,4,5,5,14,Champions
CUST002857,DE,8,1090.41,2025-11-27,2024-02-02,34,8,1090.41,4,5,2,11,Loyal
CUST003622,DE,7,1100.81,2025-11-14,2024-02-03,47,7,1100.81,3,5,2,10,Potential Loyalist
CUST003024,FR,11,4631.35,2025-12-03,2024-02-03,28,11,4631.35,4,5,5,14,Champions
CUST001184,IT,5,1557.13,2025-12-04,2024-02-03,27,5,1557.13,4,3,3,10,Loyal
CUST002913,NL,6,2335.48,2025-12-03,2024-02-06,28,6,2335.48,4,4,4,12,Loyal
CUST001279,DE,5,1011.69,2025-12-07,2024-02-09,24,5,1011.69,4,3,2,9,Loyal
CUST001042,ES,4,1386.44,2025-12-20,2024-02-09,11,4,1386.44,5,2,3,10,Potential Loyalist
CUST000816,GB,7,1994.25,2025-11-11,2024-02-09,50,7,1994.25,3,5,4,12,Potential Loyalist
CUST003761,DE,8,2060.59,2025-11-24,2024-02-09,37,8,2060.59,4,5,4,13,Champions
CUST002420,FR,3,470.29,2025-11-22,2024-02-09,39,3,470.29,3,2,1,6,Potential Loyalist
CUST002366,DE,7,615.49,2025-08-21,2024-02-10,132,7,615.49,2,5,1,8,At Risk
CUST001948,DE,4,1909.46,2024-11-23,2024-02-10,403,4,1909.46,1,2,4,7,Hibernating
CUST001869,DE,3,372.44,2025-10-16,2024-02-12,76,3,372.44,3,2,1,6,Potential Loyalist
CUST001593,DE,4,387.25,2025-11-18,2024-02-13,43,4,387.25,3,2,1,6,Potential Loyalist
CUST000606,GB,6,1557.08,2025-11-29,2024-02-13,32,6,1557.08,4,4,3,11,Loyal
CUST002251,DE,6,689.07,2025-11-12,2024-02-14,49,6,689.07,3,4,2,9,Potential Loyalist
CUST002191,FR,6,619.46,2025-11-26,2024-02-14,35,6,619.46,4,4,1,9,Loyal
CUST001789,DE,5,1555.81,2025-12-10,2024-02-16,21,5,1555.81,4,3,3,10,Loyal
CUST002050,DE,6,1773.46,2025-05-08,2024-02-17,237,6,1773.46,1,4,4,9,At Risk
CUST000379,ES,5,1933.77,2025-10-12,2024-02-17,80,5,1933.77,2,3,4,9,At Risk
CUST001180,GB,6,4269.89,2025-12-01,2024-02-18,30,6,4269.89,4,4,5,13,Champions
CUST002835,FR,8,2474.79,2025-12-15,2024-02-20,16,8,2474.79,5,5,5,15,Champions
CUST000269,FR,3,643.59,2025-11-24,2024-02-22,37,3,643.59,4,2,1,7,Potential Loyalist
CUST003751,IT,4,551.73,2025-03-25,2024-02-22,281,4,551.73,1,2,1,4,Hibernating
CUST003356,DE,4,466.53,2025-11-13,2024-02-22,48,4,466.53,3,2,1,6,Potential Loyalist
CUST001416,IT,6,747.23,2024-12-23,2024-02-24,373,6,747.23,1,4,2,7,At Risk
CUST002743,DE,7,2218.53,2025-03-10,2024-02-26,296,7,2218.53,1,5,4,10,At Risk
CUST000205,GB,11,3451.1,2025-09-22,2024-02-27,100,11,3451.1,2,5,5,12,At Risk
CUST000882,NL,5,2155.75,2025-12-15,2024-02-28,16,5,2155.75,5,3,4,12,Loyal
CUST001973,FR,4,5184.12,2025-07-24,2024-03-01,160,4,5184.12,2,2,5,9,Hibernating
CUST001701,SE,8,1189.71,2025-11-08,2024-03-02,53,8,1189.71,3,5,3,11,Potential Loyalist
CUST000124,DE,4,329.11,2025-11-02,2024-03-03,59,4,329.11,3,2,1,6,Potential Loyalist
CUST001408,ES,7,3118.31,2025-11-10,2024-03-03,51,7,3118.31,3,5,5,13,Champions
CUST000575,ES,6,1881.33,2025-08-30,2024-03-05,123,6,1881.33,2,4,4,10,At Risk
CUST002428,SE,6,1181.23,2025-10-19,2024-03-06,73,6,1181.23,3,4,3,10,Potential Loyalist
CUST000618,FR,6,1226.13,2025-12-05,2024-03-08,26,6,1226.13,4,4,3,11,Loyal
CUST001322,DE,7,1893.41,2025-10-24,2024-03-09,68,7,1893.41,3,5,4,12,Potential Loyalist
CUST003277,ES,6,1603.55,2025-12-15,2024-03-09,16,6,1603.55,5,4,3,12,Loyal
CUST002624,IT,5,1619.95,2025-12-15,2024-03-11,16,5,1619.95,5,3,4,12,Loyal
CUST003212,NL,13,4613.25,2025-11-16,2024-03-12,45,13,4613.25,3,5,5,13,Champions
CUST000008,ES,4,961.02,2025-10-03,2024-03-13,89,4,961.02,2,2,2,6,Hibernating
CUST001837,DE,6,628.26,2025-10-26,2024-03-14,66,6,628.26,3,4,1,8,Potential Loyalist
CUST001805,FR,4,1402.1,2025-05-05,2024-03-14,240,4,1402.1,1,2,3,6,Hibernating
CUST002847,ES,7,2402.16,2025-10-17,2024-03-14,75,7,2402.16,3,5,5,13,Champions
CUST002189,ES,2,552.44,2024-11-14,2024-03-17,412,2,552.44,1,1,1,3,Hibernating
CUST003396,SE,7,1361.63,2025-11-21,2024-03-17,40,7,1361.63,3,5,3,11,Potential Loyalist
CUST002240,DE,6,1890.45,2025-12-02,2024-03-17,29,6,1890.45,4,4,4,12,Loyal
CUST001780,ES,6,3155.92,2025-10-07,2024-03-18,85,6,3155.92,2,4,5,11,At Risk
CUST003662,GB,5,1554.65,2025-12-31,2024-03-18,0,5,1554.65,5,3,3,11,Loyal
CUST000758,GB,7,517.71,2025-09-24,2024-03-19,98,7,517.71,2,5,1,8,At Risk
CUST003326,ES,7,2473.93,2025-05-05,2024-03-19,240,7,2473.93,1,5,5,11,At Risk
CUST003778,GB,7,3016.08,2025-09-13,2024-03-20,109,7,3016.08,2,5,5,12,At Risk
CUST001514,DE,7,1663.8,2025-10-02,2024-03-21,90,7,1663.8,2,5,4,11,At Risk
CUST000548,NL,6,2297.77,2025-12-31,2024-03-22,0,6,2297.77,5,4,4,13,Champions
CUST000627,GB,2,166.32,2025-07-01,2024-03-22,183,2,166.32,2,1,1,4,Hibernating
CUST002496,GB,7,2557.04,2025-07-29,2024-03-23,155,7,2557.04,2,5,5,12,At Risk
CUST000881,DE,5,2411.23,2025-05-29,2024-03-24,216,5,2411.23,1,3,5,9,At Risk
CUST001362,DE,11,2967.07,2025-12-30,2024-03-26,1,11,2967.07,5,5,5,15,Champions
CUST002036,FR,8,3515.04,2025-12-20,2024-03-27,11,8,3515.04,5,5,5,15,Champions
CUST002873,IT,6,956.75,2025-12-19,2024-03-28,12,6,956.75,5,4,2,11,Loyal
CUST000054,IT,7,3005.48,2025-04-04,2024-03-29,271,7,3005.48,1,5,5,11,At Risk
CUST003088,DE,5,978.4,2025-09-14,2024-03-30,108,5,978.4,2,3,2,7,At Risk
CUST003934,DE,7,2137.77,2025-12-15,2024-03-30,16,7,2137.77,5,5,4,14,Champions
CUST001095,DE,5,2363.21,2025-12-20,2024-03-30,11,5,2363.21,5,3,4,12,Loyal
CUST000417,FR,10,3138.46,2025-12-26,2024-03-30,5,10,3138.46,5,5,5,15,Champions
CUST001772,ES,3,475.25,2025-12-24,2024-03-31,7,3,475.25,5,2,1,8,Potential Loyalist
CUST002543,ES,4,1148.8,2025-11-25,2024-04-02,36,4,1148.8,4,2,3,9,Potential Loyalist
CUST000427,FR,6,2080.79,2025-09-03,2024-04-02,119,6,2080.79,2,4,4,10,At Risk
CUST002858,DE,4,387.88,2025-10-11,2024-04-03,81,4,387.88,2,2,1,5,Hibernating
CUST002848,FR,5,861.84,2025-12-25,2024-04-04,6,5,861.84,5,3,2,10,Loyal
CUST001839,IT,3,1462.26,2025-04-27,2024-04-05,248,3,1462.26,1,2,3,6,Hibernating
CUST002566,FR,10,976.69,2025-12-29,2024-04-07,2,10,976.69,5,5,2,12,Loyal
CUST003471,DE,4,533.29,2025-10-22,2024-04-08,70,4,533.29,3,2,1,6,Potential Loyalist
CUST000404,ES,6,735.14,2025-12-26,2024-04-11,5,6,735.14,5,4,2,11,Loyal
CUST003845,DE,10,4551.25,2025-12-27,2024-04-18,4,10,4551.25,5,5,5,15,Champions
CUST003874,ES,4,470.39,2025-12-18,2024-04-18,13,4,470.39,5,2,1,8,Potential Loyalist
CUST000081,ES,4,2736.97,2025-02-03,2024-04-19,331,4,2736.97,1,2,5,8,Hibernating
CUST003288,ES,10,1767.16,2025-10-01,2024-04-19,91,10,1767.16,2,5,4,11,At Risk
CUST000697,FR,7,2508.17,2025-09-21,2024-04-19,101,7,2508.17,2,5,5,12,At Risk
CUST000237,FR,3,162.51,2025-10-06,2024-04-21,86,3,162.51,2,2,1,5,Hibernating
CUST000465,SE,7,2161.33,2025-07-16,2024-04-22,168,7,2161.33,2,5,4,11,At Risk
CUST000941,FR,7,2067.14,2025-12-21,2024-04-22,10,7,2067.14,5,5,4,14,Champions
CUST003541,DE,5,661.43,2025-02-26,2024-04-24,308,5,661.43,1,3,2,6,At Risk
CUST003659,GB,6,2472.65,2025-12-21,2024-04-26,10,6,2472.65,5,4,5,14,Champions
CUST003290,DE,2,211.17,2024-08-16,2024-04-27,502,2,211.17,1,1,1,3,Hibernating
CUST001591,NL,4,1558.38,2025-10-14,2024-04-29,78,4,1558.38,3,2,3,8,Potential Loyalist
CUST001894,DE,4,1374.23,2025-08-04,2024-05-02,149,4,1374.23,2,2,3,7,Hibernating
CUST000253,ES,6,1110.78,2025-12-30,2024-05-05,1,6,1110.78,5,4,2,11,Loyal
CUST001454,GB,5,875.17,2025-12-20,2024-05-07,11,5,875.17,5,3,2,10,Loyal
CUST001329,NL,5,678.79,2025-12-07,2024-05-09,24,5,678.79,4,3,2,9,Loyal
CUST003090,FR,3,420.82,2025-12-30,2024-05-09,1,3,420.82,5,2,1,8,Potential Loyalist
CUST001191,DE,5,2923.82,2025-12-27,2024-05-13,4,5,2923.82,5,3,5,13,Champions
CUST003760,ES,4,228.88,2025-01-27,2024-05-14,338,4,228.88,1,2,1,4,Hibernating
CUST003469,ES,7,2012.78,2025-12-18,2024-05-15,13,7,2012.78,5,5,4,14,Champions
CUST003733,FR,4,1771.4,2025-12-19,2024-05-15,12,4,1771.4,5,2,4,11,Potential Loyalist
CUST001867,DE,5,2031.66,2025-12-25,2024-05-16,6,5,2031.66,5,3,4,12,Loyal
CUST003328,GB,4,833.3,2025-11-20,2024-05-18,41,4,833.3,3,2,2,7,Potential Loyalist
CUST003955,DE,6,2768.13,2025-08-04,2024-05-20,149,6,2768.13,2,4,5,11,At Risk
CUST002907,SE,6,1544.02,2025-11-28,2024-05-21,33,6,1544.02,4,4,3,11,Loyal
CUST001580,GB,6,1614.8,2025-12-12,2024-05-25,19,6,1614.8,4,4,3,11,Loyal
CUST003166,GB,7,1186.72,2025-12-01,2024-05-25,30,7,1186.72,4,5,3,12,Loyal
CUST000665,DE,4,436.64,2025-11-18,2024-05-25,43,4,436.64,3,2,1,6,Potential Loyalist
CUST001935,NL,4,454.96,2025-11-25,2024-05-25,36,4,454.96,4,2,1,7,Potential Loyalist
CUST001821,DE,7,3509.5,2025-12-13,2024-05-26,18,7,3509.5,4,5,5,14,Champions
CUST001023,IT,4,1344.05,2025-12-09,2024-05-28,22,4,1344.05,4,2,3,9,Potential Loyalist
CUST003437,DE,6,1303.35,2025-10-10,2024-05-29,82,6,1303.35,2,4,3,9,At Risk
CUST000406,IT,4,1451.11,2025-12-28,2024-05-30,3,4,1451.11,5,2,3,10,Potential Loyalist
CUST000787,GB,6,1439.27,2025-10-03,2024-05-30,89,6,1439.27,2,4,3,9,At Risk
CUST000619,ES,4,575.52,2025-06-15,2024-06-01,199,4,575.52,1,2,1,4,Hibernating
CUST002644,GB,5,1232.09,2025-12-17,2024-06-01,14,5,1232.09,5,3,3,11,Loyal
CUST000419,NL,8,2330.75,2025-12-30,2024-06-02,1,8,2330.75,5,5,4,14,Champions
CUST001784,GB,4,510.09,2025-02-05,2024-06-03,329,4,510.09,1,2,1,4,Hibernating
CUST002476,ES,6,3909.23,2025-10-19,2024-06-04,73,6,3909.23,3,4,5,12,Potential Loyalist
CUST003730,GB,7,5736.51,2025-11-29,2024-06-06,32,7,5736.51,4,5,5,14,Champions
CUST001610,GB,4,309.41,2025-11-26,2024-06-07,35,4,309.41,4,2,1,7,Potential Loyalist
CUST002114,IT,5,1718.85,2025-12-06,2024-06-09,25,5,1718.85,4,3,4,11,Loyal
CUST002193,NL,7,1717.45,2025-07-05,2024-06-13,179,7,1717.45,2,5,4,11,At Risk
CUST001793,GB,4,238.47,2025-05-26,2024-06-14,219,4,238.47,1,2,1,4,Hibernating
CUST001853,ES,5,2459.58,2025-08-03,2024-06-15,150,5,2459.58,2,3,5,10,At Risk
CUST001938,ES,7,1206.88,2025-08-28,2024-06-15,125,7,1206.88,2,5,3,10,At Risk
CUST003012,FR,5,852.32,2025-11-14,2024-06-17,47,5,852.32,3,3,2,8,Potential Loyalist
CUST000685,IT,4,159.52,2025-07-29,2024-06-17,155,4,159.52,2,2,1,5,Hibernating
CUST003421,ES,4,565.92,2025-12-24,2024-06-18,7,4,565.92,5,2,1,8,Potential Loyalist
CUST002887,GB,8,2641.52,2025-12-14,2024-06-18,17,8,2641.52,4,5,5,14,Champions
CUST001501,GB,6,997.06,2025-10-25,2024-06-20,67,6,997.06,3,4,2,9,Potential Loyalist
CUST000002,SE,6,964.03,2025-09-16,2024-06-22,106,6,964.03,2,4,2,8,At Risk
CUST000267,NL,4,1606.34,2025-04-24,2024-06-23,251,4,1606.34,1,2,3,6,Hibernating
CUST001572,DE,4,943.04,2025-12-08,2024-06-30,23,4,943.04,4,2,2,8,Potential Loyalist
CUST001193,FR,2,1141.73,2025-11-22,2024-07-06,39,2,1141.73,3,1,3,7,Potential Loyalist
CUST002875,ES,3,504.27,2025-08-04,2024-07-07,149,3,504.27,2,2,1,5,Hibernating
CUST000557,DE,4,942.26,2025-11-17,2024-07-08,44,4,942.26,3,2,2,7,Potential Loyalist
CUST002230,FR,6,564.14,2025-03-07,2024-07-10,299,6,564.14,1,4,1,6,At Risk
CUST003999,GB,4,1495.76,2025-12-24,2024-07-16,7,4,1495.76,5,2,3,10,Potential Loyalist
CUST003731,DE,4,276.42,2025-10-30,2024-07-17,62,4,276.42,3,2,1,6,Potential Loyalist
CUST000144,FR,5,1884.71,2025-12-04,2024-07-21,27,5,1884.71,4,3,4,11,Loyal
CUST000486,IT,6,3887.39,2025-12-07,2024-08-02,24,6,3887.39,4,4,5,13,Champions
CUST002343,DE,4,2132.87,2025-12-28,2024-08-03,3,4,2132.87,5,2,4,11,Potential Loyalist
CUST002925,FR,6,1747.31,2025-09-24,2024-08-07,98,6,1747.31,2,4,4,10,At Risk
CUST000604,DE,5,1127.31,2025-12-09,2024-08-10,22,5,1127.31,4,3,3,10,Loyal
CUST001411,DE,3,836.41,2025-10-20,2024-08-15,72,3,836.41,3,2,2,7,Potential Loyalist
CUST003439,IT,7,1555.82,2025-11-24,2024-08-16,37,7,1555.82,4,5,3,12,Loyal
CUST001679,DE,6,644.56,2025-12-31,2024-08-20,0,6,644.56,5,4,1,10,Loyal
CUST000854,IT,6,1608.52,2025-11-30,2024-08-20,31,6,1608.52,4,4,3,11,Loyal
CUST002249,GB,5,1196.26,2025-12-30,2024-08-23,1,5,1196.26,5,3,3,11,Loyal
CUST000294,FR,3,1306.79,2025-03-29,2024-09-01,277,3,1306.79,1,2,3,6,Hibernating
CUST000747,FR,2,569.83,2024-10-04,2024-09-06,453,2,569.83,1,1,1,3,Hibernating
CUST003044,FR,5,2547.36,2025-12-12,2024-09-08,19,5,2547.36,4,3,5,12,Loyal
CUST001947,FR,5,2032.41,2025-12-20,2024-09-12,11,5,2032.41,5,3,4,12,Loyal
CUST000808,IT,6,1448.8,2025-12-16,2024-09-15,15,6,1448.8,5,4,3,12,Loyal
CUST003224,DE,7,1637.99,2025-12-20,2024-09-16,11,7,1637.99,5,5,4,14,Champions
CUST000221,NL,4,2059.55,2025-07-08,2024-09-24,176,4,2059.55,2,2,4,8,Hibernating
CUST000112,DE,3,244.15,2025-05-07,2024-09-27,238,3,244.15,1,2,1,4,Hibernating
CUST001114,GB,5,1419.77,2025-12-13,2024-09-30,18,5,1419.77,4,3,3,10,Loyal
CUST003749,FR,2,184.26,2025-11-17,2024-10-01,44,2,184.26,3,1,1,5,Potential Loyalist
CUST002278,GB,7,2124.55,2025-12-06,2024-10-03,25,7,2124.55,4,5,4,13,Champions
CUST000547,DE,6,1126.18,2025-12-03,2024-10-03,28,6,1126.18,4,4,3,11,Loyal
CUST002612,DE,3,166.16,2025-09-28,2024-10-04,94,3,166.16,2,2,1,5,Hibernating
CUST001359,FR,4,1845.7,2025-10-30,2024-10-08,62,4,1845.7,3,2,4,9,Potential Loyalist
CUST003315,DE,4,1697.62,2025-12-20,2024-10-08,11,4,1697.62,5,2,4,11,Potential Loyalist
CUST003546,DE,4,2931.91,2025-07-01,2024-10-10,183,4,2931.91,2,2,5,9,Hibernating
CUST000945,DE,5,1836.48,2025-11-28,2024-10-11,33,5,1836.48,4,3,4,11,Loyal
CUST000177,NL,3,378.32,2025-11-25,2024-10-16,36,3,378.32,4,2,1,7,Potential Loyalist
CUST001589,FR,3,222.72,2025-07-13,2024-10-17,171,3,222.72,2,2,1,5,Hibernating
CUST001172,SE,2,409.23,2025-04-26,2024-10-19,249,2,409.23,1,1,1,3,Hibernating
CUST000188,GB,3,232.21,2025-11-20,2024-10-20,41,3,232.21,3,2,1,6,Potential Loyalist
CUST002690,FR,3,242.75,2025-11-30,2024-10-26,31,3,242.75,4,2,1,7,Potential Loyalist
CUST002688,FR,4,2350.52,2025-11-28,2024-10-28,33,4,2350.52,4,2,4,10,Potential Loyalist
CUST002083,GB,6,3089.27,2025-11-28,2024-10-31,33,6,3089.27,4,4,5,13,Champions
CUST000802,DE,2,375.74,2025-07-26,2024-11-03,158,2,375.74,2,1,1,4,Hibernating
CUST002184,FR,3,1031.67,2025-08-04,2024-11-09,149,3,1031.67,2,2,2,6,Hibernating
CUST002260,FR,7,897.96,2025-09-04,2024-11-10,118,7,897.96,2,5,2,9,At Risk
CUST000558,DE,3,439.19,2025-10-10,2024-11-14,82,3,439.19,2,2,1,5,Hibernating
CUST003405,NL,7,1000.86,2025-12-26,2024-11-17,5,7,1000.86,5,5,2,12,Loyal
CUST001975,FR,4,981.24,2025-11-22,2024-11-23,39,4,981.24,3,2,2,7,Potential Loyalist
CUST000310,FR,5,3208.75,2025-12-21,2024-11-25,10,5,3208.75,5,3,5,13,Champions
CUST003963,DE,5,1205.35,2025-06-01,2024-11-27,213,5,1205.35,1,3,3,7,At Risk
CUST000738,ES,10,1881.36,2025-12-26,2024-11-27,5,10,1881.36,5,5,4,14,Champions
CUST003846,NL,2,214.3,2025-05-17,2024-11-30,228,2,214.3,1,1,1,3,Hibernating
CUST000485,GB,2,1406.65,2025-03-01,2024-11-30,305,2,1406.65,1,1,3,5,Hibernating
CUST000587,DE,3,500.02,2025-12-04,2024-12-01,27,3,500.02,4,2,1,7,Potential Loyalist
CUST001402,DE,6,1817.97,2025-11-27,2024-12-01,34,6,1817.97,4,4,4,12,Loyal
CUST003320,ES,6,2404.43,2025-09-28,2024-12-07,94,6,2404.43,2,4,5,11,At Risk
CUST000735,FR,4,1579.13,2025-11-01,2024-12-10,60,4,1579.13,3,2,3,8,Potential Loyalist
CUST001958,FR,4,1156.25,2025-09-13,2024-12-10,109,4,1156.25,2,2,3,7,Hibernating
CUST003453,NL,4,456.55,2025-11-28,2024-12-12,33,4,456.55,4,2,1,7,Potential Loyalist
CUST002052,GB,8,1937.26,2025-11-04,2024-12-14,57,8,1937.26,3,5,4,12,Potential Loyalist
CUST002766,SE,8,4664.27,2025-12-25,2024-12-15,6,8,4664.27,5,5,5,15,Champions
CUST003574,SE,4,1133.89,2025-11-17,2024-12-23,44,4,1133.89,3,2,3,8,Potential Loyalist
CUST003376,ES,5,506.36,2025-11-10,2024-12-23,51,5,506.36,3,3,1,7,Potential Loyalist
CUST003664,DE,3,1380.36,2025-11-02,2024-12-30,59,3,1380.36,3,2,3,8,Potential Loyalist
CUST002231,NL,5,752.73,2025-11-09,2025-01-06,52,5,752.73,3,3,2,8,Potential Loyalist
CUST003244,NL,1,278.96,2025-01-11,2025-01-11,354,1,278.96,1,1,1,3,Hibernating
CUST000190,DE,5,1123.35,2025-09-07,2025-01-13,115,5,1123.35,2,3,3,8,At Risk
CUST002909,FR,2,1505.29,2025-01-21,2025-01-14,344,2,1505.29,1,1,3,5,Hibernating
CUST001482,DE,4,959.68,2025-12-30,2025-01-30,1,4,959.68,5,2,2,9,Potential Loyalist
CUST000538,DE,4,1960.66,2025-12-10,2025-01-31,21,4,1960.66,4,2,4,10,Potential Loyalist
CUST002370,NL,1,78.11,2025-02-15,2025-02-15,319,1,78.11,1,1,1,3,Hibernating
CUST000011,DE,3,171.37,2025-12-13,2025-03-09,18,3,171.37,4,2,1,7,Potential Loyalist
CUST002101,IT,9,1753.45,2025-12-31,2025-03-15,0,9,1753.45,5,5,4,14,Champions
CUST001957,GB,2,1078.41,2025-12-12,2025-03-18,19,2,1078.41,4,1,2,7,Potential Loyalist
CUST003494,IT,2,327.25,2025-03-26,2025-03-19,280,2,327.25,1,1,1,3,Hibernating
CUST002426,IT,2,220.2,2025-11-08,2025-03-19,53,2,220.2,3,1,1,5,Potential Loyalist
CUST000082,GB,4,1974.12,2025-12-04,2025-03-23,27,4,1974.12,4,2,4,10,Potential Loyalist
CUST003903,IT,3,417.29,2025-11-28,2025-04-18,33,3,417.29,4,2,1,7,Potential Loyalist
CUST001987,NL,1,77.76,2025-04-19,2025-04-19,256,1,77.76,1,1,1,3,Hibernating
CUST000811,SE,4,469.89,2025-12-08,2025-05-11,23,4,469.89,4,2,1,7,Potential Loyalist
CUST001210,SE,1,629.92,2025-05-31,2025-05-31,214,1,629.92,1,1,1,3,Hibernating
CUST002838,DE,5,1103.35,2025-12-29,2025-06-12,2,5,1103.35,5,3,2,10,Loyal
CUST002900,DE,3,596.44,2025-10-05,2025-06-28,87,3,596.44,2,2,1,5,Hibernating
CUST002261,ES,2,778.79,2025-12-18,2025-07-06,13,2,778.79,5,1,2,8,Potential Loyalist
CUST002172,DE,2,438.84,2025-11-01,2025-09-05,60,2,438.84,3,1,1,5,Potential Loyalist
CUST000773,DE,1,230.11,2025-10-22,2025-10-22,70,1,230.11,3,1,1,5,Potential Loyalist
CUST002232,DE,2,899.94,2025-12-23,2025-11-30,8,2,899.94,5,1,2,8,Potential Loyalist
CUST003419,DE,6,1659.78,2025-10-15,2024-01-01,77,6,1659.78,3,4,4,11,Potential Loyalist
CUST000534,GB,6,2095.58,2025-12-22,2024-01-03,9,6,2095.58,5,4,4,13,Champions
CUST002551,FR,6,3035.43,2025-12-25,2024-01-03,6,6,3035.43,5,4,5,14,Champions
CUST002124,FR,7,2382.33,2025-11-15,2024-01-03,46,7,2382.33,3,5,5,13,Champions
CUST001498,GB,7,1440.05,2025-05-27,2024-01-04,218,7,1440.05,1,5,3,9,At Risk
CUST001436,DE,7,3467.0,2025-11-03,2024-01-04,58,7,3467.0,3,5,5,13,Champions
CUST000637,GB,8,1745.7,2025-11-02,2024-01-05,59,8,1745.7,3,5,4,12,Potential Loyalist
CUST003486,GB,7,2624.26,2025-03-12,2024-01-07,294,7,2624.26,1,5,5,11,At Risk
CUST000962,GB,1,80.27,2024-01-08,2024-01-08,723,1,80.27,1,1,1,3,Hibernating
CUST000172,DE,7,1624.98,2025-12-05,2024-01-09,26,7,1624.98,4,5,4,13,Champions
CUST002968,GB,5,608.06,2025-10-11,2024-01-10,81,5,608.06,2,3,1,6,At Risk
CUST001827,DE,9,2179.23,2025-08-19,2024-01-11,134,9,2179.23,2,5,4,11,At Risk
CUST001788,GB,4,595.18,2025-12-31,2024-01-11,0,4,595.18,5,2,1,8,Potential Loyalist
CUST001015,NL,6,1230.62,2025-06-03,2024-01-12,211,6,1230.62,1,4,3,8,At Risk
CUST000892,ES,9,2650.03,2025-12-04,2024-01-12,27,9,2650.03,4,5,5,14,Champions
CUST002360,DE,5,1705.12,2025-12-31,2024-01-13,0,5,1705.12,5,3,4,12,Loyal
CUST000218,NL,4,653.79,2025-10-20,2024-01-13,72,4,653.79,3,2,2,7,Potential Loyalist
CUST003822,FR,9,3415.78,2025-12-05,2024-01-14,26,9,3415.78,4,5,5,14,Champions
CUST002340,FR,7,1889.29,2025-08-21,2024-01-14,132,7,1889.29,2,5,4,11,At Risk
CUST003395,IT,7,1239.69,2025-11-30,2024-01-15,31,7,1239.69,4,5,3,12,Loyal
CUST001600,IT,4,1089.55,2025-11-30,2024-01-15,31,4,1089.55,4,2,2,8,Potential Loyalist
CUST003091,GB,5,833.24,2025-12-18,2024-01-16,13,5,833.24,5,3,2,10,Loyal
CUST000734,GB,4,525.5,2024-12-29,2024-01-16,367,4,525.5,1,2,1,4,Hibernating
CUST003958,FR,6,3268.92,2025-12-22,2024-01-17,9,6,3268.92,5,4,5,14,Champions
CUST000763,DE,10,2532.67,2025-12-02,2024-01-18,29,10,2532.67,4,5,5,14,Champions
CUST001886,GB,4,1072.97,2025-12-22,2024-01-19,9,4,1072.97,5,2,2,9,Potential Loyalist
CUST002855,DE,4,3440.32,2025-12-24,2024-01-20,7,4,3440.32,5,2,5,12,Potential Loyalist
CUST002011,DE,2,624.94,2025-11-23,2024-01-24,38,2,624.94,4,1,1,6,Potential Loyalist
CUST001577,DE,11,2888.74,2025-11-22,2024-01-26,39,11,2888.74,3,5,5,13,Champions
CUST003201,GB,6,1284.72,2025-12-16,2024-01-27,15,6,1284.72,5,4,3,12,Loyal
CUST002349,GB,10,2254.42,2025-12-10,2024-01-28,21,10,2254.42,4,5,4,13,Champions
CUST002378,ES,5,1304.0,2025-11-24,2024-01-28,37,5,1304.0,4,3,3,10,Loyal
CUST003522,GB,6,5401.29,2025-12-14,2024-01-28,17,6,5401.29,4,4,5,13,Champions
CUST002761,DE,4,1247.04,2024-11-24,2024-01-29,402,4,1247.04,1,2,3,6,Hibernating
CUST000503,FR,5,1972.76,2025-09-08,2024-01-29,114,5,1972.76,2,3,4,9,At Risk
CUST001934,GB,5,2287.48,2025-12-16,2024-01-29,15,5,2287.48,5,3,4,12,Loyal
CUST001144,GB,2,189.36,2025-12-30,2024-01-29,1,2,189.36,5,1,1,7,Potential Loyalist
CUST000114,ES,5,1478.02,2025-05-27,2024-01-30,218,5,1478.02,1,3,3,7,At Risk
CUST000098,FR,6,2359.29,2025-12-26,2024-01-31,5,6,2359.29,5,4,4,13,Champions
CUST003559,DE,7,789.53,2025-03-05,2024-01-31,301,7,789.53,1,5,2,8,At Risk
CUST001609,DE,4,1963.8,2025-06-13,2024-01-31,201,4,1963.8,1,2,4,7,Hibernating
CUST003987,DE,5,1454.48,2025-04-21,2024-01-31,254,5,1454.48,1,3,3,7,At Risk
CUST001999,DE,7,1327.51,2025-06-27,2024-02-01,187,7,1327.51,2,5,3,10,At Risk
CUST002016,FR,9,2510.38,2025-12-08,2024-02-03,23,9,2510.38,4,5,5,14,Champions
CUST002614,NL,6,1024.94,2025-12-11,2024-02-03,20,6,1024.94,4,4,2,10,Loyal
CUST001790,GB,4,602.58,2025-12-23,2024-02-07,8,4,602.58,5,3,1,9,Loyal
CUST000898,IT,11,5748.53,2025-12-22,2024-02-09,9,11,5748.53,5,5,5,15,Champions
CUST002361,DE,8,854.48,2025-12-31,2024-02-10,0,8,854.48,5,5,2,12,Loyal
CUST003645,ES,3,2427.7,2025-12-09,2024-02-11,22,3,2427.7,4,2,5,11,Potential Loyalist
CUST000669,DE,4,685.83,2025-12-26,2024-02-13,5,4,685.83,5,3,2,10,Loyal
CUST002008,ES,6,533.17,2025-10-06,2024-02-14,86,6,533.17,2,4,1,7,At Risk
CUST003284,IT,5,1016.52,2025-09-14,2024-02-14,108,5,1016.52,2,3,2,7,At Risk
CUST002751,FR,8,1754.1,2025-12-11,2024-02-18,20,8,1754.1,4,5,4,13,Champions
CUST003280,ES,6,1523.89,2025-12-22,2024-02-19,9,6,1523.89,5,4,3,12,Loyal
CUST000325,SE,9,2630.91,2025-11-01,2024-02-20,60,9,2630.91,3,5,5,13,Champions
CUST000227,SE,7,811.91,2025-04-26,2024-02-20,249,7,811.91,1,5,2,8,At Risk
CUST002560,GB,6,1146.3,2025-12-14,2024-02-21,17,6,1146.3,4,4,3,11,Loyal
CUST001177,ES,6,2608.97,2025-10-22,2024-02-23,70,6,2608.97,3,4,5,12,Potential Loyalist
CUST000799,NL,5,578.71,2025-12-25,2024-02-24,6,5,578.71,5,3,1,9,Loyal
CUST000555,IT,7,1456.12,2025-08-22,2024-02-24,131,7,1456.12,2,5,3,10,At Risk
CUST003418,NL,8,1846.76,2025-12-02,2024-02-25,29,8,1846.76,4,5,4,13,Champions
CUST000286,DE,5,1534.39,2025-09-29,2024-02-25,93,5,1534.39,2,3,3,8,At Risk
CUST002144,FR,7,2015.22,2025-11-22,2024-02-27,39,7,2015.22,3,5,4,12,Potential Loyalist
CUST000467,FR,3,193.7,2025-09-19,2024-02-28,103,3,193.7,2,2,1,5,Hibernating
CUST001588,FR,2,411.95,2024-04-17,2024-02-28,623,2,411.95,1,1,1,3,Hibernating
CUST003014,FR,7,2484.73,2025-12-21,2024-02-28,10,7,2484.73,5,5,5,15,Champions
CUST002834,FR,10,1653.61,2025-12-07,2024-03-01,24,10,1653.61,4,5,4,13,Champions
CUST003406,ES,5,1493.32,2025-03-09,2024-03-03,297,5,1493.32,1,3,3,7,At Risk
CUST003529,SE,9,4264.26,2025-12-10,2024-03-06,21,9,4264.26,4,5,5,14,Champions
CUST001963,ES,4,1007.87,2025-04-01,2024-03-06,274,4,1007.87,1,3,2,6,At Risk
CUST003160,FR,2,558.59,2025-06-19,2024-03-08,195,2,558.59,1,1,1,3,Hibernating
CUST001724,DE,4,2514.58,2025-12-05,2024-03-10,26,4,2514.58,4,3,5,12,Loyal
CUST000494,DE,5,1026.67,2025-11-22,2024-03-10,39,5,1026.67,3,3,2,8,Potential Loyalist
CUST001712,DE,4,1291.25,2025-10-20,2024-03-11,72,4,1291.25,3,3,3,9,Potential Loyalist
CUST002672,FR,6,4288.68,2025-12-09,2024-03-13,22,6,4288.68,4,4,5,13,Champions
CUST002549,FR,5,2025.91,2025-10-28,2024-03-16,64,5,2025.91,3,3,4,10,Potential Loyalist
CUST002760,DE,7,3050.63,2025-12-24,2024-03-18,7,7,3050.63,5,5,5,15,Champions
CUST003674,DE,6,3680.24,2025-10-16,2024-03-19,76,6,3680.24,3,4,5,12,Potential Loyalist
CUST001450,NL,7,3598.46,2025-05-13,2024-03-19,232,7,3598.46,1,5,5,11,At Risk
CUST000563,DE,6,3497.16,2025-09-21,2024-03-19,101,6,3497.16,2,4,5,11,At Risk
CUST000180,DE,2,598.3,2025-05-29,2024-03-21,216,2,598.3,1,1,1,3,Hibernating
CUST001885,DE,4,772.99,2025-11-28,2024-03-21,33,4,772.99,4,3,2,9,Loyal
CUST001804,FR,4,1128.05,2025-10-23,2024-03-22,69,4,1128.05,3,3,3,9,Potential Loyalist
CUST003862,GB,9,3280.12,2025-12-07,2024-03-23,24,9,3280.12,4,5,5,14,Champions
CUST000313,DE,4,298.36,2025-03-22,2024-03-23,284,4,298.36,1,3,1,5,At Risk
CUST003178,IT,4,398.37,2025-12-05,2024-03-25,26,4,398.37,4,3,1,8,Loyal
CUST002054,IT,4,1190.88,2025-10-07,2024-03-26,85,4,1190.88,2,3,3,8,At Risk
CUST001483,GB,5,680.68,2025-05-12,2024-03-26,233,5,680.68,1,3,2,6,At Risk
CUST003859,FR,4,1885.88,2025-12-07,2024-03-27,24,4,1885.88,4,3,4,11,Loyal
CUST000599,DE,6,2300.03,2025-09-29,2024-03-30,93,6,2300.03,2,4,4,10,At Risk
CUST001020,DE,2,182.63,2024-04-05,2024-03-31,635,2,182.63,1,1,1,3,Hibernating
CUST002188,ES,7,2490.97,2025-12-17,2024-03-31,14,7,2490.97,5,5,5,15,Champions
CUST003404,FR,3,672.29,2025-07-23,2024-04-02,161,3,672.29,2,2,2,6,Hibernating
CUST002689,GB,7,2565.33,2025-10-07,2024-04-04,85,7,2565.33,2,5,5,12,At Risk
CUST002733,DE,6,1496.42,2025-08-30,2024-04-05,123,6,1496.42,2,4,3,9,At Risk
CUST003766,FR,8,3035.29,2025-12-02,2024-04-05,29,8,3035.29,4,5,5,14,Champions
CUST002910,FR,8,3355.46,2025-12-16,2024-04-06,15,8,3355.46,5,5,5,15,Champions
CUST001492,FR,6,1769.29,2025-04-10,2024-04-09,265,6,1769.29,1,4,4,9,At Risk
CUST003975,FR,9,2039.47,2025-11-17,2024-04-12,44,9,2039.47,3,5,4,12,Potential Loyalist
CUST003130,ES,6,3342.02,2025-12-26,2024-04-12,5,6,3342.02,5,4,5,14,Champions
CUST002578,GB,3,2047.58,2025-12-05,2024-04-12,26,3,2047.58,4,2,4,10,Potential Loyalist
CUST000850,GB,6,3574.33,2025-12-27,2024-04-12,4,6,3574.33,5,4,5,14,Champions
CUST002351,GB,8,1339.17,2025-12-19,2024-04-14,12,8,1339.17,5,5,3,13,Champions
CUST002979,NL,3,406.13,2025-03-23,2024-04-14,283,3,406.13,1,2,1,4,Hibernating
CUST002863,SE,1,20.19,2024-04-15,2024-04-15,625,1,20.19,1,1,1,3,Hibernating
CUST003427,GB,2,981.23,2025-11-07,2024-04-15,54,2,981.23,3,1,2,6,Potential Loyalist
CUST002732,GB,5,614.95,2025-11-05,2024-04-17,56,5,614.95,3,3,1,7,Potential Loyalist
CUST002531,NL,6,1511.64,2025-11-16,2024-04-17,45,6,1511.64,3,4,3,10,Potential Loyalist
CUST000437,DE,5,1195.03,2025-12-30,2024-04-20,1,5,1195.03,5,3,3,11,Loyal
CUST001819,GB,6,3878.6,2025-12-15,2024-04-21,16,6,3878.6,5,4,5,14,Champions
CUST002333,GB,6,1734.75,2025-12-27,2024-04-21,4,6,1734.75,5,4,4,13,Champions
CUST000469,DE,5,547.86,2025-08-25,2024-04-23,128,5,547.86,2,3,1,6,At Risk
CUST001777,NL,5,1033.46,2024-11-30,2024-04-23,396,5,1033.46,1,3,2,6,At Risk
CUST000083,FR,4,1185.9,2025-09-23,2024-04-23,99,4,1185.9,2,3,3,8,At Risk
CUST003289,IT,5,1538.31,2025-12-23,2024-04-24,8,5,1538.31,5,3,3,11,Loyal
CUST002082,DE,4,584.09,2025-10-18,2024-04-26,74,4,584.09,3,3,1,7,Potential Loyalist
CUST003938,DE,2,2080.33,2024-11-19,2024-04-27,407,2,2080.33,1,1,4,6,Hibernating
CUST002680,GB,4,1606.98,2024-12-30,2024-04-28,366,4,1606.98,1,3,3,7,At Risk
CUST001026,GB,8,1132.3,2025-11-15,2024-04-29,46,8,1132.3,3,5,3,11,Potential Loyalist
CUST000217,FR,4,1142.41,2025-11-21,2024-05-01,40,4,1142.41,3,3,3,9,Potential Loyalist
CUST000421,ES,2,351.53,2024-08-16,2024-05-01,502,2,351.53,1,1,1,3,Hibernating
CUST003149,ES,8,1305.83,2025-12-15,2024-05-03,16,8,1305.83,5,5,3,13,Champions
CUST000050,DE,2,310.16,2024-06-13,2024-05-05,566,2,310.16,1,1,1,3,Hibernating
CUST002730,GB,5,2153.61,2025-11-11,2024-05-06,50,5,2153.61,3,3,4,10,Potential Loyalist
CUST001806,ES,5,1057.8,2025-12-24,2024-05-08,7,5,1057.8,5,3,2,10,Loyal
CUST001225,FR,3,1050.85,2024-12-14,2024-05-09,382,3,1050.85,1,2,2,5,Hibernating
CUST000694,DE,8,4197.97,2025-08-26,2024-05-10,127,8,4197.97,2,5,5,12,At Risk
CUST001076,FR,6,2190.99,2025-11-06,2024-05-12,55,6,2190.99,3,4,4,11,Potential Loyalist
CUST003140,DE,2,317.03,2024-12-31,2024-05-13,365,2,317.03,1,1,1,3,Hibernating
CUST002540,ES,8,2392.72,2025-12-15,2024-05-15,16,8,2392.72,5,5,5,15,Champions
CUST002442,GB,10,2133.89,2025-12-14,2024-05-16,17,10,2133.89,4,5,4,13,Champions
CUST001341,FR,5,763.2,2025-11-21,2024-05-17,40,5,763.2,3,3,2,8,Potential Loyalist
CUST002778,DE,7,2229.06,2025-11-01,2024-05-17,60,7,2229.06,3,5,4,12,Potential Loyalist
CUST001865,SE,7,1854.61,2025-12-04,2024-05-17,27,7,1854.61,4,5,4,13,Champions
CUST003935,FR,5,614.2,2025-05-26,2024-05-21,219,5,614.2,1,3,1,5,At Risk
CUST003084,GB,4,737.35,2025-12-15,2024-05-22,16,4,737.35,5,3,2,10,Loyal
CUST001028,ES,4,1209.66,2025-08-18,2024-05-23,135,4,1209.66,2,3,3,8,At Risk
CUST000836,FR,8,3413.64,2025-12-19,2024-05-23,12,8,3413.64,5,5,5,15,Champions
CUST001544,FR,4,1268.54,2025-08-08,2024-05-24,145,4,1268.54,2,3,3,8,At Risk
CUST000052,ES,7,742.82,2025-12-16,2024-05-29,15,7,742.82,5,5,2,12,Loyal
CUST003272,DE,7,1178.57,2025-12-18,2024-05-30,13,7,1178.57,5,5,3,13,Champions
CUST000309,ES,6,1083.3,2025-11-22,2024-05-31,39,6,1083.3,3,4,2,9,Potential Loyalist
CUST000189,GB,5,2204.23,2025-12-23,2024-06-01,8,5,2204.23,5,3,4,12,Loyal
CUST003151,GB,6,700.03,2025-11-30,2024-06-01,31,6,700.03,4,4,2,10,Loyal
CUST001817,FR,4,1349.7,2025-08-20,2024-06-01,133,4,1349.7,2,3,3,8,At Risk
CUST003323,ES,7,1901.15,2025-04-07,2024-06-01,268,7,1901.15,1,5,4,10,At Risk
CUST002190,NL,6,775.31,2025-12-09,2024-06-01,22,6,775.31,4,4,2,10,Loyal
CUST001056,FR,2,284.37,2025-10-15,2024-06-02,77,2,284.37,3,1,1,5,Potential Loyalist
CUST003132,ES,7,2680.46,2025-11-14,2024-06-04,47,7,2680.46,3,5,5,13,Champions
CUST001452,GB,9,3409.71,2025-11-03,2024-06-04,58,9,3409.71,3,5,5,13,Champions
CUST003214,NL,3,1091.23,2025-11-16,2024-06-06,45,3,1091.23,3,2,2,7,Potential Loyalist
CUST001903,ES,5,1791.58,2025-10-23,2024-06-06,69,5,1791.58,3,3,4,10,Potential Loyalist
CUST000653,GB,5,1834.28,2025-12-15,2024-06-08,16,5,1834.28,5,3,4,12,Loyal
CUST003947,NL,3,718.39,2025-10-10,2024-06-18,82,3,718.39,2,2,2,6,Hibernating
CUST001590,NL,6,1236.85,2025-09-18,2024-06-21,104,6,1236.85,2,4,3,9,At Risk
CUST000964,FR,8,2927.39,2025-11-06,2024-06-24,55,8,2927.39,3,5,5,13,Champions
CUST003485,GB,2,1558.7,2025-10-09,2024-06-27,83,2,1558.7,2,1,3,6,Hibernating
CUST002601,GB,3,2218.69,2025-10-06,2024-06-29,86,3,2218.69,2,2,4,8,Hibernating
CUST001124,ES,9,7150.05,2025-09-24,2024-06-29,98,9,7150.05,2,5,5,12,At Risk
CUST001625,DE,2,600.52,2024-10-30,2024-06-29,427,2,600.52,1,1,1,3,Hibernating
CUST000883,DE,5,621.74,2025-12-01,2024-06-30,30,5,621.74,4,3,1,8,Loyal
CUST003417,FR,7,2471.41,2025-11-24,2024-07-02,37,7,2471.41,4,5,5,14,Champions
CUST000307,GB,4,297.73,2025-06-29,2024-07-08,185,4,297.73,2,3,1,6,At Risk
CUST000439,NL,5,1962.08,2025-12-06,2024-07-08,25,5,1962.08,4,3,4,11,Loyal
CUST003001,NL,5,1402.11,2025-09-05,2024-07-08,117,5,1402.11,2,3,3,8,At Risk
CUST000036,ES,5,1465.33,2025-12-25,2024-07-09,6,5,1465.33,5,3,3,11,Loyal
CUST003562,ES,9,1104.05,2025-12-27,2024-07-14,4,9,1104.05,5,5,2,12,Loyal
CUST000219,GB,7,2306.28,2025-12-29,2024-07-14,2,7,2306.28,5,5,4,14,Champions
CUST000922,GB,5,1840.77,2025-09-07,2024-07-17,115,5,1840.77,2,3,4,9,At Risk
CUST002691,GB,9,3114.75,2025-12-28,2024-07-20,3,9,3114.75,5,5,5,15,Champions
CUST000929,GB,5,2045.01,2025-04-24,2024-07-22,251,5,2045.01,1,3,4,8,At Risk
CUST003957,IT,3,1714.62,2025-12-24,2024-07-22,7,3,1714.62,5,2,4,11,Potential Loyalist
CUST000285,GB,5,3146.49,2025-11-27,2024-07-28,34,5,3146.49,4,3,5,12,Loyal
CUST000297,ES,4,1813.24,2025-11-19,2024-07-28,42,4,1813.24,3,3,4,10,Potential Loyalist
CUST002749,ES,3,1633.66,2025-05-28,2024-08-04,217,3,1633.66,1,2,4,7,Hibernating
CUST000959,DE,8,830.59,2025-11-29,2024-08-06,32,8,830.59,4,5,2,11,Loyal
CUST003072,GB,4,1498.56,2025-12-30,2024-08-13,1,4,1498.56,5,3,3,11,Loyal
CUST000471,DE,5,1846.29,2025-12-02,2024-08-14,29,5,1846.29,4,3,4,11,Loyal
CUST003161,FR,6,1663.81,2025-08-16,2024-08-15,137,6,1663.81,2,4,4,10,At Risk
CUST002423,ES,5,873.4,2025-12-17,2024-08-15,14,5,873.4,5,3,2,10,Loyal
CUST002332,DE,8,3421.05,2025-12-16,2024-08-17,15,8,3421.05,5,5,5,15,Champions
CUST001346,FR,10,1169.97,2025-10-02,2024-08-19,90,10,1169.97,2,5,3,10,At Risk
CUST002002,DE,4,769.93,2025-10-11,2024-08-22,81,4,769.93,2,3,2,7,At Risk
CUST000184,IT,4,963.02,2025-12-21,2024-08-23,10,4,963.02,5,3,2,10,Loyal
CUST000206,DE,6,1888.46,2025-09-11,2024-08-24,111,6,1888.46,2,4,4,10,At Risk
CUST000667,DE,7,1754.9,2025-11-15,2024-08-27,46,7,1754.9,3,5,4,12,Potential Loyalist
CUST000092,NL,5,940.73,2025-11-20,2024-08-27,41,5,940.73,3,3,2,8,Potential Loyalist
CUST000605,DE,6,1608.68,2025-12-25,2024-08-28,6,6,1608.68,5,4,3,12,Loyal
CUST002331,FR,6,541.31,2025-12-18,2024-08-30,13,6,541.31,5,4,1,10,Loyal
CUST003641,DE,4,596.21,2025-12-10,2024-09-06,21,4,596.21,4,3,1,8,Loyal
CUST002740,DE,4,1728.81,2025-11-13,2024-09-08,48,4,1728.81,3,3,4,10,Potential Loyalist
CUST000101,DE,4,1110.73,2025-12-04,2024-09-10,27,4,1110.73,4,3,2,9,Loyal
CUST002081,DE,5,848.3,2025-10-24,2024-09-10,68,5,848.3,3,3,2,8,Potential Loyalist
CUST001209,FR,7,2229.76,2025-12-29,2024-09-12,2,7,2229.76,5,5,4,14,Champions
CUST001207,NL,7,2061.5,2025-06-12,2024-09-14,202,7,2061.5,1,5,4,10,At Risk
CUST000405,FR,5,953.82,2025-09-12,2024-09-19,110,5,953.82,2,3,2,7,At Risk
CUST003133,IT,4,429.9,2025-09-25,2024-09-19,97,4,429.9,2,3,1,6,At Risk
CUST000204,IT,5,1539.02,2025-07-16,2024-09-27,168,5,1539.02,2,3,3,8,At Risk
CUST003646,DE,6,1126.56,2025-09-19,2024-09-28,103,6,1126.56,2,4,3,9,At Risk
CUST003093,FR,6,1732.24,2025-12-22,2024-09-29,9,6,1732.24,5,4,4,13,Champions
CUST003770,DE,3,313.83,2024-12-13,2024-09-29,383,3,313.83,1,2,1,4,Hibernating
CUST002266,GB,6,1505.25,2025-11-07,2024-10-02,54,6,1505.25,3,4,3,10,Potential Loyalist
CUST001613,GB,6,1061.49,2025-09-16,2024-10-11,106,6,1061.49,2,4,2,8,At Risk
CUST001200,DE,4,1315.27,2025-12-07,2024-10-15,24,4,1315.27,4,3,3,10,Loyal
CUST000193,IT,6,2113.78,2025-12-26,2024-10-16,5,6,2113.78,5,4,4,13,Champions
CUST001524,DE,3,220.0,2025-03-03,2024-10-17,303,3,220.0,1,2,1,4,Hibernating
CUST002177,FR,2,1128.51,2025-06-26,2024-10-17,188,2,1128.51,2,1,3,6,Hibernating
CUST000191,DE,2,1230.95,2025-07-27,2024-10-19,157,2,1230.95,2,1,3,6,Hibernating
CUST003864,FR,7,3918.2,2025-12-14,2024-10-26,17,7,3918.2,4,5,5,14,Champions
CUST000755,DE,1,35.54,2024-10-28,2024-10-28,429,1,35.54,1,1,1,3,Hibernating
CUST002495,GB,1,286.52,2024-10-30,2024-10-30,427,1,286.52,1,1,1,3,Hibernating
CUST003080,IT,6,3482.94,2025-10-18,2024-11-06,74,6,3482.94,3,4,5,12,Potential Loyalist
CUST002803,IT,4,1279.7,2025-08-31,2024-11-06,122,4,1279.7,2,3,3,8,At Risk
CUST002243,GB,5,2396.89,2025-08-08,2024-11-07,145,5,2396.89,2,3,5,10,At Risk
CUST000453,FR,6,1675.95,2025-09-30,2024-11-10,92,6,1675.95,2,4,4,10,At Risk
CUST003291,DE,3,407.88,2025-12-17,2024-11-23,14,3,407.88,5,2,1,8,Potential Loyalist
CUST000621,DE,5,1652.75,2025-12-18,2024-11-29,13,5,1652.75,5,3,4,12,Loyal
CUST001112,DE,3,303.89,2025-10-28,2024-12-04,64,3,303.89,3,2,1,6,Potential Loyalist
CUST001374,GB,8,1009.55,2025-12-31,2024-12-04,0,8,1009.55,5,5,2,12,Loyal
CUST003829,ES,4,836.72,2025-11-11,2024-12-09,50,4,836.72,3,3,2,8,Potential Loyalist
CUST003465,DE,5,518.02,2025-12-30,2024-12-11,1,5,518.02,5,3,1,9,Loyal
CUST002899,FR,7,1105.92,2025-11-21,2024-12-16,40,7,1105.92,3,5,2,10,Potential Loyalist
CUST002330,DE,2,1633.18,2025-10-18,2024-12-17,74,2,1633.18,3,1,4,8,Potential Loyalist
CUST003973,FR,6,1908.26,2025-12-28,2024-12-22,3,6,1908.26,5,4,4,13,Champions
CUST003089,GB,1,31.03,2024-12-22,2024-12-22,374,1,31.03,1,1,1,3,Hibernating
CUST002731,NL,1,1869.96,2025-01-06,2025-01-06,359,1,1869.96,1,1,4,6,Hibernating
CUST003342,GB,5,1188.03,2025-12-12,2025-01-13,19,5,1188.03,4,3,3,10,Loyal
CUST000703,FR,3,1298.04,2025-11-01,2025-01-22,60,3,1298.04,3,2,3,8,Potential Loyalist
CUST002533,FR,3,375.76,2025-11-13,2025-02-03,48,3,375.76,3,2,1,6,Potential Loyalist
CUST002561,ES,3,134.53,2025-11-24,2025-02-15,37,3,134.53,4,2,1,7,Potential Loyalist
CUST002693,DE,1,55.93,2025-02-19,2025-02-19,315,1,55.93,1,1,1,3,Hibernating
CUST002530,SE,3,607.02,2025-10-28,2025-02-26,64,3,607.02,3,2,1,6,Potential Loyalist
CUST000639,FR,5,869.68,2025-12-31,2025-02-27,0,5,869.68,5,3,2,10,Loyal
CUST003948,GB,3,757.85,2025-11-21,2025-03-11,40,3,757.85,3,2,2,7,Potential Loyalist
CUST002270,GB,3,392.51,2025-12-10,2025-03-25,21,3,392.51,4,2,1,7,Potential Loyalist
CUST001818,ES,3,165.36,2025-10-26,2025-03-30,66,3,165.36,3,2,1,6,Potential Loyalist
CUST002532,ES,4,2102.54,2025-10-19,2025-03-30,73,4,2102.54,3,3,4,10,Potential Loyalist
CUST000265,IT,3,1148.8,2025-12-04,2025-04-04,27,3,1148.8,4,2,3,9,Potential Loyalist
CUST000300,DE,3,418.79,2025-05-04,2025-04-04,241,3,418.79,1,2,1,4,Hibernating
CUST001955,SE,3,524.16,2025-11-30,2025-04-11,31,3,524.16,4,2,1,7,Potential Loyalist
CUST001512,NL,4,1760.68,2025-11-25,2025-05-20,36,4,1760.68,4,3,4,11,Loyal
CUST003497,ES,3,579.3,2025-09-20,2025-05-22,102,3,579.3,2,2,1,5,Hibernating
CUST000671,DE,2,419.55,2025-12-20,2025-06-04,11,2,419.55,5,1,1,7,Potential Loyalist
CUST001190,NL,2,1282.23,2025-08-16,2025-06-04,137,2,1282.23,2,1,3,6,Hibernating
CUST001607,DE,5,627.37,2025-11-02,2025-06-05,59,5,627.37,3,3,1,7,Potential Loyalist
CUST003743,ES,2,385.81,2025-11-29,2025-06-06,32,2,385.81,4,1,1,6,Potential Loyalist
CUST002112,DE,4,618.31,2025-08-13,2025-06-09,140,4,618.31,2,3,1,6,At Risk
CUST000852,NL,1,712.14,2025-07-20,2025-07-20,164,1,712.14,2,1,2,5,Hibernating
CUST003293,FR,2,291.37,2025-12-19,2025-08-10,12,2,291.37,5,1,1,7,Potential Loyalist
CUST001897,GB,3,950.55,2025-12-21,2025-09-02,10,3,950.55,5,2,2,9,Potential Loyalist
CUST003564,FR,3,291.34,2025-11-30,2025-09-27,31,3,291.34,4,2,1,7,Potential Loyalist
CUST001744,DE,1,328.55,2025-10-06,2025-10-06,86,1,328.55,2,1,1,4,Hibernating
CUST001213,DE,1,199.15,2025-10-14,2025-10-14,78,1,199.15,3,1,1,5,Potential Loyalist
CUST001096,DE,2,353.64,2025-12-14,2025-12-06,17,2,353.64,4,1,1,6,Potential Loyalist
CUST001345,NL,1,87.58,2025-12-19,2025-12-19,12,1,87.58,5,1,1,7,Potential Loyalist
CUST003936,GB,7,4598.74,2025-12-25,2024-01-01,6,7,4598.74,5,5,5,15,Champions
CUST001833,GB,6,1184.59,2025-12-12,2024-01-02,19,6,1184.59,4,4,3,11,Loyal
CUST003440,IT,5,2053.14,2025-12-28,2024-01-05,3,5,2053.14,5,3,4,12,Loyal
CUST002125,SE,5,600.4,2025-11-28,2024-01-05,33,5,600.4,4,3,1,8,Loyal
CUST002586,GB,7,1768.11,2025-11-21,2024-01-05,40,7,1768.11,3,5,4,12,Potential Loyalist
CUST001861,ES,6,3257.26,2025-11-11,2024-01-05,50,6,3257.26,3,4,5,12,Potential Loyalist
CUST000754,FR,8,958.98,2025-12-27,2024-01-07,4,8,958.98,5,5,2,12,Loyal
CUST000038,DE,6,2300.73,2025-10-18,2024-01-07,74,6,2300.73,3,4,4,11,Potential Loyalist
CUST001911,FR,11,2577.71,2025-11-11,2024-01-08,50,11,2577.71,3,5,5,13,Champions
CUST001851,FR,6,1787.69,2025-12-02,2024-01-08,29,6,1787.69,4,4,4,12,Loyal
CUST003460,GB,4,1227.38,2025-09-19,2024-01-09,103,4,1227.38,2,3,3,8,At Risk
CUST002365,GB,3,410.45,2025-11-22,2024-01-10,39,3,410.45,3,2,1,6,Potential Loyalist
CUST000976,FR,7,2077.2,2025-12-22,2024-01-10,9,7,2077.2,5,5,4,14,Champions
CUST002914,SE,7,437.85,2025-11-13,2024-01-12,48,7,437.85,3,5,1,9,Potential Loyalist
CUST003430,GB,4,1260.79,2025-10-28,2024-01-13,64,4,1260.79,3,3,3,9,Potential Loyalist
CUST000443,FR,6,2995.28,2025-04-07,2024-01-13,268,6,2995.28,1,4,5,10,At Risk
CUST001624,SE,3,1159.69,2025-11-25,2024-01-13,36,3,1159.69,4,2,3,9,Potential Loyalist
CUST001212,GB,9,1078.63,2025-12-29,2024-01-14,2,9,1078.63,5,5,2,12,Loyal
CUST002318,FR,6,3753.19,2025-09-27,2024-01-17,95,6,3753.19,2,4,5,11,At Risk
CUST003820,GB,9,1913.45,2025-12-25,2024-01-18,6,9,1913.45,5,5,4,14,Champions
CUST000110,DE,10,2761.8,2025-12-18,2024-01-19,13,10,2761.8,5,5,5,15,Champions
CUST002003,IT,5,1410.72,2025-05-12,2024-01-19,233,5,1410.72,1,3,3,7,At Risk
CUST002854,IT,6,2037.96,2025-11-25,2024-01-20,36,6,2037.96,4,4,4,12,Loyal
CUST003119,DE,8,2733.55,2025-09-13,2024-01-20,109,8,2733.55,2,5,5,12,At Risk
CUST000230,GB,7,3323.56,2025-08-10,2024-01-21,143,7,3323.56,2,5,5,12,At Risk
CUST001509,GB,5,1680.63,2025-07-08,2024-01-21,176,5,1680.63,2,3,4,9,At Risk
CUST001447,NL,5,4111.61,2025-05-20,2024-01-21,225,5,4111.61,1,3,5,9,At Risk
CUST003526,DE,6,1116.97,2025-08-17,2024-01-21,136,6,1116.97,2,4,3,9,At Risk
CUST000996,DE,5,615.19,2025-11-15,2024-01-22,46,5,615.19,3,3,1,7,Potential Loyalist
CUST000835,GB,6,2054.85,2025-12-24,2024-01-22,7,6,2054.85,5,4,4,13,Champions
CUST002100,FR,3,296.24,2024-12-31,2024-01-24,365,3,296.24,1,2,1,4,Hibernating
CUST001342,GB,9,2796.69,2025-10-20,2024-01-27,72,9,2796.69,3,5,5,13,Champions
CUST001902,DE,6,1069.54,2025-08-24,2024-01-27,129,6,1069.54,2,4,2,8,At Risk
CUST000511,GB,7,2431.08,2025-07-28,2024-01-28,156,7,2431.08,2,5,5,12,At Risk
CUST003876,FR,1,295.96,2024-01-28,2024-01-28,703,1,295.96,1,1,1,3,Hibernating
CUST000233,GB,8,3066.24,2025-11-18,2024-01-29,43,8,3066.24,3,5,5,13,Champions
CUST001244,ES,4,644.12,2025-09-06,2024-01-29,116,4,644.12,2,3,1,6,At Risk
CUST002239,DE,1,563.4,2024-01-30,2024-01-30,701,1,563.4,1,1,1,3,Hibernating
CUST000035,SE,5,2751.5,2025-12-24,2024-01-31,7,5,2751.5,5,3,5,13,Champions
CUST003753,FR,6,2495.74,2025-11-10,2024-01-31,51,6,2495.74,3,4,5,12,Potential Loyalist
CUST000702,DE,6,996.33,2024-12-11,2024-02-03,385,6,996.33,1,4,2,7,At Risk
CUST002717,GB,7,909.01,2025-12-27,2024-02-04,4,7,909.01,5,5,2,12,Loyal
CUST001832,GB,5,3433.8,2025-06-03,2024-02-04,211,5,3433.8,1,3,5,9,At Risk
CUST001290,DE,6,4308.32,2025-07-29,2024-02-05,155,6,4308.32,2,4,5,11,At Risk
CUST000920,DE,6,1143.03,2025-11-06,2024-02-06,55,6,1143.03,3,4,3,10,Potential Loyalist
CUST001709,GB,7,1462.21,2025-09-21,2024-02-06,101,7,1462.21,2,5,3,10,At Risk
CUST002109,FR,8,4729.05,2025-10-24,2024-02-07,68,8,4729.05,3,5,5,13,Champions
CUST001513,SE,3,653.7,2024-06-03,2024-02-07,576,3,653.7,1,2,2,5,Hibernating
CUST002597,FR,4,984.76,2025-06-17,2024-02-07,197,4,984.76,1,3,2,6,At Risk
CUST000388,DE,4,2617.89,2025-11-04,2024-02-07,57,4,2617.89,3,3,5,11,Potential Loyalist
CUST000168,DE,6,4527.85,2025-12-27,2024-02-07,4,6,4527.85,5,4,5,14,Champions
CUST000915,GB,5,3687.03,2025-11-22,2024-02-07,39,5,3687.03,3,3,5,11,Potential Loyalist
CUST001830,FR,4,2833.0,2025-03-12,2024-02-08,294,4,2833.0,1,3,5,9,At Risk
CUST002786,DE,8,3188.44,2025-12-26,2024-02-08,5,8,3188.44,5,5,5,15,Champions
CUST002785,ES,9,2281.88,2025-12-23,2024-02-09,8,9,2281.88,5,5,4,14,Champions
CUST000312,DE,5,2233.51,2025-07-12,2024-02-09,172,5,2233.51,2,3,4,9,At Risk
CUST000047,FR,5,1788.24,2025-06-07,2024-02-10,207,5,1788.24,1,3,4,8,At Risk
CUST002221,NL,4,1175.92,2025-10-03,2024-02-12,89,4,1175.92,2,3,3,8,At Risk
CUST001395,FR,5,1186.8,2025-09-05,2024-02-12,117,5,1186.8,2,3,3,8,At Risk
CUST003118,DE,4,1353.1,2025-12-18,2024-02-12,13,4,1353.1,5,3,3,11,Loyal
CUST002679,DE,6,2207.65,2025-12-10,2024-02-13,21,6,2207.65,4,4,4,12,Loyal
CUST001475,FR,6,1416.33,2025-09-25,2024-02-13,97,6,1416.33,2,4,3,9,At Risk
CUST001458,NL,6,2962.73,2025-10-30,2024-02-14,62,6,2962.73,3,4,5,12,Potential Loyalist
CUST000057,DE,7,2111.67,2025-12-12,2024-02-15,19,7,2111.67,4,5,4,13,Champions
CUST000075,NL,6,1446.77,2025-12-28,2024-02-15,3,6,1446.77,5,4,3,12,Loyal
CUST003896,ES,6,1468.63,2025-09-25,2024-02-18,97,6,1468.63,2,4,3,9,At Risk
CUST000251,FR,8,1020.13,2025-12-28,2024-02-18,3,8,1020.13,5,5,2,12,Loyal
CUST002319,FR,8,2346.81,2025-12-24,2024-02-20,7,8,2346.81,5,5,4,14,Champions
CUST001277,DE,3,1213.41,2025-07-16,2024-02-24,168,3,1213.41,2,2,3,7,Hibernating
CUST001107,FR,7,1614.36,2025-12-05,2024-02-24,26,7,1614.36,4,5,3,12,Loyal
CUST001690,ES,5,1427.51,2025-11-28,2024-02-25,33,5,1427.51,4,3,3,10,Loyal
CUST001457,NL,6,1379.22,2025-12-18,2024-02-25,13,6,1379.22,5,4,3,12,Loyal
CUST002271,DE,11,3016.93,2025-10-20,2024-02-27,72,11,3016.93,3,5,5,13,Champions
CUST002881,FR,6,2619.3,2025-01-10,2024-02-28,355,6,2619.3,1,4,5,10,At Risk
CUST001487,FR,3,327.79,2025-01-11,2024-02-29,354,3,327.79,1,2,1,4,Hibernating
CUST003695,FR,5,1866.15,2025-12-31,2024-03-01,0,5,1866.15,5,3,4,12,Loyal
CUST003104,FR,12,3184.39,2025-11-24,2024-03-03,37,12,3184.39,4,5,5,14,Champions
CUST000857,DE,7,876.45,2025-04-10,2024-03-04,265,7,876.45,1,5,2,8,At Risk
CUST001473,IT,5,634.04,2025-11-01,2024-03-07,60,5,634.04,3,3,1,7,Potential Loyalist
CUST001982,ES,5,790.9,2025-11-04,2024-03-07,57,5,790.9,3,3,2,8,Potential Loyalist
CUST002397,DE,5,2291.07,2025-10-19,2024-03-07,73,5,2291.07,3,3,4,10,Potential Loyalist
CUST003952,ES,6,2258.76,2025-12-29,2024-03-08,2,6,2258.76,5,4,4,13,Champions
CUST002304,FR,6,1594.13,2025-12-28,2024-03-09,3,6,1594.13,5,4,3,12,Loyal
CUST003623,DE,7,3353.43,2025-08-29,2024-03-09,124,7,3353.43,2,5,5,12,At Risk
CUST003279,FR,6,1748.42,2025-12-08,2024-03-11,23,6,1748.42,4,4,4,12,Loyal
CUST001644,GB,7,1168.38,2025-12-12,2024-03-11,19,7,1168.38,4,5,3,12,Loyal
CUST002882,ES,4,2559.44,2025-09-03,2024-03-15,119,4,2559.44,2,3,5,10,At Risk
CUST003127,NL,8,1824.12,2025-10-25,2024-03-15,67,8,1824.12,3,5,4,12,Potential Loyalist
CUST003794,NL,1,10.08,2024-03-15,2024-03-15,656,1,10.08,1,1,1,3,Hibernating
CUST000278,GB,6,1274.3,2025-12-09,2024-03-16,22,6,1274.3,4,4,3,11,Loyal
CUST001100,FR,6,2685.0,2025-12-24,2024-03-17,7,6,2685.0,5,4,5,14,Champions
CUST001059,GB,6,1524.25,2025-11-26,2024-03-17,35,6,1524.25,4,4,3,11,Loyal
CUST002989,NL,6,2522.51,2025-11-05,2024-03-18,56,6,2522.51,3,4,5,12,Potential Loyalist
CUST003186,GB,5,1625.23,2025-05-27,2024-03-20,218,5,1625.23,1,3,4,8,At Risk
CUST000838,FR,6,2720.3,2025-12-02,2024-03-20,29,6,2720.3,4,4,5,13,Champions
CUST002718,SE,3,136.32,2024-12-25,2024-03-24,371,3,136.32,1,2,1,4,Hibernating
CUST002446,FR,8,2646.58,2025-11-22,2024-03-26,39,8,2646.58,3,5,5,13,Champions
CUST003737,NL,4,989.51,2025-10-22,2024-03-27,70,4,989.51,3,3,2,8,Potential Loyalist
CUST000782,GB,9,1196.46,2025-12-30,2024-03-29,1,9,1196.46,5,5,3,13,Champions
CUST002267,GB,10,2484.7,2025-12-22,2024-03-30,9,10,2484.7,5,5,5,15,Champions
CUST001224,IT,7,4099.75,2025-09-02,2024-03-30,120,7,4099.75,2,5,5,12,At Risk
CUST003642,IT,3,1076.44,2025-09-25,2024-04-01,97,3,1076.44,2,2,2,6,Hibernating
CUST001507,GB,5,605.32,2025-12-29,2024-04-01,2,5,605.32,5,3,1,9,Loyal
CUST001109,NL,5,1605.3,2025-12-27,2024-04-03,4,5,1605.3,5,3,3,11,Loyal
CUST000390,ES,5,2923.94,2025-06-14,2024-04-03,200,5,2923.94,1,3,5,9,At Risk
CUST003346,NL,4,465.18,2025-02-01,2024-04-04,333,4,465.18,1,3,1,5,At Risk
CUST001022,FR,6,1576.51,2025-12-29,2024-04-06,2,6,1576.51,5,4,3,12,Loyal
CUST003197,IT,4,859.28,2025-08-31,2024-04-08,122,4,859.28,2,3,2,7,At Risk
CUST000516,DE,6,1162.32,2025-08-01,2024-04-10,152,6,1162.32,2,4,3,9,At Risk
CUST003432,SE,8,3137.11,2025-10-08,2024-04-11,84,8,3137.11,2,5,5,12,At Risk
CUST001831,SE,2,205.55,2024-08-22,2024-04-11,496,2,205.55,1,1,1,3,Hibernating
CUST001677,DE,7,3507.43,2025-11-21,2024-04-13,40,7,3507.43,3,5,5,13,Champions
CUST001062,SE,3,1252.57,2025-04-23,2024-04-21,252,3,1252.57,1,2,3,6,Hibernating
CUST001029,FR,4,515.79,2025-10-20,2024-04-21,72,4,515.79,3,3,1,7,Potential Loyalist
CUST003451,GB,6,986.46,2025-12-16,2024-04-23,15,6,986.46,5,4,2,11,Loyal
CUST002980,SE,7,2043.73,2025-06-10,2024-04-24,204,7,2043.73,1,5,4,10,At Risk
CUST000324,FR,2,623.69,2025-07-12,2024-04-25,172,2,623.69,2,1,1,4,Hibernating
CUST000847,DE,7,1955.99,2025-11-28,2024-04-25,33,7,1955.99,4,5,4,13,Champions
CUST002474,NL,4,1675.08,2025-12-27,2024-04-28,4,4,1675.08,5,3,4,12,Loyal
CUST000048,GB,7,1669.64,2025-10-14,2024-04-29,78,7,1669.64,3,5,4,12,Potential Loyalist
CUST002797,DE,5,1907.01,2025-04-09,2024-05-01,266,5,1907.01,1,3,4,8,At Risk
CUST001725,NL,7,1981.63,2025-12-17,2024-05-01,14,7,1981.63,5,5,4,14,Champions
CUST003815,FR,9,4261.79,2025-12-08,2024-05-03,23,9,4261.79,4,5,5,14,Champions
CUST002237,IT,6,2148.96,2025-10-21,2024-05-06,71,6,2148.96,3,4,4,11,Potential Loyalist
CUST000928,GB,4,430.66,2025-03-06,2024-05-07,300,4,430.66,1,3,1,5,At Risk
CUST000781,NL,8,1452.7,2025-12-21,2024-05-07,10,8,1452.7,5,5,3,13,Champions
CUST002253,NL,5,922.88,2025-05-07,2024-05-08,238,5,922.88,1,3,2,6,At Risk
CUST002811,DE,2,266.14,2025-10-12,2024-05-08,80,2,266.14,2,1,1,4,Hibernating
CUST003950,DE,4,1408.58,2025-02-19,2024-05-09,315,4,1408.58,1,3,3,7,At Risk
CUST000858,GB,6,2589.38,2024-12-19,2024-05-11,377,6,2589.38,1,4,5,10,At Risk
CUST000261,GB,7,2259.97,2025-12-17,2024-05-12,14,7,2259.97,5,5,4,14,Champions
CUST001840,DE,3,2039.77,2025-11-29,2024-05-13,32,3,2039.77,4,2,4,10,Potential Loyalist
CUST000926,DE,2,555.41,2025-12-02,2024-05-13,29,2,555.41,4,1,1,6,Potential Loyalist
CUST002063,ES,4,1597.02,2025-10-16,2024-05-14,76,4,1597.02,3,3,3,9,Potential Loyalist
CUST001916,NL,5,2110.4,2025-12-06,2024-05-18,25,5,2110.4,4,3,4,11,Loyal
CUST002317,FR,3,427.98,2025-07-24,2024-05-18,160,3,427.98,2,2,1,5,Hibernating
CUST002445,FR,6,1337.49,2025-12-09,2024-05-20,22,6,1337.49,4,4,3,11,Loyal
CUST003449,GB,2,734.29,2025-09-11,2024-05-21,111,2,734.29,2,1,2,5,Hibernating
CUST001612,NL,5,471.87,2025-10-25,2024-05-22,67,5,471.87,3,3,1,7,Potential Loyalist
CUST000581,GB,10,2074.02,2025-12-13,2024-05-23,18,10,2074.02,4,5,4,13,Champions
CUST000670,FR,4,1731.59,2025-11-09,2024-05-26,52,4,1731.59,3,3,4,10,Potential Loyalist
CUST003556,GB,6,1261.57,2025-12-29,2024-05-28,2,6,1261.57,5,4,3,12,Loyal
CUST003185,GB,3,1229.56,2024-09-26,2024-05-28,461,3,1229.56,1,2,3,6,Hibernating
CUST002519,NL,3,330.94,2025-08-25,2024-05-30,128,3,330.94,2,2,1,5,Hibernating
CUST001438,NL,6,807.67,2025-09-07,2024-05-30,115,6,807.67,2,4,2,8,At Risk
CUST003520,DE,4,751.0,2024-11-27,2024-06-04,399,4,751.0,1,3,2,6,At Risk
CUST002099,ES,4,281.49,2024-12-02,2024-06-07,394,4,281.49,1,3,1,5,At Risk
CUST002517,DE,2,72.07,2025-10-14,2024-06-09,78,2,72.07,3,1,1,5,Potential Loyalist
CUST000087,NL,6,2793.44,2025-05-02,2024-06-13,243,6,2793.44,1,4,5,10,At Risk
CUST002727,DE,9,2473.14,2025-12-18,2024-06-15,13,9,2473.14,5,5,5,15,Champions
CUST003010,DE,6,3662.86,2025-10-04,2024-06-16,88,6,3662.86,2,4,5,11,At Risk
CUST001707,GB,6,1570.89,2025-12-14,2024-06-17,17,6,1570.89,4,4,3,11,Loyal
CUST002706,ES,4,855.47,2025-12-05,2024-06-19,26,4,855.47,4,3,2,9,Loyal
CUST000582,SE,5,1286.82,2025-10-25,2024-06-19,67,5,1286.82,3,3,3,9,Potential Loyalist
CUST001908,FR,2,366.4,2024-11-18,2024-06-19,408,2,366.4,1,1,1,3,Hibernating
CUST001878,GB,3,631.01,2025-09-08,2024-06-20,114,3,631.01,2,2,1,5,Hibernating
CUST003856,DE,4,723.41,2025-10-16,2024-06-26,76,4,723.41,3,3,2,8,Potential Loyalist
CUST000249,SE,5,1885.64,2025-09-09,2024-06-29,113,5,1885.64,2,3,4,9,At Risk
CUST003461,FR,7,3262.68,2025-12-11,2024-07-01,20,7,3262.68,4,5,5,14,Champions
CUST003769,DE,1,116.54,2024-07-06,2024-07-06,543,1,116.54,1,1,1,3,Hibernating
CUST002107,ES,3,1255.79,2025-09-12,2024-07-08,110,3,1255.79,2,2,3,7,Hibernating
CUST003079,DE,8,1566.34,2025-12-03,2024-07-09,28,8,1566.34,4,5,3,12,Loyal
CUST002518,GB,3,235.33,2025-09-25,2024-07-12,97,3,235.33,2,2,1,5,Hibernating
CUST000711,ES,4,664.41,2025-12-09,2024-07-16,22,4,664.41,4,3,2,9,Loyal
CUST000240,DE,4,514.79,2025-12-07,2024-07-20,24,4,514.79,4,3,1,8,Loyal
CUST002984,ES,7,1323.35,2025-12-08,2024-07-27,23,7,1323.35,4,5,3,12,Loyal
CUST002441,GB,9,4912.44,2025-12-16,2024-07-29,15,9,4912.44,5,5,5,15,Champions
CUST002055,ES,7,3734.15,2025-11-27,2024-08-05,34,7,3734.15,4,5,5,14,Champions
CUST003528,ES,5,2107.53,2025-12-14,2024-08-06,17,5,2107.53,4,3,4,11,Loyal
CUST002565,FR,5,637.71,2025-06-02,2024-08-06,212,5,637.71,1,3,1,5,At Risk
CUST001064,FR,6,2346.31,2025-12-20,2024-08-09,11,6,2346.31,5,4,4,13,Champions
CUST001713,ES,6,1725.82,2025-07-22,2024-08-10,162,6,1725.82,2,4,4,10,At Risk
CUST001448,ES,7,2674.35,2025-12-24,2024-08-11,7,7,2674.35,5,5,5,15,Champions
CUST003998,FR,5,1497.32,2025-11-16,2024-08-15,45,5,1497.32,3,3,3,9,Potential Loyalist
CUST000643,DE,4,668.91,2025-04-05,2024-08-15,270,4,668.91,1,3,2,6,At Risk
CUST002205,NL,3,891.51,2025-11-29,2024-08-20,32,3,891.51,4,2,2,8,Potential Loyalist
CUST001981,DE,5,745.99,2025-10-30,2024-08-21,62,5,745.99,3,3,2,8,Potential Loyalist
CUST002901,DE,6,881.02,2025-08-24,2024-08-25,129,6,881.02,2,4,2,8,At Risk
CUST003826,DE,4,752.69,2025-11-19,2024-08-25,42,4,752.69,3,3,2,8,Potential Loyalist
CUST001700,GB,4,1291.97,2025-12-25,2024-08-31,6,4,1291.97,5,3,3,11,Loyal
CUST003165,DE,3,2127.79,2025-11-21,2024-09-01,40,3,2127.79,3,2,4,9,Potential Loyalist
CUST003106,FR,4,961.56,2025-02-25,2024-09-02,309,4,961.56,1,3,2,6,At Risk
CUST001113,DE,3,352.81,2025-12-01,2024-09-04,30,3,352.81,4,2,1,7,Potential Loyalist
CUST001954,NL,2,57.61,2024-12-06,2024-09-05,390,2,57.61,1,1,1,3,Hibernating
CUST000232,GB,4,1075.3,2025-07-20,2024-09-07,164,4,1075.3,2,3,2,7,At Risk
CUST003596,GB,5,1169.55,2025-10-06,2024-09-19,86,5,1169.55,2,3,3,8,At Risk
CUST002668,NL,3,209.15,2025-06-06,2024-09-22,208,3,209.15,1,2,1,4,Hibernating
CUST000716,IT,9,873.2,2025-12-08,2024-09-27,23,9,873.2,4,5,2,11,Loyal
CUST002585,GB,5,705.23,2025-12-25,2024-09-30,6,5,705.23,5,3,2,10,Loyal
CUST003345,GB,5,3103.64,2025-12-19,2024-10-11,12,5,3103.64,5,3,5,13,Champions
CUST003739,ES,3,641.74,2025-06-15,2024-10-12,199,3,641.74,1,2,1,4,Hibernating
CUST003992,DE,5,2031.26,2025-09-12,2024-10-13,110,5,2031.26,2,3,4,9,At Risk
CUST000887,NL,5,408.04,2025-10-16,2024-10-20,76,5,408.04,3,3,1,7,Potential Loyalist
CUST003478,GB,1,329.73,2024-10-20,2024-10-20,437,1,329.73,1,1,1,3,Hibernating
CUST000344,FR,11,2317.86,2025-12-22,2024-10-21,9,11,2317.86,5,5,4,14,Champions
CUST002386,GB,5,2220.71,2025-12-09,2024-10-21,22,5,2220.71,4,3,4,11,Loyal
CUST001688,GB,4,753.02,2025-12-10,2024-11-01,21,4,753.02,4,3,2,9,Loyal
CUST002504,SE,7,1649.64,2025-12-28,2024-11-02,3,7,1649.64,5,5,4,14,Champions
CUST001525,GB,6,1977.62,2025-12-14,2024-11-04,17,6,1977.62,4,4,4,12,Loyal
CUST003068,SE,5,466.44,2025-10-20,2024-11-06,72,5,466.44,3,3,1,7,Potential Loyalist
CUST003433,ES,6,1957.72,2025-11-04,2024-11-06,57,6,1957.72,3,4,4,11,Potential Loyalist
CUST002719,ES,3,360.06,2025-03-03,2024-11-08,303,3,360.06,1,2,1,4,Hibernating
CUST001860,NL,4,1092.89,2025-11-22,2024-11-10,39,4,1092.89,3,3,2,8,Potential Loyalist
CUST003771,GB,3,734.22,2025-11-12,2024-11-16,49,3,734.22,3,2,2,7,Potential Loyalist
CUST002704,DE,5,2164.07,2025-11-25,2024-11-16,36,5,2164.07,4,3,4,11,Loyal
CUST000073,DE,6,1454.34,2025-11-14,2024-11-18,47,6,1454.34,3,4,3,10,Potential Loyalist
CUST003341,IT,3,948.89,2025-10-18,2024-11-23,74,3,948.89,3,2,2,7,Potential Loyalist
CUST000466,FR,6,1037.58,2025-12-10,2024-11-24,21,6,1037.58,4,4,2,10,Loyal
CUST000875,DE,3,68.33,2025-07-19,2024-11-25,165,3,68.33,2,2,1,5,Hibernating
CUST002294,GB,9,1643.71,2025-12-02,2024-11-26,29,9,1643.71,4,5,4,13,Champions
CUST000179,IT,5,882.05,2025-11-15,2024-11-27,46,5,882.05,3,3,2,8,Potential Loyalist
CUST000231,ES,5,1232.02,2025-12-16,2024-11-27,15,5,1232.02,5,3,3,11,Loyal
CUST002993,GB,1,104.67,2024-11-30,2024-11-30,396,1,104.67,1,1,1,3,Hibernating
CUST000377,ES,1,218.21,2024-11-30,2024-11-30,396,1,218.21,1,1,1,3,Hibernating
CUST001288,FR,6,1121.75,2025-09-26,2024-12-01,96,6,1121.75,2,4,3,9,At Risk
CUST000058,DE,4,1485.56,2025-11-27,2024-12-04,34,4,1485.56,4,3,3,10,Loyal
CUST001849,IT,3,867.47,2025-11-10,2024-12-04,51,3,867.47,3,2,2,7,Potential Loyalist
CUST003268,GB,2,515.1,2025-06-03,2024-12-06,211,2,515.1,1,1,1,3,Hibernating
CUST000470,SE,3,1354.89,2025-10-23,2024-12-10,69,3,1354.89,3,2,3,8,Potential Loyalist
CUST000956,FR,4,2664.18,2025-07-31,2024-12-12,153,4,2664.18,2,3,5,10,At Risk
CUST003374,NL,6,4315.07,2025-10-20,2024-12-12,72,6,4315.07,3,4,5,12,Potential Loyalist
CUST002506,DE,1,635.6,2024-12-14,2024-12-14,382,1,635.6,1,1,1,3,Hibernating
CUST000260,DE,2,752.28,2025-06-12,2024-12-17,202,2,752.28,1,1,2,4,Hibernating
CUST003515,ES,4,839.2,2025-09-01,2024-12-19,121,4,839.2,2,3,2,7,At Risk
CUST002306,FR,2,111.43,2025-01-30,2024-12-24,335,2,111.43,1,1,1,3,Hibernating
CUST002972,DE,2,294.29,2025-10-20,2024-12-27,72,2,294.29,3,1,1,5,Potential Loyalist
CUST000848,SE,3,699.68,2025-12-08,2025-01-04,23,3,699.68,4,2,2,8,Potential Loyalist
CUST000554,GB,3,1981.12,2025-09-16,2025-01-05,106,3,1981.12,2,2,4,8,Hibernating
CUST003767,GB,3,564.56,2025-05-08,2025-01-10,237,3,564.56,1,2,1,4,Hibernating
CUST002610,DE,4,1744.01,2025-11-03,2025-01-15,58,4,1744.01,3,3,4,10,Potential Loyalist
CUST002269,DE,2,808.73,2025-11-03,2025-01-22,58,2,808.73,3,1,2,6,Potential Loyalist
CUST003705,IT,4,1208.21,2025-09-19,2025-02-13,103,4,1208.21,2,3,3,8,At Risk
CUST002034,SE,2,465.15,2025-11-02,2025-02-15,59,2,465.15,3,1,1,5,Potential Loyalist
CUST003576,FR,4,667.51,2025-12-28,2025-02-17,3,4,667.51,5,3,2,10,Loyal
CUST002385,FR,2,340.07,2025-08-11,2025-02-20,142,2,340.07,2,1,1,4,Hibernating
CUST001500,ES,4,1440.88,2025-11-22,2025-02-28,39,4,1440.88,3,3,3,9,Potential Loyalist
CUST002113,DE,2,201.8,2025-12-10,2025-03-09,21,2,201.8,4,1,1,6,Potential Loyalist
CUST003983,DE,6,1543.43,2025-11-22,2025-03-10,39,6,1543.43,3,4,3,10,Potential Loyalist
CUST003721,FR,4,1084.54,2025-10-31,2025-03-28,61,4,1084.54,3,3,2,8,Potential Loyalist
CUST003210,GB,1,622.2,2025-04-02,2025-04-02,273,1,622.2,1,1,1,3,Hibernating
CUST001323,IT,4,648.91,2025-12-31,2025-04-03,0,4,648.91,5,3,2,10,Loyal
CUST001435,DE,4,706.14,2025-10-03,2025-04-03,89,4,706.14,2,3,2,7,At Risk
CUST002527,DE,4,1460.16,2025-12-12,2025-04-06,19,4,1460.16,4,3,3,10,Loyal
CUST002802,IT,6,1830.08,2025-11-05,2025-04-08,56,6,1830.08,3,4,4,11,Potential Loyalist
CUST000502,GB,2,291.2,2025-12-30,2025-05-05,1,2,291.2,5,1,1,7,Potential Loyalist
CUST000508,ES,4,708.19,2025-12-25,2025-05-23,6,4,708.19,5,3,2,10,Loyal
CUST002765,DE,4,235.34,2025-10-03,2025-05-28,89,4,235.34,2,3,1,6,At Risk
CUST000666,DE,2,562.83,2025-08-02,2025-07-17,151,2,562.83,2,1,1,4,Hibernating
CUST003117,NL,2,2464.66,2025-12-07,2025-09-05,24,2,2464.66,4,1,5,10,Potential Loyalist
CUST002816,ES,1,82.42,2025-09-28,2025-09-28,94,1,82.42,2,1,1,4,Hibernating
CUST002808,DE,2,138.99,2025-12-31,2025-10-25,0,2,138.99,5,1,1,7,Potential Loyalist
CUST000873,GB,2,647.61,2025-12-04,2025-11-21,27,2,647.61,4,1,1,6,Potential Loyalist
CUST003431,GB,2,172.6,2025-12-12,2025-11-26,19,2,172.6,4,1,1,6,Potential Loyalist
CUST003828,GB,2,323.79,2025-12-20,2025-12-14,11,2,323.79,5,1,1,7,Potential Loyalist
CUST001125,NL,1,120.58,2025-12-20,2025-12-20,11,1,120.58,5,1,1,7,Potential Loyalist
CUST000708,ES,1,17.8,2025-12-20,2025-12-20,11,1,17.8,5,1,1,7,Potential Loyalist
CUST001814,DE,4,1794.9,2025-12-10,2024-01-01,21,4,1794.9,4,3,4,11,Loyal
CUST002579,FR,6,1453.78,2025-10-31,2024-01-03,61,6,1453.78,3,4,3,10,Potential Loyalist
CUST002411,NL,7,1372.72,2025-09-21,2024-01-05,101,7,1372.72,2,5,3,10,At Risk
CUST001891,DE,5,1642.53,2025-01-17,2024-01-05,348,5,1642.53,1,3,4,8,At Risk
CUST000104,GB,6,768.89,2025-11-26,2024-01-06,35,6,768.89,4,4,2,10,Loyal
CUST001476,NL,6,1745.22,2025-10-26,2024-01-06,66,6,1745.22,3,4,4,11,Potential Loyalist
CUST002845,GB,6,1836.45,2025-12-07,2024-01-06,24,6,1836.45,4,4,4,12,Loyal
CUST000935,DE,6,860.34,2025-11-19,2024-01-06,42,6,860.34,3,4,2,9,Potential Loyalist
CUST000076,NL,3,856.7,2025-12-24,2024-01-07,7,3,856.7,5,2,2,9,Potential Loyalist
CUST002568,FR,4,1534.49,2025-07-03,2024-01-10,181,4,1534.49,2,3,3,8,At Risk
CUST000185,FR,6,1453.28,2025-12-28,2024-01-10,3,6,1453.28,5,4,3,12,Loyal
CUST002841,FR,5,996.76,2025-12-02,2024-01-13,29,5,996.76,4,3,2,9,Loyal
CUST000774,FR,5,2602.89,2025-06-19,2024-01-14,195,5,2602.89,1,3,5,9,At Risk
CUST002169,NL,7,1496.15,2025-11-13,2024-01-14,48,7,1496.15,3,5,3,11,Potential Loyalist
CUST003848,GB,6,1822.01,2025-06-29,2024-01-15,185,6,1822.01,2,4,4,10,At Risk
CUST003218,DE,7,2107.05,2025-04-14,2024-01-16,261,7,2107.05,1,5,4,10,At Risk
CUST001334,SE,7,1261.32,2025-12-28,2024-01-16,3,7,1261.32,5,5,3,13,Champions
CUST002665,GB,11,1904.53,2025-11-08,2024-01-17,53,11,1904.53,3,5,4,12,Potential Loyalist
CUST003634,FR,3,506.95,2025-10-18,2024-01-18,74,3,506.95,3,2,1,6,Potential Loyalist
CUST003110,GB,4,425.44,2025-10-07,2024-01-22,85,4,425.44,2,3,1,6,At Risk
CUST001496,NL,3,622.28,2024-11-30,2024-01-23,396,3,622.28,1,2,1,4,Hibernating
CUST002200,FR,8,1507.3,2025-11-30,2024-01-24,31,8,1507.3,4,5,3,12,Loyal
CUST002779,FR,4,563.79,2025-09-24,2024-01-24,98,4,563.79,2,3,1,6,At Risk
CUST000677,DE,3,250.76,2025-11-22,2024-01-24,39,3,250.76,3,2,1,6,Potential Loyalist
CUST002930,FR,7,2038.42,2025-12-16,2024-01-26,15,7,2038.42,5,5,4,14,Champions
CUST000272,ES,5,1557.19,2025-12-31,2024-01-27,0,5,1557.19,5,3,3,11,Loyal
CUST000546,FR,5,1152.99,2025-12-27,2024-01-27,4,5,1152.99,5,3,3,11,Loyal
CUST002618,FR,5,1587.6,2025-05-01,2024-01-28,244,5,1587.6,1,3,3,7,At Risk
CUST001169,DE,3,386.96,2025-12-18,2024-01-28,13,3,386.96,5,2,1,8,Potential Loyalist
CUST003004,GB,5,1023.21,2025-12-09,2024-01-30,22,5,1023.21,4,3,2,9,Loyal
CUST003700,FR,9,2517.89,2025-11-23,2024-01-30,38,9,2517.89,4,5,5,14,Champions
CUST001355,GB,2,823.58,2024-11-24,2024-02-02,402,2,823.58,1,1,2,4,Hibernating
CUST002627,DE,4,826.11,2025-12-07,2024-02-02,24,4,826.11,4,3,2,9,Loyal
CUST000828,FR,6,1435.35,2025-12-24,2024-02-03,7,6,1435.35,5,4,3,12,Loyal
CUST001643,GB,4,1047.39,2025-10-14,2024-02-03,78,4,1047.39,3,3,2,8,Potential Loyalist
CUST003265,ES,7,2896.46,2025-12-10,2024-02-04,21,7,2896.46,4,5,5,14,Champions
CUST000106,DE,5,1509.68,2025-07-07,2024-02-04,177,5,1509.68,2,3,3,8,At Risk
CUST001083,FR,6,1952.5,2025-11-17,2024-02-04,44,6,1952.5,3,4,4,11,Potential Loyalist
CUST001705,FR,10,2787.84,2025-12-23,2024-02-05,8,10,2787.84,5,5,5,15,Champions
CUST001893,ES,6,2014.65,2025-03-26,2024-02-05,280,6,2014.65,1,4,4,9,At Risk
CUST002171,NL,6,1292.01,2025-11-12,2024-02-08,49,6,1292.01,3,4,3,10,Potential Loyalist
CUST000026,ES,5,997.33,2025-10-15,2024-02-09,77,5,997.33,3,3,2,8,Potential Loyalist
CUST000690,DE,3,1475.96,2025-12-30,2024-02-09,1,3,1475.96,5,2,3,10,Potential Loyalist
CUST000020,FR,7,1282.01,2025-12-22,2024-02-10,9,7,1282.01,5,5,3,13,Champions
CUST003316,NL,6,2316.06,2025-12-27,2024-02-11,4,6,2316.06,5,4,4,13,Champions
CUST002846,FR,6,2423.46,2025-11-25,2024-02-12,36,6,2423.46,4,4,5,13,Champions
CUST003709,FR,5,2799.75,2025-12-18,2024-02-13,13,5,2799.75,5,3,5,13,Champions
CUST002510,IT,5,1748.93,2025-11-20,2024-02-15,41,5,1748.93,3,3,4,10,Potential Loyalist
CUST002153,NL,10,4541.12,2025-12-23,2024-02-16,8,10,4541.12,5,5,5,15,Champions
CUST000214,DE,10,3092.89,2025-11-04,2024-02-17,57,10,3092.89,3,5,5,13,Champions
CUST003381,FR,7,2472.09,2025-12-24,2024-02-17,7,7,2472.09,5,5,5,15,Champions
CUST003547,DE,3,402.61,2025-08-04,2024-02-17,149,3,402.61,2,2,1,5,Hibernating
CUST002960,ES,4,1289.98,2025-07-26,2024-02-18,158,4,1289.98,2,3,3,8,At Risk
CUST001521,DE,9,2843.47,2025-11-16,2024-02-19,45,9,2843.47,3,5,5,13,Champions
CUST002606,GB,5,3112.96,2025-09-20,2024-02-21,102,5,3112.96,2,3,5,10,At Risk
CUST003887,IT,8,4457.97,2025-07-30,2024-02-21,154,8,4457.97,2,5,5,12,At Risk
CUST001753,DE,7,4313.79,2025-12-13,2024-02-24,18,7,4313.79,4,5,5,14,Champions
CUST000186,NL,9,3307.96,2025-11-22,2024-02-24,39,9,3307.96,3,5,5,13,Champions
CUST002940,DE,4,1822.38,2025-02-03,2024-02-25,331,4,1822.38,1,3,4,8,At Risk
CUST001153,NL,4,1147.79,2025-06-28,2024-02-27,186,4,1147.79,2,3,3,8,At Risk
CUST000624,GB,5,876.36,2025-05-27,2024-02-27,218,5,876.36,1,3,2,6,At Risk
CUST000424,GB,4,1293.14,2025-06-04,2024-03-01,210,4,1293.14,1,3,3,7,At Risk
CUST001167,ES,7,543.16,2025-08-23,2024-03-01,130,7,543.16,2,5,1,8,At Risk
CUST002207,FR,4,1866.31,2025-05-25,2024-03-01,220,4,1866.31,1,3,4,8,At Risk
CUST001974,GB,6,1307.05,2025-08-31,2024-03-02,122,6,1307.05,2,4,3,9,At Risk
CUST000477,DE,7,3216.08,2025-12-21,2024-03-03,10,7,3216.08,5,5,5,15,Champions
CUST003285,GB,5,1307.41,2025-11-22,2024-03-03,39,5,1307.41,3,3,3,9,Potential Loyalist
CUST001036,NL,3,468.19,2025-08-15,2024-03-03,138,3,468.19,2,2,1,5,Hibernating
CUST003302,SE,6,2324.81,2025-11-16,2024-03-03,45,6,2324.81,3,4,4,11,Potential Loyalist
CUST001945,ES,6,2418.87,2025-12-20,2024-03-06,11,6,2418.87,5,4,5,14,Champions
CUST000284,DE,3,1795.65,2025-12-07,2024-03-07,24,3,1795.65,4,2,4,10,Potential Loyalist
CUST002213,DE,11,2647.5,2025-04-24,2024-03-07,251,11,2647.5,1,5,5,11,At Risk
CUST000746,IT,10,1929.95,2025-12-04,2024-03-10,27,10,1929.95,4,5,4,13,Champions
CUST000987,NL,7,1577.34,2025-08-30,2024-03-10,123,7,1577.34,2,5,3,10,At Risk
CUST001426,SE,8,2423.86,2025-12-12,2024-03-10,19,8,2423.86,4,5,5,14,Champions
CUST001880,GB,6,2681.49,2025-10-19,2024-03-11,73,6,2681.49,3,4,5,12,Potential Loyalist
CUST002933,DE,5,1037.54,2025-09-06,2024-03-11,116,5,1037.54,2,3,2,7,At Risk
CUST003286,DE,5,1456.56,2025-11-21,2024-03-12,40,5,1456.56,3,3,3,9,Potential Loyalist
CUST000896,DE,8,1406.62,2025-07-31,2024-03-12,153,8,1406.62,2,5,3,10,At Risk
CUST000289,FR,6,2151.9,2025-12-26,2024-03-12,5,6,2151.9,5,4,4,13,Champions
CUST000745,DE,10,2429.89,2025-12-23,2024-03-16,8,10,2429.89,5,5,5,15,Champions
CUST000947,DE,4,539.37,2025-10-22,2024-03-16,70,4,539.37,3,3,1,7,Potential Loyalist
CUST000015,DE,7,3116.57,2025-09-29,2024-03-16,93,7,3116.57,2,5,5,12,At Risk
CUST002105,ES,7,1416.65,2025-11-10,2024-03-17,51,7,1416.65,3,5,3,11,Potential Loyalist
CUST003573,ES,4,2298.56,2025-12-29,2024-03-17,2,4,2298.56,5,3,4,12,Loyal
CUST001270,FR,8,2830.08,2025-11-03,2024-03-18,58,8,2830.08,3,5,5,13,Champions
CUST003217,DE,3,306.92,2025-12-19,2024-03-19,12,3,306.92,5,2,1,8,Potential Loyalist
CUST001594,DE,14,3760.47,2025-12-25,2024-03-22,6,14,3760.47,5,5,5,15,Champions
CUST003006,ES,4,572.16,2025-11-17,2024-03-23,44,4,572.16,3,3,1,7,Potential Loyalist
CUST000291,DE,5,814.55,2025-12-05,2024-03-23,26,5,814.55,4,3,2,9,Loyal
CUST000545,GB,3,1787.01,2025-11-15,2024-03-27,46,3,1787.01,3,2,4,9,Potential Loyalist
CUST003699,IT,5,1570.67,2025-11-08,2024-03-27,53,5,1570.67,3,3,3,9,Potential Loyalist
CUST002949,FR,10,5483.77,2025-12-24,2024-03-28,7,10,5483.77,5,5,5,15,Champions
CUST003707,NL,5,780.1,2025-11-20,2024-03-29,41,5,780.1,3,3,2,8,Potential Loyalist
CUST002416,SE,7,2780.07,2025-09-12,2024-03-30,110,7,2780.07,2,5,5,12,At Risk
CUST000412,SE,7,2125.82,2025-10-24,2024-03-31,68,7,2125.82,3,5,4,12,Potential Loyalist
CUST002617,FR,3,2909.93,2025-07-27,2024-03-31,157,3,2909.93,2,2,5,9,Hibernating
CUST003959,DE,4,928.57,2025-06-15,2024-04-06,199,4,928.57,1,3,2,6,At Risk
CUST000165,DE,5,611.31,2025-12-19,2024-04-06,12,5,611.31,5,3,1,9,Loyal
CUST003535,DE,8,1181.26,2025-12-28,2024-04-09,3,8,1181.26,5,5,3,13,Champions
CUST003227,DE,4,907.03,2025-12-15,2024-04-10,16,4,907.03,5,3,2,10,Loyal
CUST000343,DE,4,793.88,2025-03-03,2024-04-12,303,4,793.88,1,3,2,6,At Risk
CUST000127,ES,6,1126.59,2025-11-21,2024-04-13,40,6,1126.59,3,4,3,10,Potential Loyalist
CUST001092,GB,7,3031.43,2025-12-27,2024-04-13,4,7,3031.43,5,5,5,15,Champions
CUST002408,DE,3,1512.76,2025-12-30,2024-04-15,1,3,1512.76,5,2,3,10,Potential Loyalist
CUST002978,DE,7,1399.4,2025-12-07,2024-04-16,24,7,1399.4,4,5,3,12,Loyal
CUST000096,GB,5,2269.45,2025-11-02,2024-04-17,59,5,2269.45,3,3,4,10,Potential Loyalist
CUST001946,GB,4,1107.4,2025-04-01,2024-04-17,274,4,1107.4,1,3,2,6,At Risk
CUST002137,DE,3,671.3,2025-11-21,2024-04-20,40,3,671.3,3,2,2,7,Potential Loyalist
CUST000975,DE,6,3322.58,2025-12-11,2024-04-21,20,6,3322.58,4,4,5,13,Champions
CUST003655,DE,5,1385.31,2025-10-28,2024-04-22,64,5,1385.31,3,3,3,9,Potential Loyalist
CUST000876,DE,6,2276.5,2025-04-09,2024-04-23,266,6,2276.5,1,4,4,9,At Risk
CUST002402,DE,6,1191.11,2025-02-14,2024-04-23,320,6,1191.11,1,4,3,8,At Risk
CUST003219,NL,8,2731.71,2025-03-03,2024-04-24,303,8,2731.71,1,5,5,11,At Risk
CUST003097,SE,4,1392.64,2025-08-15,2024-04-25,138,4,1392.64,2,3,3,8,At Risk
CUST001537,DE,7,709.86,2025-11-15,2024-04-26,46,7,709.86,3,5,2,10,Potential Loyalist
CUST003206,ES,7,2238.91,2025-06-01,2024-04-26,213,7,2238.91,1,5,4,10,At Risk
CUST002095,FR,3,525.37,2025-03-08,2024-04-27,298,3,525.37,1,2,1,4,Hibernating
CUST003086,NL,2,390.82,2025-11-25,2024-04-28,36,2,390.82,4,1,1,6,Potential Loyalist
CUST000612,ES,3,749.06,2025-03-07,2024-04-29,299,3,749.06,1,2,2,5,Hibernating
CUST002042,GB,6,1015.45,2025-12-04,2024-04-29,27,6,1015.45,4,4,2,10,Loyal
CUST002379,FR,8,2461.18,2025-12-04,2024-04-29,27,8,2461.18,4,5,5,14,Champions
CUST002454,FR,7,1757.57,2025-12-31,2024-04-29,0,7,1757.57,5,5,4,14,Champions
CUST003847,SE,3,583.27,2024-08-17,2024-05-11,501,3,583.27,1,2,1,4,Hibernating
CUST001941,DE,8,1485.04,2025-12-11,2024-05-11,20,8,1485.04,4,5,3,12,Loyal
CUST003354,GB,4,995.15,2025-11-21,2024-05-12,40,4,995.15,3,3,2,8,Potential Loyalist
CUST002368,GB,4,655.44,2025-05-11,2024-05-14,234,4,655.44,1,3,2,6,At Risk
CUST000488,FR,5,2384.07,2024-12-26,2024-05-14,370,5,2384.07,1,3,5,9,At Risk
CUST003558,GB,4,703.27,2025-11-20,2024-05-15,41,4,703.27,3,3,2,8,Potential Loyalist
CUST003168,DE,10,1920.98,2025-12-27,2024-05-19,4,10,1920.98,5,5,4,14,Champions
CUST001670,ES,4,1665.88,2025-12-17,2024-05-19,14,4,1665.88,5,3,4,12,Loyal
CUST001553,ES,5,705.97,2025-11-16,2024-05-20,45,5,705.97,3,3,2,8,Potential Loyalist
CUST003587,GB,7,2831.49,2025-12-10,2024-05-21,21,7,2831.49,4,5,5,14,Champions
CUST002931,GB,3,376.66,2025-09-08,2024-05-23,114,3,376.66,2,2,1,5,Hibernating
CUST002225,DE,2,367.54,2025-10-23,2024-05-24,69,2,367.54,3,1,1,5,Potential Loyalist
CUST000119,IT,4,360.77,2025-05-12,2024-05-24,233,4,360.77,1,3,1,5,At Risk
CUST003491,DE,6,1278.55,2025-12-14,2024-05-28,17,6,1278.55,4,4,3,11,Loyal
CUST001363,GB,6,3780.75,2025-12-31,2024-05-29,0,6,3780.75,5,4,5,14,Champions
CUST003065,GB,10,3201.65,2025-12-23,2024-05-29,8,10,3201.65,5,5,5,15,Champions
CUST003603,DE,7,3851.47,2025-12-06,2024-06-03,25,7,3851.47,4,5,5,14,Champions
CUST000820,FR,7,2966.54,2025-12-30,2024-06-06,1,7,2966.54,5,5,5,15,Champions
CUST003401,DE,4,858.72,2025-12-05,2024-06-06,26,4,858.72,4,3,2,9,Loyal
CUST002697,NL,7,3961.55,2025-12-28,2024-06-07,3,7,3961.55,5,5,5,15,Champions
CUST000197,NL,7,2510.67,2025-10-23,2024-06-09,69,7,2510.67,3,5,5,13,Champions
CUST002481,FR,3,1654.13,2024-11-07,2024-06-13,419,3,1654.13,1,2,4,7,Hibernating
CUST003857,FR,7,3907.4,2025-11-18,2024-06-15,43,7,3907.4,3,5,5,13,Champions
CUST000293,ES,5,1118.31,2025-08-10,2024-06-17,143,5,1118.31,2,3,3,8,At Risk
CUST000856,DE,3,1023.91,2025-07-04,2024-06-19,180,3,1023.91,2,2,2,6,Hibernating
CUST001569,GB,6,957.84,2025-08-09,2024-06-20,144,6,957.84,2,4,2,8,At Risk
CUST000118,DE,2,1075.29,2024-11-02,2024-06-23,424,2,1075.29,1,1,2,4,Hibernating
CUST001801,SE,4,1514.33,2025-11-26,2024-06-24,35,4,1514.33,4,3,3,10,Loyal
CUST002874,FR,2,216.27,2024-12-14,2024-06-25,382,2,216.27,1,1,1,3,Hibernating
CUST003575,IT,8,3581.85,2025-11-20,2024-06-28,41,8,3581.85,3,5,5,13,Champions
CUST003557,FR,4,973.99,2025-12-09,2024-06-30,22,4,973.99,4,3,2,9,Loyal
CUST002951,ES,2,211.74,2025-12-10,2024-06-30,21,2,211.74,4,1,1,6,Potential Loyalist
CUST001872,DE,3,1433.77,2025-11-11,2024-07-04,50,3,1433.77,3,2,3,8,Potential Loyalist
CUST001769,FR,3,1009.14,2024-12-25,2024-07-10,371,3,1009.14,1,2,2,5,Hibernating
CUST001266,DE,1,796.91,2024-07-16,2024-07-16,533,1,796.91,1,1,2,4,Hibernating
CUST003480,FR,3,548.59,2025-12-19,2024-07-16,12,3,548.59,5,2,1,8,Potential Loyalist
CUST000490,IT,3,829.5,2025-05-03,2024-07-26,242,3,829.5,1,2,2,5,Hibernating
CUST000826,IT,6,937.35,2025-08-06,2024-07-27,147,6,937.35,2,4,2,8,At Risk
CUST001052,GB,10,4295.7,2025-12-13,2024-07-28,18,10,4295.7,4,5,5,14,Champions
CUST001050,DE,2,307.45,2024-11-01,2024-08-02,425,2,307.45,1,1,1,3,Hibernating
CUST003472,ES,6,1880.44,2025-09-18,2024-08-05,104,6,1880.44,2,4,4,10,At Risk
CUST003493,IT,5,1095.41,2025-09-13,2024-08-05,109,5,1095.41,2,3,2,7,At Risk
CUST003538,FR,9,3164.39,2025-12-07,2024-08-06,24,9,3164.39,4,5,5,14,Champions
CUST001243,ES,6,2611.43,2025-11-01,2024-08-08,60,6,2611.43,3,4,5,12,Potential Loyalist
CUST001567,NL,4,1944.46,2025-05-30,2024-08-10,215,4,1944.46,1,3,4,8,At Risk
CUST000444,FR,3,717.44,2025-09-20,2024-08-13,102,3,717.44,2,2,2,6,Hibernating
CUST002194,GB,3,633.47,2025-06-09,2024-08-14,205,3,633.47,1,2,1,4,Hibernating
CUST001884,ES,4,1838.19,2025-11-21,2024-08-18,40,4,1838.19,3,3,4,10,Potential Loyalist
CUST001415,GB,3,1550.37,2024-11-27,2024-08-20,399,3,1550.37,1,2,3,6,Hibernating
CUST003179,ES,7,3443.59,2025-11-22,2024-08-21,39,7,3443.59,3,5,5,13,Champions
CUST002685,FR,7,3068.0,2025-12-31,2024-08-23,0,7,3068.0,5,5,5,15,Champions
CUST003548,GB,5,399.85,2025-11-18,2024-08-24,43,5,399.85,3,3,1,7,Potential Loyalist
CUST003311,NL,5,529.0,2025-08-01,2024-08-24,152,5,529.0,2,3,1,6,At Risk
CUST003085,NL,3,2179.45,2025-11-16,2024-08-25,45,3,2179.45,3,2,4,9,Potential Loyalist
CUST001794,NL,4,568.6,2025-07-16,2024-08-27,168,4,568.6,2,3,1,6,At Risk
CUST002619,ES,3,3092.67,2024-12-31,2024-08-30,365,3,3092.67,1,2,5,8,Hibernating
CUST001137,ES,3,478.43,2025-11-01,2024-08-31,60,3,478.43,3,2,1,6,Potential Loyalist
CUST001666,ES,3,1550.24,2025-04-17,2024-09-02,258,3,1550.24,1,2,3,6,Hibernating
CUST003929,NL,3,431.38,2025-01-19,2024-09-05,346,3,431.38,1,2,1,4,Hibernating
CUST000938,IT,6,2113.99,2025-12-16,2024-09-07,15,6,2113.99,5,4,4,13,Champions
CUST001098,DE,6,2474.09,2025-12-01,2024-09-07,30,6,2474.09,4,4,5,13,Champions
CUST002167,GB,4,734.8,2025-12-29,2024-09-08,2,4,734.8,5,3,2,10,Loyal
CUST000117,ES,6,1308.95,2025-11-16,2024-09-09,45,6,1308.95,3,4,3,10,Potential Loyalist
CUST003017,NL,5,1845.13,2025-12-26,2024-09-10,5,5,1845.13,5,3,4,12,Loyal
CUST002932,NL,4,799.55,2025-12-08,2024-09-10,23,4,799.55,4,3,2,9,Loyal
CUST003713,NL,3,578.33,2025-08-04,2024-09-10,149,3,578.33,2,2,1,5,Hibernating
CUST003858,GB,6,2917.25,2025-12-13,2024-09-15,18,6,2917.25,4,4,5,13,Champions
CUST000688,FR,6,1885.77,2025-12-20,2024-09-17,11,6,1885.77,5,4,4,13,Champions
CUST000574,GB,4,507.58,2025-10-15,2024-09-20,77,4,507.58,3,3,1,7,Potential Loyalist
CUST002482,IT,3,1746.59,2025-10-23,2024-09-24,69,3,1746.59,3,2,4,9,Potential Loyalist
CUST001456,IT,4,1295.38,2025-08-29,2024-09-26,124,4,1295.38,2,3,3,8,At Risk
CUST003204,ES,5,929.8,2025-12-28,2024-09-26,3,5,929.8,5,3,2,10,Loyal
CUST001539,DE,4,1541.95,2025-11-20,2024-10-05,41,4,1541.95,3,3,3,9,Potential Loyalist
CUST003297,GB,8,1826.21,2025-12-03,2024-10-09,28,8,1826.21,4,5,4,13,Champions
CUST000958,DE,1,454.73,2024-10-10,2024-10-10,447,1,454.73,1,1,1,3,Hibernating
CUST003027,IT,2,699.43,2025-10-16,2024-10-11,76,2,699.43,3,1,2,6,Potential Loyalist
CUST001889,NL,5,853.96,2025-11-01,2024-10-11,60,5,853.96,3,3,2,8,Potential Loyalist
CUST000056,IT,4,1522.76,2025-11-08,2024-10-13,53,4,1522.76,3,3,3,9,Potential Loyalist
CUST002604,FR,3,420.08,2025-11-13,2024-10-15,48,3,420.08,3,2,1,6,Potential Loyalist
CUST001571,GB,7,1874.17,2025-12-15,2024-10-18,16,7,1874.17,5,5,4,14,Champions
CUST000370,DE,2,630.15,2025-10-19,2024-10-22,73,2,630.15,3,1,1,5,Potential Loyalist
CUST003964,GB,5,1951.94,2025-12-06,2024-10-24,25,5,1951.94,4,4,4,12,Loyal
CUST003922,FR,5,1421.08,2025-09-14,2024-10-26,108,5,1421.08,2,4,3,9,At Risk
CUST001194,GB,6,2903.17,2025-09-04,2024-10-30,118,6,2903.17,2,4,5,11,At Risk
CUST001139,GB,2,1067.53,2025-02-05,2024-11-07,329,2,1067.53,1,1,2,4,Hibernating
CUST003663,DE,6,746.09,2025-11-10,2024-11-07,51,6,746.09,3,4,2,9,Potential Loyalist
CUST000644,FR,2,1013.78,2025-05-14,2024-11-08,231,2,1013.78,1,1,2,4,Hibernating
CUST000541,SE,4,1087.48,2025-04-09,2024-11-09,266,4,1087.48,1,3,2,6,At Risk
CUST000815,ES,3,781.08,2024-12-02,2024-11-13,394,3,781.08,1,2,2,5,Hibernating
CUST002121,ES,4,1545.78,2025-10-24,2024-11-15,68,4,1545.78,3,3,3,9,Potential Loyalist
CUST001303,DE,4,282.46,2025-08-18,2024-11-22,135,4,282.46,2,3,1,6,At Risk
CUST002139,DE,5,977.83,2025-10-21,2024-11-22,71,5,977.83,3,4,2,9,Potential Loyalist
CUST001105,SE,4,515.48,2025-11-17,2024-11-23,44,4,515.48,3,3,1,7,Potential Loyalist
CUST002209,FR,5,1141.9,2025-12-18,2024-11-24,13,5,1141.9,5,4,3,12,Loyal
CUST003489,DE,3,1316.36,2025-12-16,2024-11-24,15,3,1316.36,5,2,3,10,Potential Loyalist
CUST002686,DE,5,2164.13,2025-09-21,2024-11-27,101,5,2164.13,2,4,4,10,At Risk
CUST001771,GB,2,359.83,2025-05-12,2024-11-29,233,2,359.83,1,1,1,3,Hibernating
CUST000957,GB,5,736.2,2025-03-03,2024-11-30,303,5,736.2,1,4,2,7,At Risk
CUST001737,FR,3,1107.43,2025-12-10,2024-12-01,21,3,1107.43,4,2,2,8,Potential Loyalist
CUST002023,IT,4,1275.85,2025-09-25,2024-12-06,97,4,1275.85,2,3,3,8,At Risk
CUST003875,DE,4,1337.49,2025-05-17,2024-12-15,228,4,1337.49,1,3,3,7,At Risk
CUST003018,FR,4,1195.69,2025-08-25,2024-12-18,128,4,1195.69,2,3,3,8,At Risk
CUST001171,GB,3,1086.72,2025-11-17,2024-12-20,44,3,1086.72,3,2,2,7,Potential Loyalist
CUST001505,FR,1,201.64,2024-12-21,2024-12-21,375,1,201.64,1,1,1,3,Hibernating
CUST001420,IT,6,1485.2,2025-12-30,2024-12-22,1,6,1485.2,5,4,3,12,Loyal
CUST002710,FR,6,4402.08,2025-11-13,2024-12-24,48,6,4402.08,3,4,5,12,Potential Loyalist
CUST002768,DE,3,1265.99,2025-11-20,2024-12-26,41,3,1265.99,3,2,3,8,Potential Loyalist
CUST003725,FR,4,343.04,2025-09-09,2024-12-27,113,4,343.04,2,3,1,6,At Risk
CUST002961,DE,4,1435.65,2025-11-27,2024-12-28,34,4,1435.65,4,3,3,10,Loyal
CUST001767,NL,3,492.37,2025-10-24,2025-01-01,68,3,492.37,3,2,1,6,Potential Loyalist
CUST001739,FR,8,1755.59,2025-11-01,2025-01-10,60,8,1755.59,3,5,4,12,Potential Loyalist
CUST001721,DE,7,2184.87,2025-12-15,2025-01-23,16,7,2184.87,5,5,4,14,Champions
CUST000948,IT,5,624.89,2025-08-07,2025-02-01,146,5,624.89,2,4,1,7,At Risk
CUST003484,IT,4,1880.75,2025-09-09,2025-02-06,113,4,1880.75,2,3,4,9,At Risk
CUST001428,SE,5,920.02,2025-09-10,2025-02-12,112,5,920.02,2,4,2,8,At Risk
CUST003382,FR,3,1117.11,2025-12-05,2025-02-15,26,3,1117.11,4,2,3,9,Potential Loyalist
CUST000028,GB,2,206.43,2025-03-01,2025-02-15,305,2,206.43,1,1,1,3,Hibernating
CUST000366,FR,7,1986.05,2025-12-16,2025-02-19,15,7,1986.05,5,5,4,14,Champions
CUST000280,ES,6,2243.4,2025-12-16,2025-02-20,15,6,2243.4,5,4,4,13,Champions
CUST000741,GB,3,819.45,2025-12-20,2025-02-28,11,3,819.45,5,2,2,9,Potential Loyalist
CUST003308,DE,5,1780.75,2025-12-06,2025-03-04,25,5,1780.75,4,4,4,12,Loyal
CUST003873,DE,5,1164.01,2025-12-08,2025-03-17,23,5,1164.01,4,4,3,11,Loyal
CUST003835,GB,4,657.1,2025-12-01,2025-04-29,30,4,657.1,4,3,2,9,Loyal
CUST000201,GB,3,587.29,2025-12-12,2025-05-25,19,3,587.29,4,2,1,7,Potential Loyalist
CUST001399,GB,3,140.85,2025-11-19,2025-06-14,42,3,140.85,3,2,1,6,Potential Loyalist
CUST003838,DE,4,910.4,2025-12-23,2025-06-27,8,4,910.4,5,3,2,10,Loyal
CUST002310,FR,2,385.31,2025-12-07,2025-07-16,24,2,385.31,4,1,1,6,Potential Loyalist
CUST003414,FR,3,151.85,2025-10-25,2025-08-04,67,3,151.85,3,2,1,6,Potential Loyalist
CUST001121,IT,3,270.24,2025-11-23,2025-09-04,38,3,270.24,4,2,1,7,Potential Loyalist
CUST003962,FR,1,769.25,2025-12-11,2025-12-11,20,1,769.25,4,1,2,7,Potential Loyalist
CUST000973,NL,1,56.68,2025-12-20,2025-12-20,11,1,56.68,5,1,1,7,Potential Loyalist
