customer_id,first_name,last_name,email,gender,birth_date,signup_date,country_code,city,acquisition_channel,marketing_opt_in
CUST000001,Lucie,Marie,,F,1947-05-21,2023-08-17, FR ,Moulin,organic_search,True
CUST000002,Marie-Louise,Axelsson,folkeberg@example.net,F,1974-05-24,2025-05-14,SE,Göteborg,organic_search,True
CUST000003,Esther,Blonk,molenaarlars@example.net,F,1983-11-16,2025-05-09,NL,Heesch,paid_search,False
CUST000004,Thomas,Reed,lquinn@example.com,M,1956-07-19,2024-11-27, GB ,Cookberg,email,True
CUST000005,Edmund,Davids,vanessawiek@example.com,F,1971-07-16,2025-01-05,DE,Kaiserslautern,referral,True
CUST000006,Valerij,Reising,doerte40@example.net,Undisclosed,1954-03-06,2025-02-14,DE,Bitterfeld,social_media,True
CUST000007,Hans-Jochen,Tlustek,marit95@example.net,M,1950-06-01,2023-05-23,DE,Stendal,paid_search,True
CUST000008,Rita,Guerrero,maria-teresamancebo@example.org,M,2004-08-24,2025-02-17,es,Jaén,social_media,True
CUST000009,Owen,Kelly,sandra52@example.com,F,1963-11-07,2024-06-30,GB,New Heatherburgh,paid_search,True
CUST000010,Marinus,Mosley,jaydenvan-leuven@example.com,Undisclosed,1992-04-09,2023-12-01,NL,Molenschot,paid_search,False
CUST000011,Magdalene,Jopich,heinmarie@example.org,M,1972-12-25,2023-04-25,DE,Berchtesgaden,organic_search,True
CUST000012,Marcus,Lövgren,mylarsson@example.net,Undisclosed,1972-08-09,2024-10-06,SE,Norrköping,social_media,True
CUST000013,Juan José,Romero,emilio38@example.net,Undisclosed,2006-10-12,2024-05-20,ES,Huesca,referral,False
CUST000014,Dino,Wende,frederikpechel@example.com,Undisclosed,1948-11-21,2025-01-11,DE,Döbeln,organic_search,True
CUST000015,Dina,Bolnbach,ljiljanastiffel@example.com,M,1971-11-13,2023-11-10,DE,Sankt Goar,email,False
CUST000016,Natalja,Atzler,qraedel@example.net,F,1991-12-23,2025-08-16,DE,Teterow,organic_search,False
CUST000017,Bernadette,Barbier,pauline51@example.com,M,1976-07-23,2024-11-27, FR ,Sainte Constance,direct,False
CUST000018,Joel,Gray,kathleenwalker@example.net,F,1980-03-25,2025-10-22,GB,East Karen,social_media,True
CUST000019,Adrien,Joseph,elodiemerle@example.net,Undisclosed,1967-09-28,2023-11-10,FR,MoreauBourg,referral,False
CUST000020,Agnès,Le Gall,,M,1961-12-23,2025-09-27,fr,Saint Hélène,paid_search,True
CUST000021,Stacey,Miller,cunninghamdanielle@example.org,Undisclosed,1954-06-03,2023-06-25,GB,Mayburgh,paid_search,False
CUST000022,Suse,Reuter,annelise96@example.org,M,1997-01-29,2023-12-05,DE,Warendorf,referral,True
CUST000023,Catherine,Mathieu,andree57@example.net,M,1962-07-21,2024-09-30,FR,Andre,referral,False
CUST000024,Jacqueline,Vasseur,alphonse98@example.org,F,1946-03-04,2023-09-05,FR,Saint MichelBourg,paid_search,True
CUST000025,Frank,White,taylorsteven@example.net,F,1978-09-19,2023-01-15, GB ,New Wayne,organic_search,False
CUST000026,Noemí,Ramírez,yherrero@example.com,M,1958-08-22,2023-05-26,es,Badajoz,paid_search,False
CUST000027,Volker,Vollbrecht,bklapp@example.com,F,1949-05-15,2024-05-12, DE ,Beilngries,direct,False
CUST000028,Frederick,Bates,zbriggs@example.org,Undisclosed,1982-03-06,2024-12-26, GB ,Davidsonburgh,direct,True
CUST000029,Georgina,Gibson,bethany31@example.com,F,1990-01-23,2023-05-05,gb,North Frankburgh,paid_search,False
CUST000030,Nina,Kühnert,eneureuther@example.org,F,2007-02-04,2023-10-15,DE,Eckernförde,organic_search,False
CUST000031,Sandra,Hussain,ymetcalfe@example.com,F,1993-01-31,2023-07-20,GB,Nashport,paid_search,True
CUST000032,Jeannine,Riehl,wendelinbohlander@example.net,M,1949-10-31,2025-04-12,DE,Bayreuth,paid_search,False
CUST000033,Sofia,Radisch,sauerwinfried@example.net,M,1956-05-25,2023-01-05,de,Olpe,direct,False
CUST000034,Baldassare,Gibilisco,fantonibartolomeo@example.net,F,1973-02-27,2023-11-14,IT,Piano Maglio,referral,True
CUST000035,Roger,Lindberg,camillaandersson@example.org,Undisclosed,1981-04-04,2024-10-04,SE,Eskilstuna,referral,True
CUST000036,Juan Manuel,Priego,haydeemiralles@example.org,F,1954-08-03,2023-04-27, ES ,Lleida,organic_search,True
CUST000037,Laurence,Thibault,odette10@example.com,F,1952-06-27,2025-04-06,FR,Saint Corinne-la-Forêt,organic_search,True
CUST000038,Rabea,Henschel,sybillekeudel@example.org,M,1970-10-30,2025-05-08,DE,Ebermannstadt,paid_search,False
CUST000039,Evy,van der Heijden,tvan-der-sande@example.com,Undisclosed,1946-03-20,2024-05-03,nl,Wilhelminaoord,social_media,True
CUST000040,Gabriel,Gautier,margaud12@example.com,F,1996-03-15,2023-01-20, FR ,Meyer-la-Forêt,paid_search,False
CUST000041,Heidemarie,Schulz,edda35@example.org,F,2003-09-22,2023-09-29,DE,Oberviechtach,paid_search,False
CUST000042,Ashleigh,Davison,dsmith@example.org,Undisclosed,1964-07-05,2024-09-11,GB,North Brettberg,direct,False
CUST000043,Stanislaus,Rörricht,gottfried78@example.net,F,1946-05-05,2023-08-01,DE,Biedenkopf,direct,True
CUST000044,Berenice,Viola,alinabarcaccia@example.com,M,1955-10-05,2024-07-11,it,Benabbio,direct,False
CUST000045,Stéphanie,Fournier,augustinle-gall@example.com,F,2006-11-08,2025-11-01, FR ,Lacroix,email,False
CUST000046,Janna,Pratt,,Undisclosed,1991-01-25,2023-04-01,NL,Den Burg,paid_search,False
CUST000047,Océane,Meyer,renee86@example.net,Undisclosed,2008-09-05,2025-05-25,FR,Goncalves,referral,True
CUST000048,Brett,Gill,amyjennings@example.net,F,1973-09-13,2025-01-26, GB ,West Sam,social_media,True
CUST000049,Ross,Ryan,cooperian@example.com,F,2008-03-08,2025-01-02,GB,Stonebury,referral,False
CUST000050,Rochus,Jüttner,andresorgatz@example.org,F,1964-08-22,2023-11-13,DE,Görlitz,paid_search,False
CUST000051,Sara,Bergman,ellen68@example.com,M,1963-06-17,2023-02-20,SE,Karlskoga,direct,True
CUST000052,Onofre,Mir,antonio19@example.com,M,1975-05-19,2024-06-30,ES,Jaén,email,True
CUST000053,Raffaello,Abbagnale,giovannibattisti@example.net,M,1981-01-23,2024-02-13,IT,Torrione Di Salerno,paid_search,True
CUST000054,Luca,Cattaneo,puccio15@example.net,M,1994-08-30,2023-02-18,IT,Crociara,social_media,False
CUST000055,Bethan,Doyle,dorothy65@example.com,Undisclosed,1954-05-06,2025-11-09,GB  ,South Rosie,organic_search,True
CUST000056,Leone,Pisani,ndraghi@example.net,M,1982-12-21,2024-06-18, IT ,San Gregorio Matese,referral,False
CUST000057,Edeltrud,Sölzer,kemal36@example.net,Undisclosed,1967-08-12,2024-12-08,DE,Meißen,organic_search,False
CUST000058,Wilhelm,Wähner,nsteuer@example.net,F,1957-03-25,2024-01-25,DE,Güstrow,referral,True
CUST000059,Maike,Gumprich,domenico34@example.org,M,1955-09-17,2025-01-15,DE,Bad Mergentheim,direct,True
CUST000060,Cécile,Legros,christellebourdon@example.org,M,2005-12-26,2024-09-07,FR,Leclercq-sur-Wagner,social_media,True
CUST000061,William,Bègue,zcosta@example.org,Undisclosed,1992-06-22,2024-01-28,FR,Saint Renée,paid_search,False
CUST000062,  Diane,Barthelemy,lvasseur@example.net,M,1949-02-06,2025-04-11,fr,MenardBourg,referral,False
CUST000063,Guadalupe,Molins,zcanellas@example.com,Undisclosed,1997-01-28,2025-08-10,ES,Salamanca,direct,True
CUST000064,Noémi,Ollivier,clevy@example.org,Undisclosed,1976-04-23,2023-06-23,FR  ,Hamel,paid_search,False
CUST000065,Pauline,Merle,zoediaz@example.com,F,1981-02-26,2024-04-05,fr,Toussaint-sur-Mer,email,True
CUST000066,Abdul,Goodwin,chloe14@example.org,F,2006-06-15,2025-07-21,GB,East Derekbury,email,False
CUST000067,Heinz,Bolnbach,jtaesche@example.net,F,1973-11-30,2025-03-29,DE,Hohenstein-Ernstthal,organic_search,False
CUST000068,Pepita,Rivera,dricart@example.org,Undisclosed,1972-03-09,2024-03-24,ES,Valladolid,referral,True
CUST000069,Kornelius,Weller,amueller@example.com,Undisclosed,1972-03-22,2023-09-06,DE,Pirmasens,referral,False
CUST000070,Anders,Hasan,walterfredriksson@example.com,Undisclosed,1991-11-25,2025-06-25,SE,Lund,referral,False
CUST000071,Amando,Prada,ncastell@example.net,M,1985-12-17,2023-11-22,ES,Ávila,direct,False
CUST000072,Berend,Heß,dernst@example.org,M,1971-06-25,2025-12-03, DE ,Freudenstadt,social_media,True
CUST000073,Karl-Hans,Weller,vjunken@example.com,F,2002-04-18,2024-07-10, DE ,Greifswald,paid_search,False
CUST000074,Calista,Azorin,sosaalejo@example.net,M,1969-07-01,2023-11-09,ES  ,Segovia,email,False
CUST000075,Tessa,Pons,brievinghlily@example.org,Undisclosed,1959-04-02,2023-05-08,NL,Amstenrade,organic_search,False
CUST000076,Feline,Kathagen,,M,1961-12-01,2025-09-03,NL,Edam,email,True
CUST000077,Adela,Jaén,kcarbo@example.org,F,1997-11-14,2025-09-26,ES,Cáceres,direct,False
CUST000078,Walentina,Jockel,wulffmaria-luise@example.org,Undisclosed,1953-01-14,2023-12-05,DE,Heinsberg,email,True
CUST000079,Denis,Allain,tchauvin@example.org,M,1992-09-05,2023-06-21,fr,Henry,social_media,False
CUST000080,Lieschen,Berger,mirjam91@example.net,M,1969-04-23,2024-11-01,de,Stendal,email,False
CUST000081,Reina,Rivera,bruno85@example.org,F,2001-08-23,2023-06-17,ES,Badajoz,social_media,True
CUST000082,Lindsey,Gould,ohunt@example.com,F,1957-09-01,2023-05-21,GB,Amberside,paid_search,True
CUST000083,Jeanne,Royer,bturpin@example.net,F,1967-08-13,2023-11-09,FR,Fernandez,paid_search,False
CUST000084,Catrin,Schmidt,ramona73@example.com,Undisclosed,1991-02-25,2024-06-08,DE,Husum,direct,True
CUST000085,Jules,Coulon,costaclaude@example.com,F,1960-02-13,2023-12-02,FR,Poirier,referral,False
CUST000086,Alain,Blondel,roger94@example.net,Undisclosed,1958-09-07,2025-03-23,FR,Saint Michellenec,direct,True
CUST000087,Guusje,van Tours,sperck@example.com,Undisclosed,1976-03-07,2023-07-28,NL,Alteveer,organic_search,True
CUST000088,Norman,Rogers,harriscarol@example.net,F,1985-04-04,2024-12-12,GB,Elaineside,social_media,True
CUST000089,Iolanda,Sansoni,pietro85@example.com,M,1964-02-13,2025-05-10,IT,Iavre' Vigo Rendena,email,True
CUST000090,Trevor,Reid,dale13@example.com,Undisclosed,1997-07-20,2025-06-10,gb,East Robin,referral,False
CUST000091,Zeynep,Wesack,uhofmann@example.net,M,1981-05-20,2025-08-10,DE  ,Burgdorf,paid_search,True
CUST000092,Jip,Stichter,mellenoordijk@example.com,M,1946-08-24,2024-07-25,NL,Wateringen,direct,False
CUST000093,Edmundo,Lledó,,F,1948-10-12,2024-11-19,ES,Navarra,social_media,False
CUST000094,James,Allen,amelia27@example.org,M,1977-08-16,2024-11-28,GB,Williamsburgh,referral,True
CUST000095,Danilo,Bas,iriarterosalva@example.com,Undisclosed,1972-12-13,2023-06-25,ES,Asturias,direct,False
CUST000096,  Graham,Turner,hayeslynne@example.com,M,1953-09-29,2025-10-02,gb,Butlerbury,direct,True
CUST000097,Joan,Scott,cprice@example.com,Undisclosed,1966-06-19,2024-09-19,GB,New Nigelborough,email,False
CUST000098,Hugues,Dupuis,remypeltier@example.org,M,1957-07-06,2024-12-21,fr,Sanchez-les-Bains,direct,True
CUST000099,Desiree,Möchlichen,langetomislav@example.net,Undisclosed,1965-07-03,2024-10-08,de,Gelnhausen,paid_search,False
CUST000100,Heidemarie,Heintze,ilse47@example.org,Undisclosed,2008-07-21,2024-07-20,DE,Schwäbisch Hall,organic_search,True
CUST000101,Helmuth,Seifert,silviodrewes@example.net,F,1955-10-28,2024-08-29,DE,Diepholz,paid_search,False
CUST000102,Shirley,Woodward,howardmohammad@example.net,Undisclosed,1975-07-27,2023-04-04,GB,South Charleneport,direct,False
CUST000103,Clémence,Navarro,gmaillard@example.net,M,1951-02-27,2023-07-30,FR,Fournier-sur-Lesage,social_media,True
CUST000104,Bernard,Hunt,rachael40@example.org,F,2002-07-27,2023-04-16,GB,Port Ellieview,email,False
CUST000105,Fernanda,Roth,dulbeccoruggiero@example.net,F,2008-01-09,2023-06-01, IT ,San Michele Di Pagana,referral,False
CUST000106,Margaretha,Noack,corneliamaelzer@example.net,M,1951-11-22,2023-06-24,DE,Iserlohn,referral,True
CUST000107,François,Renard,ule-roux@example.net,M,1968-02-16,2025-12-06,FR,Lemonnierdan,email,False
CUST000108,Wálter,Borja,gloria68@example.org,F,1967-02-01,2023-05-04,ES,Guadalajara,social_media,True
CUST000109,Mariele,Ackermann,wirthronny@example.net,F,1990-06-09,2023-11-18, DE ,Lübben,email,False
CUST000110,Elzbieta,Wernecke,grafanna-maria@example.com,M,1979-08-10,2024-08-19,DE,Zeulenroda,email,True
CUST000111,Gilles,Hervé,martinsrene@example.net,Undisclosed,1975-07-01,2024-04-23,FR,RivièreVille,paid_search,False
CUST000112,Bianca,Austermühle,ingefreudenberger@example.com,M,1983-04-07,2023-08-24,DE,Bremervörde,organic_search,True
CUST000113,Danilo,Cossiga,rosaliacarli@example.com,Undisclosed,1979-08-07,2023-12-06,IT,Invorio,email,True
CUST000114,Yago,Coca,severo77@example.org,M,1971-10-15,2025-08-17,ES,Pontevedra,email,False
CUST000115,Maurice,McDonald,brianwhite@example.com,Undisclosed,1980-03-26,2023-06-14,GB  ,Paulport,social_media,True
CUST000116,Severino,Condoleo,romina99@example.net,Undisclosed,1976-01-26,2023-07-07,IT,Sant'Antonio Valli,organic_search,False
CUST000117,Xavier,Montserrat,nazaret88@example.com,Undisclosed,2004-11-10,2023-03-24,ES,Tarragona,social_media,True
CUST000118,Nadia,Wulf,charlottekraus@example.org,F,1973-08-20,2025-06-11,DE,Hersbruck,email,False
CUST000119,Morena,Corcos,yparri@example.net,M,1979-05-23,2024-10-19,IT,Agliana,email,False
CUST000120,Oliver,Cameron,stephaniearnold@example.com,M,1975-08-24,2025-03-31, GB ,New Carolinetown,social_media,False
CUST000121,Adora,Landa,sebastiancortes@example.org,Undisclosed,1968-09-20,2023-08-26,ES,Segovia,organic_search,False
CUST000122,Sole,Ubaldi,mondainiserena@example.net,Undisclosed,1971-07-18,2025-04-26,IT,Spinimbecco,direct,False
CUST000123,Daniel,Huet,callard@example.net,M,1988-08-19,2023-04-16,FR,Dumas,direct,False
CUST000124,Justine,Conradi,,F,1975-03-20,2023-09-06,DE,Zeulenroda,social_media,True
CUST000125,Krzysztof,Baum,martinguido@example.net,F,1948-10-24,2025-04-15,DE,Bautzen,organic_search,True
CUST000126,Patrick,Laporte,agathe56@example.org,Undisclosed,1973-09-21,2025-10-17,fr,Normand-sur-Arnaud,email,False
CUST000127,Sabina,Piñeiro,gabinobermudez@example.net,F,1987-11-08,2024-05-14,ES,Madrid,referral,True
CUST000128,José Manuel,Segura,jesusserra@example.net,M,1963-01-22,2023-05-23,ES  ,Zaragoza,referral,False
CUST000129,Gino,Briemer,rhoevel@example.net,Undisclosed,1975-09-29,2023-01-06,DE,Rottweil,direct,False
CUST000130,Josh,Ryan,ruth64@example.com,M,1971-11-11,2023-11-01,GB,Deanfurt,referral,False
CUST000131,Véronique,Delmas,hortense44@example.org,Undisclosed,1972-08-13,2025-07-21,fr,Petit,email,True
CUST000132,Marlies,Hörle,auch-schlauchinjuliane@example.com,Undisclosed,1998-06-22,2025-04-21,DE,Schlüchtern,email,False
CUST000133,Halina,Wende,heinz-otto39@example.com,Undisclosed,1994-09-28,2023-11-08,DE,Sebnitz,social_media,True
CUST000134,Thierry,Besnard,techermadeleine@example.org,F,1947-12-15,2025-06-20,FR,Marchal-sur-Foucher,email,True
CUST000135,Ludovica,Prada,carlomalacarne@example.com,M,1957-08-20,2023-06-03,IT,Longega,email,True
CUST000136,Éléonore,Charrier,simonegimenez@example.com,M,2007-11-05,2024-11-03,FR,Gaillard,direct,False
CUST000137,Jade,Robson,hayley45@example.org,Undisclosed,1955-04-06,2023-03-15,GB,Port Sian,paid_search,True
CUST000138,Amin,Rotteveel,fzaal@example.com,Undisclosed,1982-03-13,2025-06-07,NL,Earnewâld,email,True
CUST000139,Margot,Charles,rtessier@example.net,F,1985-06-18,2024-09-05,fr,Diazboeuf,social_media,False
CUST000140,Marianne,Larsson,melintore@example.net,Undisclosed,2007-12-19,2023-10-26,SE,Alingsås,paid_search,True
CUST000141,Linus,Jansson,lundgrentomas@example.net,Undisclosed,1955-03-13,2023-06-11,se,Malmö,referral,True
CUST000142,Élise,Dufour,clemence11@example.org,M,1972-02-17,2024-04-20,FR,Lemaîtrenec,email,False
CUST000143,Amber,Miles,elizabethwaters@example.com,Undisclosed,1964-09-19,2023-11-20,gb,Lake Laurenborough,email,False
CUST000144,Eugène,Torres,phebert@example.com,M,1970-09-06,2025-07-24,FR,Imbertboeuf,organic_search,True
CUST000145,Gérard,De Sousa,chauvinrobert@example.org,Undisclosed,1951-12-03,2025-02-20,fr,Clerc,direct,False
CUST000146,Felicitas,Schenk,,Undisclosed,1947-02-19,2024-07-16,DE,Holzminden,referral,False
CUST000147,Brian,Burke,malcolmgreenwood@example.org,M,1983-05-25,2024-08-09,gb,New Robin,paid_search,False
CUST000148,Paul,White,hughrussell@example.net,Undisclosed,1955-07-13,2023-10-08, GB ,New Tony,email,True
CUST000149,Francisco,Austermühle,emilspeer@example.org,M,1970-01-23,2025-01-17,DE  ,Rudolstadt,email,True
CUST000150,Gilbert,Traore,alfred24@example.org,M,1974-05-01,2024-02-16,FR,NoëlBourg,social_media,True
CUST000151,Ubaldo,Cantimori,xsagredo@example.com,M,1976-06-10,2024-06-10,IT,Casa Santa,social_media,True
CUST000152,Iwona,Ziegert,traudelschmiedecke@example.org,F,2007-07-11,2025-08-17,DE,Miltenberg,direct,False
CUST000153,Slawomir,Striebitz,bolanderwoldemar@example.com,M,1953-01-11,2025-01-19,DE,Waren,email,False
CUST000154,Tina,Bray,fford@example.com,M,1954-04-09,2024-06-20, GB ,Sarashire,paid_search,False
CUST000155,Sören,Lindholm,ove98@example.com,M,1952-06-07,2023-02-21,SE,Alingsås,paid_search,True
CUST000156,Sebastian,Kambs,stefanomentzel@example.org,M,2001-12-27,2025-08-08, DE ,Lippstadt,organic_search,True
CUST000157,Mohamed,Reimes,ugenefaas@example.com,F,1971-02-26,2024-09-15,NL,Formerum,paid_search,False
CUST000158,Ciro,Rosales,fbautista@example.org,Undisclosed,1952-04-03,2025-07-18,ES,Zaragoza,email,True
CUST000159,Valeska,Rörricht,brigittabonbach@example.net,Undisclosed,1983-11-27,2025-04-29,DE,Stuttgart,social_media,True
CUST000160,Suus,van Breukeleveen,van-t-welquinn@example.net,F,2004-10-03,2025-01-28,NL,Berkenwoude,organic_search,False
CUST000161,Hortense,Guillou,josephine45@example.org,F,1960-02-28,2025-01-04,FR,Descamps,email,True
CUST000162,Suzanne,Owen,gwilson@example.com,F,1997-07-30,2024-03-10, GB ,Marionbury,social_media,True
CUST000163,Jayne,Davies,xbrady@example.net,Undisclosed,1983-07-27,2023-09-15,gb,New Sylviaview,paid_search,True
CUST000164,Declan,Dodd,gardnerrita@example.com,Undisclosed,1958-01-10,2024-11-03, GB ,New Sylvia,paid_search,True
CUST000165,Evangelia,Becker,jbohnbach@example.net,F,1951-12-05,2024-05-28, DE ,Klötze,social_media,True
CUST000166,Simón,Santiago,,F,1968-11-18,2024-10-25,ES,Huesca,referral,True
CUST000167,Émile,Roux,michelle59@example.net,Undisclosed,1956-04-08,2023-05-11,FR,Faivre,email,True
CUST000168,Thorsten,Speer,steuerdarius@example.com,Undisclosed,1974-07-15,2023-03-30,DE,Schlüchtern,email,True
CUST000169,Katherina,Peukert,rliebelt@example.org,M,1953-06-05,2023-05-05,DE,Malchin,email,False
CUST000170,Holly,Hill,abbottjosephine@example.net,F,1966-09-02,2023-05-31, GB ,East Hannahton,social_media,False
CUST000171,Lisanne,Jacobs,mathieumichael@example.org,M,1997-09-07,2025-02-19,NL,Klooster Lidlum,email,True
CUST000172,Justine,Losekann,matthias10@example.com,Undisclosed,1957-08-21,2023-08-23,DE,Konstanz,paid_search,False
CUST000173,Owen,Hammond,donnadoherty@example.net,M,2004-04-29,2025-07-13,GB,South Jackmouth,direct,True
CUST000174,Christel,Lachmann,johannchristine@example.com,M,1993-12-18,2024-10-02,DE,Hainichen,direct,False
CUST000175,Marian,Nicholls,gibbonsvictor@example.org,M,1992-08-11,2023-05-18, GB ,Craigchester,direct,False
CUST000176,Rolf,Pruschke,henksoeren@example.net,Undisclosed,1951-01-13,2023-09-24,DE,Heiligenstadt,direct,True
CUST000177,Amélie,Heijmans,kevin52@example.org,M,1981-10-16,2025-04-21,NL,Vessem,direct,True
CUST000178,Nathalie,Imbert,philippineleveque@example.com,Undisclosed,2001-02-22,2024-08-12,FR,Huet,paid_search,False
CUST000179,Fedele,Correr,combonigirolamo@example.org,Undisclosed,1997-06-01,2024-04-04,IT,Poffabro,social_media,True
CUST000180,Agata,Mitschke,ursulawirth@example.net,Undisclosed,1997-01-08,2025-05-28,DE,Tecklenburg,direct,True
CUST000181,Geneviève,Weiss,,M,1988-11-30,2024-07-01,FR,Breton-sur-Techer,social_media,True
CUST000182,Thoralf,Schüler,gerd71@example.com,M,1966-04-16,2024-01-07, DE ,Saarbrücken,direct,True
CUST000183,Lodovico,Scalfaro,nievotonino@example.org,M,1976-06-08,2023-07-07,IT,Cusignana,paid_search,False
CUST000184,Beppe,Bulzoni,pacillorita@example.com,Undisclosed,1987-07-15,2024-09-30,IT,Poggio Murella,organic_search,True
CUST000185,Augustin,Lebreton,jblin@example.net,F,2007-07-18,2023-11-19,fr,Gilles-sur-Roche,direct,False
CUST000186,Veerle,Dachgelt,eva78@example.org,F,1976-05-04,2025-09-21,NL,Den Dungen,organic_search,False
CUST000187,Francisco Jose,Ariza,lidia18@example.net,Undisclosed,1962-07-17,2025-05-30,ES,León,direct,False
CUST000188,Charlotte,Hanson,juliepatel@example.com,F,1968-09-16,2023-04-04, GB ,Port Juliamouth,social_media,True
CUST000189,Emma,Abbott,sheppardnicole@example.net,F,1994-12-07,2023-10-09, GB ,West Jonathan,direct,False
CUST000190,Wanda,Sölzer,simonakiller@example.com,F,1993-03-19,2023-12-26,DE,Darmstadt,direct,False
CUST000191,Francoise,Zorbach,jesselbritta@example.com,M,1968-01-14,2023-05-28, DE ,Stuttgart,organic_search,False
CUST000192,Aldo,Orlando,randazzotorquato@example.com,M,1966-09-13,2025-05-29,it,Villalvernia,email,True
CUST000193,Gianluca,Cibin,massimilianosperi@example.org,M,1956-03-24,2024-10-27,IT,San Sebastiano Da Po,social_media,True
CUST000194,Kerry,Thomas,oliver88@example.net,Undisclosed,1968-08-07,2025-06-13,GB,New Nicola,organic_search,False
CUST000195,Pénélope,Ferrand,isaacarnaud@example.net,F,2000-09-26,2024-09-27, FR ,Mace,direct,True
CUST000196,Margaret,Fouquet,abertrand@example.com,M,1961-11-05,2025-12-22,FR,Bourdon-la-Forêt,direct,True
CUST000197,Milan,van Mil,ioude-heer@example.org,F,2007-03-14,2024-04-28,NL,Hazerswoude-Rijndijk,direct,True
CUST000198,Marissa,Lombardo,giovanna97@example.com,M,1998-08-20,2023-12-29,IT,Camaro Inferiore,referral,False
CUST000199,Edoardo,Greggio,mcutrufo@example.net,F,1949-03-26,2024-10-23,IT,Valle San Bartolomeo,email,False
CUST000200,Lucas,Blanes,casandra18@example.org,M,1997-08-12,2024-09-12,ES,Cuenca,social_media,False
CUST000201,George,Harding,jhowe@example.com,M,1960-10-16,2025-07-14, GB ,Youngtown,organic_search,False
CUST000202,Peter-Michael,Heinz,zbloch@example.net,Undisclosed,1971-12-18,2025-08-05,DE,Kleve,email,True
CUST000203,Mechtild,Trüb,andrejuncken@example.org,F,1989-11-29,2024-10-20,DE,Dinslaken,social_media,True
CUST000204,Ida,Cignaroli,angeloludovisi@example.com,Undisclosed,1997-04-28,2025-10-30,IT,Roccanova,email,True
CUST000205,Douglas,Stevens,frichards@example.org,M,1955-11-10,2025-01-15,GB,Griffithsport,direct,True
CUST000206,Ignatz,Lindner,kurteberhardt@example.org,Undisclosed,1989-03-01,2024-11-16,DE,Belzig,social_media,True
CUST000207,Alexej,Schüler,ortmanndolores@example.net,M,1980-10-02,2024-11-13,DE  ,Weißenfels,direct,False
CUST000208,Fabiënne,Wijland,meesvan-dijk@example.org,M,1962-01-20,2023-09-22,NL,Zaamslag,direct,False
CUST000209,Detlev,Pruschke,qgotthard@example.net,Undisclosed,1970-03-22,2023-09-19,DE,Passau,referral,True
CUST000210,  Aziz,Schuster,krebspascale@example.com,M,1972-01-04,2025-05-17,de,Greifswald,paid_search,False
CUST000211,Cameron,Hope,evansjoseph@example.com,F,1988-06-08,2025-09-22, GB ,Port Kimberleymouth,organic_search,True
CUST000212,Olaf,Kunen,bilalwigman@example.net,Undisclosed,2002-03-11,2024-11-20,NL,St.-Jacobiparochie,paid_search,True
CUST000213,Casper,van Kuijc,zlathrope@example.org,M,1948-03-14,2023-12-06,NL,Loon op Zand,paid_search,False
CUST000214,Rena,Berger,azizzorbach@example.org,F,1967-02-28,2024-08-06,DE,Osterburg,social_media,False
CUST000215,Ben,Lommert,evan-der-sande@example.com,M,1965-02-25,2024-02-02,NL,Noordwijk,social_media,False
CUST000216,Falko,Koch,soelzermehdi@example.com,F,1975-06-02,2025-10-26,DE,Wolfach,paid_search,False
CUST000217,Colette,Jacquot,vcollin@example.org,Undisclosed,1979-07-17,2023-04-17,FR,Paul,direct,True
CUST000218,Thijs,Lamotte,lynn16@example.org,M,1982-10-20,2024-08-06,NL,Loosdrecht,paid_search,False
CUST000219,Bryan,Rogers,timothy15@example.net,M,1986-09-10,2023-07-07,GB,Thompsonmouth,organic_search,False
CUST000220,Trinidad,Llobet,victoriano05@example.net,M,1989-03-14,2023-04-20,ES,Asturias,social_media,True
CUST000221,Ize,Kloppert,gwouters-van-eijndhoven@example.net,Undisclosed,1947-10-21,2023-02-27,NL,Epen,paid_search,True
CUST000222,Leah,Owen,ehowells@example.org,Undisclosed,1971-09-26,2023-03-20,GB,New Carlmouth,direct,False
CUST000223,Freddy,Radisch,peer71@example.net,F,1970-08-27,2025-07-07,de,Helmstedt,paid_search,False
CUST000224,Julien,Didier,paul10@example.net,F,1980-11-30,2023-08-16, FR ,GuilbertBourg,email,False
CUST000225,Juliette,Renault,philippine47@example.org,Undisclosed,1992-11-27,2023-05-09,FR,BourgeoisBourg,direct,True
CUST000226,  Hagen,Trüb,monikabriemer@example.com,M,1975-12-22,2023-10-22,de,Teterow,email,True
CUST000227,Leif,Gustafsson,eva18@example.net,Undisclosed,1956-05-26,2023-06-25,SE,Östersund,referral,True
CUST000228,Noël,Teixeira,gerardbourgeois@example.org,M,1947-06-22,2025-03-10,FR,Lenoir,social_media,True
CUST000229,Valentina,Brichese,ruggero82@example.net,Undisclosed,1950-02-27,2025-01-01,IT,Bondanello,organic_search,False
CUST000230,Kerry,Ali,uwatkins@example.com,Undisclosed,1973-07-18,2023-10-01,gb,East Elliottland,direct,False
CUST000231,Omar,Castellanos,rsolano@example.net,F,2005-06-05,2025-09-07,ES,Vizcaya,email,True
CUST000232,Harry,Joyce,annkerr@example.org,F,1966-05-19,2024-08-23,GB  ,East Brandon,social_media,False
CUST000233,Glen,Baker,denismay@example.net,F,1962-09-26,2025-08-27,gb,Lake Lynn,organic_search,False
CUST000234,Colin,Kerr,malcolm49@example.net,M,1957-02-27,2024-07-13,GB,East Katy,email,False
CUST000235,Danny,Bien,mercedes90@example.org,Undisclosed,1989-05-02,2024-01-18,de,Stadtsteinach,organic_search,False
CUST000236,Floortje,Booden,lisannevan-beek@example.net,F,1979-07-29,2023-06-11,NL,Westkapelle,social_media,True
CUST000237,Susan,Pottier,lucy47@example.org,M,1973-04-26,2023-06-13,FR,De Sousa,email,True
CUST000238,Theodor,Liebelt,strohbruno@example.org,M,1978-08-21,2025-06-28,DE,Forchheim,email,False
CUST000239,Stanley,Hunter,lynda25@example.net,M,2004-04-04,2023-04-28,GB,Traceyberg,direct,True
CUST000240,Immo,Mohaupt,anka81@example.com,M,1954-01-08,2023-03-05, DE ,Meppen,organic_search,True
CUST000241,Jacopo,Pastine,elmocagnin@example.org,F,2004-06-27,2025-01-20,IT,Spinges,direct,False
CUST000242,Ruth,Nilsson,susannastrom@example.com,Undisclosed,1958-08-08,2025-01-29, SE ,Uddevalla,social_media,False
CUST000243,Alessio,Bulzoni,ttarantino@example.com,F,1972-06-11,2024-10-05, IT ,Montegemoli,paid_search,False
CUST000244,Benoît,Girard,martinguillon@example.com,M,1964-10-30,2025-11-26,FR,Godarddan,direct,False
CUST000245,Frank-Peter,Hettner,ariane01@example.com,M,1995-03-11,2024-03-15,de,Zschopau,paid_search,True
CUST000246,Arnaldo,Zampa,costinelli@example.com,F,1958-12-06,2025-07-14,IT,Dogana,social_media,False
CUST000247,Paulette,Dias,david68@example.com,M,1964-09-19,2023-05-13,FR,Bazin-sur-Bourdon,direct,True
CUST000248,Lena,Hedberg,bjorkdaniel@example.com,F,1970-07-25,2025-01-10,SE,Gävle,paid_search,False
CUST000249,Felix,Hansson,ckarlsson@example.org,M,1977-12-02,2023-02-23,SE,Norrköping,referral,True
CUST000250,Rubén,Martínez,naciomontalban@example.org,Undisclosed,1986-02-01,2023-06-26,ES,Málaga,referral,False
CUST000251,Christelle,Durand,kneveu@example.com,M,1970-10-01,2025-04-18,FR,Maillet,email,False
CUST000252,Stéphanie,Pages,delattreisabelle@example.com,Undisclosed,2005-01-11,2025-11-25,FR,Sainte Rémy,paid_search,True
CUST000253,Alexandra,Donaire,lorenaaznar@example.net,F,1981-05-10,2025-06-05,ES,Burgos,social_media,True
CUST000254,Frédéric,Aubert,arthurbaudry@example.net,M,1946-12-21,2023-11-28,FR,Bouviernec,referral,False
CUST000255,Salih,Otto,sandorstumpf@example.org,Undisclosed,1998-06-03,2023-06-11,de,Wittenberg,direct,False
CUST000256,Chelsea,Rose,colemaureen@example.org,Undisclosed,1990-09-30,2025-12-28,GB,Careymouth,paid_search,True
CUST000257,Alina,Nolcini,romeotuzzolino@example.com,F,1991-09-04,2024-11-22, IT ,Cireggio,direct,False
CUST000258,Dana,Spruyt,ploreal@example.com,Undisclosed,1960-12-26,2024-03-07, NL ,Luttelgeest,direct,False
CUST000259,Catherine,Stone,geraldine37@example.com,Undisclosed,1999-10-23,2024-09-10,GB,Gerardville,email,True
CUST000260,Klaus Dieter,Berger,wkroker@example.org,M,1965-04-04,2023-05-03,de,Ingolstadt,referral,True
CUST000261,Allan,Howell,vlynch@example.com,M,1982-05-02,2024-10-02,GB,Chelseaview,paid_search,False
CUST000262,Jonathan,Mattsson,elliotnordstrom@example.org,M,1981-10-27,2025-11-20, SE ,Lidköping,email,True
CUST000263,Max,Trupp,bernfriedditschlerin@example.com,M,1977-10-30,2023-10-16,DE,Tecklenburg,email,True
CUST000264,Jane,Riley,christopherarnold@example.org,Undisclosed,2005-08-11,2023-11-24,GB  ,Jonesborough,paid_search,False
CUST000265,Fernanda,Giannetti,ludovico40@example.org,M,1982-02-06,2025-11-20, IT ,Marina Di Nicotera,email,False
CUST000266,Mia,de Swart,stefankoster@example.org,F,1999-04-21,2024-05-08,nl,Udenhout,referral,False
CUST000267,Alex,Spruyt,stellaslaetsdochter@example.org,M,1984-05-01,2024-08-08, NL ,Dieden,social_media,False
CUST000268,Adriana,Hulshouts,matthijs78@example.net,Undisclosed,2003-08-07,2025-04-05,NL,Veendam,social_media,False
CUST000269,Vincent,Goncalves,mmaillard@example.org,Undisclosed,1995-06-09,2023-05-31,fr,Jourdan-la-Forêt,referral,True
CUST000270,Sophie,Collet,alexandregallet@example.com,M,1984-04-27,2023-09-21,FR,Roger,social_media,True
CUST000271,Chema,Pérez,groma@example.com,F,1991-03-24,2024-02-12, ES ,Cádiz,paid_search,False
CUST000272,Adolfo,Julián,albinamorales@example.org,Undisclosed,1971-10-14,2025-08-28, ES ,León,referral,False
CUST000273,Constanza,Alberdi,narciso49@example.net,M,1963-06-25,2023-11-29,ES,Tarragona,referral,False
CUST000274,  Livio,Curatoli,augustocasale@example.com,M,1973-04-09,2024-09-05,IT,San Fior Di Sotto,email,False
CUST000275,Jayne,Quinn,hollie14@example.com,Undisclosed,1954-10-09,2023-02-24,GB,Gouldstad,referral,True
CUST000276,Rosie,Mason,ecampbell@example.net,Undisclosed,1997-07-12,2023-04-16,GB,Lake Jodie,email,True
CUST000277,Juliana,Pardo,zaragozavictoriano@example.net,F,1950-12-31,2024-05-11,es,Almería,email,False
CUST000278,Toby,Davis,marionwilkinson@example.org,M,1975-10-02,2025-05-07,GB,Lake Russellshire,referral,False
CUST000279,Maja,Coenen,ggarret@example.com,Undisclosed,1976-07-16,2023-05-08,NL  ,Eext,direct,False
CUST000280,Celia,Sevilla,ksaura@example.org,M,1991-06-19,2025-12-12,ES,Toledo,social_media,False
CUST000281,Lucrezia,Gaito,petrassigiovanni@example.org,F,1985-01-14,2024-06-25,it,Bee,social_media,True
CUST000282,Christophe,Allard,briandadelaide@example.net,Undisclosed,1949-10-13,2024-09-01,FR,Sainte Arthur-la-Forêt,social_media,False
CUST000283,Pauline,Clerc,xarnaud@example.org,Undisclosed,1995-04-24,2024-12-15,fr,Bessonnec,organic_search,False
CUST000284,Hatice,Speer,ykostolzin@example.org,F,2005-03-13,2025-03-19,de,Staffelstein,social_media,True
CUST000285,Debra,Clarke,terence28@example.com,Undisclosed,1960-11-01,2024-12-10,GB,Port Danielport,paid_search,False
CUST000286,Sigurd,Reichmann,usteinberg@example.net,Undisclosed,1971-06-29,2024-07-10,de,Gotha,organic_search,True
CUST000287,Nathan,Higgins,rward@example.org,Undisclosed,1990-08-11,2024-04-21,GB,Richardstown,direct,True
CUST000288,Joshua,Williams,russellrice@example.net,F,1991-06-01,2023-01-11,GB,East Samuelfurt,email,False
CUST000289,Olivie,Diallo,irey@example.org,M,1949-07-10,2024-02-13,FR,Gaudin,organic_search,True
CUST000290,June,Clements,donald95@example.net,F,2001-05-17,2025-12-31,GB,Frankport,paid_search,False
CUST000291,Sandro,Jacob,gertrudepoelitz@example.org,M,1964-05-28,2023-12-27,DE,Ravensburg,paid_search,False
CUST000292,Tülay,Schäfer,,F,2005-07-19,2023-03-18,DE,Schwäbisch Hall,social_media,False
CUST000293,Fernanda,Piquer,dvalcarcel@example.com,M,1999-02-27,2025-07-19,ES,Tarragona,paid_search,False
CUST000294,Alexandria,Gonzalez,jlejeune@example.com,F,1997-01-08,2024-07-12,FR,Reynaud-sur-Mer,direct,False
CUST000295,Miriam,Hecker,,M,1966-02-23,2024-01-17,DE,Monschau,paid_search,True
CUST000296,Melanie,Macdonald,moorehelen@example.net,F,1962-03-18,2025-04-10,GB,Dennismouth,organic_search,True
CUST000297,Cirino,Farré,sandovalrebeca@example.com,F,1949-03-10,2023-10-15,es,Jaén,paid_search,False
CUST000298,Isabella,Steckel,briemerhans-heinrich@example.net,Undisclosed,1983-09-18,2024-06-30,DE,Neubrandenburg,social_media,False
CUST000299,Phillip,Cross,brettstokes@example.org,M,1996-02-21,2024-04-28,gb,Lake Catherinebury,direct,False
CUST000300,Mario,Wulf,roberthenck@example.net,M,1964-12-11,2023-08-29,DE,Mühldorf am Inn,paid_search,True
CUST000301,Rebecca,Oestrovsky,leszek45@example.net,Undisclosed,1977-05-24,2025-09-06,DE,Werdau,direct,False
CUST000302,Lauren,Webster,ucarter@example.org,Undisclosed,1948-10-17,2024-03-23,GB,Lake Jacob,organic_search,False
CUST000303,Helen,Harris,smithfiona@example.net,Undisclosed,1959-01-13,2025-12-17, GB ,Bernardfurt,referral,True
CUST000304,Tom,Smith,dawnwalton@example.net,M,2001-08-04,2023-11-03, GB ,Morganfort,paid_search,False
CUST000305,Jelte,Janse,ukoster@example.com,F,1994-09-13,2023-07-06,NL,Westzaan,referral,False
CUST000306,Solveig,Karlsson,idanielsson@example.net,Undisclosed,2002-10-13,2025-07-24,SE,Piteå,direct,True
CUST000307,  Harriet,Barnes,milleramy@example.org,F,1993-10-21,2025-03-21,GB,North Charlie,organic_search,False
CUST000308,Lucie,Martineau,dbesson@example.net,F,1987-08-21,2024-12-06,FR,Delmasdan,organic_search,False
CUST000309,Sergio,Albero,agudobernardita@example.net,F,1946-10-27,2023-03-06,ES,Murcia,direct,False
CUST000310,Franck,Pereira,alfred86@example.org,M,1981-05-14,2025-02-05,FR,Guillot,direct,True
CUST000311,Sylvie,Monnier,laurelaine@example.com,M,1963-11-16,2024-12-13,FR,Chevalierboeuf,direct,True
CUST000312,Herta,Hecker,kmies@example.org,M,1966-02-04,2023-01-08,DE,Staffelstein,referral,False
CUST000313,Pietro,Rohleder,davidsruben@example.com,M,1978-01-28,2025-12-25,DE  ,Soest,social_media,True
CUST000314,Elsa,Hansson,nilssonchrister@example.com,Undisclosed,2004-01-25,2023-08-20,SE,Motala,organic_search,True
CUST000315,Susana,Talavera,grashector@example.net,M,1964-02-18,2024-02-27,ES,Asturias,direct,True
CUST000316,Bastiaan,Lambregt,robin89@example.net,F,2003-07-22,2024-05-16,NL,Mensingeweer,organic_search,True
CUST000317,Odette,Mendès,guillaumejacqueline@example.org,Undisclosed,2001-07-18,2025-10-28,FR,Garnier-la-Forêt,referral,False
CUST000318,Martha,Krebs,carlahendriks@example.net,Undisclosed,1991-10-03,2024-04-30,DE,Kulmbach,email,False
CUST000319,Dagobert,Otto,liselottestroh@example.net,Undisclosed,1996-05-30,2024-07-17,DE,Bamberg,direct,False
CUST000320,Zacharie,Texier,nguyennicolas@example.org,Undisclosed,1998-01-05,2025-10-12,FR,Valentin-sur-Chauvin,referral,False
CUST000321,Julian,Evans,robert47@example.com,F,1971-03-26,2025-05-02,GB,Skinnershire,email,True
CUST000322,Melle,Poncelet,xfrankhuizen@example.net,M,1994-03-18,2024-04-06,NL,Broekhuizenvorst,referral,False
CUST000323,Joy,Keltenie,ruttenjan@example.com,F,1996-01-07,2025-05-03,nl,Oudenbosch,social_media,True
CUST000324,Thibault,Hebert,agnes11@example.org,Undisclosed,1970-03-05,2025-07-10,FR,Henry,organic_search,False
CUST000325,Annika,Jansson,christofferjohansson@example.net,F,1947-06-21,2025-02-11,se,Trollhättan,referral,True
CUST000326,Ali,Smit,veldermannisa@example.com,M,1973-11-04,2025-09-08,NL,Oudebildtzijl,organic_search,True
CUST000327,Alexandra,Reynolds,woodyvonne@example.org,M,1992-04-26,2024-01-25,GB,Thompsonview,direct,True
CUST000328,Mohammed,Williams,max72@example.org,M,1974-05-04,2025-03-23,GB,Pamelaland,referral,False
CUST000329,Laetitia,Pierre,philippe37@example.net,M,1976-11-03,2024-09-23,FR,Saint ThibautVille,direct,False
CUST000330,Magda,Jüttner,nkade@example.com,M,1975-08-22,2024-10-17, DE ,Malchin,paid_search,True
CUST000331,Marine,Bourgeois,theophilelebrun@example.net,Undisclosed,1978-04-12,2023-02-03,FR,Schmitt,social_media,True
CUST000332,Jordana,Tudela,smontana@example.net,F,1984-11-14,2024-02-06,ES,Guadalajara,direct,False
CUST000333,Ottomar,Drewes,yholt@example.com,Undisclosed,1984-01-20,2024-06-11,DE,Saarlouis,email,False
CUST000334,Andrey,Vogt,hannywilmsen@example.net,F,1977-02-04,2023-12-11,DE,Mayen,email,True
CUST000335,Alice,Etzold,marleen16@example.net,F,1988-10-12,2023-05-01,DE,Gießen,direct,True
CUST000336,Claus-Peter,Meister,gertraud26@example.com,F,1986-05-16,2023-01-14, DE ,Roth,paid_search,True
CUST000337,Candelaria,Arco,svelazquez@example.com,Undisclosed,1999-06-29,2024-03-23,ES,Tarragona,referral,False
CUST000338,Quinty,van der Linden,,M,1986-02-03,2025-09-26, NL ,Clinge,referral,False
CUST000339,Raymond,Hilton,,Undisclosed,1990-06-07,2024-08-10,GB,Mohammedton,paid_search,True
CUST000340,Ehrenfried,Atzler,vweller@example.com,Undisclosed,1952-05-23,2023-07-17,DE,Gadebusch,social_media,False
CUST000341,Josephine,Fox,katiepatel@example.com,M,1979-09-28,2025-03-23,GB,West Peter,direct,True
CUST000342,Connor,Holden,awebb@example.org,Undisclosed,1995-05-15,2024-09-06,GB,West Graeme,direct,True
CUST000343,Nicolai,Mülichen,ullrich38@example.com,M,1952-04-29,2023-07-11, DE ,Werdau,organic_search,True
CUST000344,Benjamin,Lacombe,ejulien@example.com,M,1953-07-07,2023-06-19,FR,Sainte Madeleine,organic_search,True
CUST000345,Nicole,Berger,labbesusanne@example.org,Undisclosed,1980-10-18,2024-04-15,FR,Courtois,organic_search,True
CUST000346,Dale,Roberts,mohamedmoore@example.com,F,1988-07-15,2024-07-28,gb,East Ruth,social_media,True
CUST000347,Joe,Power,vbyrne@example.net,Undisclosed,1974-11-30,2024-02-29,GB,Burgessborough,organic_search,False
CUST000348,Manuela,Bolnbach,karl-heinrichweller@example.net,M,1984-12-21,2023-11-29,DE,Pinneberg,referral,False
CUST000349,Céline,Noël,aimeegermain@example.org,Undisclosed,1963-07-15,2025-02-25,FR,Evrardboeuf,referral,False
CUST000350,Damien,Parsons,ltalbot@example.org,F,1976-11-03,2023-04-20,GB  ,Port Ellie,referral,False
CUST000351,Diana,Roberts,,M,2008-03-13,2024-10-30,GB,Lake Aaronmouth,social_media,False
CUST000352,Gervasio,Perea,gomezmarcos@example.org,M,1992-11-14,2025-06-03, ES ,Málaga,referral,False
CUST000353,Elin,de Hoog,mvan-bergen@example.org,F,1974-06-21,2024-05-19,NL,Hank,direct,True
CUST000354,Sofia,Seidel,ischuster@example.net,F,1957-06-21,2025-03-08,DE,Neustadtner Waldnaab,email,False
CUST000355,Elly,Bloch,fridolin25@example.com,M,2004-07-31,2024-07-06,DE,Amberg,referral,False
CUST000356,Danielle,Khan,,F,2001-02-27,2023-07-31,GB,Robsonhaven,social_media,False
CUST000357,Senol,Tröst,rlange@example.com,F,2002-11-02,2023-01-26,DE,Neustadtner Waldnaab,referral,True
CUST000358,Iain,Rhodes,jakearmstrong@example.org,F,1960-12-25,2025-12-03,gb,Lesliemouth,social_media,False
CUST000359,Antonina,Carnera,gvianello@example.org,M,1963-11-30,2023-10-26,it,Piozzo,organic_search,False
CUST000360,Charlie,Scott,carterchloe@example.net,M,1952-08-26,2024-05-30,GB,West Ryan,paid_search,False
CUST000361,  Brigitte,Lemaire,wcharles@example.org,M,1998-06-19,2023-08-08,FR  ,Lacroix,referral,False
CUST000362,Amber,Khan,carolyn96@example.org,Undisclosed,1959-09-29,2024-11-05,GB,Port Darren,paid_search,False
CUST000363,Leslie,Turnbull,stacey49@example.net,M,1993-08-05,2024-10-18,GB  ,Gregoryshire,email,False
CUST000364,Darren,Chambers,katherine12@example.com,Undisclosed,2004-09-07,2024-08-19,GB,Lake Wayne,social_media,False
CUST000365,Maria,Perozzo,enniomilanesi@example.org,F,1978-12-28,2024-07-28,IT,Collegiove,paid_search,True
CUST000366,Denis,Couturier,lorraine66@example.com,Undisclosed,1999-10-03,2023-02-25,fr,Sainte Denise-la-Forêt,social_media,True
CUST000367,Adam,Olsson,tage75@example.net,M,1995-07-18,2025-04-17,se,Karlskrona,direct,True
CUST000368,Gian,Riccardi,serafina18@example.com,Undisclosed,2001-10-24,2025-05-16,IT,Cleulis,email,False
CUST000369,Miguel,Rogge,uheuser@example.com,Undisclosed,1985-01-04,2023-03-17,DE,Rehau,organic_search,True
CUST000370,Klothilde,Biggen,vzirme@example.net,Undisclosed,1948-10-22,2024-05-23,DE,Schwäbisch Hall,referral,False
CUST000371,Thilo,Meyer,hbachmann@example.org,F,1945-09-23,2024-11-10, DE ,Flöha,paid_search,True
CUST000372,Giovanni,Höfig,raphaelaseip@example.com,Undisclosed,1952-01-13,2025-07-01,DE,Gransee,referral,True
CUST000373,Guenter,Birnbaum,koehlergiovanna@example.net,M,1972-08-27,2024-12-07,DE,Wertingen,organic_search,True
CUST000374,Duuk,Aarden,thijngarret@example.net,F,1960-03-16,2023-10-18,NL,Swichum,social_media,False
CUST000375,Annaliese,Stiffel,eigenwilligdenise@example.org,M,1975-12-21,2023-07-19, DE ,Amberg,organic_search,True
CUST000376,Gilles,Martel,therese16@example.net,Undisclosed,1950-07-03,2023-02-16,FR,Jacob,direct,True
CUST000377,Quirino,Martínez,calatayudcristian@example.com,Undisclosed,1955-01-06,2025-11-22,ES,Vizcaya,email,True
CUST000378,Charles,Radisch,florencestey@example.org,Undisclosed,1984-01-06,2025-04-09,DE,Schongau,organic_search,True
CUST000379,Ignacio,Cordero,valerioortega@example.net,Undisclosed,2008-04-13,2025-07-09,es,Salamanca,social_media,True
CUST000380,Guillaume,Chrétien,fcarpentier@example.org,M,1954-01-24,2023-07-28,FR  ,Chauveau-sur-Jacob,email,True
CUST000381,Ivo,Hofmann,viviane65@example.org,Undisclosed,1989-07-20,2024-06-21,DE  ,Grafenau,email,False
CUST000382,Anne,van de Veen,lize04@example.org,Undisclosed,1958-07-09,2023-08-22,nl,Oudesluis,direct,False
CUST000383,Emma,Clark,leah03@example.com,F,1979-09-06,2023-06-23,GB  ,New Jamesstad,paid_search,False
CUST000384,Mirko,Vergassola,donatello69@example.com,F,1992-02-27,2023-10-17,IT,Cavriglia,email,True
CUST000385,Colin,Bastiaense,bduivenvoorden@example.net,Undisclosed,1963-07-11,2025-09-23,NL,Hilvarenbeek,paid_search,True
CUST000386,Antonia,Macías,barrenamontserrat@example.com,M,1988-06-16,2025-09-29,ES,Las Palmas,social_media,True
CUST000387,Élise,Chauvet,operez@example.net,Undisclosed,1956-01-27,2025-09-19,FR,Perez,email,False
CUST000388,Apollonia,Junken,damian83@example.org,M,1972-04-09,2025-10-04,de,Heiligenstadt,referral,True
CUST000389,Chema,Rovira,dgomez@example.org,Undisclosed,1953-07-29,2024-03-27,es,Salamanca,email,False
CUST000390,Gema,Echevarría,mendozagriselda@example.net,Undisclosed,1953-10-23,2025-11-12,ES,Teruel,social_media,True
CUST000391,Ann,Olsson,helenacarlsson@example.com,F,1994-09-24,2025-06-22,SE,Lund,direct,True
CUST000392,Xavier,Gilbert,gilbert41@example.org,M,1964-03-11,2024-09-01,FR  ,Andre-la-Forêt,organic_search,False
CUST000393,Agnès,Lefèvre,mahececile@example.net,Undisclosed,1979-09-06,2023-08-29,FR,Brun-sur-Tessier,social_media,False
CUST000394,Ileana,Carlos,jose-maricalderon@example.net,F,1961-03-24,2023-12-06,ES,Alicante,referral,False
CUST000395,Aimée,Jacob,moulinbenjamin@example.com,M,2008-04-21,2025-12-26,FR,Colin,social_media,False
CUST000396,Lucia,Pucci,virgilioninetta@example.net,Undisclosed,1960-12-17,2024-07-01,IT,Baselga Di Vezzano,paid_search,False
CUST000397,Paola,Bermejo,sigfridomontero@example.com,F,1984-07-29,2023-05-02,ES,Baleares,paid_search,True
CUST000398,Benjamin,Maréchal,colinmaurice@example.net,Undisclosed,1950-05-17,2023-10-27,FR,Carre-la-Forêt,paid_search,False
CUST000399,Rafa,Fonseca,chema87@example.org,F,1965-07-11,2025-04-28,ES,Valencia,direct,False
CUST000400,Ana,Ferrán,abrilpedrosa@example.net,Undisclosed,1995-07-12,2025-01-25, ES ,Burgos,direct,True
CUST000401,Ayten,Kensy,langeandre@example.org,F,1988-12-16,2025-07-27,DE,Hoyerswerda,email,True
CUST000402,Lilla,Martucci,paolettisandra@example.net,M,1952-10-03,2025-05-29,IT,Cerasomma,social_media,True
CUST000403,Patrick,Ellis,samanthahughes@example.org,F,1952-01-06,2025-09-20, GB ,East Mariachester,direct,False
CUST000404,Anselma,Cañellas,alvaro19@example.org,M,1989-01-17,2023-02-03,ES,Asturias,email,True
CUST000405,Noël,Klein,gaymargaud@example.org,M,1963-06-11,2023-09-28, FR ,Carlier,social_media,False
CUST000406,Benvenuto,Fioravanti,luciano74@example.org,F,1954-12-12,2023-06-18, IT ,Rodano,direct,False
CUST000407,Chantal,Bouvier,franckgaillard@example.com,F,1973-05-06,2024-04-24, FR ,Sainte Pénélope-sur-Mer,email,True
CUST000408,Monica,Dussen van,djaentsch@example.com,M,1951-11-02,2023-09-29, DE ,Torgau,direct,False
CUST000409,Romana,Mondadori,ramona90@example.org,F,1955-10-11,2023-09-04,IT,Ioggi,paid_search,False
CUST000410,Anika,Binner,wendelinklemm@example.com,M,1991-10-07,2023-07-02,DE,Griesbach Rottal,social_media,True
CUST000411,Frédérique,Bouvet,antoinelebon@example.com,F,1983-02-13,2025-02-22,FR,Gauthier,direct,True
CUST000412,  Erik,Andersson,yberg@example.org,Undisclosed,1998-10-29,2023-05-21,se,Jönköping,social_media,True
CUST000413,Sandra,Asp,lovisaholmstrom@example.net,M,1985-07-27,2023-11-07,SE,Västerås,organic_search,True
CUST000414,Louise,Law,turnerjoe@example.net,M,1951-12-11,2023-10-14,GB,Adrianton,email,False
CUST000415,Hannah,Hughes,kbentley@example.com,F,1971-09-23,2023-10-14,GB,Lordborough,referral,False
CUST000416,Henri,Fontaine,robertguyot@example.com,M,1987-06-22,2023-02-24,fr,Chauvet-sur-Moulin,referral,True
CUST000417,Charles,Fernandez,colette68@example.com,F,1964-09-20,2025-03-13,FR,Dos Santosnec,organic_search,True
CUST000418,Louise,Devaux,lucylaine@example.org,F,1999-10-10,2025-10-20,FR,Sainte Sabine,social_media,True
CUST000419,Sanne,van de Biesenbos,wouter87@example.com,M,1967-07-27,2025-03-03,NL,Oudehaske,paid_search,False
CUST000420,Julián,Escolano,,M,1947-06-16,2023-05-30,es,Pontevedra,organic_search,False
CUST000421,Nydia,Suarez,amorlucas@example.org,M,1981-09-17,2025-11-03,ES,Vizcaya,email,True
CUST000422,Gala,Hernando,felicianocabrera@example.org,Undisclosed,1963-10-27,2023-11-09,ES,Valladolid,paid_search,False
CUST000423,Sylvie,Gerlach,christinekraushaar@example.com,Undisclosed,1957-08-31,2025-03-11,DE,Saarlouis,organic_search,False
CUST000424,Geraldine,Harrison,amelia59@example.org,F,1984-04-24,2025-06-14,gb,New Roy,email,True
CUST000425,Adeline,Bender,triehl@example.org,Undisclosed,1951-10-29,2025-07-17,DE,Genthin,direct,True
CUST000426,Mandy,Lloyd,,F,1981-07-04,2023-09-02,gb,Savageborough,social_media,False
CUST000427,Suzanne,Breton,zachariewagner@example.org,M,1949-09-26,2023-12-08,FR,Saint Jacqueline,organic_search,True
CUST000428,Sonia,Ossani,matildacapuana@example.net,F,1950-08-14,2024-11-17,it,Noto,referral,True
CUST000429,Thibaut,Breton,gcoste@example.com,M,1954-12-20,2025-10-13,FR,Foucher,paid_search,False
CUST000430,Friedl,Junck,ozorbach@example.com,Undisclosed,1957-07-15,2023-11-19,DE,Gardelegen,organic_search,True
CUST000431,Gislinde,Schacht,,F,2001-02-08,2025-11-08,de,Koblenz,email,False
CUST000432,Luisina,Abellán,macarena42@example.org,F,1993-06-15,2025-02-23,ES,Vizcaya,direct,False
CUST000433,Ross,Dawson,claytonelliott@example.net,Undisclosed,1952-10-07,2024-04-04,GB  ,Davidsonland,organic_search,False
CUST000434,Ewa,Cichorius,necatijuncken@example.org,F,2001-08-06,2023-09-02,de,Mellrichstadt,referral,True
CUST000435,Henni,Börner,hettnerhassan@example.org,M,1969-07-14,2025-04-01,DE,Bützow,social_media,False
CUST000436,  Kim,van Bernicia,budsami@example.com,F,1957-01-01,2023-06-26,nl,Reuver,social_media,True
CUST000437,Philipp,Ditschlerin,wkostolzin@example.net,F,2002-01-31,2025-08-08,DE,Roding,referral,True
CUST000438,Florina,Gomis,,F,1956-10-01,2023-11-05,ES,Asturias,direct,True
CUST000439,Luna,Bosch,,Undisclosed,1965-10-01,2024-11-17,NL,Amstelveen,organic_search,True
CUST000440,Gustav,Kohl,johannes11@example.com,F,1956-08-19,2025-12-21,DE,Pößneck,paid_search,False
CUST000441,Rose,Nette,kambsdesiree@example.net,Undisclosed,1993-08-16,2023-07-10,DE,Malchin,social_media,False
CUST000442,Dennis,Ekman,danielajohansson@example.org,Undisclosed,1958-08-12,2023-06-23,SE,Ängelholm,organic_search,True
CUST000443,Étienne,Girard,margaud44@example.org,M,1972-06-02,2025-06-09,fr,Dias-sur-Marin,social_media,False
CUST000444,Aurélie,Fernandez,bernardalves@example.org,F,1965-09-23,2024-10-30,FR,Voisin-sur-Bourgeois,paid_search,True
CUST000445,Felicia,Manzanares,amigohilario@example.org,M,1951-04-05,2023-11-15,ES,Baleares,referral,False
CUST000446,Virginia,Iannuzzi,mercedes67@example.com,F,1951-11-20,2024-03-01, IT ,Pollutri,direct,False
CUST000447,Sture,Forsberg,olofhakansson@example.org,F,1977-05-01,2023-03-24, SE ,Mölndal,paid_search,False
CUST000448,Guadalupe,Caballero,cintia02@example.net,M,1951-07-08,2025-03-22,ES,Zaragoza,paid_search,True
CUST000449,Françoise,Bonnet,lboulay@example.org,Undisclosed,2002-11-25,2025-04-08,fr,Barbenec,email,True
CUST000450,Kristian,Budig,pruppersberger@example.com,F,1972-07-19,2023-10-14, DE ,Nürtingen,email,False
CUST000451,Florencio,Galán,dionisiosanchez@example.org,F,2000-09-12,2023-06-22, ES ,Barcelona,organic_search,True
CUST000452,Reece,Turner,davisonjill@example.com,M,1988-05-13,2025-06-27, GB ,Port Marilyn,email,True
CUST000453,Frédérique,Chauvin,timothee11@example.com,Undisclosed,1983-04-02,2023-12-11,FR,Baron,organic_search,False
CUST000454,Eleanora,Tresoldi,yanastasi@example.net,F,1998-11-16,2025-05-23,it,Castelsilano,email,True
CUST000455,Carolina,Schacht,liebeltgeorgios@example.org,Undisclosed,1985-05-02,2023-03-12,de,Büsingen am Hochrhein,email,False
CUST000456,Victoria,Pritchard,thorntonpaula@example.com,M,1990-03-29,2023-05-05,gb,Allenfort,referral,True
CUST000457,Friedrich,Schönland,gerlachkarl-august@example.com,M,1987-02-07,2023-02-09,DE,Bad Kissingen,email,False
CUST000458,Frank,Parker,vball@example.net,F,1978-01-08,2025-10-25,GB  ,Christinetown,paid_search,True
CUST000459,Meryem,Noack,margret44@example.com,Undisclosed,2004-02-01,2024-07-29,DE,Geithain,referral,True
CUST000460,Lea,Jungfer,kunoweimer@example.com,M,1964-01-07,2023-11-23,DE,Schleiz,direct,True
CUST000461,Sigrid,Ladeck,grafthomas@example.org,M,1996-02-08,2024-03-25,DE,Zerbst,paid_search,True
CUST000462,Graeme,Ellis,william82@example.org,Undisclosed,1973-02-18,2024-04-29,GB,Port Judith,referral,True
CUST000463,Mia,Cornelisse,kuiperjoost@example.org,Undisclosed,1962-08-30,2024-12-21,NL,Bad Nieuweschans,email,False
CUST000464,Joe,Robertson,xbentley@example.net,F,2001-09-21,2023-12-26,GB,Loweville,organic_search,False
CUST000465,Harald,Selin,erikssonwilhelm@example.com,F,1985-08-14,2023-01-02,SE  ,Trollhättan,paid_search,False
CUST000466,Isaac,Poirier,,F,1996-08-25,2023-05-02,FR,Sainte Antoinenec,referral,False
CUST000467,Renée,Benoit,goncalvesdominique@example.net,M,2004-01-04,2023-05-29,FR,Jourdan,social_media,False
CUST000468,Florinda,Recio,inesgabaldon@example.com,M,1980-08-11,2024-10-22,ES,Vizcaya,email,False
CUST000469,Frieda,Gerlach,muehlesiegrid@example.org,Undisclosed,1986-08-04,2023-12-23,DE,Gardelegen,paid_search,True
CUST000470,Marta,Rosén,desiree44@example.com,F,1976-12-01,2025-02-13,se,Borås,organic_search,False
CUST000471,Mariechen,Scholz,rjacobi-jaeckel@example.net,Undisclosed,1972-09-16,2023-03-08,de,Altötting,referral,True
CUST000472,Leo,Berggren,beatrice99@example.com,F,1950-01-10,2025-10-13,SE  ,Karlstad,social_media,True
CUST000473,Ingelore,Siering,nathalie44@example.net,Undisclosed,1966-01-06,2023-07-01,DE,Dresden,email,True
CUST000474,Patrizio,Mezzetta,vittoriabettin@example.net,M,1992-01-04,2024-06-27,it,Montaperto,organic_search,True
CUST000475,Samantha,Gibbons,lynchbryan@example.com,F,1995-10-26,2023-04-09,GB,New Lindseyshire,email,False
CUST000476,Anna,Olsson,milannilsson@example.net,M,2007-05-16,2024-12-20,SE,Lidingö,referral,True
CUST000477,Klaus-Peter,Dietz,michelle28@example.org,F,1977-09-20,2023-11-30,de,Witzenhausen,social_media,False
CUST000478,Craig,Morton,yvonne25@example.net,M,1960-11-17,2023-08-03,gb,Emilymouth,organic_search,True
CUST000479,Torbjörn,Sandin,karl-erik47@example.org,M,1985-05-24,2024-11-23,SE,Skellefteå,email,True
CUST000480,Margaret,Hill,donnabaldwin@example.net,F,1973-10-17,2025-06-08,GB,Port Derekberg,email,False
CUST000481,Clare,Wilkins,glennhanson@example.net,M,2004-05-14,2024-07-30,GB,Port Jonathan,email,True
CUST000482,Mohamed,Cornelisse,overmeulen@example.org,M,1946-01-02,2023-04-22,NL,Sint-Oedenrode,direct,False
CUST000483,Wendy,Thornton,rhys29@example.org,Undisclosed,1998-09-29,2024-02-13,gb,East Jaynechester,organic_search,False
CUST000484,Christopher,Thomas,eahmed@example.com,M,1959-04-03,2023-08-25,GB,Stephenmouth,social_media,True
CUST000485,Frederick,Wilson,jackdavies@example.net,M,2005-05-12,2025-03-04,gb,Graemeberg,organic_search,False
CUST000486,Liberto,Desio,passalacquatiziano@example.net,M,1950-02-15,2025-06-19,IT,Ca' Venier,paid_search,True
CUST000487,Anne,Schenk,tuelay47@example.net,M,1981-05-08,2023-06-25,DE,Marienberg,referral,True
CUST000488,Odette,Roche,zachariecamus@example.com,M,1956-11-26,2023-05-05,FR,Moreau-sur-Mer,direct,False
CUST000489,Anders,Karlsson,ingridbjorklund@example.net,Undisclosed,1954-01-24,2024-04-27, SE ,Alingsås,referral,True
CUST000490,Giovanni,Ughi,panicucciteresa@example.net,F,1988-02-02,2023-09-04,IT,Matassino,paid_search,True
CUST000491,Anthony,Marshall,adamshilary@example.org,M,1974-01-17,2023-03-29,gb,Palmerside,direct,True
CUST000492,Joyce,Yates,elaine23@example.net,F,1966-03-05,2024-06-12, GB ,Adamshaven,referral,False
CUST000493,Véronique,Duval,laurence92@example.com,F,1980-06-30,2024-10-29,FR,Lemaire-sur-Carre,referral,False
CUST000494,Hans-Ulrich,Schlosser,ziegertehrhard@example.com,Undisclosed,1959-04-11,2023-08-19,DE,Parsberg,organic_search,True
CUST000495,Shaun,Thomas,sarahcampbell@example.com,M,1979-06-17,2023-07-26,GB,Lake Hayley,social_media,False
CUST000496,Emmanuel,Masson,noel00@example.net,F,2002-07-09,2025-09-21,fr,Laroche-sur-Teixeira,paid_search,False
CUST000497,Oliver,Franklin,georgemarsh@example.org,Undisclosed,1989-07-13,2023-03-21,gb,South Bryan,direct,False
CUST000498,Patrizia,Benthin,vitali01@example.org,M,2003-09-05,2024-07-04,DE  ,Kamenz,email,True
CUST000499,Alexander,Blomberg,ruben11@example.org,M,1989-09-22,2024-04-11,SE,Luleå,social_media,False
CUST000500,Daniel,Persson,marita94@example.net,M,1958-02-16,2025-05-03,se,Falun,email,False
CUST000501,Jaylinn,van Opper-Lotharingen,rvan-kasteelen@example.com,Undisclosed,2000-02-12,2025-11-23,NL,Roden,organic_search,False
CUST000502,Darren,Robinson,nathandaniels@example.net,Undisclosed,2003-02-21,2025-11-03,GB,North Helen,organic_search,True
CUST000503,Jules,Bourdon,rcolas@example.com,F,1971-07-11,2024-01-30,fr,Raymond,email,True
CUST000504,Daniel,Reina,castrilloalmudena@example.com,M,1975-09-03,2025-01-08,ES,Asturias,direct,True
CUST000505,Noor,van den Pol,ilse50@example.net,M,1997-11-30,2023-03-04,nl,Zetten,email,False
CUST000506,Annaliese,Preiß,zofiastaude@example.com,Undisclosed,1992-07-08,2024-12-06,DE,Mallersdorf,organic_search,False
CUST000507,Giorgia,Pavanello,santinomuti@example.net,Undisclosed,1955-10-19,2023-02-26,IT,Campodoro,paid_search,True
CUST000508,Reyes,Valcárcel,crespoanselma@example.com,M,2004-11-05,2024-04-06,ES,Asturias,direct,True
CUST000509,Gustavo,Benussi,pmichelangeli@example.com,Undisclosed,1980-03-06,2025-08-28,IT,Cinisello Balsamo,paid_search,False
CUST000510,Tyler,van Gent,pden-teuling@example.org,M,2000-03-17,2024-09-17,NL,Zeddam,email,False
CUST000511,Guy,Iqbal,fnicholson@example.com,Undisclosed,1979-07-13,2025-07-29,GB,North Sophiechester,referral,False
CUST000512,Auguste,Pascal,,M,1983-01-18,2023-07-29,FR,Saint Sophie,referral,False
CUST000513,Filippa,Saraceno,veronica88@example.org,M,1968-11-16,2024-09-03,IT,Torre Maina,direct,False
CUST000514,Natanael,Suárez,gisbertrafaela@example.com,Undisclosed,1994-06-14,2024-07-21,es,Teruel,paid_search,True
CUST000515,Helfried,Adler,gdrewes@example.net,Undisclosed,1968-11-29,2023-04-27,DE,Siegen,social_media,True
CUST000516,Ehrhard,Bien,bernhardine85@example.net,M,2006-09-19,2023-02-22,DE,Niesky,email,False
CUST000517,Michelle,Lejeune,valentinewagner@example.net,F,1952-12-17,2023-03-14,FR  ,Bourdon,direct,True
CUST000518,Ildefonso,Sebastián,godofredocarrillo@example.com,Undisclosed,2001-10-17,2025-12-30,ES,Teruel,social_media,True
CUST000519,Margareta,Lindberg,elias60@example.net,Undisclosed,1998-03-24,2024-01-06,se,Karlskrona,referral,True
CUST000520,Annette,Wähner,walburgaortmann@example.org,F,1948-12-27,2024-11-18,DE,Rothenburg ob der Tauber,social_media,False
CUST000521,Hazel,Whitehead,xbennett@example.org,M,1995-05-24,2024-11-09,GB,North Charlotte,email,True
CUST000522,Marine,Ledoux,corinne66@example.net,F,1962-07-30,2023-05-26,FR,Chauvin,email,False
CUST000523,Rikard,Nilsson,therese72@example.org,F,1996-08-12,2025-04-26,SE,Ängelholm,social_media,False
CUST000524,Hugo,Manso,leonor83@example.org,F,1992-05-28,2025-07-26,ES,Soria,email,False
CUST000525,Candela,Mora,leocadiaenriquez@example.net,M,1994-01-08,2023-12-29,es,Valladolid,paid_search,True
CUST000526,Dorothy,Ellis,chelsea79@example.net,F,1991-07-26,2025-09-29,GB,Marytown,direct,False
CUST000527,Bernard,Leconte,laurentalex@example.org,F,1949-07-14,2025-04-06, FR ,Da Costa,paid_search,False
CUST000528,William,Bonnet,sebastiennormand@example.com,Undisclosed,1992-09-04,2023-01-29,fr,Martins,direct,True
CUST000529,Edmund,Schmiedt,klemtmargaretha@example.com,M,2004-10-02,2024-05-24, DE ,Wolfach,email,False
CUST000530,Lucio,Arévalo,ggamez@example.net,M,1971-08-26,2023-12-09,ES,La Rioja,referral,False
CUST000531,José,Franco,carmina00@example.net,M,1987-11-30,2025-06-07,ES,Ceuta,email,False
CUST000532,Kerstin,Wallin,julia89@example.org,M,1965-09-13,2024-01-21, SE ,Umeå,paid_search,True
CUST000533,Erik,Andersson,davidssonhans@example.net,F,1964-09-04,2024-03-08, SE ,Jönköping,direct,True
CUST000534,Mohamed,Hall,fionabaker@example.org,Undisclosed,1956-03-20,2025-02-07,GB,East Brandonton,referral,True
CUST000535,  Camilo,Moll,amor98@example.com,Undisclosed,1981-06-08,2023-08-10, ES ,Cádiz,email,False
CUST000536,Alessia,Valier,tirabassiermes@example.com,F,1973-02-18,2023-09-11,it,Cosola Di Cabella,direct,True
CUST000537,Poncio,Marin,ismael35@example.com,Undisclosed,1960-07-19,2024-09-08,es,Navarra,referral,True
CUST000538,Tilmann,Hendriks,drewesgrazyna@example.com,Undisclosed,2007-03-27,2025-05-07,DE,Bad Kreuznach,social_media,True
CUST000539,Sheila,Wood,margaret16@example.com,M,1947-05-14,2023-08-06,GB,Katherinehaven,paid_search,False
CUST000540,Roswita,Siering,cneuschaefer@example.com,M,1958-10-13,2025-04-19,DE,Osterburg,direct,False
CUST000541,  Anna,Lund,sorensengoran@example.net,F,1960-01-11,2024-11-08,SE,Sandviken,referral,False
CUST000542,Rita,Shaw,nlee@example.net,F,1996-02-18,2023-11-02,GB,Willisland,organic_search,False
CUST000543,Mehdi,Bender,andremies@example.net,M,1951-08-22,2024-04-18,DE,Bamberg,organic_search,True
CUST000544,Cornelis,Oda,louiserackham@example.net,Undisclosed,2007-09-04,2023-03-22,NL  ,Kolhorn,direct,True
CUST000545,Ann,Saunders,omccarthy@example.com,F,1972-03-10,2023-07-14,GB,New Thomasland,direct,True
CUST000546,Agathe,Gaudin,bonninclaude@example.org,Undisclosed,1952-11-27,2024-11-04,fr,Torres,direct,True
CUST000547,Ralf-Dieter,Kroker,edeltrud14@example.com,M,2001-08-17,2025-02-02,DE,Naila,email,False
CUST000548,Leah,de Leeuw,benthemudden@example.org,M,1999-11-26,2025-02-28,NL,Westknollendam,paid_search,True
CUST000549,Eileen,Patel,ashleigh24@example.net,F,1946-06-11,2023-09-29, GB ,North Luke,referral,False
CUST000550,Che,Mayol,pradobrigida@example.net,M,1959-12-23,2025-06-16,ES,Castellón,direct,True
CUST000551,Shaun,Akhtar,ghowe@example.org,M,1987-08-30,2025-09-16,GB,Gordonville,organic_search,False
CUST000552,Gerardo,Ballester,,Undisclosed,2003-08-15,2024-10-05,ES,Segovia,referral,True
CUST000553,Nigel,Chapman,harrisjoseph@example.com,Undisclosed,1985-03-11,2024-11-23, GB ,Watsonstad,direct,True
CUST000554,Glen,Bibi,vanessalynch@example.org,M,2006-12-08,2025-09-13, GB ,West Danielle,referral,True
CUST000555,Liberto,Corradi,nmondaini@example.net,M,1984-03-02,2023-01-24,IT,Caldine,paid_search,True
CUST000556,Paul,Louis,aurelie20@example.com,M,1994-02-23,2025-10-03, FR ,Baronboeuf,paid_search,False
CUST000557,Pia,Naser,hannahwagner@example.com,M,1977-03-07,2025-04-05,DE,Kaiserslautern,email,True
CUST000558,Freia,auch Schlauchin,zlatko81@example.org,M,1951-04-06,2025-10-17,DE,Dieburg,organic_search,True
CUST000559,Carlos,Alfonso,juan-josebenito@example.net,F,2003-07-01,2025-04-06,ES,Palencia,referral,False
CUST000560,Lynn,Smith,nhilton@example.org,M,2006-07-09,2025-11-07,GB,Lambertberg,social_media,True
CUST000561,Nienke,Smeets,sebastiaan39@example.net,Undisclosed,1954-10-17,2024-04-01,NL,St.-Jacobiparochie,direct,False
CUST000562,Albrecht,Spieß,kruschwitzotto@example.net,F,1961-12-09,2025-07-15, DE ,Wurzen,social_media,False
CUST000563,Carolin,Rosemann,tilofreudenberger@example.org,F,1990-07-22,2025-12-05,DE,Wittenberg,direct,False
CUST000564,Klara,Neuschäfer,cklemt@example.org,F,1961-06-15,2023-08-08,DE,Grimmen,email,True
CUST000565,Sophie,Alves,nicolas03@example.net,M,1972-02-04,2025-07-25, FR ,De SousaVille,email,True
CUST000566,Geraldine,Morgan,robinsonbrandon@example.org,Undisclosed,1988-10-18,2023-09-10,GB,Marcusshire,referral,True
CUST000567,Émilie,Colas,,Undisclosed,1957-07-07,2025-10-18,FR,Guibertnec,referral,False
CUST000568,Alexandria,Hubert,jacqueline18@example.com,Undisclosed,1980-10-27,2025-11-07,FR,Benardboeuf,direct,True
CUST000569,Temistocle,Cignaroli,msonnino@example.org,M,1975-08-14,2023-08-01,IT,Madrigale,email,False
CUST000570,Roger,Lecomte,denisbuisson@example.net,M,1955-11-28,2024-05-23,FR,Barbier,paid_search,True
CUST000571,Mohamed,Atkinson,mandy13@example.com,Undisclosed,1978-06-14,2025-04-25,gb,Jonesshire,direct,False
CUST000572,Jose Francisco,Aroca,florreig@example.org,M,1954-05-21,2024-03-21,ES,Barcelona,direct,True
CUST000573,Jacques,Poirier,baudrywilliam@example.org,M,2008-06-15,2023-12-31,FR,Blondel,social_media,False
CUST000574,Jack,Shaw,kfoster@example.net,Undisclosed,1995-03-22,2025-05-04,gb,Grahamborough,email,True
CUST000575,Isidoro,Reig,esoto@example.org,F,1986-07-27,2025-12-06,ES,Zamora,paid_search,False
CUST000576,Fabio,Moschino,eleanoratorlonia@example.com,F,2008-06-13,2023-11-26,IT,Giais,direct,False
CUST000577,Franco,Dörr,heinpirmin@example.com,M,1946-10-23,2024-02-22, DE ,Parsberg,direct,True
CUST000578,Federigo,Silvestri,mconte@example.org,Undisclosed,2007-01-14,2025-03-07,it,Badia Polesine,direct,True
CUST000579,Mandy,Powell,greenkaty@example.org,Undisclosed,1945-10-06,2025-02-20,GB  ,Bishopstad,referral,True
CUST000580,Michel,Leduc,rochereleonore@example.com,M,1999-05-31,2023-01-27,FR,MartyBourg,direct,False
CUST000581,Jake,Abbott,ebrowne@example.org,M,2005-05-07,2024-02-07,GB,Smithtown,direct,True
CUST000582,Oscar,Ekman,liljegrenerik@example.org,F,2000-05-31,2024-01-18,SE,Kalmar,email,False
CUST000583,Fiona,Smith,kenneth26@example.net,M,2003-11-12,2024-06-25, GB ,Armstrongview,email,True
CUST000584,Françoise,Pascal,nfaivre@example.com,F,1978-07-07,2023-03-23,FR,Lemaître,direct,False
CUST000585,Leigh,Russell,tsmith@example.net,F,1972-10-10,2025-10-01,GB,Port Katy,social_media,True
CUST000586,Liesel,Thies,weinholdhermann-josef@example.com,F,1956-09-10,2024-01-12,DE,Fulda,referral,False
CUST000587,Elif,Textor,vzimmer@example.net,Undisclosed,1992-04-07,2023-07-08,DE  ,Ebersberg,social_media,False
CUST000588,Marie-Theres,Fiebig,aschuster@example.org,M,1977-10-12,2024-03-23,DE,Brandenburg,direct,True
CUST000589,Daniel,Schlosser,hessehelfried@example.com,Undisclosed,1948-04-02,2023-08-23,DE,Lobenstein,referral,True
CUST000590,Filiz,Oderwald,ingetraud90@example.org,F,1975-07-22,2023-03-23,DE,Flöha,referral,False
CUST000591,Ann,Thanel,hans-ludwig09@example.net,M,1961-06-13,2023-02-20,DE,Sulzbach-Rosenberg,referral,False
CUST000592,Charles,Hopkins,evansabbie@example.org,F,1964-06-17,2025-09-23,GB  ,Ingramfurt,organic_search,True
CUST000593,Alexandros,Walter,mschaaf@example.net,Undisclosed,1993-07-25,2023-12-09, DE ,Bremen,organic_search,True
CUST000594,Adélaïde,Baron,monique89@example.com,F,1961-01-30,2024-03-12,fr,Leclercq-sur-De Sousa,direct,False
CUST000595,Pier,Tognazzi,qagostinelli@example.org,M,1952-12-05,2023-05-28,IT,Macchia Albanese,organic_search,True
CUST000596,Shannon,Bradley,maurice18@example.com,Undisclosed,1984-10-21,2023-05-31, GB ,Annettemouth,paid_search,False
CUST000597,Lina,Volcke,xvan-rooij@example.org,M,1998-06-18,2025-04-14,NL  ,Soesterberg,email,True
CUST000598,Hannelore,Mies,,F,2006-09-10,2025-12-31,DE,Neunburg vorm Wald,referral,True
CUST000599,Evelin,Zirme,hesercengiz@example.com,M,1960-09-05,2023-05-29,DE,Herford,social_media,True
CUST000600,Alberto,Thies,hkitzmann@example.net,M,2002-04-24,2024-07-30,DE,Grafenau,organic_search,False
CUST000601,Birthe,Gieß,dogan65@example.org,M,1978-02-10,2023-11-17,DE,Jülich,referral,False
CUST000602,Océane,Normand,henrietteroyer@example.org,Undisclosed,2007-08-09,2023-10-23,FR,Didier,organic_search,True
CUST000603,Paola,Hettner,horst-guenterwaehner@example.org,M,1959-10-03,2023-09-10,DE,Flöha,organic_search,False
CUST000604,Gerolf,Wulff,maryschoenland@example.com,M,1952-12-10,2024-03-06,de,Bitterfeld,direct,True
CUST000605,Vera,Berger,aschmiedecke@example.net,M,2003-05-23,2023-11-26,de,Kitzingen,paid_search,True
CUST000606,Justin,Robinson,valerie94@example.com,Undisclosed,2008-01-07,2025-08-02, GB ,Patriciabury,organic_search,True
CUST000607,Wojciech,Reuter,bernwardputz@example.com,Undisclosed,1947-11-25,2025-09-24,DE,Leipziger Land,organic_search,False
CUST000608,Diane,Jacques,celinemathieu@example.net,M,1967-03-01,2023-05-23,FR  ,Saint Margot,direct,False
CUST000609,Linda,Osborne,jessicajackson@example.com,M,1963-05-10,2023-11-09,GB,New Marcus,paid_search,True
CUST000610,Oscar,Zaal,marijnvan-nes@example.net,Undisclosed,1958-03-14,2024-10-03,NL,Ulrum,social_media,False
CUST000611,Katalin,Köhler,ahaering@example.net,M,1970-07-12,2023-10-03,DE,Göttingen,social_media,False
CUST000612,Coral,Granados,kescolano@example.org,Undisclosed,2001-02-01,2025-09-24, ES ,Toledo,social_media,True
CUST000613,Dominic,Lane,damian86@example.com,F,1995-12-10,2024-02-07,GB,South John,organic_search,True
CUST000614,Rose,Schuchhardt,siegwardortmann@example.org,F,1980-11-12,2025-04-09,DE,Neustadt am Rübenberge,referral,False
CUST000615,Paride,Calarco,giorgio89@example.org,Undisclosed,1992-09-03,2023-11-01,IT,San Gregorio Di Catania,social_media,True
CUST000616,Salvi,Caffarelli,gaddapaoletta@example.com,M,1976-04-18,2025-08-09,IT,Campomaggiore San Luca,direct,True
CUST000617,Swantje,Hertrampf,oswin58@example.net,F,1969-02-06,2023-12-06,de,Lörrach,referral,True
CUST000618,Louis,Verdier,martymargaret@example.net,M,1984-11-14,2025-09-17,fr,Roger-la-Forêt,social_media,False
CUST000619,Victoriano,Bermudez,moreno87@example.net,M,1971-08-13,2024-04-24,ES,Lleida,email,True
CUST000620,Madelief,Vial,noorkosten@example.net,Undisclosed,1974-05-22,2023-03-23,NL,Zaltbommel,direct,False
CUST000621,Mohammad,Heidrich,fboucsein@example.org,M,1967-01-06,2024-06-23,DE,Staffelstein,social_media,True
CUST000622,Rigo,Hiller,ingeborg49@example.net,F,2006-02-02,2025-11-24,DE,Karlsruhe,social_media,False
CUST000623,Dominique,Simon,kpasquier@example.org,F,1954-03-11,2025-09-24,FR,Peltier,paid_search,False
CUST000624,Patricia,Webb,beth13@example.org,M,1950-01-09,2023-12-06,gb,Parrytown,paid_search,True
CUST000625,Marcus,Richards,fbarry@example.org,Undisclosed,1951-06-03,2025-01-11,gb,Gordonbury,social_media,True
CUST000626,Virginie,Picard,capucine22@example.net,Undisclosed,1947-08-18,2025-09-13,fr,Sainte Victor,email,True
CUST000627,Lorraine,Williams,ijones@example.com,F,1993-02-26,2024-05-14, GB ,New Jodie,referral,True
CUST000628,Floortje,van der Laan,hvan-duvenvoirde@example.net,F,1966-10-03,2023-10-28,NL,Nij Altoenae,email,True
CUST000629,Thomas,Jäntsch,oreuter@example.org,Undisclosed,1970-07-29,2024-08-03,DE,Griesbach Rottal,email,True
CUST000630,Dorothée,Thierry,thibautdubois@example.org,Undisclosed,2003-05-21,2024-03-25,FR,Barre,paid_search,False
CUST000631,Senna,van Veen,vincent80@example.net,M,1997-02-03,2023-12-10,NL,Swifterbant,organic_search,True
CUST000632,Gianni,Aldobrandi,agnolo64@example.net,F,1982-12-27,2025-02-13,IT,Bufalata,referral,False
CUST000633,Hannah,Smith,victoriayoung@example.com,Undisclosed,1994-05-02,2023-11-03,GB,Finchbury,referral,True
CUST000634,Molly,Mann,jason63@example.net,Undisclosed,1992-04-09,2023-07-10,GB,Glenside,organic_search,False
CUST000635,Franz-Xaver,Hoffmann,sandor31@example.org,Undisclosed,1953-03-11,2025-12-05,DE,Schwarzenberg,paid_search,False
CUST000636,Claudine,Roche,smaillard@example.net,Undisclosed,1967-07-03,2025-02-19,FR,Saint Benoît,email,True
CUST000637,Max,Harvey,skinnertimothy@example.com,F,1975-07-08,2024-06-05,gb,East Georgeberg,referral,False
CUST000638,Sieghard,Jockel,nohlmansheinz-guenther@example.com,F,1999-02-25,2024-06-11,DE,Kitzingen,organic_search,True
CUST000639,Vincent,Faure,ygrenier@example.org,M,2003-02-01,2025-02-07,FR,Lefèvre,organic_search,True
CUST000640,Charlotte,Arnaud,philippine61@example.net,Undisclosed,1958-10-05,2025-05-22,FR,Weber,social_media,False
CUST000641,Jacek,Krause,eberhardtyvette@example.net,Undisclosed,1998-03-01,2025-03-24,DE,Gotha,social_media,False
CUST000642,Pénélope,Gauthier,philippeceline@example.net,Undisclosed,1981-02-22,2024-06-03,FR,Reynaud,paid_search,True
CUST000643,Giorgio,Schuchhardt,tstiffel@example.com,F,1995-03-29,2024-04-15, DE ,Wolfenbüttel,referral,False
CUST000644,Théophile,Philippe,fleurychristine@example.net,Undisclosed,1970-03-18,2024-11-24,FR,Saint Frédéric,paid_search,False
CUST000645,Alexandre,Geisel,evangelialuebs@example.com,M,1999-09-28,2023-01-11,DE,Rothenburg ob der Tauber,email,True
CUST000646,Agnolo,Basso,petrassimonica@example.org,Undisclosed,1985-03-23,2023-05-12, IT ,Cortenuova,email,False
CUST000647,Charles,Knight,christinewelch@example.org,F,1992-05-12,2025-12-03,GB,Kayleighton,paid_search,False
CUST000648,Bryan,Willemsen,,Undisclosed,1989-07-18,2025-06-18,nl,Frederiksoord,organic_search,True
CUST000649,Maximiliano,Olivera,casasamarilis@example.org,Undisclosed,2000-07-01,2023-12-14, ES ,Toledo,paid_search,True
CUST000650,Aaron,Smith,michaelconway@example.com,M,1948-05-15,2024-07-19,GB,Coleside,paid_search,True
CUST000651,Hans-Günter,Ring,babette73@example.net,Undisclosed,1969-05-05,2023-05-21,DE,Wiedenbrück,referral,False
CUST000652,Shaun,Rees,mwhite@example.net,Undisclosed,1956-03-26,2024-12-12,GB,Doyleview,email,False
CUST000653,Jeffrey,Young,sandra08@example.com,F,1987-11-09,2023-01-10,GB,Jasminebury,referral,False
CUST000654,Jonathan,van den Oever,juul18@example.com,M,1992-03-05,2024-11-27,NL,Uitwellingerga,referral,False
CUST000655,Anouk,Clerc,juliettecarre@example.com,F,1967-08-06,2025-06-25,FR,Saint DorothéeBourg,email,False
CUST000656,Hansgeorg,Döring,ehlerthans-josef@example.org,M,1978-09-17,2023-02-26,DE,Burg,paid_search,True
CUST000657,Margaux,Camus,masselucy@example.com,Undisclosed,1981-06-19,2024-10-08, FR ,Boutin-sur-Maury,social_media,True
CUST000658,Michelle,Guérin,benoit53@example.net,M,1946-07-29,2024-08-11, FR ,Bègue,paid_search,False
CUST000659,Ruth,Long,fmurray@example.com,M,1983-08-28,2024-10-04,gb,Fullerton,direct,True
CUST000660,Martin,Curtis,debra01@example.com,F,1981-01-12,2025-10-18,GB,North Daleside,paid_search,True
CUST000661,Margaux,Menard,maubert@example.net,M,1984-06-22,2024-02-20,fr,Pascal,organic_search,True
CUST000662,Britt,Melin,xnorman@example.net,Undisclosed,1993-06-28,2023-06-10, SE ,Linköping,referral,True
CUST000663,Tom,Moss,jeremywalton@example.net,Undisclosed,1982-01-06,2025-09-14,GB,McDonaldmouth,email,True
CUST000664,Steffen,van der Dussen,michaele56@example.net,Undisclosed,1967-09-11,2025-11-12, DE ,Regensburg,referral,False
CUST000665,Stilla,Weinhage,philippwilms@example.net,M,1962-12-22,2025-09-06,DE,Merseburg,direct,True
CUST000666,Apostolos,Hölzenbecher,akruschwitz@example.net,M,1986-03-23,2025-07-25,DE  ,Paderborn,organic_search,True
CUST000667,Kuno,Hartung,romyjacobi-jaeckel@example.org,M,1960-04-20,2024-03-07,DE,Aschaffenburg,social_media,True
CUST000668,Cecilia,Rudolph,sofia88@example.net,Undisclosed,1956-03-18,2024-06-22,DE  ,Bad Kissingen,paid_search,False
CUST000669,Joseph,Kobelt,jklemm@example.org,M,2006-03-22,2025-05-18,DE,Genthin,email,False
CUST000670,Andrée,Colas,suzanne41@example.net,Undisclosed,2008-02-23,2025-07-12,FR,Peron,organic_search,False
CUST000671,Hajo,Neuschäfer,ullrichmarten@example.com,F,2001-11-15,2024-04-27, DE ,Sangerhausen,direct,True
CUST000672,Melina,Bertolucci,angelo96@example.org,M,2008-06-01,2025-08-26, IT ,Rasa Di Velate,direct,False
CUST000673,Olivia,Winkler,radmila66@example.org,Undisclosed,1961-02-10,2025-09-23, DE ,Siegen,organic_search,True
CUST000674,Stanley,Powell,hcollier@example.org,Undisclosed,1955-11-11,2023-05-03, GB ,Stephaniebury,direct,False
CUST000675,Anaïs,Cohen,benoitmaillet@example.net,M,1996-11-29,2024-06-16,FR  ,Bruneau-sur-Bodin,email,True
CUST000676,Gabriel,Hasan,engvallleif@example.com,F,1978-01-24,2024-12-20,SE,Örnsköldsvik,direct,True
CUST000677,Aline,Lübs,fhesse@example.com,M,1998-05-05,2024-08-05,DE,Zossen,email,True
CUST000678,Claire,Delaunay,christinevaillant@example.org,F,1990-01-25,2025-02-19,FR,Pierre-sur-Guilbert,direct,False
CUST000679,Mats,Svensson,jonathanforslund@example.com,F,1951-10-12,2025-05-13, SE ,Piteå,social_media,True
CUST000680,Graciano,Montes,xroda@example.com,M,1969-02-16,2024-10-04,ES,Vizcaya,email,False
CUST000681,Estrella,Coello,fortunato59@example.com,Undisclosed,1975-08-28,2025-06-30,ES,Ceuta,email,False
CUST000682,Olivie,Petitjean,mariannebesson@example.org,Undisclosed,2003-09-18,2023-12-09,fr,Saint NicoleVille,social_media,True
CUST000683,Olena,Hövel,tuerkanscholl@example.org,F,1946-08-14,2024-03-07,DE,Uelzen,email,True
CUST000684,Arthur,Verhoeven,strijkertom@example.com,F,1959-11-27,2023-02-23, NL ,Wemeldinge,referral,True
CUST000685,Luisa,Guicciardini,gastonevergerio@example.net,M,1983-01-11,2023-06-22,it,Tergu,direct,False
CUST000686,Nicola,Jackson,annetteharrison@example.org,F,1990-11-02,2025-06-26, GB ,West Ronaldton,direct,False
CUST000687,Natalie,Waters,marc94@example.org,Undisclosed,1946-04-02,2024-10-28,GB,South Ireneview,referral,False
CUST000688,Alice,Grondin,franck04@example.net,F,1971-08-04,2023-10-04,FR,LacombeBourg,email,False
CUST000689,Gilberto,Flor,amada98@example.org,M,1979-10-02,2025-12-08,ES,Navarra,paid_search,True
CUST000690,Leo,Kade,benthinivan@example.net,F,1979-01-09,2025-06-23,DE  ,Wolfenbüttel,organic_search,True
CUST000691,Adrienne,Monnier,alfredperrot@example.net,Undisclosed,1988-03-25,2024-12-05,FR,Huet,email,False
CUST000692,Sylvie,Martinez,suzanne04@example.com,Undisclosed,1983-06-13,2023-01-19,fr,Jean,organic_search,False
CUST000693,Ashley,Nicholson,mauricebartlett@example.net,M,1971-09-10,2024-01-22,gb,South Cameron,direct,False
CUST000694,Maurice,Meister,slawomirjockel@example.net,Undisclosed,1982-08-01,2025-02-13,de,Forst,referral,False
CUST000695,Luitgard,Gutknecht,concettariehl@example.net,M,2004-05-19,2024-08-06,DE,Heiligenstadt,organic_search,True
CUST000696,Abbie,Begum,sharonturner@example.org,Undisclosed,2008-02-03,2023-10-07,GB,West Joseph,direct,False
CUST000697,Nathalie,Martinez,gonzaleztimothee@example.org,Undisclosed,1997-10-08,2024-01-20, FR ,Pasquier,organic_search,False
CUST000698,Henry,Wyatt,vstokes@example.net,F,1958-06-22,2024-07-05,gb,East Jeffreytown,paid_search,True
CUST000699,Dina,Heinrich,edeltraud99@example.org,M,1961-05-25,2025-10-07,DE,Kaiserslautern,email,True
CUST000700,Stephanie,Baker,holmeslesley@example.org,F,1977-08-01,2024-11-07, GB ,Jeffreyfurt,email,True
CUST000701,Eric,Higgins,kjones@example.org,M,1997-09-16,2025-08-20,GB,West Amybury,organic_search,True
CUST000702,Hans D.,Mangold,katihaase@example.org,F,2004-09-09,2024-05-24,DE,Tuttlingen,organic_search,True
CUST000703,Philippine,Dupont,celine36@example.com,Undisclosed,1987-01-20,2025-08-01,FR,Fouquetboeuf,email,False
CUST000704,Desiree,Reising,vschmidtke@example.net,Undisclosed,1981-06-04,2024-10-01, DE ,Parchim,referral,True
CUST000705,Pia,Henschel,mentzelurs@example.org,M,1980-12-24,2024-06-02,DE,Wittenberg,direct,True
CUST000706,Susanna,Edlund,larssonanette@example.net,F,1975-08-06,2023-08-20,se,Växjö,social_media,True
CUST000707,  Juliette,Vincent,celina26@example.com,F,1992-08-19,2025-03-21,FR,Blancharddan,direct,False
CUST000708,Daniel,Escolano,ubotella@example.net,F,1998-09-04,2023-11-14,ES,La Coruña,direct,False
CUST000709,Joseph,De Sousa,cbreton@example.org,Undisclosed,1985-11-08,2023-05-03,FR,De Sousa,organic_search,True
CUST000710,Hanna,Kolster,prinsnathan@example.net,Undisclosed,1994-07-27,2025-09-26,NL,Earnewâld,email,True
CUST000711,Fabiana,Parejo,carbonelllara@example.com,F,1951-06-28,2023-02-13,es,Toledo,organic_search,False
CUST000712,Ronald,Walker,gemmawalton@example.org,M,1984-03-01,2025-06-15,gb,East Jacob,paid_search,False
CUST000713,Katie,Barber,leeburton@example.com,Undisclosed,1957-12-24,2024-10-24,GB,East Reecetown,referral,True
CUST000714,Émilie,Thomas,alexandre77@example.com,M,1987-01-21,2023-05-22,FR,Gomez-sur-Mer,email,True
CUST000715,Édouard,Brunel,ade-sousa@example.com,F,1986-07-09,2025-11-02,FR,Saint Emmanuelle,social_media,True
CUST000716,Fiorino,Comolli,donatella83@example.org,Undisclosed,1949-06-06,2024-10-18,IT,Calea,paid_search,False
CUST000717,Guadalupe,Martín,codinaricarda@example.org,Undisclosed,1968-03-19,2023-11-12,ES  ,Almería,organic_search,True
CUST000718,Lars,Magnusson,johannessonharald@example.net,F,1993-04-22,2023-03-31,se,Karlskrona,email,True
CUST000719,Mark,Koch,svetlana01@example.com,M,2006-10-05,2023-07-22,DE,Bergzabern,referral,False
CUST000720,Wesley,Hulskes,evan-der-wal@example.com,F,1953-12-26,2023-04-11, NL ,Lattrop-Breklenkamp,paid_search,False
CUST000721,Ida,Forza,vincentio68@example.org,M,1987-05-02,2023-06-13,IT,Pianoscafo,email,False
CUST000722,Annemie,Christoph,rudolphjanet@example.net,F,1978-08-06,2023-04-30,DE,Main-Höchst,social_media,True
CUST000723,Nikolaus,Ehlert,joerg89@example.net,Undisclosed,1987-06-27,2024-03-18,de,Parchim,email,True
CUST000724,Phileine,Osterhoudt,zvan-velthoven@example.org,Undisclosed,1993-11-26,2024-01-31,NL,Lithoijen,referral,False
CUST000725,Kayleigh,Roberts,davidiqbal@example.com,Undisclosed,1995-11-13,2023-08-05,GB,Port Amber,direct,False
CUST000726,Pancho,Garay,criba@example.com,M,1946-06-14,2023-08-02,ES,Tarragona,direct,True
CUST000727,Amanda,Rogner,jaroslaw14@example.com,M,1967-09-23,2025-12-29,DE,Celle,referral,False
CUST000728,Ambrosio,Echevarría,nestor69@example.net,Undisclosed,1958-11-20,2025-01-31,ES  ,Guipúzcoa,paid_search,True
CUST000729,Freia,Ernst,zmuehle@example.org,M,1978-06-13,2025-02-07,DE,Sebnitz,email,False
CUST000730,Veli,Reising,,M,2006-08-26,2025-03-24,DE,Moers,referral,True
CUST000731,Lili,Lehmann,,F,1996-03-20,2024-09-10,DE,Parchim,organic_search,False
CUST000732,Alejo,Galindo,clara58@example.net,F,1984-12-22,2025-11-13, ES ,Zaragoza,email,False
CUST000733,Olaf,de Bruin,chris24@example.org,Undisclosed,1988-04-26,2023-11-16,nl,Waterlandkerkje,social_media,False
CUST000734,Marilyn,Clark,alexandrabutler@example.org,F,1998-12-03,2023-07-08,GB,Dianamouth,direct,False
CUST000735,Colette,Gomez,maillardantoinette@example.org,Undisclosed,1970-12-20,2025-09-15,FR,Hernandez-sur-Mer,organic_search,False
CUST000736,Melania,Finotto,federico15@example.org,F,2007-11-02,2023-03-18,IT,Marchesino,social_media,False
CUST000737,Constance,Brunet,bguillou@example.com,F,1958-08-17,2025-06-08,FR,Guillet,referral,True
CUST000738,Paca,Villalonga,maura52@example.org,M,1991-09-25,2025-02-22,ES,Castellón,paid_search,False
CUST000739,Dorothée,Ferreira,jacquesamelie@example.net,Undisclosed,1945-12-18,2025-10-25,FR,Bertrand,email,False
CUST000740,François,Dijoux,le-rouxchantal@example.org,M,1997-10-27,2025-10-30, FR ,Simon,social_media,True
CUST000741,Alex,Hussain,ruth35@example.org,M,1981-11-26,2025-09-01,gb,Chloeville,email,False
CUST000742,Alexandre,Loiseau,henri24@example.org,F,1983-10-07,2023-09-25,FR,Henry-sur-Mer,direct,True
CUST000743,Suze,Schuurmans,charlotte54@example.org,M,1984-09-30,2025-12-09,NL  ,Kalenberg,referral,True
CUST000744,Sheila,Williams,stevenkemp@example.com,M,1954-07-15,2023-08-19,gb,South Franceston,social_media,True
CUST000745,Slawomir,Krein,krausbernward@example.org,M,1957-11-11,2024-09-16,DE,Schwandorf,email,True
CUST000746,Maria,Ubaldi,lorenzo53@example.net,Undisclosed,1951-01-11,2024-04-23,IT,Arensod,organic_search,True
CUST000747,Étienne,Pineau,ericrocher@example.com,M,1966-10-21,2024-05-12, FR ,Lelièvre-sur-Mer,direct,True
CUST000748,Garry,Walker,garethtaylor@example.net,F,1972-05-13,2024-09-16,GB,Lake Rosie,paid_search,True
CUST000749,Amadeo,Bocelli,milena57@example.com,Undisclosed,1978-01-11,2025-12-07,IT,Moniego Di Noale,paid_search,True
CUST000750,Damien,Butler,catherine72@example.com,F,1954-05-09,2025-02-10,gb,South Kennethmouth,organic_search,False
CUST000751,Victor,Kühnert,zorbachlambert@example.net,F,1985-11-13,2024-02-16,DE,Gerolzhofen,organic_search,True
CUST000752,Oreste,Boezio,allegracundari@example.com,Undisclosed,1968-11-13,2025-03-06,IT,Ponzano Di Fermo,organic_search,True
CUST000753,Glenn,Dunn,bleonard@example.net,F,1961-10-02,2024-08-22,GB,Lake Aimee,referral,True
CUST000754,Virginie,Coulon,roussetmichele@example.net,F,1953-06-18,2024-10-08,fr,Godard-sur-Barthelemy,referral,False
CUST000755,Leopold,Lachmann,blanka17@example.org,M,1950-06-03,2023-02-14,DE  ,Tirschenreuth,email,True
CUST000756,Gertrudis,Barriga,fmoran@example.net,Undisclosed,1951-11-05,2023-02-07,ES  ,Barcelona,referral,False
CUST000757,Alison,Hill,peacockirene@example.org,F,1972-03-22,2023-05-07,GB,Chapmanmouth,social_media,True
CUST000758,Leigh,Scott,shirley46@example.net,F,1985-05-03,2023-11-07, GB ,New Denisefurt,email,True
CUST000759,Napoleone,Vezzali,serenamajewski@example.org,M,1949-04-19,2025-05-04,IT,Semonte,social_media,False
CUST000760,Toni,Prado,damian40@example.org,Undisclosed,1988-03-24,2023-09-27,ES,Teruel,paid_search,True
CUST000761,Beatrix,Hahn,ylachmann@example.com,F,1990-10-07,2024-09-24,DE,Nauen,paid_search,True
CUST000762,Zoé,Alves,laurentberthelot@example.com,Undisclosed,2002-11-04,2024-10-12, FR ,Brunet-la-Forêt,social_media,True
CUST000763,Friederike,Bachmann,franzatzler@example.org,M,1955-06-26,2023-03-02,DE,Staßfurt,social_media,False
CUST000764,Frederique,van Beeck Beeckmans,fhoning@example.org,F,2004-03-20,2024-07-14,nl,Sluis,referral,False
CUST000765,Anett,Löffler,lscholz@example.com,F,1983-04-02,2024-04-17,DE,Kulmbach,direct,False
CUST000766,Thomas,Whitehead,eric26@example.net,Undisclosed,2003-04-23,2023-10-02,GB,Lake Donna,paid_search,False
CUST000767,Anastasio,Arellano,segismundo89@example.com,F,1984-05-06,2025-10-03, ES ,Teruel,organic_search,False
CUST000768,Bernardo,Civaschi,costanzo97@example.net,F,1995-05-16,2025-04-25,IT,Montazzoli,organic_search,True
CUST000769,Juliette,Blanc,fblondel@example.net,M,1962-05-16,2025-06-18,FR,LombardBourg,paid_search,False
CUST000770,Melania,Alba,emperatriz05@example.net,M,1977-08-03,2025-04-09,ES,Málaga,email,True
CUST000771,Siegmund,Kitzmann,uruppersberger@example.com,F,2000-01-01,2025-12-02,DE,Hainichen,paid_search,False
CUST000772,Milagros,Juliá,andres-felipemateu@example.net,Undisclosed,1949-11-11,2023-03-22,ES,Palencia,paid_search,False
CUST000773,Klaus-Dieter,Walter,christa-mariabirnbaum@example.net,M,1988-03-02,2025-06-19,DE,Gütersloh,email,False
CUST000774,Denis,Lopes,iperez@example.net,M,1962-11-01,2023-04-22,FR,Chauvet,email,True
CUST000775,Dani,Díaz,leonardo40@example.net,Undisclosed,2007-08-14,2025-10-22,ES,Sevilla,email,False
CUST000776,John,Zänker,zkoch-ii@example.org,Undisclosed,1993-05-15,2024-10-24,DE,Neuss,paid_search,False
CUST000777,Mohamed,Caspar,luiseraedel@example.org,Undisclosed,1955-07-22,2023-07-04,DE,Norden,direct,True
CUST000778,Tijn,Kortman,pde-heer@example.net,M,1960-01-12,2023-07-06, NL ,Zevenhuizen,direct,False
CUST000779,Jelle,van Loon,bram41@example.org,Undisclosed,1972-10-25,2025-11-13,NL,Suwâld,paid_search,False
CUST000780,Jill,Cole,alice83@example.com,Undisclosed,1977-12-23,2023-11-04, GB ,Jacobhaven,social_media,False
CUST000781,Ryan,Totwiller,sbakker@example.com,F,1981-10-07,2025-07-02,NL,Beekbergen,organic_search,False
CUST000782,Ann,Morrison,bellkim@example.com,Undisclosed,1990-01-21,2023-01-26,GB,Albertview,referral,False
CUST000783,Isabelle,Michaud,suzanne14@example.net,M,1977-01-22,2024-05-02,FR,Peron,organic_search,True
CUST000784,Marie,Arnaud,dorotheemarques@example.net,Undisclosed,1967-01-01,2024-05-16,FR,DuboisVille,paid_search,True
CUST000785,Annelene,Döhn,aumannsami@example.org,F,1992-05-01,2024-01-14, DE ,Jena,organic_search,False
CUST000786,Fredo,Bandello,lilianalopresti@example.com,M,1947-04-19,2024-11-09,IT,Cosola Di Cabella,paid_search,False
CUST000787,June,Dawson,singhsylvia@example.org,M,1993-11-13,2023-12-30,GB,North Rachaelberg,organic_search,False
CUST000788,Geneviève,Gonzalez,wdescamps@example.net,F,2006-08-28,2024-10-23,FR,Saint Philippe-la-Forêt,referral,True
CUST000789,Sandra,Preston,ebenson@example.net,M,1964-06-28,2024-08-22,GB  ,Marshallmouth,email,True
CUST000790,Orazio,Pedroni,ernesto14@example.org,Undisclosed,1968-04-27,2024-03-04,IT,Pergine Valsugana,referral,True
CUST000791,Christof,Noack,valeria42@example.com,Undisclosed,1959-05-04,2025-09-17,de,Eisenhüttenstadt,referral,False
CUST000792,Charlie,Flynn,igriffiths@example.com,M,1952-11-29,2024-06-15,GB,Edwardsville,referral,False
CUST000793,Tony,O'Donnell,fordalexandra@example.net,F,1946-12-17,2025-11-30,GB,Braytown,paid_search,False
CUST000794,Ian,King,,Undisclosed,1963-10-25,2024-02-01,GB,Lake Hugh,direct,True
CUST000795,Imke,Winkler,aruppert@example.net,Undisclosed,1979-01-27,2025-04-29,DE,Marktheidenfeld,paid_search,True
CUST000796,Adamo,Pausini,ibonatti@example.org,F,1992-08-02,2024-02-17,IT  ,Marina Di Savelletri,referral,False
CUST000797,Mariano,Marcacci,zolaadelasia@example.com,M,1972-12-11,2023-01-13,IT,Calzolaro,referral,True
CUST000798,Kelly,Carter,owenmaurice@example.org,Undisclosed,1965-05-31,2023-12-26,GB,East Andrea,email,True
CUST000799,Micha,de Korte,de-hooghindy@example.org,Undisclosed,2006-09-08,2023-10-06,NL,Deventer,email,False
CUST000800,Franco,Cilibrasi,sergius17@example.net,Undisclosed,1948-02-11,2023-04-25,IT,Sorgono,referral,True
CUST000801,Casper,van der Plas,passchierszakaria@example.com,M,1989-06-19,2024-03-02, NL ,Marken,paid_search,False
CUST000802,Waltraut,Bachmann,zreinhardt@example.com,Undisclosed,1948-03-15,2023-03-05,DE,Bautzen,referral,False
CUST000803,Hilary,King,luke61@example.org,M,1976-11-15,2024-01-19,GB,Lake Rosemary,social_media,True
CUST000804,Wendy,Lambert,stevensims@example.org,F,1977-10-01,2024-07-10,GB,East Ritaberg,social_media,True
CUST000805,Thibault,Pereira,giraudlouise@example.org,F,1976-09-22,2025-12-11,FR,Picard-sur-Maury,organic_search,False
CUST000806,Casper,Guit,,Undisclosed,1953-06-14,2025-11-02,nl,Uithuizermeeden,social_media,False
CUST000807,Martino,Pignatti,azegliofioravanti@example.com,F,1967-09-30,2025-12-08,IT,Montorio Al Vomano,referral,True
CUST000808,Carla,Dovara,ludovicofusani@example.org,Undisclosed,1968-07-06,2024-02-25,IT,Castropignano,organic_search,True
CUST000809,Bethan,Charlton,robertsonelizabeth@example.org,Undisclosed,1956-11-29,2024-09-28,GB,Smithshire,social_media,False
CUST000810,Elfi,Kohl,eimereckhard@example.net,Undisclosed,1998-08-08,2023-04-05,DE  ,Apolda,referral,False
CUST000811,Petra,Nilsson,aaronsson@example.org,M,1986-02-01,2024-03-05,SE,Kalmar,email,True
CUST000812,Felicidad,Lillo,ncastaneda@example.org,F,1981-04-12,2024-07-12,ES,La Rioja,referral,True
CUST000813,Hella,Bender,tatianagertz@example.net,M,1986-04-05,2024-02-28, DE ,Weißenfels,direct,False
CUST000814,Maurilio,Proietti,obrunelleschi@example.com,M,1945-12-29,2024-05-16,IT,Banari,organic_search,True
CUST000815,Porfirio,Vera,desideriobustos@example.net,F,1960-08-09,2023-03-01,ES,Vizcaya,organic_search,False
CUST000816,Kieran,Richardson,martynmanning@example.org,Undisclosed,2007-09-17,2025-03-13,GB,Stephensonburgh,direct,False
CUST000817,Rhys,Williams,collierjulie@example.com,Undisclosed,1968-06-06,2024-12-29,GB,Thomaston,referral,True
CUST000818,Denise,Ferreira,huguesleroy@example.com,Undisclosed,1950-07-04,2025-08-11,FR,Mace,email,False
CUST000819,Siegbert,Gumprich,lscheel@example.com,F,1996-07-09,2025-08-11,DE,Geldern,referral,False
CUST000820,Noël,Gallet,germainmichel@example.org,Undisclosed,1973-10-05,2025-01-14,FR  ,Mallet,social_media,False
CUST000821,Amada,Ballester,candelariosotelo@example.net,M,2006-04-13,2025-09-25,ES,Burgos,paid_search,False
CUST000822,Hans Georg,Kraushaar,susannaschmidt@example.com,F,1971-02-06,2024-12-14,DE,Miltenberg,direct,True
CUST000823,Luc,Daniel,louisepelletier@example.com,M,1954-05-04,2024-10-29,FR,Saint Roger,email,False
CUST000824,Astrid,Picard,fredericturpin@example.com,M,1997-06-04,2024-05-03,FR,Vasseur,social_media,True
CUST000825,Melissa,Morgan,rachael29@example.org,M,2003-11-13,2025-06-01,GB,North Victoria,paid_search,True
CUST000826,Romina,Scandone,lgagliano@example.com,M,1964-09-05,2023-06-09, IT ,Perloz,referral,False
CUST000827,Victor,Gay,pguyon@example.org,F,1985-02-11,2024-10-28,FR  ,Maury,email,True
CUST000828,Benjamin,Fournier,henriettethomas@example.com,M,1977-09-17,2023-08-11,FR  ,Fontainenec,direct,True
CUST000829,Maud,Ghoerle,zvan-oudewater@example.net,Undisclosed,1976-06-21,2023-07-05,NL,Uden,direct,True
CUST000830,Hazel,Chandler,jakedoherty@example.org,M,1960-07-08,2023-10-28,GB,West Bryan,referral,False
CUST000831,Wolf-Dieter,Staude,friederickeconradi@example.org,M,1966-06-05,2024-02-05,DE,Vilsbiburg,direct,False
CUST000832,Peter,Stewart,vtaylor@example.net,F,1977-03-29,2025-06-09,GB,Port Geraldine,referral,False
CUST000833,Erica,Mitschke,ygorlitz@example.com,Undisclosed,1993-08-01,2023-09-19,DE,Sebnitz,organic_search,False
CUST000834,Meik,Radisch,krauserose@example.net,F,1947-11-29,2023-08-13,DE,Main-Höchst,referral,False
CUST000835,Gavin,Greenwood,amelia98@example.net,M,1951-03-12,2024-10-13,GB,Williamhaven,direct,True
CUST000836,Chantal,Maurice,bernard16@example.com,M,1948-06-18,2025-08-30,FR,Poulain,paid_search,False
CUST000837,Baldassare,Zamengo,fabriziazaccardo@example.net,F,1993-12-14,2023-09-15, IT ,Scampia,email,False
CUST000838,Gabriel,Delahaye,xavierdupuis@example.net,M,1978-03-31,2023-10-06,FR,Boutin-sur-Lacroix,direct,False
CUST000839,Stephanie,Davies,dannyparsons@example.com,M,1964-07-17,2024-01-04,GB,North Christinestad,paid_search,True
CUST000840,Pauline,Ellis,hjones@example.org,Undisclosed,1991-11-04,2025-05-19,gb,Alisonstad,referral,False
CUST000841,Dieter,Butte,grafrosalia@example.com,F,1972-04-08,2025-04-21,DE,Hagenow,referral,False
CUST000842,Finn,Jorlink,hanebergjayson@example.com,Undisclosed,1979-06-17,2025-01-24, NL ,Ferwoude,direct,False
CUST000843,Klaus-Michael,Lindau,anne-kathrinschottin@example.org,Undisclosed,1992-02-14,2025-08-10, DE ,Naila,email,True
CUST000844,Björn,Singh,roland04@example.org,Undisclosed,1961-06-29,2024-10-01,SE,Kalmar,email,False
CUST000845,Gislinde,Textor,gerdi57@example.net,M,1981-10-05,2025-11-15,DE,Miltenberg,social_media,False
CUST000846,Sophie,Bertin,helene24@example.org,Undisclosed,1961-02-11,2023-12-10,FR  ,Guichard-la-Forêt,referral,False
CUST000847,Ulrich,Geisel,finkenikolas@example.com,Undisclosed,1987-10-13,2023-05-06, DE ,Waren,social_media,True
CUST000848,Johnny,Andersson,henrik22@example.org,F,1967-03-25,2024-08-10,SE,Kristianstad,social_media,False
CUST000849,Lindsey,Howells,lauren23@example.net,M,1967-04-02,2023-09-29, GB ,Seanstad,organic_search,True
CUST000850,Josh,Blake,kpowell@example.net,F,1947-05-19,2023-11-06,gb,Begumberg,direct,True
CUST000851,Wibke,Warmer,jjuncken@example.org,F,1982-11-06,2025-09-20,DE  ,Stade,organic_search,True
CUST000852,Jake,van Geest,wessel49@example.net,M,1968-09-24,2023-11-12,NL,Dokkum,paid_search,False
CUST000853,Bianca,Drub,ibenthin@example.net,M,1966-08-25,2023-12-09, DE ,Lobenstein,social_media,True
CUST000854,Marcantonio,Bersani,riccardonovaro@example.org,M,1987-01-25,2023-04-18,IT,Brancaleone Marina,referral,True
CUST000855,Hans-Michael,Barkholz,liesawilms@example.com,M,1951-05-16,2025-02-16, DE ,Säckingen,email,True
CUST000856,Adeline,Junck,peukertrichard@example.org,Undisclosed,1986-09-23,2024-08-14,DE  ,Strasburg,referral,True
CUST000857,Recep,Köhler,robin26@example.com,M,1946-07-07,2023-07-19,DE,Ilmenau,direct,False
CUST000858,Robin,Wood,mohammad78@example.org,M,1975-11-30,2024-11-17,GB,Robertsport,email,False
CUST000859,Bradley,Lee,dianebriggs@example.com,F,1986-05-16,2024-05-10,GB,East Gavinport,direct,True
CUST000860,Sybille,Schäfer,vpruschke@example.org,F,1997-02-19,2024-10-03, DE ,Brandenburg,organic_search,True
CUST000861,Severino,Díez,reciofeliciana@example.com,M,1983-07-04,2025-07-02,es,Teruel,organic_search,True
CUST000862,Gregory,Naylor,marcskinner@example.com,F,1948-07-22,2023-04-27,GB,Fionaport,direct,True
CUST000863,Richard,James,dmoore@example.org,M,1956-03-01,2023-09-03,GB,Cliffordfort,direct,True
CUST000864,Arnaude,Colin,guibertmargot@example.com,M,1979-02-26,2023-08-16,FR,Leroy,organic_search,False
CUST000865,Daniel,Joseph,salmonrobert@example.com,Undisclosed,1996-06-02,2024-07-20,FR,Blin,social_media,False
CUST000866,Joyce,Jones,qarmstrong@example.net,F,1992-12-04,2023-11-28,GB,West Sallyshire,social_media,True
CUST000867,Boris,Fiebig,hesergotthold@example.net,M,1967-06-09,2024-06-12, DE ,Ueckermünde,paid_search,False
CUST000868,Jörn,Klingelhöfer,olefroehlich@example.org,Undisclosed,1974-03-26,2024-01-01,DE,Badalzungen,paid_search,True
CUST000869,Guillermo,Español,lupe81@example.net,F,1997-09-20,2025-06-23, ES ,Pontevedra,direct,False
CUST000870,Marcella,Desio,,Undisclosed,1982-09-07,2025-07-02,IT,Cagnola,organic_search,False
CUST000871,Marthe,Lagarde,valerie44@example.net,M,1970-05-09,2024-06-29,FR,Sainte Valentine-les-Bains,referral,False
CUST000872,Alix,Merle,dos-santosdiane@example.com,F,1978-09-06,2025-09-06,FR,Leblanc-les-Bains,organic_search,False
CUST000873,Roy,James,lloydstephanie@example.org,M,1983-09-13,2025-09-14,GB  ,South Kellyland,social_media,False
CUST000874,Adèle,Langlois,payetalfred@example.com,F,1992-09-16,2023-04-24,FR,Joly,social_media,True
CUST000875,H.-Dieter,Tröst,hschenk@example.com,F,1966-06-01,2025-07-30,de,Wolfenbüttel,organic_search,False
CUST000876,Friedhelm,Stroh,hartungfilippo@example.net,F,1961-02-06,2024-01-27,DE,Cuxhaven,social_media,False
CUST000877,Jaylinn,Heere,hendrikemmen@example.com,F,1950-12-22,2023-06-23, NL ,Amerongen,paid_search,True
CUST000878,Fedde,Bosch,cvan-dommelen@example.org,Undisclosed,1999-08-26,2024-05-03,NL,Vinkenbuurt,email,False
CUST000879,Axel,Bolzmann,moechlichenernst@example.com,Undisclosed,1966-03-18,2023-02-03, DE ,Wunsiedel,organic_search,True
CUST000880,Harm,Schaaf,zaenkerfalk@example.net,Undisclosed,2007-01-03,2025-12-07, DE ,Erbisdorf,referral,True
CUST000881,Theodora,Holsten,angelo12@example.net,Undisclosed,1985-02-18,2023-05-28, DE ,Jessen,referral,True
CUST000882,Evy,Perrono,naomivan-wijland@example.net,F,1980-01-16,2024-05-12,NL,Ysbrechtum,social_media,True
CUST000883,Konstanze,Austermühle,dippelmaria-theresia@example.net,F,1981-09-02,2025-07-23,DE,Weimar,organic_search,True
CUST000884,Sabine,Wende,waldtrautholzapfel@example.org,F,1982-03-27,2025-10-15,DE,Wertingen,email,False
CUST000885,Renata,Taboada,gargallozoraida@example.net,Undisclosed,1970-08-15,2025-04-03,ES,León,social_media,True
CUST000886,Raik,Löffler,girschnermartha@example.com,F,1960-04-06,2023-04-04,de,Ludwigsburg,email,True
CUST000887,Felix,van den Eijssel,timmermansgiovanni@example.com,Undisclosed,1954-12-07,2025-01-27, NL ,Uffelte,organic_search,False
CUST000888,Klothilde,Klingelhöfer,,F,1993-08-22,2023-11-20, DE ,Ravensburg,organic_search,False
CUST000889,Erhard,Krause,carstenmatthias@example.com,M,1964-12-25,2025-05-02,DE,Saulgau,paid_search,True
CUST000890,Rupert,Hoffmann,heidemarie73@example.net,F,2003-11-22,2024-07-08,DE,Erfurt,organic_search,True
CUST000891,Rick,Lambregt,van-ommerensterre@example.net,M,1946-07-21,2025-10-20,NL  ,Tuil,organic_search,True
CUST000892,Genoveva,Blázquez,prietourbano@example.net,F,1953-10-18,2024-01-29,ES,La Coruña,referral,True
CUST000893,Berto,Parra,vcal@example.org,M,1959-03-26,2025-08-08, ES ,Cantabria,organic_search,True
CUST000894,Monique,Didier,oriviere@example.com,F,1964-08-20,2025-08-29, FR ,Allain-sur-Maillard,social_media,False
CUST000895,Esther,die Pelser,ewillemsen@example.net,M,1978-08-28,2024-03-05, NL ,Vierhouten,direct,True
CUST000896,Jan,Niemeier,gaetano71@example.org,Undisclosed,1979-07-10,2023-12-27, DE ,Sebnitz,paid_search,False
CUST000897,Bernard,Mercier,antoineperrin@example.net,M,1979-08-01,2024-10-29,fr,Saint Alex,organic_search,False
CUST000898,Cipriano,Borsellino,eraldo49@example.net,F,1990-09-02,2024-04-11,IT,Vialfre',paid_search,True
CUST000899,Alena,Noack,sgutknecht@example.net,M,1980-01-13,2025-08-22, DE ,Potsdam,referral,False
CUST000900,Urte,Wieloch,mara88@example.org,Undisclosed,1947-11-01,2023-12-31,de,Cloppenburg,social_media,False
CUST000901,Thorben,Mies,umende@example.com,Undisclosed,1948-02-18,2024-02-19, DE ,Eisenberg,paid_search,True
CUST000902,Franz,Jockel,reingard27@example.com,M,1994-05-22,2025-08-11,de,Neustadt am Rübenberge,social_media,True
CUST000903,Gertrud,Röhrdanz,roskothgunhild@example.com,F,1992-04-28,2023-12-15, DE ,Nauen,referral,False
CUST000904,Olivia,Wright,kathleenhartley@example.com,M,1971-05-24,2024-03-19, GB ,Glenmouth,email,True
CUST000905,Gilbert,Poulain,leroyjeanne@example.org,Undisclosed,1969-06-04,2024-05-22,FR,Michel-sur-Salmon,referral,True
CUST000906,Michele,Polizzi,nino16@example.com,M,1969-08-02,2025-05-05,IT,Castri Di Lecce,referral,True
CUST000907,Mateo,Blazquez,jose-miguelguitart@example.net,Undisclosed,2007-08-20,2025-05-21,ES,Granada,email,False
CUST000908,Élise,Germain,marquesjean@example.org,Undisclosed,1948-03-24,2024-05-07,FR,Descampsnec,paid_search,True
CUST000909,Charlotte,Pruvost,bda-costa@example.net,F,1947-03-13,2025-01-04, FR ,Hoareau,direct,False
CUST000910,Susan,Camus,kbreton@example.org,Undisclosed,1952-06-28,2023-11-28,FR,Marques,email,False
CUST000911,Declan,Thompson,wkerr@example.net,M,1966-01-24,2023-10-11,GB,Amandaborough,direct,True
CUST000912,Zoé,Regnier,ybousquet@example.org,Undisclosed,1960-04-01,2023-05-25, FR ,Aubry,email,False
CUST000913,Eric,Johnson,jordanmarion@example.com,M,1951-12-10,2024-02-29,GB,New Tomview,organic_search,False
CUST000914,Christelle,Launay,duhamelsuzanne@example.net,Undisclosed,1959-12-16,2023-04-16, FR ,Garnier,social_media,True
CUST000915,Sheila,Sinclair,leanne46@example.net,F,1973-11-16,2023-05-18,GB,Smithhaven,paid_search,True
CUST000916,Jules,Moreau,wleconte@example.net,Undisclosed,1988-05-29,2025-09-06,fr,Lemoinedan,direct,True
CUST000917,René,Diaz,margaudbernier@example.com,Undisclosed,1981-12-07,2024-10-18,FR,Lecoq-sur-Gay,organic_search,True
CUST000918,Romolo,Comisso,trentinigalasso@example.com,Undisclosed,1962-01-15,2025-02-02,IT,Montagna In Valtellina,email,False
CUST000919,Rosalina,Baró,rafaela66@example.com,Undisclosed,1988-10-27,2025-07-14,ES,La Rioja,organic_search,True
CUST000920,Heidelore,Schinke,marie-theres42@example.com,F,1961-10-02,2025-07-26,de,Gerolzhofen,organic_search,True
CUST000921,Jose Luis,Menéndez,conesagregorio@example.org,M,1977-04-08,2023-12-04,es,Navarra,paid_search,True
CUST000922,Sam,Sharpe,coliver@example.org,F,1947-09-01,2024-08-23,GB,Rickyside,email,False
CUST000923,Sebastiano,Antonucci,evangelistabasso@example.net,F,1949-06-13,2023-02-13,IT,Marcigliana,referral,False
CUST000924,Teófila,Parra,eligia41@example.com,M,1991-05-23,2025-04-23,ES,La Coruña,direct,False
CUST000925,Nathalie,Charrier,noelmarie@example.net,M,1953-11-22,2025-07-26,fr,Chartier-la-Forêt,social_media,True
CUST000926,Evangelos,Wirth,pconradi@example.net,F,2000-07-30,2025-09-18, DE ,Hohenmölsen,social_media,False
CUST000927,Audrey,Carpentier,vbouvet@example.org,Undisclosed,1955-07-03,2023-12-07,fr,Saint Marcel-la-Forêt,paid_search,True
CUST000928,Abigail,Ashton,lmiles@example.org,M,1993-04-17,2023-11-27,GB,West Janicechester,email,False
CUST000929,Linda,Jones,rrichardson@example.org,F,1970-09-16,2025-01-27,GB,Michaelton,social_media,True
CUST000930,Olivier,Fleury,blotsimone@example.net,Undisclosed,1983-04-19,2025-02-02,FR  ,Ruizboeuf,organic_search,False
CUST000931,Nadja,Margraf,reinhardtnuray@example.org,M,1972-02-13,2025-10-19,de,Leipziger Land,direct,False
CUST000932,Humberto,Cueto,marcial13@example.com,Undisclosed,2008-01-04,2024-08-28,ES,Santa Cruz de Tenerife,referral,False
CUST000933,Maria,Persson,mariana60@example.com,F,1979-02-22,2024-11-24, SE ,Kalmar,referral,True
CUST000934,Brett,Edwards,,F,2005-05-07,2024-09-22,GB,Port Shaunview,organic_search,False
CUST000935,Jane,Rogge,kitzmannsiegmar@example.net,Undisclosed,1995-11-21,2023-04-23,de,Mettmann,social_media,True
CUST000936,Lucy,Gonzalez,ledouxbernard@example.net,Undisclosed,1988-07-25,2023-02-16,FR,Clerc-les-Bains,organic_search,False
CUST000937,Leon,Johann,kuehnerthans-werner@example.net,Undisclosed,1984-11-12,2024-02-03,DE,Calau,direct,False
CUST000938,Marissa,Cesarotti,gionatatozzo@example.net,M,2003-04-27,2025-03-25,IT,Pozzilli,organic_search,False
CUST000939,Hakan,Striebitz,tony72@example.com,Undisclosed,1986-01-14,2024-12-07, DE ,Günzburg,direct,False
CUST000940,Lisa,Hawkins,grahamcarroll@example.org,Undisclosed,2002-06-26,2025-05-01,GB,North Daniel,email,False
CUST000941,Rémy,Boutin,emmanuelpinto@example.org,F,2003-08-26,2023-10-13,fr,Girard,email,False
CUST000942,Kieran,Archer,mrichards@example.com,M,1970-09-20,2023-05-16, GB ,New Terence,email,False
CUST000943,Meike,van Vermandois,van-den-veldenthomas@example.com,Undisclosed,1953-09-30,2025-04-28,NL,Hooge Zwaluwe,paid_search,True
CUST000944,Margarita,Urrutia,gracianolarrea@example.com,M,1971-09-07,2024-01-16, ES ,Las Palmas,social_media,False
CUST000945,Ivonne,Stey,dorithande@example.com,F,1958-07-27,2025-10-08,DE,Eisleben,paid_search,False
CUST000946,Klaus Dieter,Hesse,jzorbach@example.org,M,1961-09-16,2024-09-06, DE ,Grafenau,direct,False
CUST000947,Walfried,Eimer,cora71@example.org,Undisclosed,2004-12-25,2025-05-04,de,Ueckermünde,organic_search,False
CUST000948,Isabella,Ramazzotti,tfranzese@example.com,Undisclosed,1995-10-10,2025-10-06,IT,Pavignane,email,False
CUST000949,Arnaldo,Monte,caetanianita@example.org,Undisclosed,1961-08-31,2024-06-12,IT,Gerenzano,social_media,True
CUST000950,Howard,Pollard,lynda90@example.org,M,1971-08-10,2024-06-15,GB,Hannahstad,direct,True
CUST000951,Elliot,Thompson,yvonnethomas@example.org,M,1979-03-22,2025-01-01,GB,Jadeberg,social_media,True
CUST000952,Thom,Jansse,uittenboschjosephine@example.net,F,1963-05-28,2024-08-16,NL,Drempt,direct,True
CUST000953,Karen,Klingelhöfer,baldur27@example.com,M,1974-12-13,2023-07-13,DE,Grimma,direct,False
CUST000954,Luchino,Strangio,ugo56@example.org,F,1997-08-26,2024-07-09,IT,Rivignano Teor,social_media,True
CUST000955,Bernard,Rolland,mvincent@example.org,M,1958-02-23,2023-01-27,FR,Sainte Raymond,paid_search,True
CUST000956,Gabriel,Costa,marysebigot@example.com,F,1948-06-16,2024-03-22,FR,Hamondan,referral,True
CUST000957,Harry,Stone,uhughes@example.org,F,1959-07-19,2025-05-04,GB,Jeremyburgh,email,False
CUST000958,Wilhelmine,Adolph,carina93@example.net,M,1981-06-24,2024-09-30,DE,Lübz,referral,False
CUST000959,Gülsen,Dehmel,hentschelkristina@example.com,F,2006-01-25,2023-12-19,de,Auerbach,direct,True
CUST000960,Ella,Guit,jade16@example.com,F,2002-08-22,2024-04-09,NL,Moerstraten,organic_search,True
CUST000961,Marjan,Trommler,angelobutte@example.com,F,1990-07-25,2023-02-08,de,Mettmann,organic_search,True
CUST000962,Abbie,Johnson,marilyn05@example.org,F,1976-07-07,2025-08-18,GB  ,Shirleyberg,organic_search,True
CUST000963,Karl-Wilhelm,Junitz,nerminbiggen@example.net,F,1999-12-31,2023-09-11,de,Wolfach,social_media,True
CUST000964,Éric,Alexandre,levyjosette@example.com,M,1963-01-18,2023-07-05,FR,Dupuis,social_media,False
CUST000965,Isaac,Chevallier,bblanc@example.org,Undisclosed,1998-09-23,2023-11-25,fr,Jacquet-les-Bains,referral,True
CUST000966,Nathalie,Ruiz,legerclaudine@example.com,Undisclosed,2007-03-08,2023-07-22,fr,Payet-sur-Pelletier,paid_search,False
CUST000967,Zakaria,van Ginkel,zevenboomangelina@example.org,Undisclosed,2005-12-08,2023-12-18, NL ,Oudega,paid_search,False
CUST000968,Audrey,Robin,kroyer@example.net,Undisclosed,1997-02-28,2025-01-20,FR,Tessier-les-Bains,paid_search,False
CUST000969,Sally,Cook,fyates@example.org,M,1977-03-23,2025-02-16, GB ,Lake Joyce,social_media,True
CUST000970,Judith,Short,oliviahill@example.net,M,1977-07-18,2025-08-12,GB,Hooperfort,referral,True
CUST000971,Anouk,van Dagsburg,james24@example.org,M,1965-10-16,2023-06-18,NL,Wyns,direct,False
CUST000972,Ubaldo,Canil,vigorellibeppe@example.org,M,1980-06-07,2025-06-28,it,Plawenn,organic_search,False
CUST000973,Juliette,Recer,dgeneart@example.net,M,1969-11-14,2025-01-22,NL,Klijndijk,email,False
CUST000974,Ercan,Weihmann,wilmsenalmuth@example.org,F,1990-09-14,2025-12-06,DE,Eisenhüttenstadt,direct,True
CUST000975,David,Lindau,meryemkreusel@example.org,M,2005-05-06,2023-12-12,de,Helmstedt,email,True
CUST000976,Laurence,Aubry,qboulay@example.com,M,1968-11-28,2024-04-21,FR,Lecomte,referral,False
CUST000977,Garry,Carr,jasonmorris@example.net,M,1952-12-01,2025-03-30,GB,Wilkinsontown,referral,False
CUST000978,Gerhild,Müller,adrub@example.org,M,1976-12-30,2023-10-29,DE,Staßfurt,paid_search,True
CUST000979,Hollie,Davies,nstokes@example.com,F,1992-08-28,2023-03-02,GB,Nelsonland,organic_search,True
CUST000980,Andrew,Booth,barrybrown@example.org,M,1958-06-29,2025-02-22,GB,East Hayleyberg,organic_search,True
CUST000981,Laurent,Fernandez,bernadettetoussaint@example.net,F,1966-02-28,2025-11-30,fr,Carondan,email,False
CUST000982,Vanesa,Corominas,halmeida@example.org,Undisclosed,1995-12-16,2025-10-30,ES,Madrid,organic_search,False
CUST000983,Imre,Gutknecht,cbaerer@example.net,M,1965-09-30,2023-09-01,DE,Badoberan,organic_search,True
CUST000984,Mira,Oderwald,alan16@example.com,M,1995-11-04,2023-12-29,DE,Bad Freienwalde,paid_search,False
CUST000985,Ella,van Spreeuwel,fde-vrome@example.net,M,1961-06-19,2025-06-01,NL,Bocholtz,referral,False
CUST000986,Philip,Phillips,oliverguy@example.net,Undisclosed,1989-10-19,2025-08-20, GB ,Gregoryville,social_media,False
CUST000987,Ties,Bezemer,cwendt@example.net,M,1956-08-29,2025-02-12,NL  ,Limmen,organic_search,True
CUST000988,Nicolas,Guillou,charlottebarre@example.com,Undisclosed,1960-08-19,2023-09-20,FR,Pottier-sur-Maillot,direct,False
CUST000989,Ingelore,Krebs,seigenwillig@example.net,M,1974-01-19,2025-02-18,DE,Nabburg,organic_search,True
CUST000990,Jessica,Boix,estergalan@example.com,F,1991-01-28,2024-05-22,ES,Barcelona,organic_search,False
CUST000991,  Amparo,Cabrero,heracliocrespi@example.net,M,1999-09-06,2023-08-23, ES ,Madrid,direct,False
CUST000992,Arie,Wipstrik,laurens38@example.org,Undisclosed,2005-08-18,2025-11-20,NL,Kootstertille,organic_search,False
CUST000993,Arthur,Andre,margaret22@example.net,F,1968-08-31,2025-02-12,FR,Noël-sur-Mer,organic_search,True
CUST000994,Maurice,McKenzie,mooreholly@example.com,Undisclosed,1998-01-14,2024-11-19,GB  ,Port Nicoleview,referral,False
CUST000995,Josette,Laroche,dominiqueblot@example.net,Undisclosed,1952-10-08,2025-01-14,FR,Sainte Susanne,organic_search,True
CUST000996,Liesa,Schmidt,hwende@example.org,Undisclosed,1987-03-04,2024-08-11,DE,Regen,paid_search,True
CUST000997,Elisa,Casagrande,tolentinocoluccio@example.org,Undisclosed,2004-12-11,2023-07-14,IT,Garrufo Di Campli,email,False
CUST000998,Alexa,Wagner,gerwin47@example.net,M,2004-12-02,2024-03-05,DE,Döbeln,social_media,False
CUST000999,Stefan,Jeppsson,michael21@example.org,Undisclosed,1998-01-06,2024-10-03,SE,Södertälje,direct,True
CUST001000,Jean,Clément,sleblanc@example.net,F,1963-10-14,2023-02-08,FR,Auger,paid_search,False
CUST001001,Isidor,Flantz,oklingelhoefer@example.net,Undisclosed,1996-12-09,2024-07-02,DE,Geithain,email,True
CUST001002,Clare,Watson,anneali@example.com,F,1980-10-22,2025-12-05,gb,Robertmouth,direct,False
CUST001003,Olga,Trapanese,martaalonzi@example.net,F,1950-06-02,2025-06-10,IT,Alfiano Natta,email,False
CUST001004,Cas,de Pauw,mohammed62@example.com,Undisclosed,1997-05-06,2024-08-10,nl,Bant,paid_search,True
CUST001005,Leyre,Vizcaíno,vanesabarco@example.net,M,1965-10-22,2023-11-04,ES,La Coruña,referral,False
CUST001006,Meike,Scholten,juul55@example.org,F,2006-12-10,2025-05-14,nl,Wageningen,organic_search,False
CUST001007,Féline,Mathurin,jilldie-bont@example.com,F,2006-01-30,2024-07-22,NL,Westervelde,email,True
CUST001008,Sandalio,Figueroa,zojeda@example.net,Undisclosed,2005-08-19,2023-04-24,es,Ávila,organic_search,False
CUST001009,Isolde,Tschentscher,rennermesut@example.com,M,1996-01-17,2025-01-14,DE,Parchim,direct,True
CUST001010,Graeme,Bishop,allan18@example.net,F,1997-03-14,2024-04-28,GB,North Matthew,referral,False
CUST001011,Emin,Wagenknecht,ilja46@example.net,F,1949-10-05,2025-10-13,DE,Grevesmühlen,social_media,False
CUST001012,Birgitta,Adolfsson,erik17@example.com,M,1968-10-01,2025-03-09,se,Karlskoga,organic_search,True
CUST001013,Gelsomina,Cilibrasi,mauriziomannoia@example.com,M,1994-04-18,2024-03-14,IT,Velina,organic_search,False
CUST001014,Constanze,Gröttner,egonjunken@example.net,M,2001-09-04,2025-12-28,DE,Mettmann,email,True
CUST001015,Melissa,van Allemanië,jonkerjoy@example.com,M,1951-04-05,2024-07-22,NL,De Groeve,social_media,False
CUST001016,Salvi,Gabbana,rauricavanessa@example.org,F,1976-01-17,2023-02-13,IT,Poggio Favaro,direct,True
CUST001017,Britta,Pohl,guelsen86@example.net,Undisclosed,1998-09-06,2024-05-05,DE,Grimmen,social_media,True
CUST001018,Wendy,Chandler,cwoods@example.net,M,1974-01-20,2025-12-31, GB ,East Leanne,email,False
CUST001019,Irma,Toselli,sebastianosatriani@example.org,F,2004-06-05,2024-09-08,it,L'Alzoni,paid_search,False
CUST001020,Justina,Franke,ullrichmuehle@example.org,M,1983-09-22,2024-10-11,DE,Cloppenburg,social_media,True
CUST001021,Elena,Slagmolen,hharing@example.com,M,1948-06-04,2025-10-03,NL,Vrouwenakker,organic_search,True
CUST001022,Alix,Bailly,georgesguichard@example.com,Undisclosed,1965-09-08,2024-06-18,FR,Leroy-les-Bains,referral,False
CUST001023,Vincenza,Marini,mercedesquasimodo@example.org,Undisclosed,2006-03-08,2025-07-17,IT,Chieti Stazione,direct,False
CUST001024,Jesper,Persson,,M,1978-12-12,2023-10-06,SE  ,Helsingborg,organic_search,True
CUST001025,Antonina,Mastandrea,baldassare06@example.com,Undisclosed,1984-03-08,2023-11-20,IT,Rasun Di Sotto,referral,False
CUST001026,Ashley,Lowe,gemma79@example.org,F,1977-01-18,2024-10-16,gb,Kingberg,direct,False
CUST001027,Roldán,Guerrero,chuy99@example.com,F,2006-12-11,2024-07-31,ES,Guipúzcoa,email,True
CUST001028,Flavia,Borrego,salazarmagdalena@example.com,Undisclosed,2004-08-11,2023-02-12,ES,Teruel,paid_search,True
CUST001029,Thierry,Guilbert,masselouise@example.net,F,1989-08-02,2025-08-05, FR ,Saint LéonVille,referral,False
CUST001030,Teófila,Alfonso,maricelatamarit@example.net,F,1953-11-13,2024-06-16,ES,Albacete,organic_search,True
CUST001031,Mechtild,Sager,lilly33@example.net,M,1975-11-30,2025-12-12,DE,Pfaffenhofen an der Ilm,email,True
CUST001032,Daniel,Cook,joanne90@example.com,M,1957-12-19,2024-04-04,gb,Jenningshaven,email,False
CUST001033,Eckehard,Riehl,ralf-peter41@example.org,F,1957-02-15,2023-09-24,DE,Dinkelsbühl,social_media,True
CUST001034,German,Jäntsch,jens-peterwilmsen@example.org,F,1973-05-25,2025-05-06,de,Beeskow,social_media,True
CUST001035,Reinhardt,Dippel,hans-bernd00@example.com,Undisclosed,1967-06-18,2025-07-12,DE,Lübben,organic_search,True
CUST001036,Joshua,Pauwels,lukas61@example.org,Undisclosed,1996-11-12,2025-08-18,NL,Zurich,paid_search,False
CUST001037,Alice,Noël,clemencegregoire@example.net,F,1964-01-04,2025-05-16,FR,Sainte Célina,organic_search,False
CUST001038,Sil,Otto,edijkman@example.org,Undisclosed,2007-11-12,2024-04-25,NL,America,referral,True
CUST001039,Kläre,Röhricht,birte91@example.org,M,1990-01-08,2023-01-11,DE,Hansestadttralsund,direct,False
CUST001040,Constance,Martins,fcohen@example.net,Undisclosed,1998-12-16,2023-09-28,fr,Besson,paid_search,False
CUST001041,Suzanne,Price,duncanpowell@example.com,M,1945-10-01,2024-11-25,GB,Huntport,email,True
CUST001042,Leandro,Iglesia,aaronbarrena@example.com,F,2002-10-23,2024-06-17,ES,Huelva,social_media,False
CUST001043,Benjamin,Renard,isabellegros@example.com,Undisclosed,1995-12-26,2025-05-30,FR,ThibaultBourg,social_media,False
CUST001044,Suzanne,Watkins,craig61@example.org,M,2005-06-13,2025-06-11,GB,Kellyhaven,paid_search,False
CUST001045,Rocco,Leblanc,valentina54@example.net,F,1962-06-02,2023-04-19, IT ,Lombardore,social_media,True
CUST001046,Andrew,Johnston,rhys79@example.com,M,1954-10-13,2025-08-14, GB ,New Alicetown,social_media,False
CUST001047,Branka,Textor,steinberghakan@example.com,F,1993-07-17,2025-07-26, DE ,Zossen,organic_search,True
CUST001048,Gabriele,Buchholz,frenner@example.net,Undisclosed,1982-05-04,2024-08-04,DE,Stuttgart,referral,True
CUST001049,Ramona,Odescalchi,wcastioni@example.com,M,1972-01-01,2023-01-09,IT,Belmonte Mezzagno,paid_search,False
CUST001050,Tabea,Gröttner,ebertvincenzo@example.com,Undisclosed,1975-12-09,2023-07-13,DE,Gadebusch,organic_search,False
CUST001051,Micheletto,Fermi,lollobrigidagiulia@example.net,M,1951-10-22,2025-02-04,it,Montelaterone,organic_search,False
CUST001052,Alan,White,donaldrobinson@example.com,Undisclosed,2007-03-27,2025-09-09,GB,North Dominic,social_media,True
CUST001053,Temistocle,Tafuri,rcapuana@example.net,Undisclosed,1957-04-14,2025-07-16,IT,Cristo,referral,True
CUST001054,Berto,Castejón,bertocastellanos@example.net,M,1963-05-09,2024-03-08,ES  ,Melilla,organic_search,True
CUST001055,Karl,Larsson,hakan08@example.net,F,1976-07-28,2025-02-20,SE,Skövde,email,True
CUST001056,Robert,Rivière,bretonaurore@example.com,M,1991-12-20,2023-02-12,fr,Turpindan,direct,True
CUST001057,Leopoldo,Rivera,asuncion03@example.org,Undisclosed,1981-11-30,2023-09-04,ES,Guadalajara,social_media,True
CUST001058,Édouard,Masse,michaudleon@example.com,Undisclosed,2000-08-23,2025-01-05,fr,Saint Marie,email,False
CUST001059,Roger,Mills,phayward@example.org,F,1949-12-16,2025-09-02,GB,North Catherinechester,social_media,True
CUST001060,Tony,Smith,wrightkayleigh@example.com,Undisclosed,1977-11-28,2025-06-08,GB  ,West Alexander,email,True
CUST001061,Donatella,Rosiello,umberto31@example.net,Undisclosed,1997-09-05,2023-11-14,IT,Zumaglia,social_media,False
CUST001062,Nathalie,Hussein,flind@example.org,M,2006-04-03,2025-06-14, SE ,Jönköping,paid_search,False
CUST001063,Emiliana,Rosales,salamancabartolome@example.com,F,1950-02-28,2024-05-24,ES,Soria,organic_search,True
CUST001064,Claude,Weber,vaillantbernard@example.com,Undisclosed,1973-01-06,2025-11-11,FR,Sainte NicolasVille,social_media,False
CUST001065,Laure,Legendre,djacob@example.com,F,1952-07-29,2024-06-05, FR ,Gilles,direct,False
CUST001066,Elizabeth,Lorreijn,van-hoevel-en-van-zwindrechtannabel@example.com,F,1953-01-12,2024-01-03, NL ,Den Bommel,direct,False
CUST001067,Delia,Zobel,scheibeingried@example.org,Undisclosed,2002-11-24,2024-10-04,DE,Rochlitz,social_media,False
CUST001068,Norman,Linke,fannypechel@example.com,Undisclosed,1978-06-11,2024-01-19,de,Erding,direct,True
CUST001069,  Gilbert,Langlois,guillaumebertrand@example.org,F,1985-06-17,2025-06-07, FR ,Blanchetboeuf,direct,False
CUST001070,Charlotte,Ruiz,isabelle82@example.org,Undisclosed,1986-09-27,2025-07-31,FR,Klein,email,False
CUST001071,Margaret,Rodrigues,alain89@example.net,Undisclosed,1949-08-01,2025-01-08,FR,Guillou,social_media,True
CUST001072,Zenta,Gute,loechelmohammed@example.org,F,1989-04-10,2023-09-14,DE,Berlin,paid_search,True
CUST001073,Helmtrud,Kabus,hans-henning77@example.net,F,2003-08-30,2024-03-04,DE,Schwandorf,direct,True
CUST001074,Ulf,Zobel,severin52@example.org,M,2007-08-24,2023-06-26,DE,Norden,organic_search,True
CUST001075,Johan,Ljunggren,noralundh@example.net,M,1961-12-12,2023-11-09,SE,Luleå,email,True
CUST001076,Valérie,Robert,zleclerc@example.org,M,1970-05-16,2024-02-17, FR ,Saint Agathe,organic_search,True
CUST001077,Stéphane,Besnard,berthelotgabriel@example.org,Undisclosed,1958-11-29,2025-06-03,FR,Salmon-sur-Alves,direct,False
CUST001078,Matthijs,Kuipers,boetetjorn@example.org,Undisclosed,1960-07-31,2023-03-17,NL,Kortehemmen,direct,False
CUST001079,Hans Josef,Gunpf,milanroehrdanz@example.org,M,1947-02-23,2024-04-19,DE,Grimma,referral,True
CUST001080,Edoardo,Parini,arganrita@example.net,M,1990-03-31,2024-07-02, IT ,Milano,referral,False
CUST001081,Rafael,Perales,humberto47@example.org,M,1990-08-28,2025-07-07,ES,Melilla,email,False
CUST001082,Friedrich-Karl,Ehlert,etrub@example.org,Undisclosed,1999-10-11,2025-06-16,DE  ,Euskirchen,referral,False
CUST001083,Joséphine,Gilbert,xlemonnier@example.com,M,1988-12-21,2023-09-26,FR,Lambert,direct,False
CUST001084,Monica,Condoleo,silviaungaretti@example.com,Undisclosed,1967-12-25,2025-08-25,it,San Nicola Da Crissa,direct,True
CUST001085,Serafina,Tomasetti,littizzettosylvia@example.org,Undisclosed,1985-06-06,2025-09-15,IT,Valle Di Murialdo,email,False
CUST001086,Jayne,Collins,jonathanmckenzie@example.net,F,1980-04-17,2024-09-13,GB,Myershaven,social_media,False
CUST001087,Danny,Edwards,dawn87@example.org,Undisclosed,1981-06-10,2023-11-21, GB ,Edwardsfort,organic_search,False
CUST001088,Fatima,Zobel,lheuser@example.com,Undisclosed,1985-06-03,2025-05-31,de,Freising,social_media,False
CUST001089,Per,Gustavsson,marjattajohansson@example.org,Undisclosed,2006-02-27,2024-12-28,se,Nyköping,paid_search,True
CUST001090,Betty,Caspar,sylviekoester@example.com,M,1954-10-28,2023-04-14,DE,Hamburg,organic_search,True
CUST001091,Berenice,Basadonna,wtravaglio@example.org,F,1977-05-05,2023-07-28,it,Cogna,organic_search,True
CUST001092,Laura,Roberts,bprice@example.com,M,1967-04-04,2025-01-10,GB,Margarettown,email,True
CUST001093,Keith,Evans,angelabarnes@example.net,F,1951-04-17,2023-11-12, GB ,Donnahaven,paid_search,False
CUST001094,  Terence,Hammond,thorntonjulian@example.org,M,1948-04-15,2025-05-01,GB  ,West Dominic,referral,True
CUST001095,Ilona,Schleich,james44@example.org,M,1955-01-24,2023-06-24,DE,Amberg,direct,True
CUST001096,Marie,Sager,karl-peter56@example.com,F,1997-04-02,2023-11-07, DE ,Nabburg,email,False
CUST001097,Henrik,Ullrich,normakruschwitz@example.org,Undisclosed,1996-08-29,2025-04-18,DE,Naila,social_media,True
CUST001098,  Kati,Mosemann,annschaaf@example.net,Undisclosed,1994-11-07,2025-06-25,DE,Hünfeld,organic_search,False
CUST001099,Timoteo,Rios,millanraquel@example.org,M,1959-12-12,2024-10-06, ES ,León,organic_search,True
CUST001100,Gilbert,Schneider,bessonguillaume@example.net,Undisclosed,1995-11-22,2023-04-29,FR,Sainte Suzanne,social_media,False
CUST001101,Heide-Marie,Weller,milan36@example.com,M,1973-02-17,2025-04-03,DE,Hildesheim,social_media,False
CUST001102,Gunnar,Törnqvist,larssonandreas@example.org,Undisclosed,1968-02-27,2023-01-17,SE,Borlänge,direct,False
CUST001103,Orlando,Farinelli,ottoneboccaccio@example.net,Undisclosed,1977-12-28,2025-07-02,IT,Sigmundskro,direct,False
CUST001104,Fausto,Campanella,antonia74@example.org,M,1991-08-11,2024-12-08,IT,Tribano,social_media,True
CUST001105,Herman,Andersson,peterssonchristina@example.org,Undisclosed,1971-12-11,2023-03-17,SE,Borås,paid_search,False
CUST001106,Christoph,Metz,klaus-dsorgatz@example.net,Undisclosed,1949-08-05,2024-03-13,DE  ,Paderborn,direct,True
CUST001107,Alain,Picard,,Undisclosed,1967-12-02,2023-02-17,fr,Michaud-les-Bains,social_media,False
CUST001108,Ale,Bayona,castellobrunilda@example.com,M,1972-02-26,2025-10-31,es,Barcelona,referral,False
CUST001109,Isa,van Oirschot,milanvan-dongen@example.net,F,1956-06-27,2023-09-11,NL,Zeijerveen,referral,True
CUST001110,Hedy,Mielcarek,caecilie38@example.net,Undisclosed,1964-06-05,2025-07-17,DE,Altötting,referral,True
CUST001111,Elodia,Huerta,victor-manuelbaro@example.com,Undisclosed,1981-06-20,2024-12-18,ES,Ourense,paid_search,False
CUST001112,Arnold,Walter,dmies@example.net,Undisclosed,1951-11-19,2025-11-30,DE,Spremberg,social_media,False
CUST001113,Ljiljana,Huhn,skensy@example.net,M,1972-04-18,2023-07-20, DE ,Lübeck,organic_search,False
CUST001114,Ann,Murphy,antonylyons@example.net,M,2007-08-31,2023-09-24,GB,Lake Shirley,email,False
CUST001115,Charles,Robertson,leachsamuel@example.org,M,1988-06-04,2024-06-24,GB,Dorothyland,email,False
CUST001116,Adrian,Turner,valerieali@example.net,Undisclosed,1950-11-22,2023-11-30,GB,New Victorchester,direct,True
CUST001117,Amalie,Beyer,qgehringer@example.org,F,1977-02-18,2024-03-11,DE,Bersenbrück,social_media,True
CUST001118,Pasqual,Ferrari,vparri@example.net,M,1972-09-04,2025-04-16, IT ,Zerfaliu,paid_search,True
CUST001119,Grégoire,Millet,deschampsgabriel@example.net,M,1991-04-19,2025-01-30,FR,Valléedan,paid_search,True
CUST001120,Imre,Trüb,carstenbertha@example.net,M,1975-06-21,2025-05-13,de,Nabburg,direct,False
CUST001121,Clelia,Callegari,rosalia22@example.org,F,1957-09-29,2023-01-05,IT,Magliano Vetere,referral,False
CUST001122,Eva,Ahmadi,khanper@example.org,M,1964-04-11,2025-07-15,SE,Kristianstad,referral,True
CUST001123,Berta,Garzón,gaspar30@example.net,M,1975-10-07,2023-10-11,ES,Santa Cruz de Tenerife,paid_search,False
CUST001124,Vicente,Badía,porterojenny@example.com,M,1986-05-23,2023-07-02,ES,Almería,email,False
CUST001125,Saar,Passchiers,pmartel@example.com,Undisclosed,1959-04-17,2023-04-04,nl,De Falom,organic_search,True
CUST001126,Alex,Davies,oliverstephen@example.com,Undisclosed,1949-12-25,2023-02-20,GB  ,North Rosie,direct,True
CUST001127,Senol,Peukert,isabellgeisel@example.org,Undisclosed,1953-01-04,2023-06-24,DE,Hildburghausen,referral,True
CUST001128,  Anastasie,Gilbert,laurenceguillaume@example.net,Undisclosed,1953-11-26,2025-09-01,FR,Benoit,paid_search,True
CUST001129,Alexandre,Maréchal,hamontristan@example.org,Undisclosed,1990-03-10,2024-07-17,FR,Richard,referral,False
CUST001130,Christophe,Descamps,dlecomte@example.org,M,2001-02-24,2023-06-23,FR,Delahaye,email,True
CUST001131,Michael,van Wickerode,bilal13@example.com,Undisclosed,1952-08-11,2024-11-27,NL  ,Weidum,social_media,True
CUST001132,Victor,Robinson,tonyschofield@example.net,M,1993-01-25,2023-08-23, GB ,Daviesberg,social_media,True
CUST001133,Metin,Bähr,hanno57@example.org,F,1987-02-04,2023-11-12, DE ,Kronach,social_media,True
CUST001134,Alessandro,Heintze,almuthschaaf@example.net,F,1947-02-16,2023-02-25,DE  ,Heiligenstadt,email,False
CUST001135,Faye,Erhout,kyravan-dam@example.org,F,1949-10-05,2024-06-12, NL ,Ellewoutsdijk,paid_search,True
CUST001136,Philippe,Haase,alexandra43@example.org,F,1989-05-16,2025-10-06,de,Germersheim,social_media,False
CUST001137,Maximino,Ariño,imulet@example.com,Undisclosed,1981-02-16,2025-04-13,es,Segovia,organic_search,False
CUST001138,Norman,Martin,peter35@example.com,F,1949-05-13,2023-07-27,GB  ,Port Joyce,email,False
CUST001139,Danny,Akhtar,tinawong@example.net,F,1988-07-16,2023-06-21,GB,North Abigailland,paid_search,True
CUST001140,Dennis,Harvey,leethomson@example.org,F,1957-07-02,2025-05-17, GB ,East Kathleen,email,False
CUST001141,Cayetano,Rojas,,M,1995-01-07,2023-12-09,es,Granada,social_media,False
CUST001142,Audrey,Schmitt,michellephilippe@example.org,Undisclosed,1986-11-29,2024-12-20,fr,Bailly,paid_search,True
CUST001143,Ninthe,van Rheineck,eline73@example.com,F,1951-02-16,2024-09-07,NL,Nunhem,social_media,False
CUST001144,Mary,Lowe,epatel@example.com,M,1995-09-11,2024-03-07,GB,Carterfort,social_media,False
CUST001145,Dominique,Perez,ledouxalex@example.com,M,1997-04-28,2025-07-16,FR  ,Valentin,email,False
CUST001146,Nino,Scarfoglio,angelicaduodo@example.com,F,1966-06-30,2023-02-02,IT,San Martino D'Ocre,organic_search,True
CUST001147,Calixto,Mínguez,remigio89@example.com,Undisclosed,1954-12-25,2023-12-22,ES,Cantabria,email,True
CUST001148,Ali,van Wijland,sarahlinschoten@example.org,Undisclosed,1995-05-21,2023-06-08,NL,Oosterleek,organic_search,False
CUST001149,Manuelita,Perea,aquiroga@example.com,F,1971-10-26,2025-02-09,ES,Granada,direct,True
CUST001150,África,Casanova,rebollosonia@example.org,M,1971-11-14,2023-09-13, ES ,Cantabria,direct,True
CUST001151,Philip,van de Veen,xreimes@example.net,F,1993-12-09,2024-07-29, NL ,Tjerkwerd,referral,False
CUST001152,Magdalena,Huerta,josefina06@example.com,M,1962-03-05,2024-03-28, ES ,Alicante,email,True
CUST001153,Eva,van Hulten,fien02@example.com,M,1992-01-11,2023-01-15, NL ,Evertsoord,social_media,False
CUST001154,Mila,Koeman,loek99@example.net,Undisclosed,1946-07-10,2023-12-16,NL,Drempt,referral,True
CUST001155,Diana,Grant,berryjacqueline@example.com,F,2006-12-30,2023-05-14,gb,New Roychester,referral,True
CUST001156,Jesusa,Matas,paularoldan@example.com,Undisclosed,1979-10-02,2025-12-07, ES ,Palencia,direct,False
CUST001157,Leopold,Wagner,,Undisclosed,1973-09-10,2025-07-18,DE,Bützow,organic_search,False
CUST001158,Giacobbe,Pezzali,paoletta24@example.net,F,1993-04-01,2025-06-04,IT,Campo Calabro,email,False
CUST001159,Achille,Cagnin,dibiasipatrizia@example.com,Undisclosed,1950-06-08,2025-01-10,it,Trava,social_media,False
CUST001160,  Stephan,Geißler,ssoelzer@example.net,F,1957-09-08,2025-12-26,DE  ,Erding,referral,True
CUST001161,Ani,Canet,hectortorrecilla@example.org,F,1976-05-08,2024-04-07,ES,Cádiz,paid_search,True
CUST001162,Mara,Werner,brankoweiss@example.org,F,1958-09-28,2024-11-05, DE ,Ludwigslust,email,True
CUST001163,Luce,Brun,ntoussaint@example.org,M,1951-02-11,2024-11-15,fr,Clément,social_media,True
CUST001164,Oscar,Boetet,rhoes@example.org,F,1985-07-15,2024-11-14,NL,IJlst,referral,False
CUST001165,Alberto,Bolander,rneureuther@example.org,F,1963-10-16,2023-07-15,DE,Stollberg,organic_search,False
CUST001166,Máxima,Aguilar,caballerohector@example.net,F,1971-04-01,2024-10-03, ES ,Madrid,email,True
CUST001167,Nicodemo,Peláez,mnavas@example.com,F,1992-01-31,2024-09-09,ES,Guadalajara,referral,True
CUST001168,Kathryn,Tomlinson,rebeccaking@example.com,Undisclosed,1969-11-29,2024-08-26,GB,Olivertown,paid_search,True
CUST001169,Martina,Etzold,zthanel@example.net,Undisclosed,1947-06-07,2025-07-17,DE,Peine,social_media,True
CUST001170,Laure,Torres,martine35@example.com,F,1990-07-09,2025-07-18, FR ,Buissonnec,referral,True
CUST001171,Andrew,Thomson,paulfleming@example.com,Undisclosed,2005-02-13,2024-02-01,gb,Port Victormouth,email,False
CUST001172,Lena,Hellgren,cristinajakobsson@example.net,F,1978-01-31,2025-06-29, SE ,Borlänge,social_media,False
CUST001173,Alexandra,McKenzie,lynda32@example.net,M,1994-06-14,2025-11-16,GB,East Jeanland,referral,True
CUST001174,Caroline,Ferreira,victoire87@example.org,M,1978-06-30,2023-10-29,FR,Guillot-sur-Mer,organic_search,True
CUST001175,Beth,Archer,ronaldmitchell@example.net,Undisclosed,1975-04-12,2023-04-28,GB,East Tobyfurt,email,False
CUST001176,Harry,King,gerald47@example.net,F,2008-06-22,2024-02-05,GB,Greenmouth,social_media,True
CUST001177,Olegario,Pi,coralbaron@example.net,Undisclosed,2007-08-15,2025-09-01,ES,Segovia,referral,False
CUST001178,Erhard,Hoffmann,oheintze@example.com,M,1951-08-26,2024-09-05,DE,Brandenburg,organic_search,False
CUST001179,David,Pedro,manu93@example.net,Undisclosed,1954-05-09,2024-03-25,es,Jaén,referral,True
CUST001180,Karl,Baker,kempmarie@example.net,M,1974-07-08,2024-05-04,GB,Julieberg,email,True
CUST001181,Mario,Persson,eliasahlstrom@example.com,M,1965-11-18,2025-03-30, SE ,Uddevalla,social_media,True
CUST001182,William,Letellier,mcaron@example.com,Undisclosed,1990-12-17,2023-08-24,FR,Sainte Thierry,social_media,True
CUST001183,Lesley,Yates,robertsondiana@example.net,F,1960-05-12,2023-03-02,GB,Harrisfurt,direct,True
CUST001184,Giacobbe,Gasperi,montecchieraldo@example.net,F,1993-05-06,2024-11-26, IT ,Moricone,social_media,True
CUST001185,Renato,Jacob,nadinneuschaefer@example.net,Undisclosed,2001-02-22,2023-02-12,DE,Aschaffenburg,organic_search,False
CUST001186,Salvatore,Navarria,bmoresi@example.net,M,1997-03-31,2024-03-06,IT,Torre De' Busi,referral,False
CUST001187,Matthias,Schroeff,hdrysdale@example.net,F,1993-01-26,2023-05-14,NL,Heel,paid_search,False
CUST001188,Katalin,Zorbach,idietz@example.com,Undisclosed,1985-03-06,2025-02-05,de,Wanzleben,organic_search,True
CUST001189,Capucine,Grenier,celine29@example.org,F,1978-07-07,2024-08-25,FR,Rodrigues,social_media,True
CUST001190,Hannah,Ariens,kaylutterveld@example.net,F,1970-05-02,2025-11-06,NL,Zeist,email,True
CUST001191,Pierre,Loos,stiebitzliliane@example.org,Undisclosed,1991-12-02,2023-12-09,DE,Bautzen,social_media,False
CUST001192,Lee,Hardy,evanselaine@example.org,M,1980-10-04,2025-11-28,GB,Jennachester,email,False
CUST001193,Patrick,Fontaine,lorrainemace@example.com,Undisclosed,1953-10-07,2025-08-28,FR,Chauvin,paid_search,True
CUST001194,Hilary,Morris,mstokes@example.org,F,1998-06-24,2024-02-20,GB  ,Port Gillianfurt,email,True
CUST001195,Ernst-Dieter,Drub,evamaria75@example.org,F,1951-04-22,2025-02-05,de,Neustadtner Waldnaab,referral,False
CUST001196,Griselda,Caccioppoli,alessiosokolov@example.com,Undisclosed,1999-09-27,2024-04-16,IT  ,Figino,email,False
CUST001197,Sigvard,Larsson,pjonsson@example.net,M,1952-06-13,2025-06-04,se,Västerås,organic_search,True
CUST001198,Astrid,Klasson,pontusnilsson@example.com,M,2000-12-14,2025-06-23,SE,Västerås,social_media,True
CUST001199,Renske,Hendricks,meijeryasmin@example.net,F,1957-12-23,2024-07-20,NL,Guttecoven,referral,True
CUST001200,Ewald,Benthin,roehrichttimm@example.com,M,1954-06-13,2024-11-14,DE,Staffelstein,direct,False
CUST001201,Cesar,Casanovas,chuchojerez@example.org,Undisclosed,1980-02-16,2024-01-26,ES,Huesca,social_media,True
CUST001202,Iwan,Jacob,sigmarsontag@example.org,M,1948-10-28,2024-09-05,DE,Steinfurt,referral,True
CUST001203,Henrike,Johann,ketzold@example.com,F,1981-04-01,2025-08-24,DE,Schlüchtern,paid_search,True
CUST001204,Thérèse,Bertrand,marieperrin@example.net,Undisclosed,1961-10-26,2024-03-05,FR,Saint Guy,direct,False
CUST001205,Robin,Wright,robin29@example.net,F,1964-07-23,2024-11-28,GB,Lake Brenda,direct,False
CUST001206,Juan Bautista,Pizarro,jbenavente@example.com,F,1989-11-25,2024-03-05,ES,La Coruña,referral,True
CUST001207,  Teun,Janssens,qfeltzer@example.net,Undisclosed,1982-02-24,2024-09-17,NL,Hekelingen,social_media,True
CUST001208,Luce,Grenier,lombardnath@example.com,Undisclosed,1989-08-12,2025-05-08,FR,Delannoy,social_media,True
CUST001209,Astrid,Brunet,genevieve89@example.org,M,1967-03-19,2023-03-07,FR,GilletVille,referral,False
CUST001210,Gertrud,Jansson,carlbergstrom@example.org,Undisclosed,1968-02-05,2025-02-19,SE,Östersund,email,True
CUST001211,Robert,Dubois,renee42@example.org,M,1952-05-07,2024-11-04, FR ,Louisnec,organic_search,True
CUST001212,Kerry,Briggs,gillharry@example.org,F,1966-07-18,2023-03-07,gb,Greenstad,organic_search,False
CUST001213,Rosita,Biggen,bianka49@example.org,Undisclosed,1957-04-20,2024-08-04, DE ,Wolmirstedt,organic_search,False
CUST001214,Roque,Escrivá,,M,1969-03-04,2025-11-27,ES,Lugo,organic_search,True
CUST001215,Angelina,Ketting,lukasariens-ansems@example.net,F,1990-06-06,2025-05-06, NL ,Edam,paid_search,False
CUST001216,Jozef,Bloch,piusrosenow@example.net,F,2008-03-07,2025-06-04,DE,Waldmünchen,social_media,True
CUST001217,Ilse,Mielcarek,halinaschlosser@example.com,F,1958-02-22,2025-10-26, DE ,Jülich,paid_search,False
CUST001218,Tirza,van Dalem,svan-de-biesenbos@example.com,F,1981-02-09,2023-05-12,NL,Hornhuizen,referral,False
CUST001219,Liv,Tillmanno,fleur14@example.com,F,2003-03-15,2025-07-31,nl,Darp,email,False
CUST001220,Éric,Gaillard,garniernathalie@example.org,F,1984-10-31,2024-09-01,FR,Saint Noémi,paid_search,False
CUST001221,Felicia,Svensson,annika70@example.com,Undisclosed,1954-12-19,2025-07-26,SE,Uddevalla,email,True
CUST001222,Hans-Hermann,Weinhage,lachmannalex@example.net,Undisclosed,1946-03-07,2024-05-05,DE,Viersen,direct,True
CUST001223,Julie,Pons,patrick89@example.org,Undisclosed,1957-02-24,2024-03-20, FR ,Jean-les-Bains,social_media,True
CUST001224,Uberto,Nitti,ovadiarosa@example.org,M,1949-02-23,2023-08-04,IT,Basico',social_media,True
CUST001225,Frédéric,Maillot,kgillet@example.com,Undisclosed,2007-11-19,2025-11-02,FR,Gimenez,direct,False
CUST001226,Arthur,Dobson,harrispamela@example.com,F,1995-11-27,2025-02-19,GB,Lloydport,organic_search,False
CUST001227,Bertrand,Hamon,barthelemylaure@example.com,Undisclosed,1946-01-31,2023-08-23,FR,Jacques-sur-Boulanger,email,False
CUST001228,Michelle,Lemoine,adrienne10@example.com,Undisclosed,1973-01-16,2023-05-20,FR,Petit,paid_search,False
CUST001229,Amelie,Brolin,johanssoningmar@example.net,F,1954-02-10,2024-07-25,SE,Stockholm,paid_search,False
CUST001230,Maurice,Lelièvre,paulinedescamps@example.com,F,1972-08-02,2023-09-12,FR,Ribeiro,organic_search,False
CUST001231,Corrado,Rosiello,pomponio28@example.com,Undisclosed,1990-05-05,2023-11-11, IT ,Canossa,direct,True
CUST001232,Swen,Adolph,fredyklapp@example.net,Undisclosed,1970-02-16,2025-06-24,DE,Calau,direct,True
CUST001233,Rico,Linke,kasimirbenthin@example.org,Undisclosed,1996-04-22,2025-03-10, DE ,Backnang,email,True
CUST001234,Veronique,Stadelmann,gittagumprich@example.com,F,1963-10-09,2024-05-26, DE ,Lüdinghausen,organic_search,True
CUST001235,Joëlle,Honing,fvan-der-ven@example.net,F,1967-10-17,2024-11-21,nl,Pernis Rotterdam,organic_search,True
CUST001236,Sophie,Lefebvre,hpayet@example.org,M,1954-04-07,2023-12-09,FR  ,Barre,direct,True
CUST001237,Paula,Nogués,guzmanbaldomero@example.net,M,1974-12-03,2024-02-29, ES ,Las Palmas,paid_search,True
CUST001238,  Anne,Smith,fharris@example.org,Undisclosed,1956-01-23,2024-12-31,GB  ,East Leonard,email,True
CUST001239,Eva,Johansson,sandbergwilma@example.org,M,1977-12-06,2025-07-28,SE,Ängelholm,social_media,True
CUST001240,Evelyn,Fischer,hans-helmutschaefer@example.net,Undisclosed,1961-04-17,2023-05-18,DE,Deggendorf,organic_search,True
CUST001241,Úrsula,Coll,rarenas@example.org,Undisclosed,1974-09-10,2024-05-30,ES,Salamanca,direct,True
CUST001242,Saturnino,Zapata,ciriacoazcona@example.com,Undisclosed,1966-07-15,2024-11-11,ES  ,Ceuta,direct,False
CUST001243,Teófilo,Aznar,teodosio70@example.net,Undisclosed,1966-05-23,2023-05-19,ES,Cuenca,referral,True
CUST001244,Miguel,Asenjo,lisandro56@example.org,F,1958-01-19,2025-10-28, ES ,Álava,organic_search,False
CUST001245,Agustina,Losada,montoyaiban@example.com,Undisclosed,2007-07-04,2024-04-29, ES ,Las Palmas,paid_search,False
CUST001246,Albert,Rogers,howardwells@example.com,F,1952-04-11,2025-10-18,GB,Lake Lynnberg,paid_search,False
CUST001247,Edda,Köhler,oswald59@example.net,F,1961-11-23,2024-11-04,DE,Freital,email,False
CUST001248,Etta,Weimer,gchristoph@example.org,M,1986-08-21,2023-02-18,de,Bad Langensalza,referral,True
CUST001249,Benvenuto,Vergerio,fredorusticucci@example.org,F,1987-10-22,2024-05-23,IT,Serravalle Di Chienti,email,False
CUST001250,  Carl,Thomas,elaine38@example.net,M,1958-09-23,2024-01-11, GB ,Waltonview,paid_search,True
CUST001251,Liliana,Carpio,teresa57@example.net,F,2007-09-01,2023-10-17,ES,Asturias,paid_search,True
CUST001252,Mohammed,Anderson,gburton@example.org,M,1993-02-03,2025-11-05,gb,West Jordan,paid_search,True
CUST001253,Margarethe,Kruschwitz,taeschehans-hermann@example.net,M,1979-05-15,2025-05-18,DE,Eckernförde,direct,True
CUST001254,Caren,Zahn,gweitzel@example.com,M,1972-03-28,2024-07-10,DE,Schlüchtern,paid_search,False
CUST001255,Elena,Molen,jules20@example.org,M,1985-12-23,2025-06-22,NL,Abbega,email,True
CUST001256,Édith,Poirier,tgaudin@example.net,M,1966-05-01,2025-02-20,FR,Collet,paid_search,True
CUST001257,Bartholomäus,Reinhardt,birgid12@example.org,M,1961-11-22,2024-06-10,DE,Bad Kreuznach,referral,False
CUST001258,Lee,Graham,rickybennett@example.com,F,1962-08-18,2023-05-28,gb,New Connor,paid_search,True
CUST001259,Edelgard,Koch,seipnick@example.net,M,1967-10-09,2023-01-27,DE,Vohenstrauß,email,False
CUST001260,Victor,Robinson,aaron69@example.com,Undisclosed,1988-04-12,2025-02-03, GB ,Port Susanbury,organic_search,True
CUST001261,Margaux,Merle,joseph40@example.net,M,1998-10-18,2025-02-27,FR,Gautier-sur-Mace,direct,False
CUST001262,Elisabet,Fábregas,ojimenez@example.net,M,2001-04-08,2025-11-09,ES,Ceuta,direct,False
CUST001263,Susan,Chrétien,rene39@example.net,F,1972-08-05,2025-05-18,FR,Cohen,social_media,True
CUST001264,Colin,Hughes,tracyconnolly@example.com,Undisclosed,1976-12-11,2023-10-30, GB ,Port Edward,paid_search,True
CUST001265,Hans-Adolf,Seifert,cathrinnoack@example.net,Undisclosed,1964-11-16,2023-01-26,DE,Heiligenstadt,email,True
CUST001266,Heidemarie,Schlosser,reinhildgierschner@example.com,F,1958-06-19,2025-11-27,DE,Dinkelsbühl,social_media,False
CUST001267,Madeleine,Antoine,launaypatrick@example.com,M,1952-07-03,2025-10-22,FR,Dos SantosVille,direct,False
CUST001268,James,Miller,patelmichael@example.org,M,1989-07-16,2023-07-02,GB,East Frederickland,social_media,True
CUST001269,  Kenneth,Freeman,gareth90@example.org,F,2001-05-13,2025-03-26,GB,Lindseyland,organic_search,True
CUST001270,Capucine,Goncalves,guillaumevoisin@example.net,M,1966-08-08,2023-05-24,FR,Voisin,direct,False
CUST001271,Jenna,Ruijs,lexcoolen@example.net,F,1988-05-20,2023-12-16,nl,Westerland,paid_search,True
CUST001272,Cristian,Martin,almazanpaloma@example.org,F,1952-08-30,2025-07-11, ES ,Burgos,paid_search,True
CUST001273,Teófilo,Pol,gomezamado@example.org,M,1955-09-18,2024-06-15,ES,Segovia,referral,True
CUST001274,Guntram,Dörschner,henner61@example.com,F,1960-12-17,2023-12-07,de,Günzburg,social_media,True
CUST001275,Rebecca,Bennett,martin95@example.org,F,2008-04-12,2024-04-25, GB ,North Rachaelberg,social_media,True
CUST001276,Dorit,Girschner,stanislawradisch@example.com,F,1991-12-02,2023-03-27,DE,Dresden,referral,False
CUST001277,Jörg,Ortmann,emma45@example.org,M,1990-09-18,2025-09-22,DE  ,Grimmen,direct,False
CUST001278,Kristin,Borg,olssonmaria@example.org,Undisclosed,1955-09-28,2024-10-07,SE,Kristianstad,referral,True
CUST001279,Stanislaus,Vogt,hboerner@example.net,F,1964-08-19,2024-12-30,DE,Bremen,direct,False
CUST001280,Brandon,Turner,,Undisclosed,1958-01-22,2023-10-12,gb,Parsonsfort,direct,True
CUST001281,Heather,Shepherd,ajones@example.net,M,2000-04-08,2025-01-24,GB,South Samantha,direct,True
CUST001282,Bente,van der Linden,ivan-der-mast@example.com,M,2001-07-31,2023-01-07, NL ,Houwerzijl,social_media,True
CUST001283,Kerry,Whitehead,tshort@example.com,M,1992-11-16,2024-10-28,GB,Lake Nicholas,referral,True
CUST001284,Mirjana,Bachmann,otfriedadler@example.org,M,1970-05-06,2024-12-14,DE,Delitzsch,direct,True
CUST001285,Claude,Merle,lopezadele@example.com,F,2001-06-01,2025-02-27,FR,Cousin,referral,True
CUST001286,Norman,Kelly,jconnor@example.com,Undisclosed,1960-12-19,2023-09-19,GB,Lake Ashleyville,email,True
CUST001287,Herma,Löffler,piotrwagner@example.org,Undisclosed,1970-12-23,2025-07-02,de,Viersen,paid_search,True
CUST001288,Christiane,Valentin,dupreines@example.org,F,2004-12-01,2023-07-03,fr,Martinez,social_media,False
CUST001289,Ioannis,Buchholz,paolofaust@example.org,M,1946-07-14,2024-07-28,DE,Dresden,direct,True
CUST001290,Karin,Rädel,waltherweimer@example.org,M,1993-03-21,2023-10-06, DE ,München,direct,False
CUST001291,Sabine,Imbert,vmace@example.com,Undisclosed,1992-12-29,2024-04-03, FR ,Sainte Frédéric,social_media,False
CUST001292,Dörthe,Weitzel,brunosegebahn@example.org,M,1957-06-30,2025-02-20,DE,Angermünde,paid_search,False
CUST001293,Andrea,Ellis,rlee@example.com,M,1963-03-30,2023-08-25,GB,Carolynbury,paid_search,True
CUST001294,Anouk,de Gratie,rkleibrink@example.org,M,1954-03-14,2025-01-23,NL,Heukelom,organic_search,False
CUST001295,Gerónimo,Berenguer,obarba@example.com,M,2001-04-01,2023-05-07,ES,Lugo,social_media,False
CUST001296,Bert,Köhler,galina66@example.org,F,1989-09-08,2023-09-16, DE ,Eutin,organic_search,False
CUST001297,Dunja,Wulff,elias11@example.com,F,2003-04-18,2024-10-09,DE,Augsburg,email,True
CUST001298,Eitel,Bolzmann,karl-peterfroehlich@example.net,Undisclosed,1960-02-08,2024-08-03, DE ,Wurzen,social_media,False
CUST001299,Ryan,Smith,roy83@example.net,Undisclosed,1951-06-21,2025-10-25,GB,New Pamelaton,direct,True
CUST001300,Alex,Wilmont,tinsdirk@example.com,F,1996-11-01,2025-10-10,NL,Leunen,social_media,True
CUST001301,Kata,Krein,motto@example.com,F,1995-01-25,2024-03-07,DE,Darmstadt,organic_search,True
CUST001302,Tiziano,Callegaro,montanaripier@example.net,Undisclosed,1979-11-09,2025-09-25,IT,Valle Castellana,paid_search,True
CUST001303,Winfried,Schaaf,schaaflouise@example.com,M,2004-10-21,2025-03-14,DE,Hainichen,email,True
CUST001304,Kayleigh,Green,derekrichardson@example.org,F,1994-07-29,2025-12-17,GB,East Gail,referral,False
CUST001305,Annabel,van den Nuwenhuysen,liseknuf@example.net,Undisclosed,1997-12-27,2023-07-19,NL,Nieuwegein,organic_search,False
CUST001306,Michelotto,Ricciardi,vchechi@example.com,M,1948-05-28,2025-07-26,IT,Tovo Di Sant'Agata,social_media,True
CUST001307,Dina,van Wallaert,julianehlert@example.org,Undisclosed,1952-04-24,2024-03-05,NL,Alem,social_media,True
CUST001308,Rufina,Bonet,maria-doloresmendoza@example.net,Undisclosed,1979-08-20,2023-10-30,ES,Lleida,organic_search,True
CUST001309,Roger,Verdier,jean42@example.org,F,1970-05-29,2024-12-29, FR ,Blanc,referral,False
CUST001310,Juan,Sáenz,escamillaleocadia@example.com,M,1963-02-08,2025-06-07,es,Segovia,organic_search,True
CUST001311,Zoran,Benthin,teresaebert@example.net,F,1970-06-02,2025-03-23,DE,Lobenstein,email,True
CUST001312,Ubaldo,Mazzini,ccerutti@example.com,M,1971-02-10,2025-08-07,IT,Eppan,email,False
CUST001313,Luke,Houghton,qlowe@example.net,M,1989-07-01,2023-01-24,GB,Lake Duncanside,referral,True
CUST001314,Luis Ángel,Peña,cortesreyna@example.org,M,1956-06-13,2023-02-17,es,Asturias,direct,True
CUST001315,Colin,Stone,charlottecameron@example.net,Undisclosed,1977-07-25,2024-01-06,GB,Griffithsburgh,referral,True
CUST001316,Marc,Alexander,bellpatricia@example.com,Undisclosed,1950-01-26,2023-07-23,gb,Glennfort,direct,True
CUST001317,Ricky,Murphy,ritacox@example.org,Undisclosed,1982-10-11,2025-03-17,GB,South Jacob,referral,True
CUST001318,Liz,de Gruijter,muhammedborman@example.net,F,1949-12-05,2024-02-29,NL,Odiliapeel,direct,True
CUST001319,Heiner,Barkholz,nmuehle@example.org,F,1997-04-22,2023-01-11, DE ,Gräfenhainichen,referral,True
CUST001320,Christian,Höfig,evi21@example.org,F,1973-04-01,2023-11-27, DE ,Hammelburg,organic_search,False
CUST001321,Gretchen,Heser,hlindner@example.org,Undisclosed,1958-03-18,2025-01-14, DE ,Bremervörde,social_media,True
CUST001322,Gregor,Gumprich,wkarz@example.com,Undisclosed,1969-06-14,2025-11-29,DE,Neunburg vorm Wald,referral,False
CUST001323,Ida,Romagnoli,sungaretti@example.org,M,1969-10-26,2024-10-02,IT,Ceresara,referral,True
CUST001324,Hans-Ulrich,Buchholz,roerrichtliesel@example.net,F,1994-11-12,2023-07-22,de,Hildburghausen,social_media,True
CUST001325,Maria,Berglund,alf72@example.com,M,1991-07-19,2023-10-02,se,Eskilstuna,direct,False
CUST001326,Luce,Lebreton,lebretonvictoire@example.org,Undisclosed,1989-02-28,2023-06-02,FR,Pereira-sur-Da Silva,email,False
CUST001327,Hermine,Ritter,juliegraf@example.com,Undisclosed,1998-05-19,2023-06-20, DE ,Saulgau,paid_search,True
CUST001328,Graciano,Alcaraz,wgarzon@example.org,F,1970-11-17,2024-07-05,ES,Albacete,referral,True
CUST001329,Jill,van Westfalen,renske48@example.org,M,1989-11-03,2025-05-09,NL,Sluis,referral,True
CUST001330,Rachel,Norris,wcraig@example.net,Undisclosed,1997-09-30,2023-06-08,GB,Geoffreyburgh,organic_search,False
CUST001331,Marilyn,Marsden,lrowe@example.net,M,1975-05-06,2023-07-02, GB ,Kirbychester,paid_search,False
CUST001332,Maartje,Groenendaal,jinthe91@example.org,F,1951-10-13,2023-01-21,NL,Almkerk,organic_search,True
CUST001333,Kata,Scholz,fdoehn@example.net,Undisclosed,1982-10-02,2023-12-26,DE,Siegen,email,True
CUST001334,Eva,Rosén,zkarlsson@example.org,M,1960-02-07,2025-12-19,SE,Karlskrona,referral,True
CUST001335,Niklas,Osman,ebergman@example.org,M,1977-04-03,2023-04-09,se,Alingsås,direct,False
CUST001336,Amira,Schuurmans,xappelman@example.org,Undisclosed,1963-11-23,2025-09-03,NL,Krewerd,paid_search,True
CUST001337,Ruth,Liebelt,mechthilde63@example.org,F,1947-11-28,2023-10-20,DE,Auerbach,direct,False
CUST001338,Maryam,Ulrich,lotde-bruijn@example.net,M,1968-06-26,2024-05-25,nl,Gorinchem,social_media,False
CUST001339,Hans-Josef,Schmiedt,jhendriks@example.com,Undisclosed,1989-07-15,2025-10-25,DE,Badoberan,paid_search,False
CUST001340,Zita,Vogt,oeckbauer@example.com,M,1957-07-03,2023-06-28,DE,Hersbruck,direct,True
CUST001341,Mathilde,Marchand,bernadettegrondin@example.org,F,1979-12-31,2023-06-07,FR,Sainte Zoé-la-Forêt,organic_search,False
CUST001342,  Richard,Williams,brandonmartin@example.org,M,1988-06-24,2025-10-06,GB,North Marian,direct,True
CUST001343,Macarena,Castrillo,pineiroamador@example.net,Undisclosed,1976-07-22,2025-09-09,ES,Cádiz,direct,True
CUST001344,Leon,Mulders,,Undisclosed,1965-11-21,2025-04-10, NL ,Hazerswoude-Dorp,email,False
CUST001345,Inaya,Carnotte,katede-groot@example.com,Undisclosed,1964-05-24,2024-05-15,NL,Cadier en Keer,organic_search,False
CUST001346,Inès,Henry,lorrainesimon@example.net,Undisclosed,1953-03-26,2023-12-12,FR,GodardBourg,paid_search,True
CUST001347,Jules,Morin,blanchardroland@example.com,F,1950-12-13,2025-01-21,FR,Étienne-sur-Mer,email,True
CUST001348,Antoinette,Legrand,froussel@example.org,Undisclosed,1978-10-16,2025-02-03,fr,Saint Mariannenec,referral,True
CUST001349,Linnea,Dahlin,oskoog@example.com,F,1946-05-17,2024-08-17, SE ,Piteå,direct,False
CUST001350,Necati,Nette,drubinzehra@example.com,Undisclosed,1987-06-20,2024-03-21,DE,Ebern,organic_search,False
CUST001351,  Amor,Alvarado,angeles13@example.net,M,1980-12-06,2025-09-26,ES  ,Castellón,social_media,True
CUST001352,Ashley,Lloyd,geoffrey30@example.com,M,1995-03-17,2023-01-11,GB,West Henry,organic_search,False
CUST001353,Mathilde,Courtois,fbourgeois@example.com,F,1990-01-17,2025-10-04,FR,Bigot,email,True
CUST001354,Senna,Louws,gvan-egisheim@example.com,M,1962-09-14,2023-11-15,NL,Graauw,social_media,False
CUST001355,Leonard,Hunt,joycebaker@example.net,M,1952-09-07,2025-05-27, GB ,Rogerborough,email,False
CUST001356,Cassandra,Lancisi,crismondo@example.com,F,2001-03-16,2023-11-28,IT,Albe,direct,True
CUST001357,Antonella,Niscoromni,pasquapomponio@example.org,M,1971-02-17,2023-08-15,IT,Tobbiana,social_media,True
CUST001358,Philippe,Coste,cbrun@example.net,Undisclosed,1973-07-27,2023-11-25,FR,Texier,organic_search,False
CUST001359,Suzanne,Breton,anastasie01@example.org,Undisclosed,1974-11-26,2025-09-28, FR ,Pelletier,email,False
CUST001360,Christine,Daly,liamstevens@example.com,F,1967-01-30,2023-09-27, GB ,North Stanleytown,social_media,True
CUST001361,Vittoria,Giannini,giampaolo79@example.com,M,1983-11-26,2024-04-29,IT,Ghislarengo,direct,True
CUST001362,Anneliese,Harloff,mhoelzenbecher@example.org,F,1952-09-08,2025-06-08,DE,Weimar,paid_search,True
CUST001363,Jill,Davey,allenleah@example.com,F,1967-04-23,2025-11-13,GB,Joeborough,direct,True
CUST001364,Henry,Oliver,robertsdawn@example.org,F,1954-02-16,2025-05-28,GB,Thompsonmouth,referral,True
CUST001365,Matthijs,Belpere,koversteeg@example.org,Undisclosed,1989-06-26,2024-01-22, NL ,Zelhem,organic_search,True
CUST001366,Melitta,Kusch,misicherkarsten@example.org,F,1948-03-14,2025-04-01,DE,Husum,referral,True
CUST001367,Melissa,van Beeck,dorsmanvincent@example.org,Undisclosed,1994-11-25,2023-07-06,NL  ,Maasbree,direct,True
CUST001368,Angelina,Mazzi,luciano56@example.org,Undisclosed,1979-04-15,2024-03-30,IT,Alserio,organic_search,False
CUST001369,Änne,Segebahn,shuhn@example.com,M,2007-08-22,2023-08-14,DE,Kleve,paid_search,False
CUST001370,  Marieluise,Atzler,baumhelmar@example.org,Undisclosed,1955-02-15,2023-04-08,DE,Hildburghausen,paid_search,False
CUST001371,Inger,Persson,feriksson@example.org,M,2001-03-22,2025-08-24,se,Ängelholm,email,False
CUST001372,Emin,Biggen,heserregina@example.org,F,1966-05-23,2024-11-15,DE,Grimmen,paid_search,False
CUST001373,Jovita,Domínguez,javiera96@example.com,Undisclosed,2008-08-14,2025-01-08,ES,Palencia,social_media,True
CUST001374,Fiona,Gregory,ubaldwin@example.org,F,2006-08-15,2024-07-19, GB ,Toddville,direct,True
CUST001375,Adelinde,Holt,cindymueller@example.net,Undisclosed,1967-08-04,2023-03-26,DE,Garmisch-Partenkirchen,paid_search,False
CUST001376,Lara,Bramante,iannottimarisa@example.com,M,1969-09-15,2023-07-22,IT  ,Sant'Anastasia,email,True
CUST001377,Clémence,Lopez,marinegarnier@example.org,F,1960-02-22,2025-12-28,FR,Saint Chantal,direct,False
CUST001378,Gavin,Bradley,gkay@example.com,Undisclosed,1997-07-05,2024-12-12, GB ,Graememouth,email,True
CUST001379,Gilles,Vasseur,claudebodin@example.org,Undisclosed,2008-01-24,2025-09-15,FR,Collin,paid_search,False
CUST001380,Tracey,Kay,gtaylor@example.org,F,1964-08-03,2023-09-22,GB,O'Brienport,direct,True
CUST001381,Juliana,Dörschner,finkevictor@example.org,Undisclosed,1962-01-20,2025-03-25,DE,Mittweida,paid_search,False
CUST001382,Margaud,Laporte,reneleroy@example.com,M,1976-06-26,2025-11-09,FR,Aubry,paid_search,True
CUST001383,Jan,Jacobsson,svenssonchristian@example.com,Undisclosed,1975-01-01,2023-01-08, SE ,Uppsala,referral,False
CUST001384,Benoît,Delahaye,xmaillard@example.org,M,1971-09-18,2025-10-28,FR,Leclercq-la-Forêt,social_media,False
CUST001385,Mason,van der Heijden,sethlabado@example.net,F,1987-01-08,2023-09-01,nl,Tynaarlo,direct,True
CUST001386,Madeleine,Menard,rnicolas@example.org,F,1953-03-29,2024-07-22,FR,Noël,paid_search,True
CUST001387,Jorge,Bastida,araujocoral@example.com,Undisclosed,1981-11-23,2025-12-30,ES,Cuenca,social_media,False
CUST001388,Irena,Lachmann,rebeccascholl@example.net,M,1972-05-08,2023-06-20,DE,Burgdorf,email,False
CUST001389,Åke,Chen,irmasjogren@example.com,F,1959-07-15,2024-10-26,SE,Lidköping,paid_search,False
CUST001390,  Paul,Green,diana94@example.net,Undisclosed,1979-12-06,2023-12-28,GB,Coxbury,referral,True
CUST001391,Guiseppe,Gotthard,mahmoudstiffel@example.org,Undisclosed,1968-04-14,2025-02-21,DE,Diepholz,referral,True
CUST001392,Meinrad,Bärer,stahrwilli@example.com,Undisclosed,1957-10-06,2025-06-24,DE,Bischofswerda,email,True
CUST001393,Desiree,Kitzmann,hannahwesack@example.org,M,1977-12-05,2025-07-02, DE ,Neustadtner Waldnaab,email,True
CUST001394,Kirsty,Davies,megangriffiths@example.org,F,1965-06-18,2025-10-12,gb,New Stephanie,email,True
CUST001395,Jacques,Faivre,,F,1955-08-29,2024-07-31,FR,Saint Thibautboeuf,direct,True
CUST001396,Caridad,Jiménez,vtrujillo@example.com,M,1990-10-30,2023-05-23,ES,Córdoba,email,True
CUST001397,Mathilde,Le Roux,celine05@example.com,F,2006-05-05,2025-12-14,FR,Beckerdan,email,False
CUST001398,  Jadwiga,Schwital,hillerheide-marie@example.net,Undisclosed,1947-02-04,2023-02-12,DE,Lörrach,paid_search,True
CUST001399,Jean,Holland,katyturner@example.com,Undisclosed,1984-12-26,2023-06-21, GB ,Evansland,organic_search,True
CUST001400,Fedde,Schatteleijn,selinade-gratie@example.net,F,2005-05-16,2024-11-24,NL,Westerwijtwerd,referral,False
CUST001401,Sibylle,Stiebitz,lputz@example.com,F,1969-06-03,2023-12-01, DE ,Kötzting,direct,False
CUST001402,Damaris,Lindau,,Undisclosed,1964-06-25,2023-09-10,de,Erkelenz,referral,False
CUST001403,Athanasios,Sager,,F,1981-01-27,2023-10-18,DE,Schrobenhausen,paid_search,False
CUST001404,Dina,Wendt,van-doornlois@example.com,M,1965-04-23,2024-08-10,NL,Diphoorn,direct,True
CUST001405,Jake,van Luyssel,van-wessexsilke@example.net,F,1992-01-08,2025-10-04,NL,Ferwert,social_media,False
CUST001406,Holly,Barber,sara82@example.com,F,2000-02-09,2023-06-06,GB,Stephenmouth,referral,True
CUST001407,Duilio,Baena,gelabertlorenzo@example.net,F,1978-12-01,2023-12-31,ES,Álava,paid_search,False
CUST001408,Aureliano,Iglesias,qortuno@example.org,M,1955-01-21,2024-08-10,ES,Girona,social_media,True
CUST001409,Dominic,Williams,nicholasedwards@example.org,Undisclosed,2008-03-03,2023-01-05, GB ,West Geraldton,paid_search,False
CUST001410,Febe,Pomares,ppacheco@example.net,M,1974-06-09,2025-07-03,ES,Badajoz,organic_search,False
CUST001411,Hajo,Rose,solveig49@example.com,F,1975-05-05,2024-07-24,de,Rosenheim,email,False
CUST001412,James,Ernst,heddawilmsen@example.org,M,1974-01-05,2024-10-15,DE,Hannoversch Münden,direct,False
CUST001413,Célina,Morvan,emile49@example.net,F,1958-02-28,2023-10-11,FR,NguyenBourg,referral,False
CUST001414,Luis,Paffrath,anneliesmargraf@example.net,F,1992-04-22,2025-12-29,DE,Mühlhausen,referral,False
CUST001415,Bethany,Day,rachel76@example.com,Undisclosed,1983-09-19,2025-12-15,gb,Port Emilyland,organic_search,True
CUST001416,Margherita,Cimarosa,,F,1987-07-20,2025-01-10,IT,Bisacquino,email,True
CUST001417,Ferdinand,Scholl,claerepeukert@example.com,F,1982-08-27,2023-08-14,de,Bamberg,paid_search,False
CUST001418,Adrian,Misicher,zeberth@example.net,Undisclosed,2000-08-19,2024-05-11, DE ,Bamberg,direct,True
CUST001419,Brett,Wright,hollowayfrancesca@example.org,M,2001-08-13,2025-02-12,GB,Annafort,direct,True
CUST001420,Bettina,Torlonia,stefani01@example.net,F,1995-12-30,2023-06-01, IT ,Tires,social_media,True
CUST001421,  Nicole,Costa,dianemeunier@example.net,M,1954-12-19,2023-06-11, FR ,Parent,paid_search,False
CUST001422,Thomas,Nelson,joshjohnson@example.net,M,1988-02-15,2023-10-14,GB,North Joseph,direct,False
CUST001423,Annamaria,Dietz,fliegnerdoerte@example.org,M,1962-07-04,2025-06-28, DE ,Böblingen,organic_search,True
CUST001424,  Reinhold,Blümel,gbarth@example.com,M,1953-12-21,2023-12-22,DE,Luckenwalde,email,False
CUST001425,Karl,Lindström,paberg@example.net,F,1975-07-26,2025-10-24,se,Skövde,organic_search,False
CUST001426,Emma,Carlsson,elisabethdanielsson@example.net,F,1996-02-26,2023-09-14,se,Skellefteå,paid_search,True
CUST001427,Eckhard,Schacht,shoffmann@example.net,M,1979-03-25,2025-08-17,DE,Strasburg,paid_search,True
CUST001428,Linnéa,Borgström,per17@example.com,F,1964-12-20,2025-01-30, SE ,Helsingborg,social_media,False
CUST001429,Leah,Brooks,tbrown@example.org,F,1990-05-28,2023-02-27, GB ,Thomasstad,referral,True
CUST001430,Agapito,Cuadrado,adelinasedano@example.com,F,1970-01-10,2024-09-25,es,Huelva,organic_search,True
CUST001431,Derek,Parsons,llewis@example.net,M,1994-08-17,2025-09-17, GB ,Kellyberg,social_media,False
CUST001432,Leah,Jones,katy46@example.org,M,1977-10-14,2025-03-26,GB,New Lindsey,paid_search,True
CUST001433,Damien,Jackson,callum59@example.net,F,2002-02-26,2024-11-09,GB,Townsendtown,paid_search,True
CUST001434,Fabian,van Westfalen,kyanogerritse@example.net,F,1991-11-29,2025-02-21,nl,Swalmen,paid_search,False
CUST001435,Rotraut,Gertz,kira33@example.org,Undisclosed,1995-03-27,2023-06-11,de,Wunsiedel,paid_search,True
CUST001436,James,Drewes,dbolnbach@example.net,Undisclosed,1948-03-25,2023-11-26,DE,Meißen,referral,False
CUST001437,Franck,Rocher,julie02@example.com,M,1976-04-09,2025-07-05,FR,Lucas-sur-Mer,email,True
CUST001438,Ize,Serra,lucavan-tours@example.com,Undisclosed,1961-01-10,2025-03-04, NL ,Heijen,paid_search,False
CUST001439,Diedrich,Säuberlich,swenraedel@example.org,M,1947-05-02,2023-07-19,DE,Forchheim,organic_search,False
CUST001440,Rafael,le Luc,jansenpuk@example.org,M,1984-05-10,2023-07-12,nl,Westzaan,social_media,False
CUST001441,Ellen,Karlsson,hedingabriella@example.net,M,2002-04-30,2024-12-24,se,Nyköping,email,False
CUST001442,Elli,Römer,wotto@example.com,F,2003-10-04,2025-06-24,DE,Bergzabern,email,True
CUST001443,Norah,Dries,ovan-dagsburg@example.com,Undisclosed,1984-05-31,2025-01-14,NL,Buggenum,paid_search,False
CUST001444,Eugène,Lemaire,sabineblondel@example.com,M,1979-08-15,2025-01-21,FR,Roux,direct,False
CUST001445,Rosario,Pallarès,alonso34@example.com,Undisclosed,1950-04-22,2025-11-02, ES ,Girona,direct,True
CUST001446,Monique,Pohl,reinhardtchristina@example.org,F,1987-04-12,2024-05-16,DE,Lippstadt,social_media,False
CUST001447,Elise,van Nederlotharingen,van-der-staeljet@example.org,F,2008-02-10,2023-11-21,NL,Koudekerke,email,True
CUST001448,Juan Carlos,Fonseca,antuneznilo@example.com,M,1968-06-13,2024-12-15, ES ,Barcelona,paid_search,True
CUST001449,Tina,Blasi,allegramonicelli@example.net,M,1961-09-19,2025-03-23, IT ,Mezzate,social_media,False
CUST001450,Tessa,van Beek,bourgondie-vanpepijn@example.org,M,1986-05-22,2024-03-11,NL,Buren,referral,True
CUST001451,Luke,Webb,rmay@example.net,Undisclosed,1979-06-23,2025-08-20, GB ,Lake Bruce,referral,False
CUST001452,Michael,Begum,yjones@example.org,M,1947-06-24,2023-05-08,GB,New Tina,paid_search,True
CUST001453,Baldomero,Pombo,jalfaro@example.com,Undisclosed,1997-10-15,2024-03-09,ES,Tarragona,social_media,True
CUST001454,Ashley,Clark,sharonharrison@example.net,F,1953-09-17,2023-06-21,gb,Jayborough,direct,False
CUST001455,Ditmar,Schacht,sueleyman03@example.org,M,1946-05-14,2025-05-09,de,Lübben,organic_search,True
CUST001456,Gionata,Bettin,anguillaratatiana@example.net,F,1950-11-24,2025-05-27,it,Mollaro,email,False
CUST001457,Bilal,Timmermans,tijmenlamotte@example.com,Undisclosed,1969-06-24,2025-08-31,NL,Kaard,direct,False
CUST001458,Imke,Heyne,hendrik96@example.com,F,1990-05-13,2023-01-21, NL ,Brunssum,direct,True
CUST001459,Harold,Oderwald,hermanntatiana@example.net,Undisclosed,1993-09-04,2024-10-25,DE,Füssen,direct,False
CUST001460,Mees,Pierson,xstichter@example.net,F,1981-07-14,2023-01-30,NL,Kwadendamme,social_media,True
CUST001461,Bernard,Perrot,marthe88@example.org,M,2006-12-16,2025-04-12,FR,Munozdan,paid_search,False
CUST001462,Kyano,Strijker,daniel32@example.net,F,1996-03-03,2023-07-19,NL,Wijnbergen,referral,True
CUST001463,Margita,Zirme,ewaldkoehler@example.net,F,1955-05-06,2025-02-12,DE,Gera,referral,True
CUST001464,  Alyssa,Bosman,hvan-hoevel-en-van-zwindrecht@example.org,M,1964-01-29,2025-01-28,NL,Leiderdorp,organic_search,False
CUST001465,Lars,Lindqvist,fgustafsson@example.org,Undisclosed,1979-05-24,2025-07-22,SE,Borlänge,social_media,True
CUST001466,Harold,Kramer,cmartin@example.org,Undisclosed,1958-03-26,2023-12-27,DE,Perleberg,referral,False
CUST001467,Sandra,Sundin,magnussonandreas@example.com,Undisclosed,1997-01-09,2025-02-20,SE,Eskilstuna,social_media,True
CUST001468,Monique,Loiseau,olivieleroy@example.com,Undisclosed,1975-03-23,2023-06-29, FR ,ChauveauVille,email,True
CUST001469,Giovanna,Luna,viscontiosvaldo@example.net,Undisclosed,2004-02-08,2025-10-13, IT ,Villimpenta,email,True
CUST001470,Rico,Solsona,qvillena@example.org,M,1996-06-03,2024-08-16,ES,Barcelona,organic_search,True
CUST001471,Graham,Watkins,whitejill@example.com,M,1998-03-04,2025-08-19,GB,Tomshire,direct,False
CUST001472,Ravi,Sam,nbrese@example.com,Undisclosed,1990-07-18,2023-01-16,nl,Kerkdriel,direct,False
CUST001473,Fortunata,Micheletti,catenazzilivio@example.net,M,2002-07-28,2024-09-21,IT,Fino Del Monte,organic_search,False
CUST001474,Camille,Colin,,M,1975-11-19,2023-03-08,FR,Duranddan,referral,False
CUST001475,Christiane,Diaz,turpinauguste@example.com,M,2003-02-20,2024-11-17,fr,Carpentiernec,email,True
CUST001476,Chloé,Timmermans,erhoutmason@example.net,Undisclosed,1950-01-15,2025-03-16,NL,Schokland,direct,False
CUST001477,Ruperta,Uría,juanllorente@example.com,F,1954-05-05,2023-12-22,ES,Santa Cruz de Tenerife,organic_search,True
CUST001478,Darío,Arenas,eugenioayala@example.org,M,1958-03-22,2025-10-29,ES,Palencia,direct,False
CUST001479,Lidia,Jove,ariel83@example.org,F,1963-03-15,2023-11-22, ES ,Soria,organic_search,True
CUST001480,Adèle,Nicolas,elodie09@example.org,F,1950-12-15,2023-02-26,FR,HebertBourg,organic_search,True
CUST001481,Concepción,Pera,galvezherminio@example.com,F,2002-02-08,2025-07-18,es,Asturias,paid_search,False
CUST001482,Mathias,auch Schlauchin,jholzapfel@example.org,M,1999-04-26,2024-02-01,DE,Hoyerswerda,direct,True
CUST001483,Billy,Johnson,xbartlett@example.com,F,1956-08-04,2024-07-17,GB,Samuelport,referral,True
CUST001484,Ehrhard,Schlosser,siegriedschaefer@example.org,F,1960-01-28,2023-08-16, DE ,Oranienburg,social_media,True
CUST001485,Margaux,Pages,martin69@example.org,F,1955-11-24,2023-07-10,FR,LedouxBourg,email,True
CUST001486,Hortense,Lombard,hubertgenevieve@example.net,F,1982-12-28,2025-04-27,fr,TanguyBourg,email,False
CUST001487,Édith,Dijoux,seguincharlotte@example.net,F,1975-09-11,2024-10-04,fr,Royer,organic_search,True
CUST001488,Niek,Peters,miasmits@example.org,M,2000-01-21,2023-03-06,NL,Odoornerveen,referral,True
CUST001489,Gabriel,Jacquot,cecilegomes@example.net,F,1962-02-01,2023-11-21,fr,Peronnec,organic_search,True
CUST001490,Denis,Étienne,edouard58@example.net,M,1990-02-21,2025-11-26, FR ,Texier-sur-Mer,paid_search,True
CUST001491,Cathrin,Eberth,azimmer@example.org,Undisclosed,2008-09-04,2024-11-01,DE,Ludwigsburg,social_media,False
CUST001492,Zacharie,Bouvier,juliebertin@example.com,Undisclosed,1953-09-17,2025-09-13,FR,Sainte Astrid-les-Bains,social_media,False
CUST001493,Rotraut,Girschner,xschueler@example.org,F,2005-04-28,2025-10-12,de,Ansbach,paid_search,False
CUST001494,Kreszentia,Röhrdanz,erollindner@example.com,Undisclosed,1994-02-03,2025-03-15,DE  ,Wolfach,paid_search,False
CUST001495,Peter,Marshall,clarkejoshua@example.com,Undisclosed,1950-08-26,2025-06-06,gb,New Melanie,social_media,True
CUST001496,Sepp,Peronne,wvan-brenen@example.org,M,1994-02-18,2025-02-23,NL,Loon op Zand,organic_search,False
CUST001497,Tina,Richards,holttom@example.net,M,1994-10-29,2023-12-09,GB,North Owenmouth,social_media,False
CUST001498,Michelle,Yates,,M,1996-02-02,2025-03-26,GB,Barberfort,paid_search,False
CUST001499,Pauline,Pruvost,nathvidal@example.net,M,2008-01-15,2024-05-17, FR ,Perez-les-Bains,social_media,True
CUST001500,  Wilfredo,Pinilla,pelayoileana@example.net,M,1967-06-28,2023-01-20,es,Cádiz,referral,False
CUST001501,Maurice,Parker,lewis34@example.com,Undisclosed,1980-11-28,2024-04-21,gb,Hussainfurt,paid_search,True
CUST001502,Rhys,Crawford,antony20@example.net,Undisclosed,1964-08-14,2024-07-23, GB ,Nigelstad,direct,False
CUST001503,Zenon,Mangold,guenther14@example.com,F,1960-11-25,2025-06-10, DE ,Hagenow,email,False
CUST001504,Roger,Blanchard,julie13@example.net,F,1952-03-19,2023-04-06,FR,Courtois,referral,False
CUST001505,Élodie,Tanguy,antoinejoseph@example.org,F,2000-01-21,2025-02-23,FR,Robert,referral,True
CUST001506,Roland,Masse,xmichel@example.org,M,1974-09-15,2025-08-03, FR ,Dijoux-les-Bains,referral,True
CUST001507,Diana,Bell,hharris@example.net,F,1953-11-05,2024-11-21,GB,Gregoryfort,email,False
CUST001508,Aimee,Clark,nicholas24@example.net,F,1969-10-02,2024-07-16,GB,Lake Rossland,social_media,False
CUST001509,Sandra,Yates,charles85@example.com,M,1980-07-31,2023-04-07,GB,Lake Charlenemouth,direct,True
CUST001510,Narcisa,Vázquez,rossellocornelio@example.net,F,1967-04-17,2025-02-04, ES ,Navarra,organic_search,True
CUST001511,Delia,Peñalver,aguilojose-luis@example.org,Undisclosed,2005-01-11,2023-08-04,ES,Soria,paid_search,True
CUST001512,Youssef,Levesque,maartenvan-mook@example.org,Undisclosed,1995-08-08,2024-01-27,NL,Uithoorn,direct,True
CUST001513,Johanna,Abrahamsson,erik18@example.net,F,1950-04-05,2024-06-15,SE,Örnsköldsvik,organic_search,False
CUST001514,Sergio,Stroh,ingeborggiess@example.org,M,1963-08-02,2024-11-05,de,Senftenberg,paid_search,True
CUST001515,Annette,Sontag,fatimakeudel@example.com,F,1957-12-08,2025-08-01,DE,Gelnhausen,email,False
CUST001516,Rene,Scheuermann,gordana77@example.net,M,1969-12-26,2023-09-08,DE,Hamburg,social_media,False
CUST001517,Katie,Rose,lloydgerard@example.com,M,1990-10-05,2025-09-15,GB,Clarkmouth,social_media,True
CUST001518,Paride,Ceri,fortunata15@example.net,M,1998-05-01,2024-02-26, IT ,Urbe,organic_search,True
CUST001519,Horst-Günter,Baum,aschinke@example.net,F,1965-06-25,2025-08-16,DE  ,Ochsenfurt,referral,False
CUST001520,Annamaria,Miniati,veronicapizziol@example.org,Undisclosed,1963-06-27,2024-09-30, IT ,Goricizza E Pozzo,paid_search,True
CUST001521,Silvio,Kuhl,zkrein@example.com,Undisclosed,1963-06-04,2025-01-14,DE,Großenhain,email,True
CUST001522,Pierina,Beccheria,vgaliazzo@example.net,M,1966-09-05,2023-05-21,IT,Brunico,referral,True
CUST001523,Élise,Leclerc,klouis@example.org,F,1998-09-24,2023-10-29,fr,Sainte GillesVille,email,True
CUST001524,Undine,Ullmann,,M,1947-02-13,2024-06-30,DE,Bremen,organic_search,True
CUST001525,Adam,Joyce,jay81@example.net,Undisclosed,1970-04-28,2024-12-26,GB,East Paula,social_media,True
CUST001526,Suzanne,Renard,owagner@example.com,Undisclosed,2007-08-27,2025-06-22,FR,Rémy,email,True
CUST001527,Paul,Richard,jfabre@example.net,M,1948-02-20,2024-08-25,FR,Saint Constance,email,False
CUST001528,Roland,Hernandez,cvallee@example.org,F,1947-05-02,2023-08-12,fr,Lefort,organic_search,True
CUST001529,Duilio,Pina,anastasiollado@example.net,M,1990-04-10,2024-06-29,es,Barcelona,referral,False
CUST001530,Geraldine,Carter,graham11@example.net,Undisclosed,1973-12-13,2025-03-13,gb,North Joannaberg,paid_search,True
CUST001531,Léon,Seguin,guyonjacqueline@example.com,Undisclosed,2004-02-28,2024-02-21,fr,Breton,organic_search,True
CUST001532,Henry,Nicholls,blewis@example.com,M,1952-06-19,2024-01-15,GB,Abbieshire,direct,True
CUST001533,Dirk,Muller,sde-graaf@example.com,F,1973-05-02,2023-12-15,NL  ,Wissenkerke,email,True
CUST001534,Patrick,Weber,christine48@example.net,F,1946-11-08,2023-01-27,fr,Petitjeannec,social_media,True
CUST001535,Maurice,Verdier,paulette81@example.com,Undisclosed,1947-05-18,2023-12-16,FR,Pires-sur-Mer,email,True
CUST001536,Elmar,Seifert,ekoch-ii@example.net,F,1966-10-27,2025-09-27,DE,Dinkelsbühl,referral,False
CUST001537,Hartmut,Niemeier,dehmelbaerbel@example.org,F,1986-01-24,2024-04-12,DE,Borken,organic_search,False
CUST001538,Karlijn,Osterhoudt,sethvan-northeim@example.net,Undisclosed,1949-09-10,2024-11-18,nl,Tynaarlo,email,False
CUST001539,Arnd,Jungfer,samir45@example.org,M,1992-07-27,2025-01-16,DE,Altentreptow,referral,False
CUST001540,Janice,Knight,hollie38@example.com,Undisclosed,1990-01-19,2023-08-19, GB ,West Bethany,email,True
CUST001541,Kim,Evers,jvan-den-berg@example.net,Undisclosed,2008-05-16,2023-10-18,NL,Den Oever,email,False
CUST001542,Ferdinand,Wernecke,ethies@example.com,M,1946-08-11,2024-02-27,DE,Parchim,social_media,False
CUST001543,Ian,Young,thompsonjennifer@example.org,M,1979-05-19,2025-12-15,GB,Lake Judith,email,False
CUST001544,Astrid,Alexandre,vjoly@example.net,Undisclosed,1946-04-25,2024-07-19,FR,Lemaire,referral,True
CUST001545,Krister,Hammar,uostberg@example.net,M,2006-03-20,2025-06-06,se,Nyköping,organic_search,False
CUST001546,Dennis,Roberts,patrickharris@example.net,M,1994-04-21,2023-10-29,GB,Maureenview,direct,True
CUST001547,Áurea,Cerdá,nsevillano@example.com,M,1956-11-10,2024-09-13, ES ,Álava,organic_search,True
CUST001548,Joseph,Turner,helen22@example.com,M,1946-01-24,2024-08-02,GB  ,Ritaborough,email,False
CUST001549,Valentin,Kabus,henridehmel@example.net,M,1952-02-17,2023-01-02,DE,Schwäbisch Gmünd,referral,True
CUST001550,Heather,Moore,ewright@example.com,Undisclosed,1961-01-23,2023-06-26,gb,Teresatown,referral,True
CUST001551,Carola,Gustavsson,kurtpersson@example.com,M,1988-03-07,2024-08-18,se,Eskilstuna,direct,False
CUST001552,Robin,White,martinwright@example.org,M,1963-07-30,2025-05-15,GB,East Zoeshire,referral,False
CUST001553,Elodia,Lluch,kmurillo@example.net,M,2000-08-14,2023-12-21,ES,Castellón,paid_search,True
CUST001554,Carlo,Comencini,adamogiannelli@example.org,M,1955-06-09,2024-05-27,IT  ,Monticello Brianza,social_media,False
CUST001555,Rosi,Birnbaum,uackermann@example.org,M,1955-01-02,2024-01-11, DE ,Magdeburg,referral,False
CUST001556,Kira,Drubin,tjunken@example.net,M,1962-01-25,2024-10-03,DE,Koblenz,email,False
CUST001557,Zoe,Saunders,wcole@example.com,Undisclosed,1951-01-02,2025-05-11, GB ,East Ashleigh,email,True
CUST001558,Capucine,Camus,michele26@example.net,F,1992-12-25,2023-10-15,FR,Pottier,social_media,True
CUST001559,Gaspar,Amaya,rozasflorinda@example.com,F,2004-08-15,2024-08-23,ES,Lleida,organic_search,False
CUST001560,Annalisa,Federico,lilla63@example.net,F,1971-09-17,2025-11-26,it,Vigolzone,direct,True
CUST001561,Capucine,Alves,oceanedubois@example.org,Undisclosed,1981-06-23,2024-11-13,FR,Thomas,social_media,True
CUST001562,Alma,Aumann,matthaeus15@example.com,Undisclosed,1986-12-22,2023-09-06,DE,Bad Brückenau,direct,True
CUST001563,Josefa,Isern,felisa76@example.org,M,1964-05-04,2025-11-23, ES ,Ourense,direct,True
CUST001564,Louise,De Sousa,wagnercharlotte@example.net,F,1979-01-18,2024-09-08,FR,Reynaud,referral,True
CUST001565,Emperatriz,Coronado,arenasrafael@example.org,F,1993-09-13,2023-08-23,ES,Barcelona,paid_search,True
CUST001566,Bertrand,Hebert,humbertvictoire@example.org,M,1989-01-23,2023-08-01,FR,Sainte Étienne,organic_search,False
CUST001567,Amir,Vermeulen,nadine39@example.net,F,2002-08-29,2025-04-08,NL,Mheer,referral,False
CUST001568,Tilly,Kobelt,saskiaschaaf@example.net,M,1980-10-26,2025-06-18, DE ,Stollberg,organic_search,True
CUST001569,Benjamin,Collins,qfletcher@example.net,F,2001-10-29,2023-10-18,GB,Lake Vincent,direct,True
CUST001570,Tina,Ryan,thompsonsamuel@example.com,F,1980-01-30,2025-09-02,GB,Lordtown,email,False
CUST001571,Maurice,Hall,henry85@example.org,F,2002-07-31,2024-07-17,GB,New Gillianland,email,True
CUST001572,Diedrich,Gotthard,conradihans-detlef@example.net,M,1967-04-16,2023-02-27, DE ,Eichstätt,social_media,True
CUST001573,Tyler,Evers,molegraaffloor@example.com,F,2005-05-17,2025-06-29,NL,Kapel-Avezaath,direct,False
CUST001574,Mario,Feijoo,,Undisclosed,1996-07-17,2024-07-21,ES,Granada,referral,True
CUST001575,Hans Georg,Holsten,kramerilona@example.com,Undisclosed,1955-03-29,2024-12-15, DE ,Lübben,direct,True
CUST001576,Regina,Gute,martinagraf@example.com,M,1957-09-26,2024-12-21,DE,Grevesmühlen,paid_search,False
CUST001577,Norman,Sager,fhettner@example.com,Undisclosed,1970-06-05,2024-09-12,DE,Sondershausen,email,True
CUST001578,Alan,Giles,rburke@example.org,F,1985-07-04,2025-11-04,GB,Bryanshire,referral,False
CUST001579,Jill,Roberts,ritawilliams@example.net,Undisclosed,1959-10-20,2025-04-06,gb,Bethhaven,organic_search,True
CUST001580,Charlie,Jones,george83@example.com,F,1947-10-28,2025-10-19,GB,New Katyburgh,direct,True
CUST001581,Mark,Köhler,detzold@example.net,M,1984-01-18,2023-08-04,DE,Steinfurt,email,True
CUST001582,Louise,Pelletier,bretonmartine@example.org,Undisclosed,2004-11-03,2023-05-07, FR ,Saint Astrid,social_media,True
CUST001583,Christian,Johnston,pshepherd@example.org,M,1966-07-11,2023-12-23, GB ,South Janice,direct,True
CUST001584,Caroline,Wright,danielwilliams@example.net,M,1992-12-10,2024-02-05,gb,Elliottfort,direct,True
CUST001585,Viggo,Jakobsson,karlholmstrom@example.com,F,1948-05-31,2025-06-07, SE ,Lidingö,organic_search,True
CUST001586,Ute,Rust,linkeslavko@example.com,F,1972-12-14,2024-02-21,DE,Eberswalde,email,True
CUST001587,Yasmin,van den Oever,sennasteenbeek@example.net,Undisclosed,1959-03-10,2024-11-28,NL,Wouw,email,True
CUST001588,Simone,Vincent,gillesdupre@example.com,M,1951-11-01,2024-02-29,FR,Gosselin,referral,True
CUST001589,Anastasie,Gaillard,suzanneperrot@example.com,F,1977-01-09,2023-05-18,FR,Saint Luc,paid_search,False
CUST001590,Joey,Overeem,michaeltakkelenburg@example.org,Undisclosed,2004-01-20,2023-07-26,NL,Heinkenszand,organic_search,True
CUST001591,Jan,de Bruijn,ugalenzone@example.org,Undisclosed,1946-01-07,2024-08-16,NL,Swolgen,paid_search,False
CUST001592,Per,Elofsson,mohamedjohnsson@example.net,Undisclosed,1977-10-28,2023-06-03,SE,Karlskrona,referral,False
CUST001593,Filippo,Junck,klaeredietz@example.com,F,1997-08-10,2025-03-28,DE,Lippstadt,social_media,True
CUST001594,Ricardo,Reinhardt,roswita46@example.net,M,1950-07-24,2023-03-08,DE,Neustadtner Waldnaab,organic_search,True
CUST001595,Jip,Ouwerkerk,mulderspien@example.net,Undisclosed,1970-10-20,2024-02-23,NL,Oeffelt,organic_search,True
CUST001596,Patricia,Austin,donna09@example.net,Undisclosed,1989-08-12,2025-10-07,GB,East Dawn,organic_search,False
CUST001597,Bernadette,Morin,benjaminlecomte@example.com,Undisclosed,1968-10-16,2023-05-25,FR,Guibert-les-Bains,referral,False
CUST001598,Reimar,Steuer,sflantz@example.com,F,2001-07-27,2023-09-23,DE,Bad Brückenau,paid_search,False
CUST001599,Rocco,Stoll,veronica62@example.org,F,1980-11-20,2025-06-02, DE ,Mühldorf am Inn,organic_search,True
CUST001600,Ciro,Pirandello,naccarigiuseppina@example.net,Undisclosed,2000-05-13,2024-02-06,IT,Cavatore,organic_search,False
CUST001601,Amelie,Kraus,marcoeckbauer@example.net,F,1992-05-21,2023-04-17,DE,Angermünde,email,True
CUST001602,Audrey,Pires,qguibert@example.com,M,1949-05-23,2023-08-25,FR,Lamy,social_media,False
CUST001603,Alla,Köhler,jolanthe19@example.com,F,1998-10-30,2023-04-29,de,Waren,direct,True
CUST001604,Simone,Colin,camille85@example.org,F,1974-07-17,2023-01-31, FR ,Thierrynec,paid_search,False
CUST001605,Trudi,Trommler,fischerahmed@example.com,Undisclosed,1985-11-04,2024-01-05,DE,Feuchtwangen,paid_search,False
CUST001606,Simon,Blake,dwilliams@example.com,F,1979-01-01,2023-09-23,GB,Owenstad,organic_search,False
CUST001607,Babette,Hethur,simon54@example.org,M,1957-11-05,2024-02-26,DE,Jüterbog,paid_search,False
CUST001608,Manuel,Aranda,calemany@example.com,M,1986-03-24,2024-09-11,ES,Huelva,paid_search,False
CUST001609,Jacek,Gertz,reichmannjo@example.com,F,1951-05-27,2024-10-15,DE  ,Cuxhaven,email,False
CUST001610,Leigh,Page,ashleighhughes@example.com,Undisclosed,1992-07-26,2024-07-26,gb,Port Judith,direct,True
CUST001611,Niccolò,Baroffio,ebarzini@example.com,F,1955-09-02,2023-09-09, IT ,Levada,paid_search,False
CUST001612,Nout,Stettyn,uvan-de-water@example.org,F,1974-06-09,2025-07-18,nl,Philippine,referral,False
CUST001613,Hilary,Reid,akhtardouglas@example.net,M,1951-01-29,2024-09-07,GB,Arnoldborough,email,False
CUST001614,Dominique,Berger,thibaut98@example.net,F,1992-12-04,2023-02-08,fr,Sainte Henriette,email,True
CUST001615,Robert,Letellier,wfabre@example.com,F,1992-07-23,2025-06-01,FR,Baron,social_media,True
CUST001616,Ize,Scuylenborchs,de-vriessaar@example.org,Undisclosed,1964-03-28,2024-11-19,nl,'t Zandt,organic_search,False
CUST001617,Emma,Fredriksson,yekstrom@example.com,Undisclosed,1977-02-25,2025-06-07,SE,Linköping,organic_search,False
CUST001618,Naud,Mulder,kickbeourgeois@example.net,M,1950-01-07,2024-08-11,NL,Limbricht,direct,False
CUST001619,Hugh,Henderson,ofox@example.net,F,1978-01-18,2023-11-29, GB ,West Mauricemouth,organic_search,False
CUST001620,Naomi,van Wessex,maya72@example.com,Undisclosed,1960-01-07,2024-07-15,nl,Warten,referral,False
CUST001621,Ryan,Benson,ellieblack@example.com,Undisclosed,1984-07-24,2023-03-21,gb,Lake Hollyside,direct,True
CUST001622,Leander,Hornich,david38@example.com,M,1996-10-11,2023-09-12,DE,Merseburg,email,False
CUST001623,Mohammed,Johnson,nday@example.net,M,1984-02-15,2023-02-05,GB,Allantown,referral,True
CUST001624,Olivia,Björklund,astrid73@example.com,M,1986-12-31,2025-04-16,SE,Linköping,referral,False
CUST001625,Cecilia,Hoffmann,nharloff@example.org,M,1957-11-02,2023-05-12,de,Wittenberg,email,True
CUST001626,Lieke,Molegraaf,avan-der-ven@example.com,Undisclosed,1974-02-20,2024-04-10,NL,Lekkerkerk,paid_search,True
CUST001627,Reingard,Striebitz,kunigunde51@example.net,M,1988-10-07,2023-03-20,DE,Nürtingen,organic_search,True
CUST001628,Gillian,Hussain,zwilson@example.com,M,2008-08-06,2023-05-05, GB ,Fraserburgh,social_media,True
CUST001629,Marita,Käster,ahoevel@example.net,M,1997-08-07,2024-04-25, DE ,Starnberg,organic_search,True
CUST001630,Kimberley,Lambert,jillwalker@example.com,Undisclosed,1974-02-23,2024-02-22,GB,Barretttown,direct,False
CUST001631,Elena,Rebollo,emilianovaquero@example.org,M,1947-03-28,2024-08-02,ES  ,Salamanca,email,False
CUST001632,Charlotte,Pottier,jacquescolas@example.net,F,1951-11-15,2025-08-21,fr,Simon,organic_search,False
CUST001633,Tygo,Zuidweg,mvan-de-ven@example.org,Undisclosed,1994-11-20,2023-11-04,nl,Ittervoort,social_media,False
CUST001634,Eligio,Marcos,agustinafolch@example.com,Undisclosed,1950-02-03,2024-03-16,ES,Castellón,email,True
CUST001635,Chiara,Ruffini,psauro@example.net,Undisclosed,1962-02-22,2023-06-08,IT,Rotabile,referral,False
CUST001636,Magarete,Schleich,potto@example.org,F,2002-09-13,2023-09-06,DE,Ebern,direct,False
CUST001637,Aimé,Bouvet,celinamace@example.org,M,1947-11-19,2024-10-11,FR,Dijouxdan,social_media,True
CUST001638,Vera,Heß,yboucsein@example.com,F,2005-10-17,2025-01-11,DE,Weimar,email,False
CUST001639,Lennart,Jakobsson,johanssonmadeleine@example.org,F,2001-08-22,2025-01-11,SE,Östersund,direct,False
CUST001640,Ranieri,Renzi,otornatore@example.net,Undisclosed,1999-04-08,2024-04-16,IT,Molino Di Bascio,paid_search,True
CUST001641,Nathan,Atkinson,lanemarcus@example.net,Undisclosed,1970-08-15,2025-04-14,gb,Lynchberg,social_media,False
CUST001642,Juan Luis,Caballero,nataliatolosa@example.org,Undisclosed,1968-02-21,2024-10-04,ES,Lleida,referral,False
CUST001643,Glenn,Harris,wmitchell@example.com,F,1975-12-11,2024-02-10,gb,Barbaraview,email,False
CUST001644,Zoe,Barber,marilyn02@example.org,F,1960-09-21,2025-08-20,GB,Lynnestad,organic_search,True
CUST001645,Leo,Mülichen,leonhard29@example.net,M,1994-03-17,2023-05-30,DE,Suhl,social_media,True
CUST001646,Luís,Plana,fabian22@example.net,M,1963-03-12,2025-04-03, ES ,Albacete,social_media,True
CUST001647,Corinna,Aumann,cordulajaehn@example.org,M,1963-05-03,2023-04-03,DE,Werdau,direct,False
CUST001648,Omar,Costa,ntapia@example.org,F,1985-08-21,2025-06-11,ES,Melilla,direct,True
CUST001649,Alma,Echevarría,reyes72@example.net,M,1978-08-14,2023-11-08,ES,Álava,email,False
CUST001650,Jules,Neuzerling,wagenvoortkick@example.com,Undisclosed,1955-11-24,2024-10-18,nl,Leidschendam,organic_search,True
CUST001651,Alexandra,Mies,seiphans-rainer@example.com,Undisclosed,1984-06-06,2024-08-31,DE,Wolfratshausen,referral,False
CUST001652,Margot,David,nicolerenaud@example.com,F,1972-10-19,2024-08-07,FR,Sainte CorinneBourg,organic_search,True
CUST001653,Susanne,Lefèvre,francoise88@example.org,Undisclosed,1976-01-29,2025-05-31,FR  ,Barbe-sur-Hoarau,social_media,False
CUST001654,Marie,Gilles,pierrerousset@example.org,M,2004-01-14,2023-12-06,fr,Dumas,paid_search,False
CUST001655,Jost,Rohleder,cgierschner@example.net,F,1964-07-25,2024-06-15,DE,Wolfach,paid_search,True
CUST001656,Valerio,Marcacci,liviaboccaccio@example.org,F,1949-10-28,2024-02-28, IT ,Campagna,organic_search,True
CUST001657,Lesley,Hall,normangrant@example.net,M,1982-03-22,2023-01-14,gb,West Ashleighland,referral,False
CUST001658,Émile,Ollivier,christianeferreira@example.com,M,1959-02-12,2025-06-30,FR,Saint Joséphinedan,direct,True
CUST001659,Frédéric,Fouquet,helene09@example.com,F,2006-01-04,2025-06-29,FR,Merle-sur-Mer,social_media,True
CUST001660,Joséphine,Dupuy,qmartin@example.com,F,1979-03-16,2024-12-25,FR,Boulanger,social_media,True
CUST001661,Arthur,Taylor,plewis@example.com,Undisclosed,1962-08-18,2025-11-04,GB,Henryside,organic_search,False
CUST001662,Holly,Bailey,kayleigh71@example.org,Undisclosed,2006-06-23,2023-03-20,GB  ,Hughesburgh,referral,True
CUST001663,Cesare,Ruberto,rienzogiada@example.com,F,1968-12-26,2023-01-17,IT,Monteorsello,social_media,False
CUST001664,Mohammad,Knight,raymondmiller@example.org,M,1967-06-18,2023-11-07,gb,Webbport,paid_search,True
CUST001665,Håkan,Ivarsson,birgittabroman@example.org,F,1957-05-16,2025-11-23,SE,Trelleborg,email,True
CUST001666,Francisca,Riera,maximovillalonga@example.com,Undisclosed,1998-09-29,2023-12-31,ES,Ceuta,referral,True
CUST001667,Leonardo,Kade,wieslaw45@example.org,F,1995-02-19,2024-12-15,DE,Wolfenbüttel,paid_search,False
CUST001668,Panfilo,Priuli,roberto46@example.net,Undisclosed,1946-01-25,2025-09-20,IT,Terranova Di Pollino,email,False
CUST001669,Magret,Etzold,langenikolaus@example.net,M,1976-10-10,2023-07-17,DE,Arnstadt,email,False
CUST001670,Pepita,Perea,horaciojaen@example.com,M,1947-04-18,2024-05-21,ES,Las Palmas,direct,True
CUST001671,Nicole,Bourgeois,jgermain@example.net,M,1999-12-14,2024-12-12,FR,Maurice,email,False
CUST001672,Tiziano,Rossellini,,F,2003-12-18,2024-04-25,IT,Grisignano Di Zocco,email,True
CUST001673,Máximo,Tena,benaventejose-carlos@example.org,M,1994-10-07,2024-10-23,ES,Alicante,email,False
CUST001674,Elvira,Perez,ptorrens@example.com,Undisclosed,1949-09-20,2024-06-17,es,Almería,direct,True
CUST001675,Águeda,Luís,leoncio85@example.com,F,1953-03-28,2024-09-23,ES,Barcelona,direct,True
CUST001676,Antoinette,Fernandes,germainphilippine@example.net,Undisclosed,2005-02-26,2024-11-06, FR ,Pruvost,email,True
CUST001677,Thaddäus,Henschel,christiana38@example.org,Undisclosed,1967-12-29,2024-11-13, DE ,Ravensburg,organic_search,True
CUST001678,Simone,Bonnin,marie02@example.org,Undisclosed,1994-02-04,2025-01-11,FR,Alves,direct,True
CUST001679,Marijan,Mosemann,nweinhold@example.org,M,1961-03-06,2024-08-17,DE,Karlsruhe,referral,True
CUST001680,Leah,Blees,jorn44@example.net,Undisclosed,1955-03-25,2023-01-28, NL ,Drijber,email,False
CUST001681,Susanne,Rousseau,zlaunay@example.com,F,2002-04-12,2023-03-28,FR,Lopezboeuf,direct,True
CUST001682,Maria,Hansson,larssonyvonne@example.net,M,1982-05-08,2023-03-11,SE,Halmstad,paid_search,False
CUST001683,Colin,Simpson,ashleigh11@example.net,Undisclosed,1998-10-20,2023-06-23,GB,New Samhaven,email,True
CUST001684,Graciano,Beltran,solisemilia@example.net,F,1997-11-19,2023-01-31, ES ,Cuenca,referral,False
CUST001685,Gabriela,Kabus,vmentzel@example.org,M,1950-08-27,2024-02-02,DE,Stade,direct,True
CUST001686,Samu,Marin,wilfredo86@example.org,M,1946-02-11,2024-09-10,ES,Albacete,referral,False
CUST001687,Enzo,Guidone,gattoluigi@example.com,M,2003-11-27,2025-02-10,IT,Pozzonovo,email,False
CUST001688,Owen,Lawrence,stacey73@example.net,M,1994-05-02,2025-12-28,GB,East Sean,social_media,True
CUST001689,Eleanor,Foster,mohammadclayton@example.org,M,2003-03-02,2025-07-15,GB,Port Scottside,email,False
CUST001690,Gema,Gallardo,bruno55@example.org,M,1959-05-30,2025-09-03, ES ,Cáceres,direct,True
CUST001691,Laila,Klapp,ohiller@example.org,M,1947-07-17,2023-07-15,DE,Meiningen,organic_search,True
CUST001692,Louise,Taylor,leenicola@example.org,Undisclosed,2003-10-23,2025-04-05,GB,South Adam,paid_search,True
CUST001693,Lucas,Pires,znavarro@example.org,M,1971-07-30,2025-10-07,FR,Denis-sur-Morin,organic_search,False
CUST001694,Ann-Kathrin,Eberhardt,amandasager@example.net,F,1956-10-07,2025-04-12,DE,Coburg,email,False
CUST001695,Océane,Prévost,mtraore@example.com,M,1973-12-07,2024-10-03,FR,Lacroix,referral,True
CUST001696,Jens,Pechel,patbergoskar@example.com,F,1953-04-21,2023-08-04,DE,Apolda,paid_search,True
CUST001697,Roland,Ditschlerin,kramermagarete@example.com,F,1969-10-26,2023-12-07, DE ,Heiligenstadt,email,False
CUST001698,Kuno,Hein,luebstraudl@example.net,F,1993-05-26,2023-12-16,DE,Stadtsteinach,referral,False
CUST001699,Ellinor,Ingvarsson,,M,1977-10-04,2025-03-28,SE,Karlstad,direct,False
CUST001700,Anna,Bailey,jordan23@example.org,Undisclosed,1980-12-22,2025-12-06,GB,East Annette,paid_search,False
CUST001701,Linda,Sandin,dolander@example.net,Undisclosed,1990-08-30,2025-12-07,SE,Östersund,referral,False
CUST001702,Jérôme,Paul,abarbier@example.org,Undisclosed,1955-12-26,2025-08-24,FR,Marchal,paid_search,True
CUST001703,Lucas,Schneider,goncalvesantoine@example.com,M,1973-02-24,2025-12-09,FR,Aubry,paid_search,False
CUST001704,  Pauline,Hancock,matthew05@example.org,Undisclosed,2005-01-09,2023-05-18,gb,South Jordan,direct,True
CUST001705,Édith,Roy,mledoux@example.net,M,1956-06-12,2025-07-28,FR,Saint Adèle-sur-Mer,organic_search,False
CUST001706,  Wendelin,Mülichen,lindnercelal@example.org,F,1977-04-15,2024-04-07,de,Pinneberg,email,False
CUST001707,David,Kemp,mmacdonald@example.net,M,1977-08-19,2025-01-22,GB,Scottmouth,direct,True
CUST001708,Aenne,Weiß,valeska91@example.com,F,2002-03-28,2023-06-08,de,Cuxhaven,social_media,True
CUST001709,Eric,Slater,katherineclarke@example.org,M,1996-04-03,2023-09-17,GB  ,Lake Sophieport,referral,False
CUST001710,  Joey,Steinmeiern,prattkick@example.com,F,1968-01-18,2025-08-27,NL,Spier,organic_search,True
CUST001711,Philip,Speer,kira25@example.com,M,1955-07-26,2023-10-21, DE ,Wolfratshausen,organic_search,True
CUST001712,Hans-Detlef,Austermühle,dschueler@example.org,M,1955-05-31,2025-11-13,DE  ,Germersheim,referral,True
CUST001713,Concha,Terrón,regulomora@example.org,M,1978-08-11,2024-05-08,ES,Cantabria,social_media,False
CUST001714,Brenda,Smith,nprice@example.com,Undisclosed,1975-08-13,2025-12-05,GB,Lake Leonardhaven,paid_search,False
CUST001715,Maja,Neuschäfer,michel24@example.com,M,1998-03-21,2023-10-20,DE,Sternberg,social_media,True
CUST001716,Kent,Olsson,martinssonmikael@example.net,M,1974-09-16,2025-06-10,SE,Landskrona,direct,False
CUST001717,Marita,Dörschner,dominikheidrich@example.com,F,1953-11-13,2025-05-18,DE,Cuxhaven,paid_search,True
CUST001718,Suus,Feenstra,mike76@example.net,F,2004-09-05,2024-02-06,NL,Veenhuizen,social_media,True
CUST001719,Ingemar,Pettersson,petersoderberg@example.net,F,1960-10-12,2025-01-25,SE,Gävle,organic_search,False
CUST001720,Natalija,Radisch,anneli92@example.net,Undisclosed,1981-05-31,2025-09-07,de,Perleberg,direct,True
CUST001721,Petros,Freudenberger,auguste38@example.org,Undisclosed,1952-06-30,2023-03-04,DE,Sigmaringen,email,True
CUST001722,Gerfried,Reuter,meryemweitzel@example.net,Undisclosed,1987-03-04,2025-08-27,DE,Flöha,organic_search,False
CUST001723,Dorothée,De Oliveira,benoit64@example.com,Undisclosed,2006-07-03,2023-03-01,FR,Bigotboeuf,paid_search,True
CUST001724,Conrad,Hermann,irmtraudjacob@example.org,M,1993-11-19,2025-05-09,DE,Freising,organic_search,False
CUST001725,Imran,Jdotte,corstiaenslily@example.com,F,1978-05-30,2023-07-19,NL,Geersdijk,direct,True
CUST001726,Freya,Lindner,remozimmer@example.org,M,1972-04-16,2024-11-12,DE,Grafenau,paid_search,False
CUST001727,Bruce,Bruce,,M,1964-06-24,2025-11-23,GB,South Harry,direct,True
CUST001728,Karin,Ahmad,janbodin@example.com,F,1953-08-31,2023-05-14,SE,Motala,organic_search,True
CUST001729,Urbano,Martín,sotelojesus@example.net,Undisclosed,2001-08-20,2025-06-27,ES,Murcia,paid_search,True
CUST001730,Maurice,Hawkins,wdyer@example.net,M,1948-06-21,2024-09-29,GB,Bullview,direct,True
CUST001731,Isabelle,Roy,toussaintchantal@example.com,F,2005-04-24,2025-08-06,FR,Thierry-la-Forêt,paid_search,False
CUST001732,Mandy,Schofield,zoewebb@example.net,F,2004-07-20,2023-02-11,GB,Cameronfort,email,True
CUST001733,Leonard,Gray,ooliver@example.org,F,1995-07-11,2024-05-20,GB,Tonyhaven,direct,True
CUST001734,Alexandre,Roussel,astrid45@example.org,F,1994-03-18,2024-09-27,fr,Bergerdan,referral,False
CUST001735,Jost,Döhn,danielleluebs@example.net,F,1998-10-28,2025-04-27,de,Regen,social_media,False
CUST001736,Ansaldo,Canil,qtravaglio@example.com,Undisclosed,1985-11-09,2025-06-19,IT,Stanghella,direct,False
CUST001737,Agnès,Blin,lemairepaulette@example.org,M,1991-06-15,2023-12-16,fr,De Oliveira-sur-Carlier,referral,True
CUST001738,Monica,Mies,kensyfrieda@example.com,M,1984-09-12,2025-06-07,de,Lippstadt,direct,False
CUST001739,Hélène,Arnaud,blaroche@example.org,F,1947-04-30,2023-07-05,FR,Perrin,organic_search,True
CUST001740,Agathe,Normand,antoinette07@example.com,F,1969-02-04,2025-11-24,FR,Menard,social_media,False
CUST001741,Jovita,Jódar,victor-manuel05@example.com,M,1997-12-26,2025-02-12,ES,Castellón,direct,False
CUST001742,Mirte,van Wickerode,lara65@example.org,M,2003-12-24,2023-01-17,NL,Dalerpeel,organic_search,True
CUST001743,Noa,Goñi,pastor98@example.net,F,1967-03-23,2025-01-03,ES,Badajoz,email,False
CUST001744,Elvira,Oestrovsky,schwitalrudi@example.com,F,1989-03-14,2025-06-09,de,Wurzen,social_media,False
CUST001745,Claire,Marty,qrenaud@example.net,F,1968-08-13,2025-09-15,FR,Étienne-les-Bains,referral,True
CUST001746,Kimberley,Kemp,brandonbrown@example.org,Undisclosed,1980-02-15,2025-05-12,GB,Yvonneside,organic_search,True
CUST001747,Cord,Gumprich,roccoschoenland@example.net,Undisclosed,1952-01-14,2025-11-14,DE,Waren,referral,True
CUST001748,Zacharie,Rossi,jcharles@example.net,F,1969-10-04,2023-10-13,FR,Lucasnec,social_media,True
CUST001749,Celestino,Morante,marinencarna@example.net,F,1960-12-25,2024-12-09,ES,Alicante,paid_search,True
CUST001750,Kai-Uwe,Bauer,bertafoerster@example.net,F,1979-05-02,2024-09-09,DE,Uelzen,direct,True
CUST001751,Eileen,Barker,duncangardiner@example.com,M,1955-07-30,2023-11-12, GB ,West Normantown,paid_search,False
CUST001752,Bianca,Rosenow,amangold@example.net,Undisclosed,1958-10-07,2023-07-24,de,Erding,email,False
CUST001753,Justine,Heß,kschottin@example.com,F,1993-10-11,2025-08-07,DE,Grimma,social_media,True
CUST001754,Marek,Reuter,xkoch-ii@example.org,Undisclosed,1969-12-25,2025-03-29,DE,Ueckermünde,email,False
CUST001755,Jörgen,Knutsson,matheopetersson@example.net,Undisclosed,1954-06-12,2025-12-29,SE,Lidingö,organic_search,True
CUST001756,Javier,Olivé,gmir@example.net,M,1994-07-07,2023-12-31,ES,Lleida,organic_search,False
CUST001757,Stefan,Lindblad,bodil07@example.net,F,1950-01-31,2023-06-08, SE ,Göteborg,social_media,False
CUST001758,Lesley,Taylor,dmoore@example.com,M,1955-09-30,2023-07-10,gb,Lake Owenland,social_media,False
CUST001759,Dora,Noack,cathrin40@example.net,M,1975-01-01,2025-09-11,de,Lemgo,email,True
CUST001760,Bethan,Davies,ireneprice@example.net,Undisclosed,1968-03-05,2025-08-10, GB ,New Natasha,email,True
CUST001761,Kate,McLean,iconnor@example.net,M,1946-02-22,2023-11-26,GB,Lake Sarahshire,organic_search,False
CUST001762,Benita,Riba,beldaencarna@example.org,M,1995-05-21,2025-04-02,es,Toledo,direct,True
CUST001763,Martine,Girschner,jacekschinke@example.org,Undisclosed,1947-09-09,2025-07-11,DE  ,Wetzlar,referral,False
CUST001764,Marion,Harrison,fryneil@example.com,Undisclosed,1992-04-27,2023-08-17,GB,Nelsonfurt,direct,True
CUST001765,Hermine,Mühle,,Undisclosed,1955-02-09,2023-11-04,DE,Emmendingen,paid_search,False
CUST001766,Mathilde,Perret,langloisadrienne@example.org,F,2005-07-03,2025-06-09,FR,Didier,email,False
CUST001767,Jort,Nollee,leeneluke@example.com,M,1969-08-01,2023-04-13,NL,Burgum,direct,False
CUST001768,Michael,Shaw,alison18@example.com,M,1949-10-29,2023-02-18,GB,Lake Karenville,email,False
CUST001769,Aimé,Millet,adrienevrard@example.org,M,1971-11-13,2024-09-01,FR,Leroy,referral,False
CUST001770,Laure,Didier,daniel23@example.net,F,1958-01-20,2024-05-24,FR,Carpentierboeuf,direct,False
CUST001771,Karen,Allen,carrdean@example.net,M,2006-05-06,2025-06-01,GB,Coleburgh,paid_search,False
CUST001772,Esther,Arias,odalyssalgado@example.org,F,1982-04-07,2023-03-25,ES,Zaragoza,direct,True
CUST001773,Filippo,Travaglia,lamberto15@example.net,M,1957-01-27,2025-02-21,IT,Magnano,direct,False
CUST001774,Nora,Svärd,jedvardsson@example.net,Undisclosed,1990-06-29,2025-05-15,se,Kristianstad,direct,True
CUST001775,Pío,Cid,bastidanilo@example.org,Undisclosed,1961-12-23,2025-06-06,es,Cantabria,social_media,True
CUST001776,Christiane,Delmas,wdupont@example.org,M,1993-11-02,2023-04-11,fr,Perrin-sur-Dijoux,direct,True
CUST001777,Demi,van der Kaay,vaessensam@example.net,M,1981-03-08,2024-07-20,NL,Overasselt,direct,False
CUST001778,Olivie,Morvan,,M,1989-06-14,2024-07-12,FR,Carre,social_media,False
CUST001779,Lorraine,Launay,gregoire73@example.com,M,1973-03-11,2025-08-05, FR ,HoareauBourg,paid_search,True
CUST001780,Modesto,Tomé,falvarez@example.org,Undisclosed,1987-03-04,2024-10-26,ES,Granada,email,False
CUST001781,Käte,Stolze,xzimmer@example.com,Undisclosed,1993-03-30,2024-11-04, DE ,Pegnitz,social_media,False
CUST001782,Victoria,Venier,farinellicamillo@example.com,Undisclosed,1957-06-24,2024-12-10,IT,Zeccone,referral,True
CUST001783,Emma,Kay,wilkinsonanthony@example.com,Undisclosed,1982-04-12,2025-03-09,GB,Port Lydiachester,direct,False
CUST001784,Samuel,Walker,natashamiddleton@example.net,Undisclosed,1952-05-24,2024-12-08,GB,Gilesbury,social_media,False
CUST001785,Elena,Beekman,daan37@example.org,Undisclosed,1948-10-05,2025-07-13,NL,Orvelte,referral,False
CUST001786,Adelmo,Giunti,vittoriacarullo@example.com,M,1990-07-27,2025-06-02,IT,Stilves,email,True
CUST001787,Joanne,Thomas,janetmason@example.com,Undisclosed,1955-04-29,2025-02-07,GB,New Aimee,organic_search,True
CUST001788,Hilary,Pratt,mary94@example.org,Undisclosed,1964-03-26,2025-03-21,gb,Marshallchester,paid_search,False
CUST001789,Margitta,Wulff,rkostolzin@example.org,Undisclosed,1978-11-27,2025-04-16,de,Saulgau,social_media,True
CUST001790,Bethan,Perkins,johnsonhannah@example.org,F,1954-06-15,2024-10-12,GB,North Kim,email,False
CUST001791,Cemal,Gnatz,drubgiovanni@example.com,F,1982-03-22,2024-08-09,DE,Eggenfelden,organic_search,False
CUST001792,Maurits,Scuylenborchs,valerie64@example.net,F,2003-11-25,2025-08-08,NL,Ysbrechtum,direct,False
CUST001793,Nicholas,Duffy,raymond16@example.org,Undisclosed,1979-07-28,2025-05-06,gb,East Maureen,referral,True
CUST001794,Finn,Oennen,van-milwouter@example.org,F,1948-04-09,2025-04-17,nl,Oudega,direct,False
CUST001795,Maike,Börner,deniswiek@example.net,Undisclosed,1962-02-18,2023-07-06,DE,Schwandorf,direct,False
CUST001796,Krystyna,Berger,thaddaeus27@example.net,F,1990-10-16,2025-11-13,DE,Freital,direct,True
CUST001797,Olivier,Prinsen,bilal90@example.org,F,2008-05-31,2023-12-25,NL  ,Grijpskerk,social_media,True
CUST001798,Raimund,Fliegner,vincent30@example.com,F,1965-07-16,2023-03-05,DE,Garmisch-Partenkirchen,email,True
CUST001799,Gerti,Ullmann,erikagude@example.com,F,1975-07-20,2023-12-29,DE,Meiningen,social_media,True
CUST001800,Kenneth,Roht,henscheldorothea@example.net,F,1956-08-24,2024-05-16,DE,Pößneck,direct,False
CUST001801,Anna,Lindvall,bertil16@example.net,F,1957-03-31,2025-11-30,SE,Östersund,social_media,True
CUST001802,Janne,Otto,janssensromy@example.org,Undisclosed,1946-01-31,2025-12-29, NL ,Oranjewoud,email,True
CUST001803,Pauline,Duhamel,thibaultbertrand@example.com,Undisclosed,1953-10-28,2025-01-14,FR,Ledoux,email,True
CUST001804,Alphonse,Delahaye,thibaultemilie@example.org,Undisclosed,2001-10-03,2023-08-01,FR,Massenec,organic_search,True
CUST001805,Océane,Gomez,marianne96@example.com,F,1992-02-26,2025-01-20,FR,Raymond-la-Forêt,paid_search,False
CUST001806,Wálter,Palomino,fanny77@example.org,M,1960-11-30,2023-07-18,ES,Girona,email,True
CUST001807,Olivia,Knoers,yarade-kok@example.com,M,1970-09-24,2024-06-16,NL,Amsterdam-Duivendrecht,direct,False
CUST001808,Vassilios,Langern,jjacob@example.org,F,1994-01-17,2024-07-17,DE,Lobenstein,organic_search,True
CUST001809,Hartmuth,Lachmann,melanieschomber@example.com,M,1974-05-05,2025-01-29,DE,Mittweida,paid_search,False
CUST001810,Ottmar,Kallert,ymartin@example.com,F,1967-11-14,2025-08-31,DE,Delitzsch,direct,True
CUST001811,Jonathan,Luitgardis van Neustrië,liammol@example.net,M,2005-02-17,2023-10-28,NL,Ohé en Laak,organic_search,True
CUST001812,  Marino,García,xreal@example.net,M,1972-05-31,2024-09-12,ES,Lugo,direct,False
CUST001813,Théophile,Becker,allardmanon@example.com,M,2004-11-22,2025-09-03,FR,Pasquier-sur-Roux,referral,False
CUST001814,Romana,Franke,heinz-guentherkallert@example.net,M,1990-07-28,2025-12-07,DE,Osterode am Harz,referral,False
CUST001815,Henri,Haering,cgirschner@example.org,Undisclosed,1971-12-13,2023-12-26,DE,Guben,social_media,True
CUST001816,Gert,Hagström,ellenliden@example.org,Undisclosed,1962-05-27,2024-09-25,SE,Uddevalla,organic_search,True
CUST001817,Lorraine,Da Silva,juliette98@example.net,Undisclosed,1991-09-12,2024-12-31,FR,Saint ÉmileVille,direct,True
CUST001818,Matías,Palacios,baenanatanael@example.org,Undisclosed,1959-07-01,2024-02-19, ES ,Castellón,social_media,True
CUST001819,Carole,Franklin,gary59@example.com,Undisclosed,1976-01-28,2024-07-09,GB,Cookburgh,organic_search,True
CUST001820,Henri,Goncalves,thibaut18@example.org,M,1973-12-08,2025-07-03,FR,Sainte Huguesdan,paid_search,True
CUST001821,Traudel,Finke,helena31@example.net,F,2007-07-21,2024-04-12,DE,Bruchsal,social_media,False
CUST001822,Wilfried,Kramer,ernstrahel@example.com,F,1978-02-18,2023-07-07,DE,Artern,paid_search,False
CUST001823,Lucy,Lawrence,chloe99@example.org,Undisclosed,1979-02-23,2023-05-05,GB,Declanland,organic_search,True
CUST001824,Marcelo,Prada,bruno22@example.net,M,2008-01-26,2024-10-15, ES ,Baleares,organic_search,False
CUST001825,Jake,Evans,ashleighpotter@example.net,Undisclosed,2000-01-29,2024-02-09,GB,Brownshire,referral,True
CUST001826,Alex,Lewis,xchambers@example.com,M,1981-02-05,2025-05-30,GB,South Stanleyburgh,paid_search,False
CUST001827,Leonardo,Hesse,seipignaz@example.net,M,1976-03-26,2023-01-02,DE,Husum,paid_search,False
CUST001828,Thomas,Aronsson,fredrikssonylva@example.net,Undisclosed,1983-03-13,2025-11-04,se,Jönköping,referral,True
CUST001829,Heraclio,Soriano,aliagamarciano@example.com,M,1971-07-18,2024-11-29,ES,Alicante,organic_search,True
CUST001830,Marine,Maillet,,Undisclosed,1964-01-28,2025-09-25,FR,Danielboeuf,paid_search,True
CUST001831,Sarah,Nilsson,vjansson@example.org,F,1983-04-10,2023-05-15,SE,Uddevalla,email,False
CUST001832,Graham,Nelson,vincent17@example.net,F,2007-11-02,2024-01-10,gb,Natashaville,referral,False
CUST001833,Keith,Williamson,barkerkenneth@example.org,Undisclosed,1950-02-07,2024-10-17,GB  ,New Frank,referral,True
CUST001834,Ali,Vos,eijkelboomalex@example.net,M,2004-11-23,2023-11-13,NL,Breezand,paid_search,True
CUST001835,Samanta,Muro,dafneserna@example.net,Undisclosed,1999-03-07,2024-10-28,ES,Salamanca,email,False
CUST001836,Jort,Evers,coretjohanna@example.org,M,1958-04-24,2024-04-13,NL,De Glind,social_media,False
CUST001837,Holm,Häring,adlerstjepan@example.net,M,1949-01-31,2024-12-25,DE,Kyritz,email,False
CUST001838,Thérèse,Philippe,lorraine83@example.com,M,1993-11-17,2023-01-12,FR,Texier-les-Bains,paid_search,False
CUST001839,Ruggiero,Lupo,,F,1995-06-20,2024-07-15,IT,Collinas,social_media,False
CUST001840,Thorben,Gorlitz,,M,1980-03-23,2025-02-03,DE  ,Bitterfeld,referral,True
CUST001841,Élodie,Bruneau,louischarles@example.org,M,1958-07-27,2024-03-16, FR ,Saint Laurent-les-Bains,paid_search,True
CUST001842,Luce,Allain,olivie32@example.com,Undisclosed,1965-11-16,2024-10-28,FR,Pasquier-sur-Guillou,organic_search,False
CUST001843,Nathalie,Guillot,martin64@example.com,Undisclosed,1981-10-14,2025-09-24,FR,Sainte Roland,organic_search,True
CUST001844,Leigh,Poole,garylong@example.com,M,1949-10-17,2024-12-02, GB ,Francismouth,paid_search,True
CUST001845,Marta,Opizzi,brunelleschilucio@example.net,F,1993-03-09,2024-10-26,IT,Favignana,referral,False
CUST001846,Josefa,Naser,iwona57@example.com,M,1970-11-22,2024-02-14,DE,Hannover,direct,False
CUST001847,Hans-Hermann,Heidrich,ijohann@example.net,F,1985-08-23,2025-12-23,DE,Bad Langensalza,organic_search,False
CUST001848,Stefania,Kusch,sahin77@example.com,F,1977-03-26,2025-01-09,de,Merseburg,email,True
CUST001849,Alfio,Cilea,elmopavarotti@example.com,Undisclosed,1999-04-29,2025-08-01,it,Nodica,referral,True
CUST001850,Tracey,Owen,oscott@example.org,M,1975-03-30,2023-10-15,GB,East Jenna,organic_search,True
CUST001851,Anaïs,Georges,martingauthier@example.org,F,1955-11-19,2025-11-15,FR,Marques,social_media,False
CUST001852,Federico,Mateos,alfredovalencia@example.com,Undisclosed,2002-02-24,2024-08-01, ES ,Ceuta,organic_search,True
CUST001853,Trinidad,Cuesta,amandavalera@example.com,F,1978-11-05,2025-12-25,ES,Huelva,email,True
CUST001854,Albina,Mancebo,bautistamoises@example.net,M,1955-04-24,2023-05-30,ES,Melilla,direct,True
CUST001855,Alberico,Marzorati,agagliano@example.com,M,1988-08-28,2024-11-07,IT,Braone,direct,False
CUST001856,Juliette,Rivière,louise49@example.com,Undisclosed,1986-06-15,2023-02-13,FR,Laporte,organic_search,True
CUST001857,Clara,Sáenz,nestor52@example.com,F,1949-12-23,2024-04-06,ES,León,social_media,False
CUST001858,Charlene,Barnes,helen33@example.com,M,2005-01-05,2024-02-15,GB,Ashleighfort,direct,True
CUST001859,Jovita,Ferreras,catalina59@example.com,F,2007-01-20,2024-01-22, ES ,Guadalajara,referral,True
CUST001860,Zakaria,van Mook,jolijnpaillet@example.org,M,2006-04-14,2023-09-18,NL,Ammerstol,paid_search,True
CUST001861,Estrella,Montoya,ariadna16@example.org,M,1951-03-20,2024-02-18,es,Lleida,paid_search,False
CUST001862,Lotte,Schenk,colin76@example.org,M,1994-02-16,2023-02-25, NL ,Epse,email,True
CUST001863,Hellmuth,Schulz,minna07@example.org,F,1945-11-21,2025-06-28,DE,Jüterbog,email,False
CUST001864,Stanley,Jones,ymoore@example.com,Undisclosed,1967-01-23,2025-03-28,GB,Port Leah,organic_search,True
CUST001865,Lennart,Andersson,sonialindgren@example.org,F,2005-11-22,2025-11-03,se,Motala,paid_search,True
CUST001866,Pierina,Amaldi,gionata66@example.net,M,1965-12-22,2025-09-28,IT,San Lorenzo De' Picenardi,paid_search,True
CUST001867,Angelo,Siering,friedrich-karlhuebel@example.org,F,1989-07-04,2025-11-04,DE,Bitterfeld,organic_search,True
CUST001868,Ralf-Peter,Röhricht,vittorio27@example.net,F,1956-05-13,2025-02-17,DE,Zerbst,social_media,True
CUST001869,Hans-Theo,Trapp,ekkehart47@example.com,F,1986-12-16,2025-06-08,DE,Güstrow,organic_search,False
CUST001870,Jayden,Horrocks,,Undisclosed,1967-08-26,2025-08-23,NL,Alphen aan den Rijn,social_media,True
CUST001871,Carmina,Tejada,badiarufina@example.com,F,1970-10-13,2023-10-16, ES ,Guadalajara,paid_search,True
CUST001872,Sylvester,Seidel,brogner@example.net,F,1967-09-22,2025-08-20,DE,Eisenhüttenstadt,direct,False
CUST001873,Anna,Davey,molly04@example.com,M,1948-05-12,2025-01-31,gb,Lake Waynefort,referral,True
CUST001874,Cristian,Yáñez,bayoenrique@example.org,F,1956-10-19,2024-01-07, ES ,Ávila,paid_search,False
CUST001875,Stan,Walter,yinthe55@example.org,M,1996-10-11,2025-04-06,NL,Brantgum,organic_search,True
CUST001876,Valerie,Matthews,,Undisclosed,1949-11-29,2024-11-10,GB,Grahamfurt,email,True
CUST001877,Lucy,Walsh,lorrainewest@example.org,F,1997-08-03,2025-02-11,gb,Julianbury,organic_search,False
CUST001878,Lee,Graham,berrynicole@example.org,F,1993-02-18,2024-04-01,GB,South Luke,email,False
CUST001879,Honoré,Dos Santos,vasseurpatricia@example.org,Undisclosed,1979-10-01,2025-06-20, FR ,Breton,email,False
CUST001880,Jack,Dennis,qdavey@example.com,M,1965-05-24,2024-06-10,GB,Brownchester,direct,True
CUST001881,Ben,Melet,brievinghjort@example.net,Undisclosed,1961-04-20,2025-09-05,nl,Zuidhorn,paid_search,True
CUST001882,Biagio,Pacelli,waldobrandi@example.net,F,1980-04-30,2023-10-20,IT,Sant'Ilario Milanese,social_media,True
CUST001883,Teresa,Reid,ikelly@example.org,Undisclosed,1964-10-31,2024-05-26,GB  ,Suzannestad,direct,False
CUST001884,José María,Nadal,mcuesta@example.net,M,1959-01-02,2025-11-30,ES,Córdoba,paid_search,False
CUST001885,Tony,Baum,pdussen-van@example.com,Undisclosed,1976-01-02,2025-05-14,DE,Forchheim,organic_search,False
CUST001886,Russell,Thorpe,nathanthomas@example.org,F,1984-06-26,2023-04-09, GB ,Hollieborough,organic_search,True
CUST001887,  Erdmute,Hein,oswin70@example.net,M,1984-04-04,2023-11-28,DE,Fürstenwalde,social_media,True
CUST001888,Marit,Girschner,jesselaleksandr@example.org,Undisclosed,2004-03-25,2025-04-10,de,Forst,email,True
CUST001889,Tygo,de Leeuw,ude-kok@example.com,M,1986-08-21,2024-07-26,NL  ,Genemuiden,paid_search,False
CUST001890,Lena,Marklund,mjonsson@example.com,Undisclosed,1962-08-05,2024-11-29,SE,Trelleborg,organic_search,False
CUST001891,Elly,Binner,ackermannmonika@example.org,M,2004-01-05,2025-11-29,DE,Gunzenhausen,referral,True
CUST001892,Nathalie,Duhamel,baillycapucine@example.com,F,1956-07-15,2023-07-13, FR ,Saint Alexandrie-sur-Mer,direct,False
CUST001893,Lino,Rios,teoperalta@example.org,M,1990-02-28,2023-09-16,ES,Granada,organic_search,True
CUST001894,Jonathan,Meyer,dussen-vanlambert@example.org,Undisclosed,2006-01-25,2025-03-25,de,Coburg,direct,True
CUST001895,Stephen,Clark,shawalice@example.org,Undisclosed,1995-01-03,2023-02-04,GB,South Rosemary,paid_search,True
CUST001896,Casper,Keijser,marinus09@example.com,Undisclosed,1960-05-06,2025-12-27,nl,Borne,paid_search,True
CUST001897,Jean,Williams,bdavies@example.org,F,1977-05-17,2023-12-06,GB,Jarvistown,direct,True
CUST001898,Inge,Holzapfel,sontagcarl@example.com,M,1994-08-08,2025-05-18,de,Flöha,referral,False
CUST001899,Marie,Pons,andre43@example.org,M,2000-10-29,2025-09-02, FR ,Saint Geneviève,social_media,False
CUST001900,Ligia,Arévalo,ytorres@example.org,F,1965-03-07,2024-03-03, ES ,Ávila,email,True
CUST001901,Karen,Slater,caroline78@example.org,F,1970-12-13,2023-10-22,GB,West Ruth,paid_search,False
CUST001902,Pero,Mosemann,rudolph29@example.com,M,1969-04-29,2025-03-11, DE ,Donaueschingen,social_media,True
CUST001903,Chema,Isern,xraya@example.com,Undisclosed,2005-11-22,2025-04-02,es,Guipúzcoa,email,True
CUST001904,  Nathalie,Stiffel,frederike77@example.net,F,1956-11-11,2024-07-18,DE,Illertissen,referral,True
CUST001905,Fien,Klomp Jan,esmeevrancken@example.net,F,2003-08-08,2025-08-22,NL,Zeeland,referral,False
CUST001906,Mariechen,Süßebier,zitazorbach@example.org,Undisclosed,1972-08-27,2023-11-11,DE  ,Lüdenscheid,social_media,True
CUST001907,Edvin,Abrahamsson,astromanna@example.net,Undisclosed,1983-02-21,2025-02-20,SE,Mölndal,referral,True
CUST001908,Virginie,Besson,claudine15@example.net,F,1983-01-02,2025-09-24, FR ,Barbenec,direct,False
CUST001909,Anouk,Lagarde,hortensemarty@example.net,Undisclosed,1996-10-29,2024-05-09,FR,Saint Luciedan,email,True
CUST001910,Irena,Ackermann,martataesche@example.org,Undisclosed,2006-06-19,2023-08-04,DE,Norden,social_media,False
CUST001911,Olivier,Faivre,davidlemonnier@example.com,M,1973-04-27,2025-05-09, FR ,Lacroix,organic_search,False
CUST001912,Amadeo,Malaparte,federicoalfio@example.org,M,1953-12-03,2024-05-12,IT,Ribordone,organic_search,False
CUST001913,Karl,Torstensson,madeleinemohammad@example.org,Undisclosed,1974-05-24,2025-02-08,SE,Piteå,referral,True
CUST001914,Théophile,Le Goff,sdubois@example.net,F,1972-01-26,2023-07-21,FR,Guillaume,direct,False
CUST001915,Luce,Bonneau,aurelie99@example.com,Undisclosed,1986-01-22,2025-03-17,FR,Sainte Arthur,email,True
CUST001916,Lucas,van Northeim,wuphus@example.org,M,2004-04-14,2025-03-27,NL,Ottersum,organic_search,True
CUST001917,Marcella,Vasari,,F,1998-01-25,2024-01-06,it,Villamagna,email,True
CUST001918,Lydia,Jones,nholmes@example.com,Undisclosed,1947-07-18,2025-07-24,GB  ,Thomasfort,paid_search,False
CUST001919,Éric,Perez,ollivierphilippe@example.net,Undisclosed,1962-05-20,2025-07-02,FR,Sainte Alexboeuf,social_media,True
CUST001920,Tristan,Ruiz,josettelelievre@example.org,Undisclosed,1983-04-16,2024-03-04,FR  ,Fabrenec,email,False
CUST001921,Emily,Boer,artsjanne@example.org,M,1980-02-20,2023-12-19,NL,Sexbierum,referral,True
CUST001922,Karl,Textor,paffrathhans-bernd@example.com,Undisclosed,1984-02-19,2024-10-10, DE ,Pinneberg,email,False
CUST001923,Georgia,Hughes,smithterence@example.net,F,2007-01-30,2025-10-15,gb,Harrisburgh,direct,False
CUST001924,Aurélie,Masson,charpentierjosephine@example.com,M,1992-06-02,2024-12-19,FR,Garnier,paid_search,False
CUST001925,Adelardo,Ponce,almatorre@example.org,Undisclosed,1998-06-22,2023-02-02,ES,Vizcaya,referral,False
CUST001926,Hellmuth,Karge,tbeyer@example.org,F,2004-08-01,2023-12-31, DE ,Geldern,direct,False
CUST001927,Roger,Khan,hmann@example.org,M,1996-01-24,2024-06-23,GB,South Jeanstad,email,True
CUST001928,Laura,Thomson,hbrown@example.net,M,1952-12-01,2024-08-24,GB,Jonesview,email,True
CUST001929,Gary,Hopkins,brandall@example.org,M,2005-06-01,2024-05-18, GB ,Alicefurt,paid_search,True
CUST001930,Andreas,Fritsch,semraetzler@example.org,F,1951-07-24,2024-05-17, DE ,Stollberg,social_media,True
CUST001931,Karen,Bevan,katieknowles@example.net,M,1978-03-15,2023-02-12,GB,Port Sylviaburgh,referral,True
CUST001932,Reece,Kennedy,cclark@example.org,M,1954-10-01,2025-04-24,GB,Brownton,email,False
CUST001933,Fiona,Hill,clarkrosie@example.com,M,1966-04-29,2025-01-15,GB,West Norman,paid_search,False
CUST001934,Alice,Jones,mroberts@example.net,M,1960-04-03,2025-01-01,GB,East Charlotteside,direct,True
CUST001935,Nikki,van de Velde,jonesisabel@example.org,Undisclosed,1955-07-31,2023-09-21,NL,Bovensmilde,referral,False
CUST001936,Fidel,Huerta,evilanova@example.net,Undisclosed,1988-05-06,2023-08-03,ES  ,Santa Cruz de Tenerife,direct,True
CUST001937,Odette,Lesage,maurice46@example.org,M,1948-08-08,2025-08-10,FR,Valette,email,False
CUST001938,Lucila,Pereira,mamoros@example.net,Undisclosed,1972-04-10,2023-05-13,ES,Pontevedra,direct,True
CUST001939,Jane,Willis,scottjones@example.net,F,1997-02-02,2024-12-12,GB,East June,organic_search,False
CUST001940,Anthony,Lindau,aleksandra16@example.net,Undisclosed,1950-03-13,2024-05-31,DE,Vilsbiburg,email,True
CUST001941,Paul-Heinz,Holsten,larasegebahn@example.org,Undisclosed,1972-06-11,2025-03-22,DE,Monschau,social_media,False
CUST001942,Thibault,Lelièvre,thibaut89@example.com,M,1980-06-26,2024-04-21, FR ,Collin-les-Bains,referral,False
CUST001943,Amelia,Noriega,fnavas@example.net,M,1981-12-08,2023-01-14,ES,Córdoba,organic_search,True
CUST001944,Angelina,Oda,sophie44@example.net,F,1966-12-26,2025-12-20,nl,Molenhoek,referral,True
CUST001945,Victoria,Heras,,Undisclosed,1984-03-14,2024-01-07, ES ,Huelva,organic_search,True
CUST001946,Victoria,White,alex58@example.net,M,1986-05-12,2025-04-06,GB,Daviesborough,email,False
CUST001947,Théodore,Aubert,suzannepires@example.net,M,1992-06-10,2023-10-11,FR,Mendès,direct,False
CUST001948,Hakan,Drubin,harald79@example.net,M,1994-12-28,2024-05-31,de,Soest,social_media,True
CUST001949,Véronique,Marques,lucasjoseph@example.net,M,1958-02-21,2024-11-26, FR ,Besson-sur-Mer,referral,True
CUST001950,Hélène,Jacques,tguillet@example.com,F,1982-04-03,2023-05-02,FR,Rodrigues,referral,True
CUST001951,Waltraut,Kohl,edeltraut14@example.org,Undisclosed,2001-01-06,2023-01-10,DE,Ahaus,organic_search,True
CUST001952,Susanna,Oderwald,grafmaren@example.com,Undisclosed,1976-08-18,2024-01-22,de,Oranienburg,social_media,True
CUST001953,Teresa,Robinson,dryan@example.com,M,1986-03-11,2023-11-13,GB,South Amandafurt,paid_search,True
CUST001954,Ravi,Claesdr,giel22@example.org,Undisclosed,1948-06-22,2025-06-30,NL,Breedenbroek,organic_search,False
CUST001955,Kristina,Svensson,elias84@example.org,Undisclosed,1992-05-31,2024-08-19,SE,Borås,organic_search,False
CUST001956,Costanzo,Moresi,zitoatenulf@example.org,M,1988-03-03,2024-01-31,IT,Marina Di Grosseto,direct,False
CUST001957,Marian,Butler,sharon33@example.org,F,1996-11-02,2025-07-06,GB  ,Lynnstad,social_media,True
CUST001958,Isabelle,Prévost,henrisimon@example.net,M,1997-07-24,2024-05-05, FR ,Picard,organic_search,False
CUST001959,Shaun,Green,nmartin@example.org,Undisclosed,1996-01-27,2023-07-22,GB  ,Danielleville,referral,False
CUST001960,Ismael,Herranz,hozramona@example.com,F,1976-12-14,2024-02-16,es,Cádiz,direct,False
CUST001961,Ignaz,Steckel,karl-hermanndoering@example.org,F,1966-09-04,2025-04-07,DE,Rosenheim,social_media,False
CUST001962,Eugène,Faure,ncohen@example.org,M,1973-06-26,2025-03-07,FR,Pichon-les-Bains,direct,True
CUST001963,María Del Carmen,Llabrés,bpinto@example.net,F,1959-08-23,2025-12-16,ES  ,Las Palmas,referral,True
CUST001964,Laetitia,Chevallier,tristan07@example.net,F,2002-09-22,2024-10-04,FR,Seguin-sur-Mer,email,True
CUST001965,Jill,Patel,gareth19@example.net,Undisclosed,1999-04-24,2024-12-21,GB,Martinmouth,direct,True
CUST001966,Gregory,Sutton,carol43@example.net,F,1971-07-04,2025-11-07, GB ,Huntshire,paid_search,True
CUST001967,Torben,Trüb,frederikethanel@example.org,F,2000-02-17,2024-10-17,DE,Königs Wusterhausen,referral,True
CUST001968,Bernadette,Ramos,agnes60@example.com,Undisclosed,1975-12-27,2023-04-03, FR ,Blancnec,social_media,True
CUST001969,Raymond,Voisin,adele34@example.com,M,1956-06-10,2024-05-07,FR,Vasseur,email,True
CUST001970,Ottokar,Biggen,milenabeier@example.com,F,1997-06-13,2025-01-31, DE ,Bremen,paid_search,False
CUST001971,Birgitt,Binner,dittmarschmiedt@example.net,Undisclosed,1962-09-21,2025-05-15,DE  ,Pasewalk,direct,False
CUST001972,Rosa María,Ruano,victor24@example.org,M,1964-08-20,2025-04-18,ES,Ceuta,paid_search,False
CUST001973,Daniel,Grondin,klanglois@example.net,M,2005-01-03,2024-06-03, FR ,Saint Henriette-les-Bains,email,True
CUST001974,Damian,Brown,lorraine76@example.org,F,1958-12-24,2024-04-01,GB,North Oliverview,email,True
CUST001975,Françoise,Samson,elisabethdenis@example.com,Undisclosed,1970-10-15,2024-01-11,fr,Brunet,direct,False
CUST001976,Silvia,Donà,gioelealighieri@example.com,Undisclosed,1997-10-31,2024-08-06,it,Pavone Canavese,organic_search,False
CUST001977,Anaïs,Dufour,charriercorinne@example.org,M,1957-01-17,2024-02-18,fr,Sainte Honoré,referral,True
CUST001978,Henriette,Lopes,olivierraynaud@example.com,F,1977-02-24,2025-08-18,FR,De Sousa,paid_search,True
CUST001979,Gionata,Cutrufo,jolandacapone@example.net,M,1989-03-30,2023-05-19,IT,Borgo Carige,email,True
CUST001980,Lucio,Serna,pielias@example.org,F,1981-09-03,2025-10-28,ES,Soria,organic_search,True
CUST001981,Ronny,Pruschke,irogner@example.net,F,1977-06-08,2023-11-09,DE,Schlüchtern,paid_search,True
CUST001982,Flavio,Vaquero,higlesias@example.com,Undisclosed,2004-01-24,2025-03-12, ES ,Barcelona,paid_search,True
CUST001983,Joel,Clark,martingrace@example.com,M,2007-03-19,2024-11-18, GB ,Cooperport,paid_search,False
CUST001984,Andrew,Stevens,peter57@example.org,F,1998-06-05,2023-11-26, GB ,South Marie,organic_search,False
CUST001985,Ingolf,Faust,friedljacobi-jaeckel@example.com,F,1946-10-19,2025-11-26,DE,Mayen,social_media,False
CUST001986,Vittorio,Köhler,zenon67@example.net,F,2005-09-23,2023-03-20, DE ,Monschau,organic_search,True
CUST001987,Tess,Jochems,stefcarnotte@example.org,F,2006-09-23,2025-03-04,NL,Delfstrahuizen,organic_search,True
CUST001988,Emma,Shah,karen05@example.com,Undisclosed,2005-01-11,2023-02-10,GB,Fergusonport,social_media,False
CUST001989,Augustin,Voisin,valentine88@example.com,M,1950-04-18,2025-07-09,FR,Rémy,social_media,False
CUST001990,Alexander,Goudriaan,milanvan-de-kooij@example.org,Undisclosed,1955-08-13,2025-09-08,NL,Witte Paarden,paid_search,True
CUST001991,Eva María,Vázquez,benito08@example.org,M,1970-12-12,2024-08-10,ES,León,paid_search,False
CUST001992,Veit,Kensy,zkaester@example.net,F,1987-12-30,2023-02-12,DE,Güstrow,direct,True
CUST001993,Jennifer,Reed,lee89@example.org,F,1975-03-06,2025-04-03,GB,Lake Lorraineshire,email,False
CUST001994,Max,Speer,fliegnersybilla@example.com,M,1994-04-16,2025-08-01,DE,Wiedenbrück,social_media,False
CUST001995,Encarnita,Plana,ernesto23@example.org,F,1964-06-13,2025-03-27,es,Ceuta,paid_search,True
CUST001996,Vajèn,Huisman,brondermick@example.org,M,1958-12-02,2025-01-14,NL,Rijnsaterwoude,social_media,True
CUST001997,Rune,Larsson,robinpetersson@example.org,Undisclosed,2008-01-09,2025-03-15,SE,Stockholm,referral,False
CUST001998,Josip,Vogt,froehlichnatali@example.org,F,1978-07-12,2023-04-15,DE,Füssen,referral,False
CUST001999,Ercan,Budig,rgehringer@example.com,F,1991-03-28,2024-01-05,DE,Illertissen,direct,True
CUST002000,Frédérique,Lévy,claude74@example.net,F,2006-03-11,2024-07-13,FR,Lefort,referral,True
CUST002001,Maggie,Lopes,edith29@example.net,Undisclosed,2000-07-17,2023-11-05, FR ,Merle-sur-Moulin,email,False
CUST002002,Xaver,Heydrich,margarethebarkholz@example.com,Undisclosed,1968-01-06,2025-12-22, DE ,Northeim,organic_search,True
CUST002003,Lidia,Pirandello,,F,1949-03-04,2023-02-13,IT  ,Cozzuolo,organic_search,False
CUST002004,Michaela,Ziegert,eitel28@example.org,F,1960-08-01,2024-12-31,DE  ,Monschau,organic_search,False
CUST002005,Corinne,Étienne,eugenerocher@example.net,M,1973-10-06,2024-10-08,FR  ,Humbertboeuf,paid_search,False
CUST002006,Alicia,Batalla,ceferino32@example.net,F,1998-06-02,2024-09-13,es,Almería,organic_search,False
CUST002007,Arnaude,Reynaud,blebon@example.org,Undisclosed,1947-10-07,2023-11-21,FR,Lemaître,direct,True
CUST002008,Serafina,Téllez,menajonatan@example.com,M,1972-08-27,2023-08-21, ES ,La Coruña,organic_search,True
CUST002009,Eleni,Gehringer,sheinz@example.org,F,1968-07-22,2025-02-19,DE,Sankt Goarshausen,social_media,False
CUST002010,  Jake,Reeves,jenna61@example.org,M,1995-11-12,2024-01-08,GB,East Sheilachester,referral,False
CUST002011,Friederike,Flantz,ydavids@example.net,F,1949-03-06,2024-11-26,de,Nabburg,referral,False
CUST002012,Meta,Kobelt,antoninoeimer@example.com,Undisclosed,1991-11-15,2025-03-17,de,Strasburg,direct,False
CUST002013,Marco,Calgari,bartoliezio@example.com,F,1948-05-01,2024-08-21,IT,Mornese,email,True
CUST002014,Lisa,Geißler,schmiedeckeabbas@example.org,M,2006-09-23,2025-05-05,de,Neustrelitz,social_media,True
CUST002015,Kerry,Hammond,phillipsiain@example.net,Undisclosed,1987-05-19,2025-09-29,gb,Ashleyland,social_media,False
CUST002016,Lucy,Diallo,qseguin@example.org,M,1993-04-25,2025-07-08,FR,Pereiradan,direct,False
CUST002017,Anaïs,Maillot,mariejacquet@example.org,Undisclosed,1990-12-08,2023-06-14, FR ,Lemonnier,referral,True
CUST002018,Liberto,Magrassi,wsamele@example.net,M,1990-02-25,2024-09-11,IT,Cremosano,direct,False
CUST002019,Gitta,Junken,yheinz@example.com,M,1960-01-05,2025-02-07,DE,Moers,social_media,True
CUST002020,Daniel,Cornelisz,johannaketel@example.org,M,1985-09-03,2024-12-10,nl,Driebruggen,organic_search,False
CUST002021,Inger,Granath,eliasjohansson@example.org,Undisclosed,1968-04-29,2023-06-23,SE,Karlskoga,organic_search,True
CUST002022,Carly,King,hayleywilliams@example.org,F,1991-05-22,2023-08-08,gb,Carolynborough,paid_search,True
CUST002023,  Virginia,Sforza,,M,1990-05-03,2023-06-04,IT,Baradili,referral,True
CUST002024,Celal,Binner,gert63@example.com,M,1947-10-26,2023-11-16,DE,Königs Wusterhausen,social_media,True
CUST002025,Margaux,Chauvin,sylviemahe@example.com,Undisclosed,1999-01-06,2023-09-07,FR,Lebreton,paid_search,True
CUST002026,Grégoire,Millet,,F,1996-05-26,2023-07-07,fr,Delmasboeuf,direct,True
CUST002027,Stef,Geldens,aidenkoning@example.com,M,1978-10-25,2025-03-03,NL,Niehove,direct,False
CUST002028,Christina,Viklund,arturblomqvist@example.net,Undisclosed,2007-06-05,2024-01-17,SE,Umeå,organic_search,False
CUST002029,Louise,Alves,xmorel@example.org,F,1994-02-03,2024-01-14,fr,Bonneau,referral,True
CUST002030,Livia,van Zwaben,nout01@example.com,F,1959-05-30,2023-09-11,NL,Herwen,paid_search,True
CUST002031,Nadja,Walter,mehmetstiffel@example.net,Undisclosed,1996-04-25,2025-03-19,DE,Peine,direct,False
CUST002032,Molly,Chapman,lball@example.net,Undisclosed,1998-01-23,2024-03-22,gb,South Marieside,organic_search,False
CUST002033,Brett,Brown,shannon70@example.com,F,1985-10-14,2024-07-30,GB,South Helenmouth,direct,True
CUST002034,Sven,Gustafsson,patriciapettersson@example.org,Undisclosed,1990-01-20,2025-05-30,SE,Mölndal,direct,True
CUST002035,Bernard,Thomas,hannah40@example.net,M,2001-08-02,2024-10-14,GB,Smithtown,referral,True
CUST002036,Élise,Morvan,erousseau@example.com,M,1974-01-16,2024-06-21,FR,Sainte Pauline,email,False
CUST002037,Antoinette,Speer,oestrovskyclaere@example.org,Undisclosed,1983-04-09,2025-10-20,DE,Chemnitz,paid_search,True
CUST002038,Ivana,Jüttner,stephaniekrebs@example.net,M,1957-09-29,2023-12-16,DE,Ansbach,social_media,False
CUST002039,Isidor,Naser,vbudig@example.net,F,1947-02-03,2025-08-07, DE ,Darmstadt,email,False
CUST002040,Isaac,Launay,jean44@example.com,M,1959-07-28,2023-02-20,FR,Étienne,direct,True
CUST002041,Jesusa,Bayona,malomartin@example.net,Undisclosed,1950-11-14,2025-03-29,ES,Baleares,paid_search,True
CUST002042,Antony,Clark,watsongary@example.com,F,1976-05-23,2024-03-20,gb,Adrianhaven,paid_search,True
CUST002043,Jayne,White,elewis@example.net,Undisclosed,1951-05-08,2025-10-15,gb,Colinstad,paid_search,False
CUST002044,Traude,Hermann,reimundgraf@example.net,F,1995-01-15,2025-10-19,DE,Schweinfurt,direct,True
CUST002045,Octavio,Cueto,barrosofermin@example.org,M,1981-03-18,2024-12-24,ES,Lugo,referral,False
CUST002046,Faas,van de Water,bas56@example.com,F,1998-06-25,2023-10-17,NL,Pingjum,organic_search,False
CUST002047,Fanny,Nette,gundolfgrein-groth@example.net,Undisclosed,1998-04-26,2023-11-21,DE,Wolfenbüttel,organic_search,True
CUST002048,Liv,van Kuijc,mettevan-vermandois@example.net,Undisclosed,1972-01-14,2025-12-20,NL,Minnertsga,social_media,False
CUST002049,Jemma,Connolly,,F,2006-12-04,2023-05-10,gb,North Alisonborough,social_media,True
CUST002050,Gisa,Köhler,rudolphnorman@example.org,M,1989-10-29,2024-10-02,DE,Lübeck,referral,False
CUST002051,Aaron,Watts,morgangillian@example.org,M,1986-02-24,2024-11-09,GB,New Barryfort,referral,True
CUST002052,Maurice,Baldwin,jfisher@example.net,Undisclosed,2000-11-10,2024-04-30,GB,Port Kimmouth,organic_search,False
CUST002053,Klaus-Michael,Bender,ludwigreising@example.com,F,2004-02-12,2025-11-12,DE,Bautzen,organic_search,False
CUST002054,Eraldo,Liverotti,gabriella24@example.com,Undisclosed,1968-10-25,2025-08-05,it,Rocca Canavese,email,False
CUST002055,Mario,Marín,pascualcarlito@example.com,F,1973-05-15,2024-01-31,ES,Albacete,organic_search,False
CUST002056,  Sofie,van den Velde,nick21@example.org,M,1986-09-17,2024-05-20,NL,Deil,email,True
CUST002057,Elliott,Gregory,geoffrey14@example.com,M,1958-02-10,2024-07-12,GB,New Jason,referral,True
CUST002058,Zoé,Samson,benoitbaron@example.com,F,1983-02-15,2024-01-21,fr,Chevalier-la-Forêt,organic_search,True
CUST002059,Selena,van Boulogne,elias60@example.com,M,1952-01-04,2025-12-08,NL,Netersel,organic_search,False
CUST002060,Joan,Harper,lee21@example.org,F,2006-05-05,2024-06-18,GB,Thomasstad,email,True
CUST002061,Giovanni,Schäfer,griehl@example.com,F,1983-11-15,2025-01-24,DE,Bogen,email,True
CUST002062,Stuart,Yates,leslie29@example.net,M,1946-10-30,2025-06-28,GB,Lloydberg,paid_search,False
CUST002063,Saturnino,Adadia,malenavergara@example.org,F,1992-01-20,2024-08-06, ES ,Ourense,social_media,False
CUST002064,Sharon,Kelly,valeriefrench@example.org,M,1991-01-24,2025-01-25,GB,Lucashaven,direct,False
CUST002065,Sami,Sager,moritz26@example.net,F,1965-04-04,2024-10-25,DE,Grafenau,social_media,True
CUST002066,Elodia,Valenciano,riverajose-mari@example.net,F,1945-10-13,2025-11-13,ES,La Coruña,organic_search,True
CUST002067,Fernando,Rust,justineherrmann@example.net,Undisclosed,1958-03-25,2023-11-07,de,Stuttgart,social_media,False
CUST002068,Nicolas,Menard,gillesmendes@example.org,F,1996-05-16,2024-11-23,FR,Saint Marianne,referral,True
CUST002069,Veronika,Dowerg,neimer@example.com,Undisclosed,1984-10-13,2025-12-10,de,Stadtsteinach,organic_search,True
CUST002070,Alexandre,Pasquier,michellemasson@example.net,M,1952-12-17,2025-07-07,fr,Leclerc,organic_search,True
CUST002071,Flora,Casal,jcobos@example.net,M,2004-10-21,2023-04-18, ES ,Guadalajara,paid_search,True
CUST002072,Henry,Williams,hlamb@example.net,M,1959-05-26,2023-11-09,GB  ,East Janet,direct,False
CUST002073,Türkan,Höfig,hans-heinrich37@example.com,F,1975-06-14,2023-02-09,DE,Greifswald,direct,False
CUST002074,Augusto,Bianchini,rismondoronaldo@example.org,F,1996-08-09,2023-05-20,it,Lugnano Citta' Di Castello,email,True
CUST002075,Elmo,Lopresti,gastone61@example.com,M,1964-09-09,2024-12-16,IT,Bognanco,paid_search,False
CUST002076,  Baccio,Santi,eangeli@example.net,Undisclosed,1969-05-09,2024-03-11,IT,San Pietro Di Caltagirone,social_media,False
CUST002077,Nicole,Hofmann,tomasgute@example.net,F,2002-10-23,2025-02-05,DE,Königs Wusterhausen,social_media,False
CUST002078,Aaron,Brown,shaun73@example.com,F,1961-08-20,2024-02-05,GB,Cooperside,email,True
CUST002079,Karl,Bengtsson,eltonnilsson@example.net,Undisclosed,2004-05-05,2025-07-01,SE,Falun,paid_search,True
CUST002080,Jose Antonio,Luna,barrosclaudia@example.org,Undisclosed,1962-11-02,2023-08-19,ES,Valladolid,paid_search,True
CUST002081,Ada,Fischer,ernaoestrovsky@example.net,Undisclosed,1947-01-06,2024-09-03,DE,Tübingen,social_media,False
CUST002082,Wolfgang,Gude,vrosenow@example.org,M,1958-06-08,2023-04-22,de,Wismar,organic_search,False
CUST002083,Marc,Johnson,diane44@example.net,M,1991-04-07,2023-01-26,gb,Lewisfurt,direct,False
CUST002084,Antonino,Morandi,pferrazzi@example.com,F,1969-12-20,2024-11-01,IT,Ortona Porto,email,False
CUST002085,Sharon,Andrews,staceyshepherd@example.org,F,1946-10-20,2024-05-23,GB,North Annaberg,referral,True
CUST002086,Jade,Ali,victoriataylor@example.org,M,1995-12-12,2023-01-23,GB,North Gailside,direct,True
CUST002087,Jessika,Hamann,itrupp@example.org,F,1960-07-20,2023-07-19,DE,Bruchsal,direct,False
CUST002088,Simon,Hermans,ridderalexander@example.net,M,1964-10-06,2023-06-05,NL,Zwartemeer,organic_search,False
CUST002089,Águeda,Guzmán,fgallart@example.com,F,1987-04-25,2023-10-18, ES ,Ávila,direct,True
CUST002090,Louise,Samson,sophie98@example.net,Undisclosed,1962-02-05,2025-09-02,fr,Sainte Marie,referral,False
CUST002091,Leonel,Diego,,F,1990-05-31,2024-07-07,ES,Madrid,paid_search,True
CUST002092,Claes,Lindahl,lenaskog@example.org,F,2008-08-13,2023-05-14,SE,Stockholm,email,False
CUST002093,Katarzyna,Mentzel,wtextor@example.com,F,1983-07-16,2023-12-25,DE,Auerbach,social_media,False
CUST002094,Dorothy,White,robinsonalexandra@example.org,Undisclosed,1957-05-23,2025-09-08,gb,East Jordan,paid_search,True
CUST002095,Gilles,Collet,louislacroix@example.org,F,1977-01-16,2025-07-06,FR,Sainte Maurice,email,False
CUST002096,Ximena,Fuente,amilcarcarranza@example.net,M,1970-08-19,2024-04-19,ES,Soria,referral,False
CUST002097,Elaine,Owens,edyer@example.org,M,1957-05-06,2025-07-23,GB,Joshuaside,social_media,True
CUST002098,Raymond,Cunningham,lydiawatts@example.com,F,1956-05-27,2024-10-18,GB,North Carl,social_media,False
CUST002099,Juana,Delgado,bcamps@example.org,Undisclosed,1963-10-17,2024-12-12,ES,León,email,False
CUST002100,Margaud,Duhamel,veroniquevalentin@example.net,M,1960-05-09,2025-01-07,FR,Lamy-les-Bains,social_media,False
CUST002101,Clelia,Gabba,uliguori@example.com,Undisclosed,1995-08-05,2025-08-13,it,Brignola,organic_search,False
CUST002102,Natalie,Bennett,carolharris@example.net,F,2005-03-17,2025-11-03,GB,Port Annetteberg,referral,True
CUST002103,Antje,Dowerg,heinjenny@example.net,Undisclosed,1983-10-18,2023-10-13,DE,Lemgo,email,True
CUST002104,Bo,Oostveen,bramvan-den-broek@example.org,Undisclosed,2000-01-19,2025-10-23, NL ,Edam,referral,True
CUST002105,Rosa,Benavent,vilmaayuso@example.net,M,1962-02-12,2024-04-09, ES ,Guipúzcoa,direct,False
CUST002106,Emmanuelle,Dufour,poirierraymond@example.com,F,2002-01-13,2025-03-19,FR,Bertrand,direct,False
CUST002107,Nieves,Giménez,ntrujillo@example.org,F,1993-03-27,2023-08-06,ES,Melilla,paid_search,True
CUST002108,Piersanti,Vergerio,eleanoraroth@example.org,F,1951-02-20,2025-10-30,IT,Feldthurns,social_media,True
CUST002109,Camille,Marques,rgaillard@example.com,Undisclosed,1947-09-21,2025-04-11, FR ,Saint Renée,paid_search,True
CUST002110,Andreas,Hammar,olssongunilla@example.net,F,1997-03-27,2023-02-03,SE,Örebro,direct,True
CUST002111,Lieselotte,Renner,wolf-ruedigerdippel@example.com,M,1989-09-30,2023-05-18,DE,Bayreuth,direct,False
CUST002112,Luigi,Kramer,tschentschergeorgios@example.com,M,1991-06-05,2023-01-22,DE,Oberviechtach,social_media,False
CUST002113,Detlef,Ritter,katarina44@example.org,Undisclosed,2000-12-28,2025-09-06,DE,Saulgau,organic_search,False
CUST002114,Marissa,Borsellino,fluna@example.net,M,1955-12-06,2024-10-16,IT,Serravalle D'Asti,email,True
CUST002115,Ruben,van Mil,amber90@example.com,M,1948-06-06,2025-05-15,NL,Veldhoven,direct,False
CUST002116,Doris,Binner,bmosemann@example.org,F,1945-11-15,2023-02-25,DE,Goslar,referral,True
CUST002117,Emmanuel,Étienne,obarre@example.com,Undisclosed,1994-12-11,2023-06-19,FR,Paris-les-Bains,email,False
CUST002118,Amy,Burrows,hpatel@example.org,F,1964-01-07,2024-11-21,GB  ,West Lauren,referral,False
CUST002119,Liliana,Rust,kobeltlothar@example.org,Undisclosed,1971-03-23,2024-03-19, DE ,Querfurt,direct,True
CUST002120,Giacinto,Giunti,segniarnulfo@example.com,M,1973-08-06,2025-11-02,it,Fiesso Umbertiano,referral,False
CUST002121,Roberta,Zaragoza,miriam09@example.net,Undisclosed,1958-04-04,2023-04-10,ES,Asturias,email,False
CUST002122,Deborah,Smith,phillipsanthony@example.org,M,1981-08-26,2023-11-30, GB ,New Debratown,paid_search,True
CUST002123,Siv,Karlsson,elisabet42@example.net,M,1962-08-18,2024-02-12,SE,Borlänge,direct,True
CUST002124,Andrée,Royer,eleonorejourdan@example.org,M,1962-03-02,2025-02-10,FR,Maillet,referral,False
CUST002125,Lennart,Carlsson,blomqvistpeter@example.net,F,1984-07-26,2024-04-13, SE ,Kalmar,paid_search,True
CUST002126,Lina,Huijben,jasper03@example.com,Undisclosed,1970-09-29,2023-02-18,NL,Wamel,direct,False
CUST002127,Jake,Hall,tstevens@example.com,M,1948-06-16,2023-08-06,GB,Harrisfurt,email,True
CUST002128,Kati,Hoffmann,norbertweitzel@example.com,Undisclosed,2004-08-19,2023-05-14,DE,Erding,email,True
CUST002129,Nanni,Morpurgo,ugiacconi@example.net,Undisclosed,1982-09-01,2023-10-09,it,Pflersch,paid_search,False
CUST002130,Alexandria,Le Gall,leon01@example.com,Undisclosed,1973-08-31,2025-02-03,fr,Charpentier,email,True
CUST002131,Elmar,Koch,wirthhenner@example.net,F,1962-02-11,2023-03-23,DE,Göppingen,email,True
CUST002132,Marlen,Textor,isolde27@example.net,F,1949-11-14,2025-01-31,DE,Bad Kissingen,social_media,True
CUST002133,Dennis,Bell,joyce04@example.org,F,1959-11-26,2024-09-13,GB,Gordonhaven,paid_search,True
CUST002134,Ross,Gough,kate51@example.com,F,2000-07-11,2025-08-30,GB,North Neilmouth,direct,True
CUST002135,Evelien,Mangel,ihoekstra@example.org,F,1962-02-02,2023-10-27,NL,De Falom,organic_search,False
CUST002136,Pellegrino,Miniati,silviogagliano@example.org,F,1961-01-16,2025-11-17,it,Vinca,email,False
CUST002137,Valerie,Carsten,ubeer@example.org,M,2008-02-29,2024-04-06, DE ,Zerbst,social_media,False
CUST002138,Nikki,le Guellec,sander17@example.net,M,1998-09-08,2023-02-26,NL,Wijnandsrade,referral,True
CUST002139,Hartwig,Bauer,atzlersiegrid@example.org,Undisclosed,2000-11-06,2023-09-18,DE,Rottweil,direct,True
CUST002140,Dani,Castell,nadalmelania@example.com,F,2002-09-06,2024-05-09,ES,Ciudad,organic_search,False
CUST002141,Julia,Valencia,emugica@example.net,F,1963-08-22,2023-05-16,ES,Pontevedra,organic_search,False
CUST002142,Jasmine,Davies,huntelizabeth@example.org,M,1972-05-05,2024-07-22,GB  ,Kathrynstad,referral,False
CUST002143,Milo,Dries,piencornelisse@example.org,M,2000-09-13,2024-09-23,NL,Dwingeloo,direct,True
CUST002144,Nicolas,Chauvin,franck84@example.org,M,1981-09-28,2025-08-19,FR,Le GoffVille,referral,True
CUST002145,Charles,Howarth,janechamberlain@example.net,M,1986-12-17,2024-05-30,GB,North Shane,paid_search,False
CUST002146,Silvio,Benítez,vllopis@example.com,M,1951-12-17,2024-10-25,ES,Alicante,paid_search,False
CUST002147,Luke,Burke,callum88@example.com,Undisclosed,1988-08-02,2025-11-26,GB,Port Tombury,direct,True
CUST002148,Sophie,Bernier,bdelaunay@example.com,F,1948-11-02,2023-10-13,FR,LemonnierBourg,social_media,False
CUST002149,Luke,Curtis,morrisrachel@example.org,F,2005-03-19,2024-02-23, GB ,New Dennisstad,direct,False
CUST002150,Olimpia,Amores,mpuga@example.org,M,1971-12-21,2024-05-20,es,Soria,direct,False
CUST002151,Marcel,Roussel,ulegrand@example.net,M,1957-08-17,2025-02-06,FR,Adam,email,False
CUST002152,Bettina,Gnatz,nurettin06@example.net,F,1975-05-15,2023-10-27,DE,Neuss,referral,False
CUST002153,Féline,Janssen,wvan-brunswijk@example.net,M,1987-12-15,2023-01-07,NL,Herveld,email,False
CUST002154,Marco,Adadia,luis-angel01@example.org,F,1999-09-14,2025-11-12,ES,Vizcaya,direct,False
CUST002155,Winfried,Stahr,miroslawhuhn@example.org,F,2007-10-17,2023-08-10, DE ,Ludwigsburg,organic_search,False
CUST002156,Petros,Schmiedecke,hahnhorst@example.net,F,1994-12-10,2023-04-22,DE,Bamberg,social_media,True
CUST002157,Helga,Täsche,stahrpavel@example.com,F,1946-11-29,2023-07-16, DE ,Ochsenfurt,direct,True
CUST002158,Sébastien,Baudry,genevieve91@example.com,Undisclosed,1958-01-20,2023-01-21,fr,Sainte Pierre,email,True
CUST002159,Marion,Johnson,sophiedavey@example.net,M,1988-04-12,2024-04-17,GB,Perkinsshire,social_media,True
CUST002160,Madelief,de Bruin,,F,2004-11-09,2023-11-07,nl,Luinjeberd,email,True
CUST002161,Jacob,van der Lede,hfurda@example.com,Undisclosed,1999-01-01,2023-02-05,NL,Oldeholtwolde,social_media,False
CUST002162,Sean,Butcher,kwoods@example.org,F,1952-09-08,2023-09-13,gb,Michaelhaven,referral,True
CUST002163,Laurent,Nicolas,helene93@example.org,F,1958-04-09,2023-12-22,fr,Cousin,social_media,False
CUST002164,Cintia,Ballesteros,mauraropero@example.com,F,1973-06-08,2025-03-02,ES,Navarra,email,False
CUST002165,Clare,Miller,onash@example.org,Undisclosed,2006-05-11,2023-11-04,GB,Lake Angelaburgh,organic_search,False
CUST002166,Johan,Lindkvist,magnussoderlund@example.net,Undisclosed,1967-11-08,2024-02-25,SE  ,Alingsås,organic_search,False
CUST002167,Andrew,Lee,mariakhan@example.net,Undisclosed,1965-01-21,2025-11-05,gb,West Janeville,paid_search,True
CUST002168,Elena,Lübs,sabrinataesche@example.net,F,1968-11-29,2025-02-12,DE  ,Quedlinburg,email,False
CUST002169,Ivy,Jonker,siemwipstrik@example.net,M,1975-03-24,2024-05-24,NL,Kropswolde,email,True
CUST002170,Alexandria,Barre,diasalex@example.net,Undisclosed,1973-05-17,2024-05-14,FR,Saint Alexandredan,email,False
CUST002171,Olivia,Jochems,rgiselmeyer@example.net,Undisclosed,1997-11-04,2025-01-06,NL,Harmelen,email,True
CUST002172,Meta,Gröttner,chantal51@example.com,M,1998-07-28,2025-06-14,DE,Lippstadt,social_media,False
CUST002173,Mirja,Pechel,iliasschaaf@example.com,Undisclosed,1964-03-09,2023-11-20,DE,Aurich,referral,True
CUST002174,Adolfo,Vilaplana,alegoicoechea@example.org,F,1975-03-27,2023-03-16, ES ,Jaén,paid_search,True
CUST002175,Almuth,Gutknecht,bluemelerich@example.com,M,1950-10-16,2023-04-13,DE,Strausberg,social_media,True
CUST002176,Atilio,Batalla,odalysnadal@example.org,F,1971-03-20,2025-06-11,ES,Salamanca,paid_search,True
CUST002177,Nathalie,Lebrun,edouard49@example.org,Undisclosed,1949-05-19,2024-04-19,FR,Cordier-les-Bains,direct,True
CUST002178,Victoria,Johnson,carolewells@example.net,F,1949-02-08,2024-08-13,gb,Geraldview,paid_search,True
CUST002179,Esmee,Schrant,amir77@example.com,F,1972-04-09,2023-05-18,NL,Geijsteren,email,False
CUST002180,Sophie,Miller,edwardslucy@example.org,F,1973-09-11,2024-01-02,GB,New Ashley,social_media,True
CUST002181,Claudine,Pages,alfred81@example.net,Undisclosed,1988-03-29,2024-07-11,FR,JacobVille,email,True
CUST002182,Cemal,Wilmsen,carminethies@example.net,F,1998-08-10,2023-12-09,de,Aschaffenburg,referral,False
CUST002183,Jonathan,Börner,rpruschke@example.net,Undisclosed,1958-12-21,2024-07-25, DE ,Flöha,paid_search,True
CUST002184,Thomas,Pelletier,fgrondin@example.org,F,1994-05-02,2023-03-28,fr,Renaud,referral,False
CUST002185,Catharina,Erhout,sara61@example.com,Undisclosed,1977-04-11,2025-03-19,NL,Achthuizen,direct,False
CUST002186,Claudio,Bossi,sandradallara@example.net,M,1986-09-17,2025-04-09,it,Villa Salina,email,True
CUST002187,Luisa,Querini,parisicostanzo@example.org,M,1961-11-16,2023-03-16,IT,Villanova,organic_search,False
CUST002188,Consuela,Ochoa,adeliavalcarcel@example.net,M,1971-04-09,2025-02-22,ES,Cantabria,organic_search,True
CUST002189,Caridad,Martin,victorinobenavente@example.net,M,1966-07-31,2025-06-10,ES,Palencia,direct,True
CUST002190,Nathan,Bruynzeels,kosternisa@example.net,F,1955-04-08,2024-09-10,NL,Overslag,social_media,False
CUST002191,Robert,Jacquet,danielle01@example.com,F,1949-04-13,2025-03-28,FR,Sauvage,email,True
CUST002192,Paride,Segrè,giulianagreggio@example.org,F,1982-01-13,2024-05-17,it,Carnia,organic_search,False
CUST002193,Lot,van Wickerode,rosavan-limburg@example.net,M,1991-02-03,2025-08-10, NL ,Vinkel,social_media,False
CUST002194,Ruth,Green,christiantucker@example.org,M,1979-02-19,2025-11-15, GB ,North Teresa,social_media,True
CUST002195,Günther,Ruppersberger,johannespohl@example.com,F,1982-11-06,2024-09-27, DE ,Wittenberg,direct,False
CUST002196,Véronique,Marin,,Undisclosed,1999-01-23,2023-05-03,FR,Navarro-sur-Rey,email,False
CUST002197,Norman,Hawkins,otaylor@example.net,Undisclosed,2003-05-25,2024-11-15,GB  ,New Gail,social_media,True
CUST002198,Constanza,Sancho,sebastian05@example.org,M,1995-12-16,2025-11-24,ES,Madrid,referral,True
CUST002199,Lesley,Harrison,hahmed@example.com,M,1973-01-31,2025-11-02,GB  ,Smithfurt,direct,False
CUST002200,Paulette,Bernard,sophiegarcia@example.com,F,1971-04-12,2024-07-01, FR ,MeunierBourg,email,False
CUST002201,Evelina,Augustsson,helgelundberg@example.com,F,1972-06-13,2025-03-18,SE,Stockholm,paid_search,False
CUST002202,Joseph,Lachmann,auguste71@example.net,F,1984-06-07,2024-02-01,DE,Wismar,referral,False
CUST002203,David,Barbe,,F,1990-01-02,2024-03-07,fr,Legrand,email,True
CUST002204,Wenke,Meyer,matteorosenow@example.com,Undisclosed,1997-01-21,2024-03-24,DE,Ravensburg,organic_search,False
CUST002205,Carlijn,Sitters,laurens69@example.net,M,1998-12-28,2024-12-02,NL,Wetering,social_media,False
CUST002206,Serafina,Montalti,cugiadino@example.org,Undisclosed,2000-01-05,2024-10-30,IT,Tarantasca,direct,False
CUST002207,Michelle,Joseph,margaudallard@example.com,M,1994-06-16,2024-05-17,fr,Guillou,referral,False
CUST002208,Nicolás,Vigil,flora24@example.net,F,1983-05-09,2025-10-18,ES,Segovia,social_media,False
CUST002209,Lorraine,Morvan,jacquetadelaide@example.com,F,1980-03-21,2023-08-07,FR,HamelVille,paid_search,False
CUST002210,Gianpietro,Vercelloni,wbuscetta@example.org,Undisclosed,1973-01-06,2023-11-10,IT,Samarate,direct,False
CUST002211,María José,Estévez,mtejedor@example.net,F,1947-06-20,2025-05-08,es,Cuenca,email,True
CUST002212,Loida,Serra,nbermejo@example.org,M,1979-05-12,2024-10-04,ES,Jaén,paid_search,False
CUST002213,Silva,Mälzer,nadinescholz@example.net,M,1980-02-07,2025-08-27, DE ,Weißenfels,paid_search,False
CUST002214,Britt,Jönsson,margaretabjork@example.net,F,1996-09-14,2025-10-04,SE,Alingsås,paid_search,False
CUST002215,Féline,Lensen,jade80@example.com,F,1992-02-12,2024-05-13,NL,Iens,referral,False
CUST002216,Agnès,Faivre,bernard40@example.net,Undisclosed,1972-03-26,2023-06-19, FR ,Petitjeanboeuf,referral,False
CUST002217,Edelmiro,Diez,barenas@example.net,Undisclosed,1964-09-16,2025-10-05,ES,Vizcaya,organic_search,True
CUST002218,Jules,Hardy,dominique54@example.com,M,1972-06-09,2025-08-23,FR,Allainnec,direct,False
CUST002219,Lando,Fantoni,elladioniscoromni@example.net,M,1989-02-13,2023-06-29, IT ,Vedronza,referral,True
CUST002220,Christine,Heuser,heddareichmann@example.net,F,1999-05-31,2023-03-22,DE,Gadebusch,email,False
CUST002221,Siem,Koning,catogroen@example.com,Undisclosed,1963-06-05,2023-08-09, NL ,Bunne,referral,False
CUST002222,Pamela,Williamson,christian85@example.net,M,1969-01-18,2023-10-11,gb,Thompsonshire,direct,True
CUST002223,Olav,Täsche,ronaldschacht@example.org,F,1960-10-22,2025-10-13,DE,Peine,social_media,True
CUST002224,Brunhilde,Tröst,edmund38@example.org,Undisclosed,1972-04-21,2025-08-26,DE  ,Kehl,direct,False
CUST002225,Jonathan,Krause,seideladelheid@example.net,M,2003-07-14,2025-05-06,DE,Apolda,paid_search,True
CUST002226,Thomas,Chamberlain,holly44@example.org,F,1988-06-05,2025-08-02, GB ,Lake Sallyshire,organic_search,True
CUST002227,Christine,Gaillard,mariechristine@example.net,Undisclosed,1948-11-15,2023-08-09, FR ,Barbe,social_media,False
CUST002228,Nicholas,Bull,kimberley34@example.org,F,1959-12-27,2024-05-04,GB,Brookesmouth,direct,False
CUST002229,Luc,Gautier,cecile15@example.com,M,1960-06-03,2024-03-05,fr,Poulain,paid_search,False
CUST002230,Nathalie,Hardy,theresehumbert@example.com,M,1952-04-23,2023-05-16,FR,Launay,email,False
CUST002231,Vera,Rouwenhorst,cuittenbosch@example.org,M,2003-04-18,2025-03-25, NL ,Feerwerd,social_media,False
CUST002232,Arif,Wulf,hoelzenbecherundine@example.org,Undisclosed,1969-10-06,2024-10-06,de,Miesbach,paid_search,False
CUST002233,Camilla,Trevisan,htrupiano@example.net,M,1977-11-11,2025-05-01, IT ,Padola,paid_search,True
CUST002234,Lalo,Paniagua,maritatejedor@example.org,F,1954-07-07,2025-11-16,ES,Málaga,email,True
CUST002235,Dana,van Dalem,sepp22@example.com,Undisclosed,1973-12-30,2023-01-19,NL,Bleskensgraaf ca,organic_search,True
CUST002236,Shannon,Williams,carole86@example.com,F,1966-01-02,2025-09-15,gb,East Valerie,social_media,False
CUST002237,Elvira,Morosini,tullio54@example.net,Undisclosed,1995-07-23,2025-12-23,IT,Paneveggio,referral,True
CUST002238,Hans Georg,Paffrath,lucia59@example.com,F,1954-06-15,2025-06-09,DE,Schwabmünchen,direct,False
CUST002239,Stanislav,Kade,carstenmarga@example.net,M,1947-05-31,2025-07-23,DE,Altötting,organic_search,False
CUST002240,Pero,Schwital,bergergerolf@example.com,Undisclosed,1961-04-22,2025-05-04,DE,Bersenbrück,social_media,True
CUST002241,Ruperta,Molins,eleuteriocarmona@example.com,F,1950-05-25,2025-07-09,ES,Álava,direct,False
CUST002242,Hanspeter,Schulz,milos70@example.net,F,1988-10-04,2025-03-19,de,Rathenow,email,True
CUST002243,Justin,Richardson,,F,1965-01-01,2025-03-24,GB,Glenhaven,social_media,False
CUST002244,William,Karlsson,nhoglund@example.net,Undisclosed,2003-07-20,2023-02-03,SE,Skövde,referral,True
CUST002245,Fernanda,Reyes,usainz@example.com,Undisclosed,1955-11-14,2025-10-14,ES,Barcelona,organic_search,True
CUST002246,Rhys,Giles,katherine25@example.com,Undisclosed,1950-06-02,2025-03-07,GB,Port Kyle,organic_search,False
CUST002247,Mary,Bolnbach,walterfrank-michael@example.org,M,1954-04-12,2023-06-13, DE ,Schlüchtern,paid_search,False
CUST002248,Marcos,Bru,selenaaguilar@example.net,M,1949-09-12,2023-12-13,es,Valencia,email,True
CUST002249,Elizabeth,Smith,youngmaria@example.org,M,1956-07-31,2023-12-02,GB  ,Lake Andrea,referral,True
CUST002250,Guenter,Wilms,bkaul@example.net,F,1977-10-12,2023-06-06,DE,Paderborn,organic_search,False
CUST002251,Lilly,Girschner,stadelmannulrich@example.org,F,2006-12-01,2024-01-02,DE,Neubrandenburg,referral,False
CUST002252,Milo,Zanazzo,qmicheletti@example.net,M,1988-05-26,2025-11-12,IT,Gavorrano,social_media,True
CUST002253,Ninthe,Bos,yhuurdeman@example.org,Undisclosed,1967-10-30,2024-12-24,NL,Epe,direct,True
CUST002254,Manuela,Santana,vicenteolga@example.net,M,1971-09-15,2023-06-26,es,Toledo,direct,True
CUST002255,Stella,Faggiani,periniarnulfo@example.net,M,1994-07-25,2025-09-07, IT ,Borsea,email,False
CUST002256,Clare,Holmes,berryclive@example.org,M,1959-03-07,2023-08-01,gb,Greenwoodborough,paid_search,False
CUST002257,Dean,Allen,matthewrose@example.org,Undisclosed,1984-04-04,2023-05-18,GB,Lake Victoria,email,False
CUST002258,Susanne,Millet,eugeneperon@example.com,F,1990-05-29,2025-03-04, FR ,Sanchez-sur-Riou,paid_search,True
CUST002259,Thibaut,Huet,,M,1983-04-29,2024-12-28,FR,Meunier-sur-Mer,email,True
CUST002260,Martine,Moulin,victorguibert@example.com,F,1999-05-26,2024-10-07,FR,Gimenez-sur-Martins,referral,True
CUST002261,Donato,Torrijos,cayetana44@example.com,Undisclosed,1995-01-02,2023-10-06,ES,Valencia,social_media,True
CUST002262,Gregory,Smith,zlloyd@example.com,F,1947-01-06,2023-03-08,GB  ,Elliotview,email,False
CUST002263,Claudia,Rosiello,lcarullo@example.com,M,1945-11-12,2023-03-21,IT,Marcianise,paid_search,False
CUST002264,Bertrand,Rémy,brigittemuller@example.org,M,1962-06-16,2025-02-16,FR,Bigot-sur-Thierry,referral,False
CUST002265,Lindsey,Bowen,nedwards@example.com,M,1967-12-05,2023-06-03, GB ,New Nicole,social_media,False
CUST002266,Nigel,Macdonald,callumburrows@example.net,Undisclosed,1970-06-22,2024-01-14,GB,Elliottton,organic_search,False
CUST002267,Arthur,Carter,kylethomas@example.org,M,1978-12-15,2023-08-21,GB  ,Joycehaven,organic_search,True
CUST002268,Jenna,de Bock,rwesterbeek@example.org,F,1991-02-05,2024-03-10,nl,Vlaardingen,referral,True
CUST002269,Stefanie,Bolander,hans-friedrich38@example.com,F,2000-01-13,2024-08-31,DE,Flöha,organic_search,False
CUST002270,Charlotte,Berry,whitejosh@example.org,Undisclosed,2001-02-13,2025-05-10, GB ,Jamiemouth,organic_search,True
CUST002271,Ute,Häring,kensymartina@example.org,M,2005-01-08,2023-01-09,DE,Aschaffenburg,email,True
CUST002272,Renée,Chauveau,lucyverdier@example.org,F,1985-08-14,2024-06-25, FR ,Dupré,paid_search,True
CUST002273,  Martyn,Lambert,greenjoe@example.com,F,1995-09-11,2023-08-01,GB,North Molly,paid_search,True
CUST002274,Stef,van Mook,samaelftrud-van-wessex@example.net,Undisclosed,1951-04-23,2025-11-09,NL,Herten,social_media,True
CUST002275,Peter,Lundell,hbackman@example.org,F,1995-06-24,2025-10-05,SE,Helsingborg,email,True
CUST002276,Beth,Hunt,charleshardy@example.net,Undisclosed,1973-08-04,2025-12-16,GB,Mitchellberg,referral,False
CUST002277,Ise,Friehus,heinrichsevelien@example.net,F,1953-07-28,2024-07-05,NL,Doldersum,social_media,False
CUST002278,Luke,O'Neill,iahmed@example.org,F,1994-10-17,2023-01-03,GB,South Barrymouth,direct,True
CUST002279,Allan,Sims,mbegum@example.net,Undisclosed,1984-08-07,2024-01-13,gb,South Jessica,direct,True
CUST002280,Hans Jörg,Meyer,hartmuth80@example.net,Undisclosed,1989-12-16,2024-04-17, DE ,Parchim,email,True
CUST002281,Joseph,Roussel,gerardpaulette@example.com,F,1951-10-25,2024-03-22,FR,Simon,direct,True
CUST002282,Yves,Petit,htoussaint@example.org,M,1984-11-28,2023-01-29, FR ,Lucas,direct,True
CUST002283,Andrew,Gray,jodiehussain@example.org,Undisclosed,1985-12-05,2025-01-25,GB,Lake Claire,social_media,False
CUST002284,Jelena,Sölzer,irmtraud61@example.net,M,1945-10-07,2024-02-17,DE,Weimar,direct,True
CUST002285,Leni,Dietz,fernando97@example.org,F,1961-04-04,2025-09-30,de,Cloppenburg,email,False
CUST002286,Agathe,Dias,robertaubert@example.com,F,1967-11-29,2023-11-21,FR,Poulainnec,referral,False
CUST002287,Karl,Andersson,karin23@example.org,F,1996-03-21,2024-02-22,se,Göteborg,paid_search,False
CUST002288,Gérard,Étienne,christinevincent@example.com,F,1987-06-26,2023-01-29,FR,Voisin,social_media,False
CUST002289,Mohammed,Anderson,nicolehughes@example.org,M,1949-11-14,2024-04-04,GB,Edwardsland,email,False
CUST002290,Samuel,Heidrich,lloos@example.org,F,1954-07-12,2023-11-25, DE ,Günzburg,paid_search,False
CUST002291,Lydia,Mistry,wardelliot@example.org,Undisclosed,1946-03-14,2025-02-26,GB,Lake Carolyn,paid_search,True
CUST002292,Alfred,Chauvet,arthur30@example.org,Undisclosed,1970-05-26,2024-07-02, FR ,Mahedan,direct,False
CUST002293,Paul,Löchel,,F,2006-06-15,2025-04-06,de,Schwerin,social_media,False
CUST002294,Damien,Patel,middletonmarie@example.net,Undisclosed,1974-08-13,2024-05-15,GB,East Tony,referral,True
CUST002295,  Viktor,Lübs,idoering@example.com,F,1945-11-13,2025-10-14,DE  ,Bad Liebenwerda,direct,False
CUST002296,Blanka,Bonbach,,F,1998-01-09,2024-11-29,DE,Osterburg,direct,False
CUST002297,Magrit,Walter,benderharry@example.org,F,1999-08-13,2024-05-29,DE,Rastatt,direct,False
CUST002298,Karl-Dieter,Wiek,eckhardtmende@example.com,F,1951-10-22,2023-07-16,DE  ,Ebersberg,social_media,False
CUST002299,Aleksej,Plath,cplath@example.net,M,1952-04-24,2025-08-23,de,Melsungen,referral,True
CUST002300,Michelle,Nicolas,caronjeanne@example.org,F,1969-01-02,2023-06-06,FR,Sainte Émile,organic_search,True
CUST002301,Víctor,Cal,apoloniaarnal@example.com,F,1962-06-16,2025-08-14, ES ,Lleida,referral,False
CUST002302,Gerard,Evans,bretthooper@example.org,M,1981-10-18,2023-10-05, GB ,Abigailport,social_media,True
CUST002303,Dominic,Jennings,joannejarvis@example.net,Undisclosed,1984-02-21,2025-04-17,GB,Claytonside,paid_search,True
CUST002304,Philippe,Mahe,caroline66@example.net,F,1947-09-14,2024-11-28,FR,Mathieu,referral,True
CUST002305,Ninetta,Filogamo,montesanogaetano@example.net,F,1986-12-27,2023-04-01,IT,Civitella Licinio,direct,True
CUST002306,Virginie,Nguyen,valentinebesnard@example.com,M,2006-03-23,2025-09-29,FR,Nguyen-les-Bains,organic_search,True
CUST002307,Anneke,Hendriks,kitzmanncornelia@example.org,M,2002-03-18,2025-10-28, DE ,Viechtach,direct,False
CUST002308,Sophie,Carroll,dbrown@example.com,F,1952-07-01,2024-12-31, GB ,Mohamedshire,organic_search,True
CUST002309,Bernard,Matthäi,wendecengiz@example.org,F,1985-09-24,2024-07-17,DE,Strasburg,direct,True
CUST002310,Alphonse,Bouvet,qdenis@example.org,M,1990-04-06,2024-02-06,FR,Mary,direct,False
CUST002311,Joseph,Perry,paigeread@example.net,Undisclosed,1983-12-28,2024-04-07,GB,Mariontown,paid_search,False
CUST002312,Ansaldo,Guarana,gionata15@example.org,Undisclosed,1987-03-26,2024-09-05, IT ,Verzuolo,paid_search,False
CUST002313,Ian,Mann,,Undisclosed,1965-12-08,2025-02-13,gb,Murrayfurt,email,True
CUST002314,Jorn,van Limburg,pneuteboom@example.org,F,1985-11-08,2023-06-23,NL,Schinnen,email,True
CUST002315,Johanna,Berg,perssonpatric@example.net,Undisclosed,2007-06-24,2023-12-07,SE,Linköping,referral,False
CUST002316,Urte,Binner,heinz-gerdneureuther@example.com,Undisclosed,1978-09-09,2025-07-16,DE,Riesa,paid_search,False
CUST002317,Bernadette,Vidal,paul32@example.com,M,1960-01-14,2025-05-20,fr,Laroche-la-Forêt,social_media,True
CUST002318,Daniel,Mendès,bourdoncaroline@example.org,Undisclosed,2001-08-28,2023-02-11,FR,Gaillard,organic_search,True
CUST002319,Marcel,Bigot,ipeltier@example.org,Undisclosed,1949-02-25,2023-09-17,FR,Jacques-les-Bains,organic_search,False
CUST002320,Zoé,Leroux,blancantoinette@example.org,Undisclosed,1990-08-25,2025-03-19,FR,Sainte Étienne,organic_search,True
CUST002321,Iolanda,Toscanini,gibilisconapoleone@example.net,F,1986-03-16,2024-04-19,IT,Palazzo D'Arcevia,referral,True
CUST002322,Zeynep,van Ghoerle,hjonker@example.org,Undisclosed,1947-03-18,2024-05-09,NL,Wellerlooi,social_media,False
CUST002323,Janice,Murray,irene80@example.org,F,2006-07-13,2024-11-11,GB,Leonside,paid_search,True
CUST002324,Catherine,Hamon,isaacthierry@example.org,F,1981-03-15,2024-03-27,FR,Gallet-sur-Mer,organic_search,False
CUST002325,Aitor,Duque,xvendrell@example.com,F,1949-11-18,2023-06-14,ES,Córdoba,social_media,True
CUST002326,Daniel,Pettersson,johanssonmartin@example.net,Undisclosed,2002-12-27,2023-03-09,SE,Borlänge,direct,True
CUST002327,Ciriaco,Blasco,maridulce@example.com,Undisclosed,1956-06-03,2023-06-21,ES,Soria,organic_search,True
CUST002328,Sigmund,Römer,lissi29@example.net,Undisclosed,2007-03-10,2025-09-11,DE,Monschau,organic_search,True
CUST002329,Rosie,Woods,qwhitehead@example.com,Undisclosed,1963-11-11,2023-11-03, GB ,New Owenbury,referral,False
CUST002330,Liselotte,Salz,hesersarah@example.org,F,1974-07-03,2024-08-21,DE,Jülich,referral,False
CUST002331,Lucy,Menard,fbertrand@example.net,F,1957-09-24,2024-08-11,fr,Jacquet-sur-Mer,social_media,True
CUST002332,Lia,Mies,isa65@example.org,M,1985-03-22,2024-10-05,DE,Emmendingen,organic_search,True
CUST002333,Rita,Dawson,ruth09@example.com,M,2002-07-06,2023-01-06,GB  ,Cooperbury,social_media,True
CUST002334,Mads,van Herstal,stella96@example.org,F,1980-07-03,2025-01-10,NL,Meeuwen,referral,True
CUST002335,Gerhardt,Rörricht,carlosmartin@example.org,Undisclosed,1968-09-07,2024-04-27,de,Kusel,social_media,False
CUST002336,Patricia,Berger,hugueshamon@example.net,Undisclosed,2001-11-10,2023-04-11,FR,Paris-les-Bains,organic_search,True
CUST002337,Vincent,Wilkinson,kerrmarion@example.org,M,1981-12-07,2025-08-20,GB,New Luke,referral,False
CUST002338,  Christiane,Fernandes,qdos-santos@example.com,Undisclosed,1996-12-01,2024-12-28,FR,HebertBourg,referral,True
CUST002339,Dietmar,Jacob,nbarkholz@example.org,F,1950-09-16,2023-09-15,DE,Calw,email,False
CUST002340,Lucie,Goncalves,agathepeltier@example.net,Undisclosed,2001-07-14,2025-12-18,FR,Delannoy,social_media,False
CUST002341,Aitana,Ramón,ocampoy@example.org,F,2006-07-20,2023-12-30,ES,Guipúzcoa,email,True
CUST002342,Marijan,Röhricht,jacekbeyer@example.com,F,1980-06-17,2025-12-18,de,Lobenstein,organic_search,True
CUST002343,Semra,Holsten,liane02@example.com,F,1996-10-02,2025-03-30,DE,Norden,direct,False
CUST002344,Étienne,Gilbert,remydenis@example.net,M,1967-04-26,2025-04-14,FR,Saint Marthe,paid_search,False
CUST002345,Pasquale,Bocca,guglielmo09@example.com,M,1977-09-02,2025-12-18, IT ,Orta Novarese,organic_search,False
CUST002346,Lukas,van der Maes,van-den-boschguus@example.net,F,1984-09-09,2024-08-20,NL,Westzaan,social_media,False
CUST002347,Abel,de Wit,van-der-stael-de-jongecarlijn@example.net,Undisclosed,1977-02-07,2023-03-28,NL,Wijhe,social_media,True
CUST002348,Capucine,Dupuy,etiennemaillard@example.org,Undisclosed,1973-11-01,2024-08-24, FR ,Duval-sur-Mer,organic_search,False
CUST002349,Nicola,May,brenda26@example.net,M,1982-10-31,2025-02-11,GB,Richardsside,referral,True
CUST002350,Hermine,Schönland,hildesalz@example.com,Undisclosed,1983-01-30,2024-04-07,DE,Heinsberg,referral,True
CUST002351,Toby,Cook,sswift@example.org,M,1963-06-17,2024-07-18,GB,Katyton,direct,True
CUST002352,Licia,Esposito,catenazzidiana@example.org,F,1949-09-02,2024-11-27,IT,Sommatino,social_media,True
CUST002353,Geoffrey,Bruce,louis60@example.com,M,1951-01-12,2024-02-24,gb,Richardsonton,referral,False
CUST002354,Ornella,Peruzzi,robertavanvitelli@example.net,Undisclosed,1959-10-12,2024-10-07,it,Versa,paid_search,True
CUST002355,Anna,Rippey,lorenzo62@example.org,Undisclosed,1967-12-24,2023-07-04,NL,Oosterbeek,organic_search,True
CUST002356,Benjamin,Barth,kramerzeki@example.org,Undisclosed,1986-02-10,2024-02-11,de,Demmin,paid_search,True
CUST002357,Antonio,Magnani,virgilio94@example.org,F,2008-04-28,2025-04-09,IT,Pianche,organic_search,True
CUST002358,Nathalie,Roht,rstoll@example.net,Undisclosed,1987-06-04,2023-06-21,DE,Malchin,social_media,False
CUST002359,Marcus,Wade,ucraig@example.com,M,2001-06-30,2023-07-15,GB,Guychester,direct,True
CUST002360,Rosalie,Baum,adelinde75@example.net,F,1984-07-21,2023-01-22,DE,Hechingen,organic_search,True
CUST002361,Magret,Schlosser,walentina33@example.net,F,1947-08-26,2024-11-16,DE,Darmstadt,referral,True
CUST002362,Susanne,Lebon,sabinelemaitre@example.com,Undisclosed,2005-04-15,2024-05-15,FR,Dumont-les-Bains,social_media,False
CUST002363,Bernard,Nicolas,smarques@example.com,F,1972-08-30,2023-09-03,FR,Texier,direct,True
CUST002364,Frances,Field,bernard00@example.net,F,2003-11-27,2025-03-13,GB,North Clive,organic_search,False
CUST002365,Anne,Arnold,billyfarrell@example.com,Undisclosed,1978-03-27,2023-05-26,GB,Kempberg,social_media,True
CUST002366,Edwin,Budig,elfie16@example.org,M,1957-09-20,2024-08-21,DE  ,Wanzleben,organic_search,True
CUST002367,Margarita,Hermann,davidspero@example.net,F,1981-12-24,2025-04-14,DE,Beeskow,referral,True
CUST002368,Raymond,Jones,carterpaula@example.org,M,1980-10-24,2023-05-31,GB,Jonesfort,organic_search,False
CUST002369,Hortense,Valentin,louischevalier@example.org,M,2005-09-26,2023-03-16, FR ,Hebert,referral,False
CUST002370,Julie,le Matelot,scharrootimo@example.org,M,1999-08-13,2023-03-29,nl,Koudekerke,email,False
CUST002371,Jake,Hazenveld,floorvan-bunschoten@example.org,Undisclosed,2008-04-03,2025-06-10,NL,Gendringen,organic_search,True
CUST002372,  Jenaro,Tejero,friasbenigna@example.com,F,1968-12-19,2025-05-23,ES,Las Palmas,organic_search,True
CUST002373,Boaz,van Leeuwen,jente96@example.net,F,1983-05-23,2025-01-09,NL,Nijhuizum,organic_search,False
CUST002374,Jérôme,Ruiz,alexandrieaubry@example.net,Undisclosed,1954-05-22,2023-11-12,fr,Saint Constanceboeuf,paid_search,True
CUST002375,Ivy,van Dijk,ravi40@example.org,M,1962-12-31,2024-06-04,NL,Margraten,paid_search,False
CUST002376,William,Pierre,sebastien75@example.net,M,2003-03-22,2023-08-11,FR,Saint Guillaume-sur-Mer,direct,True
CUST002377,Pénélope,Tanguy,michelepons@example.com,M,1987-07-09,2024-03-07,FR,NormandBourg,organic_search,True
CUST002378,María Cristina,Fábregas,xrios@example.com,Undisclosed,1962-03-19,2024-05-10,ES,Segovia,paid_search,False
CUST002379,Léon,Berthelot,claudineroy@example.org,Undisclosed,1982-05-10,2024-09-03,FR,Pottier-les-Bains,referral,True
CUST002380,Albano,Barrera,taboadapaulino@example.net,M,2000-03-15,2025-04-14,ES,Pontevedra,organic_search,True
CUST002381,Nando,Ferreras,chuerta@example.com,Undisclosed,1947-12-11,2023-07-29, ES ,Pontevedra,organic_search,False
CUST002382,Juanito,Grande,morenovaquero@example.org,F,1968-03-17,2023-05-13,ES,Granada,direct,False
CUST002383,Milena,Cammarata,barcacciasole@example.net,Undisclosed,1980-09-15,2024-06-06,IT,Malpasso,referral,False
CUST002384,Sébastien,Buisson,ebesnard@example.net,Undisclosed,2007-04-08,2025-02-08,FR,Sainte Adélaïde-les-Bains,referral,False
CUST002385,Rémy,Launay,pierre45@example.com,Undisclosed,1949-04-28,2023-07-03,FR,Lacroixboeuf,referral,False
CUST002386,Barbara,Campbell,jonesjasmine@example.org,M,1983-04-12,2024-05-23, GB ,North Jemmamouth,referral,False
CUST002387,William,Regnier,lucygodard@example.org,F,1976-09-30,2024-02-03,fr,Blanchet-la-Forêt,paid_search,False
CUST002388,Diane,Scott,kroberts@example.net,Undisclosed,1981-08-04,2023-10-17,GB,Port Hollie,organic_search,False
CUST002389,Elisa,Huisman,stuivenbergmohammed@example.com,M,2002-09-04,2023-02-17,NL,Ter Aard,email,False
CUST002390,Jade,Jacobs,scheermichelle@example.com,F,1962-12-15,2023-03-04,NL  ,Oostkapelle,direct,True
CUST002391,Joséphine,Gimenez,augusteblanc@example.net,Undisclosed,1996-07-25,2025-11-30,FR,Lacombe-la-Forêt,social_media,True
CUST002392,Marlen,Roht,juaneigenwillig@example.org,F,1989-10-29,2025-12-01,DE,Saarlouis,social_media,True
CUST002393,Noël,Duhamel,hgoncalves@example.org,F,1999-08-08,2024-12-06,FR,Saint Frédéricdan,direct,False
CUST002394,Ansgar,Krein,,F,2008-04-14,2024-11-30,DE,Reutlingen,social_media,True
CUST002395,Armando,Volta,fedeletraetta@example.net,Undisclosed,2008-07-27,2025-06-08,IT,San Felice Circeo,email,False
CUST002396,Sylvie,Ferreira,williamriviere@example.org,F,1946-09-12,2025-04-13, FR ,Rolland,email,False
CUST002397,Carl,Süßebier,ricardaadler@example.org,F,1981-03-16,2023-07-21,DE,Moers,referral,False
CUST002398,Sibylla,Becker,hkramer@example.org,M,1980-03-31,2024-11-20,DE,Weimar,social_media,False
CUST002399,Bryan,Barrett,jblake@example.org,M,1971-10-18,2023-11-02,GB,West Benjaminbury,social_media,True
CUST002400,Denise,Mitchell,stanley31@example.net,F,1999-03-08,2023-03-02, GB ,Whiteside,direct,False
CUST002401,Anouk,Pruvost,leongomes@example.com,F,1967-03-19,2025-03-11, FR ,Saint Adrien-sur-Mer,email,True
CUST002402,Silvana,Gnatz,mielcarekmartina@example.com,Undisclosed,1945-12-03,2023-06-03,DE  ,Görlitz,organic_search,True
CUST002403,Victoire,Sanchez,noemi96@example.com,Undisclosed,1968-03-27,2023-05-16,fr,Saint Bernadette,social_media,True
CUST002404,René,Morin,ylaroche@example.com,F,1950-09-15,2024-10-20,FR,Sainte Alexandrie,referral,True
CUST002405,Mila,Niermann,noor11@example.net,F,1964-11-19,2025-06-26,NL,'s-Heer Abtskerke,paid_search,False
CUST002406,Katie,Freeman,,M,1952-07-11,2024-07-07,GB,Flynnshire,email,True
CUST002407,Dorothée,Bonneau,penelope97@example.org,F,1946-09-15,2023-04-30,FR,Leleu,email,True
CUST002408,Hansjoachim,Hornig,stefanolindner@example.net,F,1983-05-19,2023-10-08,DE,Koblenz,email,False
CUST002409,Kristina,Karlsson,mbackman@example.com,Undisclosed,1982-06-05,2025-02-26,SE,Örnsköldsvik,referral,True
CUST002410,Suzanne,Reynolds,,Undisclosed,1988-11-29,2024-06-23,GB,South Debrafort,organic_search,True
CUST002411,Maaike,van Dam,wouterszbas@example.com,F,1957-12-22,2024-02-11,NL,Oentsjerk,social_media,False
CUST002412,Rosita,Kostolzin,kbuchholz@example.com,M,1947-04-10,2023-12-17, DE ,Cuxhaven,referral,True
CUST002413,Daniel,Hewitt,,F,1954-09-18,2025-08-08,GB,Wallacestad,organic_search,True
CUST002414,Britta,Gotthard,hschueler@example.net,M,1971-07-21,2023-01-01,de,Hannoversch Münden,referral,False
CUST002415,Laura,McDonald,fisherchristopher@example.net,M,1950-08-22,2023-09-29,GB,Evanshaven,paid_search,True
CUST002416,Theodor,Nilsson,theresia17@example.com,M,1991-05-05,2025-07-05,SE  ,Uddevalla,referral,True
CUST002417,Étienne,Allard,alice92@example.org,F,1991-06-24,2023-12-12,FR,Rodrigues-la-Forêt,social_media,True
CUST002418,Romuald,Etzler,schlosseringrid@example.net,F,1975-05-03,2023-07-13,de,Eisenberg,paid_search,False
CUST002419,Meinrad,Peukert,friedbertschleich@example.com,F,1985-09-02,2023-07-28,DE,Meppen,direct,False
CUST002420,Nath,Poulain,neveuremy@example.net,F,1963-10-24,2025-11-17,FR,Duval,direct,True
CUST002421,Marliese,Bien,hanne-lore45@example.com,F,1967-05-22,2025-10-03, DE ,Oberviechtach,paid_search,False
CUST002422,Felix,Kobelt,achimrust@example.org,Undisclosed,1979-07-02,2025-11-29,DE,Wanzleben,direct,False
CUST002423,Sabas,Gimenez,ayalabernardino@example.net,F,2008-08-26,2025-06-15,ES,La Rioja,referral,True
CUST002424,Barry,White,alexander72@example.org,Undisclosed,2004-07-06,2023-08-24,GB,Chambershaven,email,True
CUST002425,Michelle,Guyot,gabriellebourdon@example.com,Undisclosed,1946-01-10,2024-11-24, FR ,Saint Claire,direct,False
CUST002426,Rocco,Giunti,ernestoiacobucci@example.net,M,1951-10-25,2025-04-04,IT,Noli,organic_search,False
CUST002427,Stefanie,Wirth,ybriemer@example.net,F,1971-01-28,2025-10-13,DE,Neunburg vorm Wald,organic_search,False
CUST002428,Ellen,Nygren,anderssonniklas@example.net,Undisclosed,1949-09-12,2023-01-05,SE,Helsingborg,paid_search,True
CUST002429,Susan,Nicolas,adrien92@example.com,M,2001-03-25,2024-12-16,FR,Sainte Juliennec,direct,False
CUST002430,Gianluigi,Rossetti,battelliluciana@example.com,M,1949-04-22,2023-01-31,IT,Passo Del Tonale,direct,False
CUST002431,Sharon,Wright,samuelrhodes@example.org,Undisclosed,1991-12-28,2025-04-09,GB,North Pamelaview,paid_search,True
CUST002432,Chita,Morán,varelaconsuela@example.com,M,1993-04-04,2023-10-12,ES,Ceuta,organic_search,False
CUST002433,Cecilia,Levin,lillemorkarlsson@example.com,M,2004-07-23,2024-04-26,SE,Trollhättan,organic_search,True
CUST002434,Charlotte,Gosselin,jeannineboucher@example.com,M,1953-07-19,2023-09-17,FR,PeronBourg,referral,True
CUST002435,Linnéa,Arvidsson,ullaeklund@example.com,Undisclosed,2007-01-16,2025-06-06,se,Malmö,social_media,True
CUST002436,Philippine,Guilbert,xavier02@example.com,Undisclosed,1990-11-13,2024-09-02,FR,Antoine-sur-Louis,referral,True
CUST002437,Marcel,Petitjean,danielbigot@example.com,Undisclosed,1970-03-06,2023-06-22,FR,Boucher-sur-Mer,organic_search,False
CUST002438,Anne,Maillard,henri68@example.org,Undisclosed,1982-10-25,2023-07-07,FR,Morelnec,email,False
CUST002439,Tony,Ball,joconnor@example.org,F,1982-07-25,2024-02-06, GB ,New Leon,referral,False
CUST002440,Sonia,Schuchhardt,marcheidrich@example.com,Undisclosed,2003-07-07,2024-07-16, DE ,Luckenwalde,direct,False
CUST002441,Alexander,Williams,sheilaparker@example.com,Undisclosed,1975-12-02,2025-10-10, GB ,Geraldineton,referral,False
CUST002442,Jay,Francis,nevans@example.com,F,1972-09-14,2025-11-01,GB  ,East Anna,referral,True
CUST002443,Anastasio,Mínguez,luisinaagusti@example.net,Undisclosed,2007-02-01,2025-10-08,ES,Badajoz,direct,True
CUST002444,Martin,Amorós,uriarteeva@example.net,F,1991-01-04,2025-03-27,ES,Ceuta,direct,False
CUST002445,Renée,Guillou,perezeugene@example.com,M,1972-01-30,2023-03-03,FR,Saint Guyboeuf,referral,False
CUST002446,Marianne,Boutin,maryse76@example.org,F,1957-09-27,2025-07-24,fr,Couturier,referral,True
CUST002447,Alexandrie,Rey,lebonmichelle@example.net,F,1967-02-16,2024-12-02,FR,Rocher,email,False
CUST002448,Rosalinde,Carsten,stollhans-d@example.org,Undisclosed,1991-01-23,2025-03-18,de,Emmendingen,direct,True
CUST002449,Ole,Bonbach,yjohann@example.net,M,1946-05-27,2023-09-30,DE,Lübz,paid_search,True
CUST002450,Yves,Benoit,chevaliertimothee@example.org,F,2004-05-25,2023-07-31,FR,Perrot,social_media,True
CUST002451,Brigitte,Carre,brigitte95@example.org,M,1948-08-31,2025-12-27,fr,Rousseldan,social_media,False
CUST002452,Bengt,Henriksson,margaretajohansson@example.net,Undisclosed,1996-04-03,2023-12-10,se,Alingsås,direct,True
CUST002453,Anthony,Potts,johnstondorothy@example.org,M,1972-05-27,2024-12-04, GB ,Sianborough,referral,True
CUST002454,Inès,Lemaire,penelope03@example.net,Undisclosed,1945-11-20,2025-03-12,FR,Lévêque,social_media,False
CUST002455,Malcolm,Cross,,M,2005-06-13,2024-10-26,GB,South Jordan,social_media,False
CUST002456,Amanda,Schmidtke,,Undisclosed,1993-03-26,2024-04-04, DE ,Belzig,direct,True
CUST002457,Laetitia,Gauthier,allardtheophile@example.net,F,1960-09-30,2023-08-20, FR ,Chauvet,referral,False
CUST002458,Karen,Vincent,janiceevans@example.org,M,1968-11-07,2024-04-28,gb,North Linda,social_media,True
CUST002459,Holly,Pearce,dbruce@example.com,M,1984-12-27,2024-10-28,gb,Lake Jackfurt,paid_search,True
CUST002460,Émilie,Chevallier,dlevy@example.org,M,1994-06-26,2025-01-19,FR,Martel-la-Forêt,referral,True
CUST002461,Agneta,Nielsen,olssonmarta@example.com,M,1954-03-18,2024-05-02, SE ,Piteå,referral,False
CUST002462,Beatrice,Panatta,antonialussu@example.com,F,2004-05-02,2023-11-03,it,Sant'Antonino,organic_search,True
CUST002463,Gemma,Reed,harperabigail@example.com,Undisclosed,2003-04-16,2024-12-25,GB,West Toby,organic_search,False
CUST002464,Mark,Ford,lloydashleigh@example.com,M,1960-02-23,2023-05-04, GB ,Websterberg,social_media,True
CUST002465,Shannon,Smith,gakhtar@example.com,M,1985-04-18,2024-04-26,GB,Lake Christianshire,paid_search,False
CUST002466,Leopold,Kabus,heinz-ottozobel@example.org,Undisclosed,2003-12-08,2025-05-26,DE,Berlin,email,False
CUST002467,Henriette,Fournier,galletsimone@example.org,M,1989-06-13,2024-07-26,FR,LabbéVille,referral,False
CUST002468,Sigrid,Lehmann,ingolf08@example.net,Undisclosed,1980-06-01,2024-07-26,DE,Gifhorn,social_media,False
CUST002469,Jacqueline,Gilbert,hayesconnor@example.org,Undisclosed,1960-08-25,2024-08-12,GB,New Thomas,organic_search,False
CUST002470,Lawrence,Wheeler,,F,1968-06-12,2024-11-11,GB,Shepherdshire,organic_search,True
CUST002471,Diethard,Geißler,kjunitz@example.org,Undisclosed,1986-01-24,2024-09-20,DE,Heinsberg,organic_search,True
CUST002472,Roger,Persson,pereriksson@example.org,F,1957-11-16,2023-09-26,SE,Ängelholm,social_media,True
CUST002473,Elmo,Satriani,,F,1970-11-12,2024-03-02,IT,Sindacale,direct,False
CUST002474,Victor,Bloemendaal,danirek@example.com,M,1992-12-20,2024-01-09,NL,Eckelrade,referral,False
CUST002475,Leigh,Gray,walkergeoffrey@example.org,M,1961-01-14,2025-03-01, GB ,East Roychester,direct,True
CUST002476,Patricio,Zamorano,conradodonoso@example.org,M,1999-02-24,2025-05-16,ES,Melilla,social_media,False
CUST002477,Pascal,Rosemann,aullrich@example.net,Undisclosed,1952-02-10,2023-11-03,DE,Büsingen am Hochrhein,direct,True
CUST002478,Blanca,Pera,vaqueroulises@example.org,F,1968-04-18,2025-01-25,ES,Toledo,paid_search,True
CUST002479,Hülya,Stumpf,cathleen77@example.org,F,1952-02-04,2023-10-01,DE,Rathenow,direct,True
CUST002480,Yéssica,Guzmán,ayusomaricela@example.com,Undisclosed,1978-04-06,2024-09-16, ES ,Asturias,organic_search,True
CUST002481,Inès,Voisin,jraynaud@example.net,Undisclosed,2006-11-16,2025-04-30,FR,Grégoire,social_media,True
CUST002482,Cipriano,Tosi,marco40@example.net,Undisclosed,1955-01-30,2025-12-26,IT,Lama Polesine,direct,False
CUST002483,Federigo,Vigorelli,acutuli@example.org,M,1960-03-24,2023-12-29,IT,Bottai,social_media,False
CUST002484,Geza,Förster,emmihein@example.org,Undisclosed,1949-09-16,2024-06-28,DE,Brandenburg,social_media,True
CUST002485,Phillip,Elliott,ricky74@example.net,Undisclosed,2008-08-06,2023-07-04,GB,North Emilystad,email,True
CUST002486,Elisabeth,Ahmed,helenamattsson@example.net,F,1948-02-21,2023-07-29,SE,Uppsala,organic_search,False
CUST002487,Callum,Edwards,bethan23@example.org,F,1979-07-29,2023-12-26,GB,Scottville,direct,True
CUST002488,Trini,Castrillo,ramonferrera@example.org,M,1979-12-08,2024-01-17,es,La Rioja,paid_search,True
CUST002489,Dominic,Harper,anthony64@example.com,Undisclosed,2001-10-25,2025-04-23,GB,West Marilynbury,social_media,True
CUST002490,Anastasie,Mary,dpineau@example.com,F,1952-03-18,2024-09-12,FR,Tanguy-sur-Hubert,social_media,False
CUST002491,Alphonse,Gilles,paulineguerin@example.net,Undisclosed,1956-09-13,2024-05-15,fr,Blanc-sur-Legros,referral,False
CUST002492,Nora,Schlosser,moechlichenkornelius@example.com,Undisclosed,1948-06-18,2024-06-30,DE,Roth,direct,False
CUST002493,Jose Miguel,Llorente,dimasandres@example.com,F,1950-03-27,2024-03-24,ES,La Coruña,referral,False
CUST002494,Suzanne,Renaud,henriduhamel@example.org,M,1953-09-30,2024-06-18,FR,CoulonVille,direct,True
CUST002495,Helen,Gray,owennicole@example.com,Undisclosed,2007-06-07,2024-01-05,GB,Hallton,paid_search,True
CUST002496,Graham,Tyler,zbarnes@example.org,F,2000-05-29,2025-06-20,GB,Evanston,referral,False
CUST002497,Abbie,Fowler,kimberley44@example.com,F,1975-01-17,2025-12-15,GB,Robinsonport,social_media,True
CUST002498,Sigfrido,Núñez,lilianagomila@example.net,Undisclosed,1946-04-07,2025-11-28,ES,Segovia,organic_search,True
CUST002499,Margareta,Högberg,mcarlsson@example.org,F,1975-03-17,2025-01-16,SE,Örebro,paid_search,True
CUST002500,Margot,Dos Santos,william43@example.com,Undisclosed,2008-04-06,2023-04-02,FR,Bègue,direct,False
CUST002501,Aránzazu,Vilanova,juan-pablo21@example.net,M,1988-12-23,2025-11-28,ES  ,Murcia,paid_search,False
CUST002502,Saturnino,Coloma,vcabanas@example.net,Undisclosed,1989-03-14,2025-11-19,ES,Toledo,organic_search,True
CUST002503,Graeme,Walker,,F,1994-01-30,2024-02-18,GB,Lake Graceshire,direct,True
CUST002504,Mikael,Eriksson,mforsberg@example.net,F,1954-10-20,2024-10-18,SE,Karlskrona,direct,True
CUST002505,Bodo,Knappe,ricardakobelt@example.net,F,1981-11-10,2023-02-16,DE,Garmisch-Partenkirchen,direct,False
CUST002506,Manuela,Stumpf,johanngutknecht@example.org,M,1962-01-28,2023-02-19,DE,Bitterfeld,direct,True
CUST002507,Amaro,Pereira,regina87@example.com,F,1994-08-06,2023-04-27,ES,Huesca,email,True
CUST002508,Marie,Thibault,umerle@example.com,Undisclosed,1991-08-17,2024-03-06,FR,Didier,paid_search,False
CUST002509,Leticia,Ledesma,natividad76@example.net,F,1994-10-19,2023-04-10,es,Cantabria,organic_search,False
CUST002510,Sabatino,Juvara,gino65@example.net,F,1972-06-05,2025-04-19, IT ,Donnafugata,direct,True
CUST002511,Selma,Holt,bbolnbach@example.org,F,1954-04-16,2023-08-26,DE,Eisenberg,organic_search,True
CUST002512,Ilaria,Alfonsi,ivan50@example.net,Undisclosed,1984-08-27,2023-03-07,IT,Campalto,referral,False
CUST002513,Patricia,Alexandre,danielle15@example.org,Undisclosed,1986-03-28,2024-05-24,fr,Breton,social_media,True
CUST002514,Katie,Clayton,beverley66@example.com,F,2003-10-05,2025-06-02,GB,North Sandra,email,False
CUST002515,Joan,Scott,barry35@example.net,M,1963-10-06,2025-12-02,gb,South Adrian,organic_search,False
CUST002516,Gabriele,Granatelli,arnaldo48@example.net,Undisclosed,1999-08-16,2023-02-16,IT,Rosasco,social_media,True
CUST002517,Rena,Jessel,tdrub@example.com,M,1960-03-18,2024-10-30,DE,Merseburg,organic_search,True
CUST002518,Eric,Webb,xlloyd@example.com,M,2007-06-09,2025-01-21,GB,North Eleanorville,organic_search,True
CUST002519,Ivan,Hermans,wvan-der-horst@example.org,M,1951-02-01,2024-03-15, NL ,Olst,direct,False
CUST002520,Morris,Kisman,jgeertsen@example.com,M,1959-11-30,2023-02-04, NL ,Oene,social_media,True
CUST002521,Lucy,van Laon,lana26@example.net,Undisclosed,1963-05-12,2025-05-18,NL,Kuinre,social_media,True
CUST002522,Hans-Karl,Seifert,hbiggen@example.com,F,1956-10-25,2024-03-10,DE,Ueckermünde,paid_search,True
CUST002523,Matthieu,Hebert,vleblanc@example.org,M,1977-03-05,2023-10-16, FR ,Payetnec,referral,True
CUST002524,Laurent,Leclercq,unormand@example.com,F,1977-07-13,2025-09-08,fr,Saint Roger,referral,True
CUST002525,Juanita,Palau,artigasangela@example.net,M,2001-03-01,2025-06-26,ES,León,referral,True
CUST002526,Manon,Paul,laurentalexandrie@example.com,M,1990-06-24,2025-04-24,FR,Saint André,organic_search,False
CUST002527,Jane,Eckbauer,yilmazstoll@example.org,Undisclosed,1950-02-26,2024-10-16,DE,Erding,organic_search,True
CUST002528,Anders,Gustafsson,tobias31@example.com,F,1984-09-20,2024-08-07,SE,Borås,email,False
CUST002529,Henri,Christoph,zraedel@example.net,M,1979-04-29,2025-07-13,DE,Bad Brückenau,social_media,False
CUST002530,Niklas,Broman,erikhussein@example.com,F,1998-06-17,2024-12-13,SE,Umeå,social_media,False
CUST002531,Fien,van Saksen,lensenelin@example.net,M,1999-01-15,2023-08-06,NL,Kantens,organic_search,True
CUST002532,Pastora,Garcés,edu59@example.com,Undisclosed,2007-07-30,2023-05-02, ES ,Burgos,paid_search,True
CUST002533,Pénélope,Pichon,henririou@example.net,M,1961-02-13,2025-04-24,fr,Aubert-sur-Barbe,organic_search,False
CUST002534,Monika,Mühle,abdullahhoevel@example.com,F,1992-09-19,2023-11-28,DE,Jülich,direct,False
CUST002535,Thijmen,Fredriks,hendriknollee@example.com,Undisclosed,1980-03-15,2025-07-06, NL ,Nijetrijne,social_media,True
CUST002536,Vilma,Avilés,soriaregulo@example.org,M,1983-03-12,2025-08-07,ES,Alicante,paid_search,True
CUST002537,Lisa,van de Greef,sandervan-wassenaar@example.org,F,2000-08-05,2025-08-04,NL,Gasselte,social_media,False
CUST002538,Alex,Noack,ralfbender@example.org,F,1954-03-02,2025-12-22,DE,Lemgo,paid_search,True
CUST002539,Cornelio,Pablo,,F,1989-07-24,2024-02-07,ES  ,Navarra,referral,False
CUST002540,Griselda,Royo,laraborras@example.com,M,2008-06-30,2025-07-04,ES,Murcia,paid_search,True
CUST002541,Naud,van Geffen,lizz67@example.org,F,1996-12-22,2023-01-12,NL,Kortgene,paid_search,False
CUST002542,Jessica,Corominas,espiridiongallego@example.org,M,1955-04-28,2024-06-04,ES,Teruel,organic_search,False
CUST002543,Luís,Izaguirre,caminomarisela@example.net,Undisclosed,1956-02-28,2023-05-12,ES,Navarra,organic_search,True
CUST002544,Jeffrey,Carpenter,rosiescott@example.net,M,1969-10-03,2023-04-28, GB ,Georgeburgh,social_media,True
CUST002545,Imre,Schuster,heimo50@example.com,Undisclosed,1999-06-20,2023-05-19,DE,Goslar,email,True
CUST002546,William,Dixon,davisgeoffrey@example.net,M,1992-03-16,2024-05-31,GB,Whitebury,referral,True
CUST002547,Hermann,Römer,neureuthergreta@example.com,Undisclosed,1966-06-07,2024-07-06,DE,Staffelstein,organic_search,False
CUST002548,Philippine,Collin,henri01@example.org,Undisclosed,1957-07-23,2023-12-19, FR ,PeltierVille,referral,False
CUST002549,Véronique,Fouquet,margaud63@example.net,Undisclosed,1977-11-27,2025-10-14,FR,Collin,email,True
CUST002550,Lisette,Mülichen,johannjanette@example.com,Undisclosed,1948-09-30,2023-05-14, DE ,Herzberg,email,False
CUST002551,Margaux,Mercier,helene12@example.net,F,1970-09-29,2024-08-22, FR ,Sainte Michelle-la-Forêt,email,False
CUST002552,Miroslav,Jüttner,buchholzcarolin@example.net,F,1974-10-29,2023-04-11,de,Apolda,paid_search,False
CUST002553,Domitila,Montesinos,penadora@example.org,Undisclosed,1976-05-13,2025-06-13,ES,Huelva,referral,False
CUST002554,Paola,Ciani,atenulfsismondi@example.org,F,1946-12-02,2023-08-22, IT ,Cittaducale,social_media,True
CUST002555,Alexandre,Boucsein,sylviofreudenberger@example.net,F,1988-01-23,2025-06-01, DE ,Bruchsal,email,True
CUST002556,Carl,Eklund,ingridaxelsson@example.com,F,1962-04-06,2025-11-21, SE ,Trelleborg,email,True
CUST002557,Sandra,Stevenson,khall@example.net,Undisclosed,1984-03-23,2023-11-21,GB,Stevensburgh,direct,False
CUST002558,Édouard,Marion,emarin@example.org,Undisclosed,1998-02-11,2023-07-14,FR,Payet,organic_search,True
CUST002559,Korinna,Baum,ysiering@example.net,Undisclosed,1977-01-04,2025-01-26,DE,Uffenheim,referral,False
CUST002560,Frank,Gray,abrooks@example.com,M,1959-11-02,2023-10-28,GB,Reeceville,direct,False
CUST002561,Godofredo,Anguita,pinanando@example.com,F,1980-07-23,2025-11-06,ES,Cádiz,email,False
CUST002562,Jasper,Hermans,giovannijekel@example.org,F,1985-07-26,2024-09-14,NL,Brandwijk,social_media,True
CUST002563,Malgorzata,Kostolzin,meral05@example.com,F,1964-03-18,2025-06-20,DE,Regensburg,organic_search,True
CUST002564,Ingelore,Binner,ehoelzenbecher@example.org,M,1945-10-06,2024-06-15,DE,Lüdinghausen,organic_search,True
CUST002565,Émilie,Chartier,tdelaunay@example.com,Undisclosed,1997-07-28,2024-01-22,FR,Mahenec,direct,True
CUST002566,Thierry,Blanc,henriette79@example.com,Undisclosed,1974-04-01,2023-11-20,fr,Collin,paid_search,False
CUST002567,Antonio,Barkholz,slawomir04@example.com,M,1973-05-11,2025-10-30,DE,Jessen,direct,False
CUST002568,Auguste,Pruvost,marthe37@example.org,F,1995-12-24,2023-04-13,FR,Maillardnec,social_media,True
CUST002569,Damián,Palma,abrilsainz@example.org,M,1955-01-11,2025-05-17,ES,Ceuta,direct,True
CUST002570,Rosario,Alfonsi,geronimo05@example.net,Undisclosed,1957-11-18,2023-12-29,IT,Tassara,paid_search,False
CUST002571,Célina,Pasquier,frederic28@example.org,M,1991-07-30,2025-02-11,FR,Launay,direct,False
CUST002572,Jacopo,Trezzini,gianpietro15@example.net,Undisclosed,1987-12-05,2024-01-08,IT,San Michele Delle Badesse,direct,False
CUST002573,Margaux,Gay,sleveque@example.com,M,1962-07-24,2025-02-09,FR,Rémy,email,True
CUST002574,Douglas,Thornton,iain34@example.net,F,1999-07-23,2024-06-28,GB,Mollyville,paid_search,False
CUST002575,Ingolf,Weller,mroskoth@example.net,M,1987-01-08,2023-07-29,DE,Vohenstrauß,paid_search,False
CUST002576,Eric,Allen,martyn97@example.com,Undisclosed,1964-01-12,2024-07-17,GB,Smithhaven,paid_search,False
CUST002577,Agnes,Björk,fredrikandersson@example.com,F,1994-11-18,2025-12-30,SE,Borås,email,True
CUST002578,John,Turner,oliver32@example.org,Undisclosed,1997-06-02,2024-06-13,GB,Clarkeburgh,referral,True
CUST002579,Gabriel,Voisin,,F,1997-07-07,2025-05-20,fr,Sainte Victor,paid_search,True
CUST002580,Harriet,Ellis,maureen53@example.com,Undisclosed,1973-10-10,2024-05-23,GB,Tomfort,paid_search,True
CUST002581,Arne,Henschel,nataliawulff@example.org,Undisclosed,1946-05-17,2025-04-14,DE,Hannoversch Münden,organic_search,False
CUST002582,Azeglio,Comolli,antonella64@example.com,M,1994-12-02,2024-01-18,IT  ,Cave Del Predil,referral,True
CUST002583,Susan,Dean,westpatrick@example.net,F,1998-09-05,2025-03-31,GB,East Bethanymouth,social_media,False
CUST002584,Jeannine,Michaud,hhamon@example.net,Undisclosed,1958-08-20,2024-09-10, FR ,Guillon,social_media,True
CUST002585,Sharon,Coates,teresa70@example.net,Undisclosed,1951-01-19,2024-01-31,GB,North Elliot,organic_search,False
CUST002586,Bethan,Mills,lynn43@example.com,F,1972-01-29,2025-09-18,GB,North Liam,paid_search,False
CUST002587,Pawel,Biggen,sylvanariehl@example.net,Undisclosed,2005-11-28,2023-03-27, DE ,Hamburg,email,False
CUST002588,Sophia,Huurdeman,jonathanle-gulcher@example.org,M,1947-12-18,2023-10-25,NL,Katwoude,organic_search,True
CUST002589,Hans-Dietrich,Hettner,lorenzomielcarek@example.com,Undisclosed,1973-05-08,2024-10-30,DE,Starnberg,social_media,False
CUST002590,Iris,van Haspengouw,berendsmichael@example.org,Undisclosed,1994-04-14,2024-05-24,NL,Zoelmond,email,False
CUST002591,Ileana,Prieto,vvargas@example.net,F,1998-11-10,2025-11-03,ES  ,Alicante,referral,False
CUST002592,Rico,Ayllón,leocadia29@example.com,F,1956-02-04,2024-10-04,ES,Segovia,direct,True
CUST002593,Natalie,Smith,swilliams@example.org,M,1948-03-28,2023-04-30,gb,Gavinmouth,email,True
CUST002594,Anthony,Humphries,nashpaula@example.com,M,2001-02-23,2024-12-20,GB,Maryfurt,organic_search,True
CUST002595,Pamela,Weller,hans-bernd75@example.net,M,2008-06-11,2025-03-19,DE,Feuchtwangen,direct,True
CUST002596,Estrella,Guillen,eliseovina@example.org,M,1946-04-26,2023-07-24,ES,Albacete,email,False
CUST002597,Franck,Fabre,vincentmarechal@example.net,Undisclosed,1959-08-05,2023-01-16,FR,Saint Alphonse,paid_search,False
CUST002598,Chloe,Townsend,joesmith@example.com,F,1992-10-16,2025-12-22,gb,Lake Annemouth,email,False
CUST002599,Guy,Diallo,sylvie07@example.com,Undisclosed,1978-03-28,2024-07-15,FR,Bourdon-sur-Perrot,email,False
CUST002600,Florentine,Koch II,jacob02@example.com,M,1960-01-06,2025-04-20,de,Bitterfeld,social_media,False
CUST002601,Garry,Sharp,dalehunter@example.net,M,1957-04-17,2025-05-17,GB  ,North Robin,organic_search,False
CUST002602,Aynur,Hübel,irene20@example.org,F,1976-11-17,2024-09-23,DE,Rostock,referral,True
CUST002603,Jayden,Kolen,garrettwan@example.net,M,1990-09-23,2025-05-20,nl,Eexterveenschekanaal,email,False
CUST002604,Sylvie,Mace,bernard50@example.com,M,1973-10-29,2023-09-25,FR  ,Peltier,social_media,True
CUST002605,Marlen,Mülichen,xvollbrecht@example.org,Undisclosed,1989-05-20,2023-08-11,DE  ,Hettstedt,organic_search,True
CUST002606,Justin,Bennett,amy19@example.net,F,1949-02-01,2025-05-21,gb,Evansside,paid_search,False
CUST002607,Lioba,Stey,arianemans@example.org,Undisclosed,1977-08-11,2025-05-26,DE,Höxter,email,True
CUST002608,Joséphine,Fournier,arnaudhonore@example.com,F,2000-04-21,2024-10-09, FR ,Lagarde-sur-Le Goff,social_media,True
CUST002609,Matthias,Reijers,wde-reede@example.net,Undisclosed,2007-12-09,2023-07-09,NL,Veldhoven,social_media,False
CUST002610,Isabelle,Warmer,,Undisclosed,1955-09-19,2023-05-03, DE ,Neuss,email,False
CUST002611,Consuela,Benito,eulaliaexposito@example.com,F,1999-09-29,2025-09-12,es,Badajoz,organic_search,True
CUST002612,Ernst-August,Radisch,dennychristoph@example.org,F,1976-11-03,2025-01-03,DE,Gera,social_media,False
CUST002613,Elif,Binner,heidi86@example.net,M,1991-04-02,2023-10-04,DE,Mettmann,direct,False
CUST002614,Ben,Nieuwstraten,van-saksenmees@example.net,F,1986-05-24,2023-06-05, NL ,Finsterwolde,referral,False
CUST002615,Philippe,Lemonnier,francois99@example.net,M,1969-11-02,2024-04-13,fr,Joseph,social_media,False
CUST002616,Hagen,Gertz,jeannette17@example.org,Undisclosed,1955-05-10,2025-12-26,de,Kyritz,social_media,True
CUST002617,Jules,Goncalves,paul38@example.com,Undisclosed,1947-02-22,2024-09-26,FR,Charpentier,referral,False
CUST002618,Joseph,Mallet,guymarie@example.com,M,1991-11-24,2024-06-02, FR ,Pottier,direct,False
CUST002619,Manola,Abellán,domitila63@example.org,Undisclosed,1992-10-18,2024-06-05,ES,Cantabria,direct,True
CUST002620,Thibault,Gaudin,theodore47@example.org,F,2002-11-20,2024-02-08,FR,Didierboeuf,paid_search,False
CUST002621,Nilda,Delgado,lilloabril@example.org,Undisclosed,1946-05-21,2024-08-07,ES,Salamanca,email,True
CUST002622,Benedetto,Mazzi,rtomaselli@example.com,F,1958-07-30,2025-07-12,it,Trinquelli,social_media,True
CUST002623,Jules,Chauvin,nboucher@example.net,Undisclosed,1974-10-01,2025-09-29,FR,Leroux,direct,True
CUST002624,Rocco,Tanzini,pierluigi34@example.org,F,1977-12-13,2023-05-30,IT,Varzo,organic_search,True
CUST002625,Honoré,Durand,huguespelletier@example.net,M,1974-02-25,2025-03-03,FR  ,Sainte AdèleBourg,direct,True
CUST002626,Olof,Nilsson,linneabjorkman@example.net,F,1956-05-30,2023-03-09,SE  ,Karlskoga,referral,True
CUST002627,Heinz-Jürgen,Berger,erich15@example.com,F,1956-01-01,2024-06-30,DE,Herford,organic_search,True
CUST002628,Victor,Keltenie,bosterhoudt@example.org,M,1989-08-17,2023-08-01,NL,Raerd,referral,False
CUST002629,Jeremy,Thomas,brendawood@example.net,M,1971-05-03,2025-11-19,GB,West Cherylview,social_media,False
CUST002630,Yves,Pereira,imbertmarguerite@example.net,M,1958-12-03,2024-06-04,fr,Ramos,organic_search,True
CUST002631,Samuel,Sharpe,wilsonshannon@example.org,M,1982-01-19,2025-12-31,GB,Lake Charles,paid_search,False
CUST002632,Casper,Ferran,,Undisclosed,1957-09-17,2023-08-08,NL,Fluitenberg,paid_search,True
CUST002633,Pero,Weiß,gerlachliesbeth@example.org,Undisclosed,1965-10-30,2023-10-29,DE,Waren,referral,False
CUST002634,Sergei,Reising,astrid26@example.net,F,1979-09-04,2025-05-21,DE,Hammelburg,direct,True
CUST002635,Felix,van der Horst,groenendaallinn@example.net,Undisclosed,1967-12-01,2024-09-18,NL,Kortehemmen,email,True
CUST002636,Lieke,Huls,de-koningmilan@example.com,M,2002-08-27,2024-07-15,NL,'s-Gravenhage,organic_search,True
CUST002637,Nanna,Karlsson,ottossonharald@example.net,F,1989-02-12,2025-02-19,SE,Södertälje,referral,True
CUST002638,Samu,Luján,azahar56@example.net,Undisclosed,2004-11-25,2025-07-09,ES,Valencia,paid_search,True
CUST002639,Ingrid,Engman,kerstin19@example.com,F,1990-06-30,2025-10-20,SE,Helsingborg,referral,True
CUST002640,Jip,Ehlert,juliavan-egisheim@example.org,F,1958-11-02,2023-12-20,NL,Haastrecht,referral,True
CUST002641,Benjamin,Jacquet,schneidermarie@example.org,F,1956-10-12,2023-12-10, FR ,Fleury-sur-Rossi,paid_search,True
CUST002642,Heinz-Günther,Dowerg,,M,1964-10-31,2023-01-05,DE,Oranienburg,email,True
CUST002643,Victoriano,Corral,boschadriana@example.net,Undisclosed,2001-11-06,2023-04-03,ES,Palencia,referral,False
CUST002644,Shaun,Lewis,beverley81@example.net,M,1959-03-28,2025-03-02,gb,Lake Georginatown,email,True
CUST002645,Sigfried,Lange,hartmannpaulina@example.com,Undisclosed,1947-02-09,2024-08-14,de,Vohenstrauß,social_media,True
CUST002646,Louis,Letellier,bonnetaime@example.com,M,1956-08-28,2023-06-24,fr,Marques-sur-Mer,referral,True
CUST002647,Mathias,Andersson,gdavidsson@example.org,Undisclosed,2000-10-11,2024-02-04,SE  ,Karlstad,direct,True
CUST002648,Duncan,Shah,,F,2006-11-14,2023-03-13,GB,New Carolyn,email,True
CUST002649,Isaac,Delattre,monnierfrancoise@example.net,M,2003-01-05,2023-01-08,FR,Picard-sur-Delmas,referral,False
CUST002650,Amelia,Williams,howardpatricia@example.net,Undisclosed,2001-08-30,2025-06-15, GB ,Daveybury,email,False
CUST002651,Raphaela,Otto,hans-dieterroehricht@example.org,Undisclosed,1987-02-26,2025-05-14,DE,Suhl,social_media,False
CUST002652,Océane,Perez,marcelguillet@example.com,F,1980-02-04,2023-06-27,FR,Bousquet,organic_search,False
CUST002653,Joseph,Chauvin,lefortelodie@example.com,Undisclosed,1976-08-20,2024-10-25,fr,Saint Bernadette-la-Forêt,referral,False
CUST002654,  Hans-Herbert,Förster,ackermannyasemin@example.org,Undisclosed,1990-11-09,2023-03-27,DE,Finsterwalde,email,False
CUST002655,Ignacia,Verdejo,lilianacorominas@example.org,Undisclosed,1995-06-08,2024-02-19,ES,Huelva,referral,False
CUST002656,Nathalie,Andre,celinagallet@example.net,F,1981-08-21,2023-11-23,FR,GermainVille,referral,False
CUST002657,Claudio,Aroca,ftoledo@example.com,M,1974-06-08,2025-12-01,ES,Palencia,direct,False
CUST002658,Roberta,Larrea,adolfoyanez@example.org,Undisclosed,1962-07-08,2023-05-29,ES,Salamanca,social_media,False
CUST002659,Valerie,Lange,volkerauch-schlauchin@example.com,F,1953-08-18,2023-06-08,DE,Nürtingen,paid_search,True
CUST002660,Sten,van der Klijn,wigmanyfke@example.net,Undisclosed,1989-06-16,2023-02-15,NL,Kapelle,social_media,False
CUST002661,Frances,Brown,bruce72@example.net,F,1994-06-03,2025-12-05,GB,Lake Deborah,social_media,True
CUST002662,Vittorio,Pausini,spacetti@example.com,Undisclosed,1997-08-27,2023-01-12,IT,Donoratico,paid_search,True
CUST002663,Tino,Haase,christin12@example.com,F,1966-08-24,2025-08-02,DE,Illertissen,email,False
CUST002664,Thomas,Ariens,kian94@example.net,M,1997-09-03,2023-07-04,NL,Sexbierum,paid_search,True
CUST002665,Louise,Phillips,barry99@example.org,Undisclosed,1978-01-07,2023-07-17,GB,Port Marian,social_media,True
CUST002666,Christophe,Salmon,lbriand@example.com,F,1975-06-25,2025-04-04,fr,Maurice-sur-Delaunay,referral,False
CUST002667,Birgitta,Zänker,jbarkholz@example.org,F,1986-03-11,2024-11-15,DE,Hechingen,social_media,False
CUST002668,Jasmijn,Schwartsbach,jreimes@example.com,Undisclosed,1973-04-14,2024-06-29,NL  ,Leende,social_media,False
CUST002669,Lynn,van de Darnau,van-de-poljordy@example.net,M,2003-04-27,2025-09-22,NL,Maastricht,paid_search,True
CUST002670,Sébastien,Albert,bouchetcelina@example.org,M,1980-12-31,2023-10-17,FR,Leclerc,direct,True
CUST002671,Kenneth,Turner,ihunter@example.net,Undisclosed,1965-08-14,2023-04-12,GB,West Gregorymouth,email,False
CUST002672,Lucie,Buisson,texierjacques@example.net,F,2000-07-18,2023-04-19,fr,Duboisboeuf,email,True
CUST002673,Sep,Jansdr,gerritborman@example.org,M,1976-11-23,2025-10-27,NL,Bathmen,social_media,True
CUST002674,Dorothea,Bolander,skuhl@example.net,Undisclosed,1946-11-30,2023-04-30,de,Gräfenhainichen,direct,False
CUST002675,Achille,Viviani,micheletto81@example.org,M,2005-05-19,2025-07-15, IT ,Fontanarossa,referral,False
CUST002676,Margot,Gimenez,boulangerchristine@example.com,M,1983-03-08,2023-01-13,FR,Maurice,direct,True
CUST002677,Françoise,Perrot,vcharles@example.org,F,1973-12-28,2023-07-07,FR,Garcia,email,True
CUST002678,Silva,Aumann,stephaniematthaei@example.com,Undisclosed,1948-11-24,2023-06-26,DE,Freudenstadt,direct,False
CUST002679,Reinhart,Wesack,stiebitzmuharrem@example.net,M,1991-11-17,2024-04-10, DE ,Burglengenfeld,referral,True
CUST002680,Charlotte,Harris,leah30@example.com,M,1983-08-27,2024-02-13,GB,Annaborough,direct,True
CUST002681,Aurore,Pons,qallard@example.com,Undisclosed,1984-06-08,2023-01-10,FR,Sainte Michelle,direct,True
CUST002682,Felix,Ribas,carrascobernarda@example.com,Undisclosed,2005-06-11,2025-10-29,ES  ,Albacete,social_media,True
CUST002683,Stanislaus,Köhler,schuelerkarolin@example.org,M,2006-02-24,2023-10-16,DE,Badalzungen,referral,True
CUST002684,Philippe,Payet,richardcollet@example.com,M,1986-08-12,2025-04-24,FR,Bertrand-sur-Carlier,organic_search,False
CUST002685,Audrey,Vaillant,qparis@example.com,Undisclosed,2007-02-02,2023-06-30,FR,Besson-les-Bains,email,True
CUST002686,Lilo,Wulff,thea06@example.org,Undisclosed,1954-04-05,2024-09-28,DE,Hildburghausen,organic_search,False
CUST002687,Fred,Jopich,elenore96@example.com,Undisclosed,1974-08-21,2024-11-11,DE,Erbisdorf,email,True
CUST002688,Vincent,Huet,gerardraynaud@example.org,F,1960-05-06,2024-01-11,FR,Besnard,direct,False
CUST002689,Janet,Rogers,smithmohammad@example.com,F,1965-04-27,2025-06-15,GB  ,Christinebury,paid_search,False
CUST002690,Claude,Grondin,kmillet@example.org,Undisclosed,1982-01-18,2025-12-21,FR,Bouvier,direct,False
CUST002691,Gerard,Ross,jonesjonathan@example.org,Undisclosed,1969-05-06,2025-07-06,GB,North Mohammed,social_media,True
CUST002692,Scott,Slater,harperfrederick@example.com,F,1951-11-26,2024-09-13,GB,Lake Meganbury,direct,False
CUST002693,Gerwin,Löffler,evelinmitschke@example.com,M,1998-03-31,2025-04-11,DE  ,Pinneberg,email,False
CUST002694,Frances,Potter,marianward@example.com,M,1967-10-13,2024-07-20,GB,East Fiona,social_media,True
CUST002695,Maria,Berg,hampus52@example.net,Undisclosed,1953-07-21,2025-01-15,se,Uddevalla,organic_search,True
CUST002696,William,Goodwin,jayne17@example.org,F,1949-03-28,2024-11-13,GB,West Mohammadland,direct,False
CUST002697,Wesley,Ooms,tobias74@example.com,F,1997-09-20,2023-02-26, NL ,Oldeholtwolde,organic_search,True
CUST002698,Théophile,Navarro,agatheleleu@example.org,F,2005-02-23,2025-08-05,FR,Foucher-la-Forêt,direct,True
CUST002699,Custodia,Marín,serradiego@example.com,M,1993-06-23,2023-10-19,ES,Cantabria,organic_search,True
CUST002700,Nazario,Guardia,luis-miguel93@example.org,Undisclosed,1978-11-30,2023-12-11,ES,Ceuta,paid_search,False
CUST002701,Jake,Cameron,harryhill@example.com,F,1950-05-10,2024-07-02,GB,East Carly,organic_search,True
CUST002702,Alice,Skoog,runeandersson@example.com,Undisclosed,2000-12-11,2024-01-09,SE,Trollhättan,organic_search,True
CUST002703,Hans-Peter,Anders,wolf-dieterring@example.com,Undisclosed,1965-02-03,2023-11-20,DE,Erbisdorf,organic_search,False
CUST002704,Evangelos,Martin,hedwig15@example.org,F,1992-09-27,2023-08-16,DE,Ludwigslust,social_media,False
CUST002705,Jaime,Tolosa,paz35@example.net,F,2000-12-13,2025-06-20,ES,Badajoz,organic_search,False
CUST002706,Ale,Fabra,palacioteodoro@example.net,F,1965-08-04,2023-07-24,ES,Jaén,referral,True
CUST002707,Thorben,Weimer,vchristoph@example.com,M,1971-06-20,2024-12-25,DE,Saarlouis,paid_search,True
CUST002708,Suzanne,Chauvin,,Undisclosed,1985-10-02,2023-04-09,FR,Sainte Maurice-sur-Mer,social_media,True
CUST002709,Christina,Hertrampf,lernst@example.net,F,2006-02-26,2024-02-21,de,Seelow,paid_search,True
CUST002710,Benoît,Rossi,blotauguste@example.org,Undisclosed,1986-03-19,2024-03-15,FR,Leblancdan,social_media,True
CUST002711,Vicenta,Guillén,crescenciaalegria@example.net,F,2002-05-06,2023-05-28,ES,Cáceres,direct,False
CUST002712,Michelle,Adams,campbellsheila@example.net,F,1965-06-14,2023-12-23,GB,Ronaldport,direct,False
CUST002713,Philippine,Blondel,vbaron@example.net,F,1965-12-06,2023-10-28, FR ,Hamel-sur-Leconte,email,True
CUST002714,Jean,Guilbert,xguillon@example.com,Undisclosed,2007-09-01,2023-02-09, FR ,Becker,referral,False
CUST002715,Centa,Keudel,ojuettner@example.net,Undisclosed,1997-01-03,2025-06-18,DE,Paderborn,email,False
CUST002716,Guy,Guérin,allainbernard@example.org,Undisclosed,1975-09-13,2023-09-14,fr,Pinto-sur-Foucher,social_media,False
CUST002717,Sheila,Kay,perryclifford@example.net,M,1987-02-01,2025-02-06,GB,Suttonmouth,email,True
CUST002718,Leon,Wallin,svenssonjonna@example.net,Undisclosed,2008-08-28,2024-11-15,SE  ,Linköping,organic_search,True
CUST002719,Martirio,Cuesta,narcisa36@example.com,M,1981-04-12,2025-10-07, ES ,Melilla,email,True
CUST002720,Heinz-Joachim,Schweitzer,carstenhans-detlef@example.net,F,1947-09-14,2024-08-08,DE,Pegnitz,direct,True
CUST002721,Matilda,Bragadin,marcella68@example.org,M,1985-01-09,2023-11-03,IT,Quartu Sant'Elena,organic_search,True
CUST002722,Corona,Alberdi,rbernal@example.com,M,2006-01-29,2023-03-07,ES,Valencia,organic_search,False
CUST002723,Natalia,Diaz,,Undisclosed,2002-05-25,2024-05-15,ES,León,email,False
CUST002724,Jade,Mellor,,F,1970-11-21,2024-05-12, GB ,Seanside,email,False
CUST002725,Matthieu,Besson,lbriand@example.org,F,1951-10-08,2024-03-26,fr,Vallet,direct,False
CUST002726,Océane,Richard,faivremichelle@example.com,Undisclosed,1997-12-31,2025-07-23,FR,Leclercq,referral,False
CUST002727,Justina,Weinhage,gundakroker@example.org,F,1953-12-14,2024-10-24,de,Rockenhausen,direct,False
CUST002728,Albrecht,Hering,lilosauer@example.org,F,2004-01-17,2024-09-30,DE,Rochlitz,paid_search,True
CUST002729,Notburga,Jopich,ijaentsch@example.net,F,1969-06-21,2023-10-17, DE ,Gifhorn,email,False
CUST002730,Melanie,Mills,dthomas@example.net,M,1982-02-02,2023-02-20, GB ,Port Stephanieville,social_media,True
CUST002731,Nynke,Huurdeman,schuurmansnick@example.org,F,1966-01-20,2024-04-07,nl,Heumen,direct,True
CUST002732,Bethan,James,emartin@example.com,Undisclosed,1981-10-24,2023-07-22,gb,Martinfurt,social_media,True
CUST002733,Heinz-Günther,Stumpf,silkemans@example.org,F,1969-05-30,2025-12-05,DE,Reutlingen,referral,True
CUST002734,Bjarne,Ahlgren,janeriksson@example.net,M,1968-05-27,2025-06-07,se,Skövde,social_media,False
CUST002735,Roberto,Gozzi,ovadiaemma@example.com,Undisclosed,1951-07-14,2023-06-17,IT,Breda Di Piave,direct,False
CUST002736,Amarilis,Estevez,ppena@example.net,Undisclosed,1969-12-24,2023-12-09,ES,Zamora,direct,True
CUST002737,Sofie,Lindström,bergleif@example.com,Undisclosed,1990-08-07,2024-11-26,SE,Lidingö,paid_search,True
CUST002738,Matthew,Davis,meganjones@example.com,Undisclosed,1982-10-01,2025-02-07,GB,Turnerfurt,paid_search,False
CUST002739,Hans,Arvidsson,padolfsson@example.com,F,2000-08-13,2024-11-10,SE,Eskilstuna,referral,True
CUST002740,Cornelius,Beer,tlustekhatice@example.com,F,2006-06-22,2023-12-11, DE ,Schwäbisch Gmünd,referral,True
CUST002741,Xavier,Regnier,obreton@example.org,F,2005-01-13,2024-08-26, FR ,Lejeune,paid_search,True
CUST002742,Hans-Helmut,Staude,augustin51@example.org,M,1983-10-22,2024-05-31,DE,Demmin,direct,True
CUST002743,Friedhold,Neuschäfer,ahamann@example.com,M,1974-03-30,2025-12-10,DE,Lüneburg,direct,True
CUST002744,Jorge,Schulz,sylkepechel@example.org,Undisclosed,1963-04-27,2023-01-21, DE ,Mettmann,organic_search,True
CUST002745,Jenna,Saunders,hillrosemary@example.org,F,1960-01-26,2023-04-14,gb,New Victoriashire,paid_search,True
CUST002746,Juan Bautista,Acevedo,ripollana-sofia@example.com,F,1984-06-13,2025-06-17,ES,Cádiz,organic_search,True
CUST002747,Stanley,Mitchell,jayne87@example.com,F,1969-07-17,2025-02-02,GB,Port Dianabury,email,False
CUST002748,Fabian,Metz,asta72@example.com,F,1963-10-11,2023-04-07,DE,Artern,organic_search,False
CUST002749,Marita,Pla,ycarretero@example.org,M,2002-10-15,2024-04-17,ES,Vizcaya,referral,True
CUST002750,Stephanie,Carter,martingavin@example.net,F,2007-01-03,2024-04-04,GB,New Valerieborough,referral,True
CUST002751,Agathe,Blanchet,ppichon@example.net,Undisclosed,1960-10-26,2025-05-01, FR ,Benoit,social_media,False
CUST002752,Tom,Bastiaense,wschuylenborch@example.com,Undisclosed,2002-02-14,2023-03-25,NL,Kerkrade,paid_search,True
CUST002753,Josette,Richard,reymichelle@example.org,Undisclosed,1988-01-22,2023-03-01,FR,Sainte Léonnec,social_media,True
CUST002754,Anastasie,Lucas,lemoineemilie@example.org,F,1969-05-30,2025-03-03,FR,Brun,paid_search,True
CUST002755,Rossana,Donati,iacobuccibaldassare@example.net,M,2004-05-13,2025-05-09,IT,Budduso',social_media,False
CUST002756,Marcelle,Hamon,bourdonarthur@example.net,F,1976-04-27,2025-03-16,FR,LucasVille,direct,False
CUST002757,Lindsey,Marshall,leonard10@example.org,M,1992-08-07,2023-11-10,GB,Olivershire,organic_search,False
CUST002758,Melina,Giulietti,ermesjuvara@example.com,M,2002-11-10,2024-08-10,IT,Serricella,email,False
CUST002759,Milan,Glasses,van-rijthovenjoelle@example.net,Undisclosed,1988-11-05,2025-03-12,NL,Ermelo,direct,True
CUST002760,Urszula,Mohaupt,karolinahofmann@example.net,Undisclosed,1947-08-07,2025-05-03,DE,Duderstadt,email,True
CUST002761,Hardy,Gnatz,khermighausen@example.com,M,1957-10-04,2023-09-23,DE,Bitterfeld,organic_search,True
CUST002762,Hans-Georg,Hoffmann,yhuhn@example.org,M,1946-08-20,2024-08-28,DE,Uelzen,direct,False
CUST002763,Eleanor,Finch,kyleburton@example.org,Undisclosed,1949-03-12,2024-10-18,GB,East Stewartfurt,referral,True
CUST002764,Martin,Girard,sperrin@example.com,Undisclosed,1977-12-31,2025-12-29,FR,Saint Émilie,referral,True
CUST002765,Guntram,Blümel,smeister@example.net,M,1955-12-28,2025-04-14,DE,Backnang,direct,True
CUST002766,Inger,Andersson,kristina36@example.com,M,1970-03-17,2025-02-17,SE,Kalmar,paid_search,False
CUST002767,Rachael,Webster,pottsnatalie@example.com,M,1949-10-05,2025-08-01,GB,South Normanberg,social_media,True
CUST002768,Ludwina,Misicher,valeri90@example.org,F,1960-05-24,2024-04-05,DE,Brandenburg,paid_search,True
CUST002769,Shaun,Green,joshuawaters@example.org,Undisclosed,1959-07-31,2023-06-11,GB,Sullivanhaven,email,True
CUST002770,Aimée,Janssen,peijkelboom@example.com,M,1958-04-26,2025-02-04,NL,Drogteropslagen,email,False
CUST002771,Laura,Holt,herrmannmaik@example.net,Undisclosed,1996-04-11,2025-10-19,DE,Calw,direct,False
CUST002772,Emmanuelle,Muller,kmasson@example.org,F,1977-12-08,2024-11-18,FR,Sainte Pierre,referral,False
CUST002773,Paloma,Gomis,jose-ignacio60@example.org,Undisclosed,1997-05-16,2024-07-08,ES,Girona,email,True
CUST002774,Eileen,Simmons,jeffreyevans@example.org,F,1955-06-27,2025-06-01,gb,Jeremyborough,social_media,False
CUST002775,Abdul,Rogers,jake20@example.net,Undisclosed,2001-09-16,2023-02-15,GB  ,Robertsfort,referral,False
CUST002776,Marc,Parent,alexandriachauvet@example.org,M,1958-02-10,2025-11-06,FR,Clercboeuf,social_media,False
CUST002777,Saban,Budig,dominik32@example.com,F,1990-01-08,2025-02-19, DE ,Scheinfeld,paid_search,True
CUST002778,Frank-Peter,Hiller,irmhild80@example.net,F,1969-02-26,2025-07-17,DE,Rothenburg ob der Tauber,direct,True
CUST002779,Franck,Gautier,frederic60@example.org,M,1984-10-23,2024-06-28, FR ,Sainte ÉliseBourg,direct,False
CUST002780,Raisa,Lachmann,magretlosekann@example.net,M,1997-03-24,2024-02-05,DE,Wismar,social_media,False
CUST002781,Stanislav,Zorbach,ehermighausen@example.net,M,2005-06-26,2024-09-24,DE,Cuxhaven,paid_search,False
CUST002782,Vilma,Agustí,abigailpinilla@example.org,F,1979-09-21,2024-04-07, ES ,Granada,direct,True
CUST002783,Johan,Persson,gfolkesson@example.net,F,1983-08-15,2025-10-12, SE ,Nyköping,organic_search,True
CUST002784,Estefanía,Castrillo,antunezamor@example.com,Undisclosed,1951-07-09,2025-01-24,es,Granada,paid_search,True
CUST002785,Maite,Ángel,ayusosancho@example.net,Undisclosed,2001-09-30,2025-01-12,ES,La Coruña,email,False
CUST002786,Hermann-Josef,Holsten,marlisgumprich@example.com,Undisclosed,1982-06-15,2024-06-15,DE,Oranienburg,organic_search,False
CUST002787,Gustaf,Ericsson,cfransson@example.net,Undisclosed,1981-08-07,2024-02-02,SE,Sundsvall,direct,True
CUST002788,Nadeshda,Anders,steve22@example.net,Undisclosed,1957-02-15,2025-12-19,DE,Eggenfelden,paid_search,False
CUST002789,Gabriel,Ahmed,jennyjonsson@example.net,M,2007-02-09,2025-08-05,SE,Stockholm,email,True
CUST002790,Alvin,Karlsson,karinabdullah@example.org,F,1962-08-09,2024-02-04,SE,Falun,organic_search,False
CUST002791,Evy,Aeije,lpauwels@example.org,F,1945-11-29,2023-11-09, NL ,Vlissingen,social_media,False
CUST002792,Anders,Vestin,bergstromerik@example.org,F,2003-07-21,2025-11-29,SE,Borlänge,email,True
CUST002793,Reece,McDonald,damiankhan@example.com,M,1996-03-09,2023-09-20,GB,Coxton,paid_search,True
CUST002794,Amélie,Petit,,Undisclosed,1982-07-20,2025-05-21,FR,Ribeiro,organic_search,True
CUST002795,Raymond,Chevallier,levyaudrey@example.com,F,1962-05-09,2025-03-26,FR,Saint Alphonse,paid_search,True
CUST002796,Terence,Ball,lydia33@example.com,M,1994-11-19,2024-02-11,GB,South Jake,paid_search,False
CUST002797,Marc,Davids,preissrebecca@example.org,Undisclosed,1990-09-28,2023-12-27,de,Uelzen,direct,False
CUST002798,Dylan,Burrows,hugh82@example.net,Undisclosed,1946-12-02,2024-05-19,GB,Lake Elliot,direct,True
CUST002799,Lars,Jansson,anderssonjacob@example.org,Undisclosed,1976-01-25,2024-04-25,SE,Borlänge,email,True
CUST002800,Steve,Margraf,karlfried94@example.com,F,1955-10-10,2024-01-25, DE ,Brilon,social_media,False
CUST002801,Lorena,Alcázar,cerverajuanito@example.net,F,2000-10-23,2024-03-30,ES,Teruel,organic_search,False
CUST002802,Fiamma,Garibaldi,tolentinoenzo@example.org,F,1980-08-13,2023-03-13,IT,Materdomini Di Nocera,email,True
CUST002803,Amico,Turchi,achille26@example.org,F,1969-04-10,2025-11-13,IT,Terresoli,paid_search,True
CUST002804,  Tommy,Olsson,karlssongunilla@example.org,F,1970-01-29,2025-02-19,se,Kalmar,organic_search,False
CUST002805,Andrew,Bailey,sam35@example.com,Undisclosed,1951-08-14,2024-03-31,GB,New Neil,paid_search,True
CUST002806,Eric,Johansson,annicahansson@example.net,M,1950-05-30,2025-10-06,SE,Lidköping,social_media,False
CUST002807,Graciela,Puga,osvaldo90@example.com,M,1953-06-20,2025-04-04, ES ,Almería,paid_search,True
CUST002808,Bertold,Hettner,lschleich@example.org,Undisclosed,1974-09-14,2023-11-09,DE,Aue,direct,True
CUST002809,Zoe,Wilkins,cunninghamchelsea@example.org,Undisclosed,1951-08-01,2024-08-21,GB,North Cliveborough,direct,True
CUST002810,Pieter,Furda,dinavan-daal@example.org,M,1954-03-13,2024-01-13, NL ,Avenhorn,paid_search,False
CUST002811,Alena,Wähner,traute85@example.org,M,1974-11-26,2024-03-08,de,Wolmirstedt,direct,False
CUST002812,Jordan,Coates,francis44@example.com,Undisclosed,1966-06-21,2024-05-16, GB ,East Chloe,email,False
CUST002813,Sam,Blokland,omomberg@example.com,M,1952-12-20,2024-07-18,NL,Daarle,paid_search,False
CUST002814,Irmengard,Weimer,hugo05@example.com,F,2000-01-10,2023-09-07,DE,Wiedenbrück,organic_search,True
CUST002815,Bruce,Doherty,abigail24@example.org,Undisclosed,1974-05-23,2025-02-28,GB,South Michelleside,direct,False
CUST002816,Maribel,Cases,fernandomoll@example.org,Undisclosed,2001-11-23,2024-04-14,ES,Sevilla,organic_search,False
CUST002817,Natasha,Gilbert,lisaprice@example.org,M,1974-02-24,2024-07-20,gb,Hudsonfurt,organic_search,True
CUST002818,Cornelius,Scholtz,nadeshdaehlert@example.com,Undisclosed,2005-07-09,2023-05-18,de,Ludwigslust,organic_search,False
CUST002819,  Klaus-Michael,Mühle,rpergande@example.net,Undisclosed,1977-06-20,2024-11-06, DE ,Sternberg,direct,False
CUST002820,Marc,Étienne,ineslopez@example.net,M,1946-09-15,2024-03-09,FR,Sainte Franck,paid_search,True
CUST002821,Ennio,Cavanna,temistocle97@example.com,F,1961-09-11,2025-09-04,it,Cerbaia,email,True
CUST002822,Leonid,van der Dussen,maren34@example.org,M,1974-03-20,2023-01-31, DE ,Pößneck,direct,True
CUST002823,Kim,Williams,jamiehayes@example.com,Undisclosed,1962-11-19,2023-11-03,gb,Benstad,direct,False
CUST002824,Gertrud,Stumpf,christin20@example.com,M,1964-06-29,2025-04-06,DE,Sonneberg,referral,False
CUST002825,Marguerite,Lacombe,gosselingerard@example.org,M,1987-05-12,2024-03-17,fr,Becker-sur-Mer,referral,True
CUST002826,Abilio,Romeu,colladoabigail@example.org,F,1961-07-28,2023-09-28,ES,Ceuta,social_media,False
CUST002827,Norah,van de Biezenbos,ivy94@example.net,F,2000-07-20,2025-05-10,NL,Grootegast,direct,False
CUST002828,Cynthia,Lindner,raedelanna@example.com,M,1982-03-20,2024-02-20,DE  ,Luckenwalde,paid_search,True
CUST002829,Adélaïde,Perrin,xpoirier@example.org,Undisclosed,2001-04-01,2025-11-15,FR  ,Saint JulesBourg,paid_search,True
CUST002830,Hans-Otto,Sontag,margaritakoch-ii@example.com,F,1996-09-14,2023-10-24,DE,Borken,organic_search,False
CUST002831,Lindsey,Alexander,louistaylor@example.org,M,1966-11-04,2025-09-22,GB,Burgessbury,email,False
CUST002832,Alicia,Janssen,,F,1952-07-09,2025-09-09,NL,Veenklooster,referral,False
CUST002833,Gottlieb,Bolander,dbloch@example.org,M,1993-03-29,2025-03-21,DE,Böblingen,social_media,False
CUST002834,Josette,Girard,ldias@example.net,F,1951-02-20,2025-07-10,FR,Sainte ArthurVille,paid_search,False
CUST002835,Olivier,Gautier,theophileollivier@example.org,M,1996-09-25,2024-12-12,FR,LetellierBourg,organic_search,True
CUST002836,Melina,Campano,avittadello@example.org,F,2005-11-18,2025-04-12,IT,Careggine,organic_search,False
CUST002837,Ingalill,Wiklund,karinsoderberg@example.net,M,1949-02-23,2024-07-11,SE,Linköping,organic_search,False
CUST002838,Nurten,Knappe,michelle78@example.com,M,2008-05-17,2023-10-09,de,Sebnitz,direct,False
CUST002839,Noé,Godoy,benitezhernan@example.com,M,1968-08-30,2025-08-12, ES ,Teruel,referral,True
CUST002840,Frédérique,Evrard,simoncharlotte@example.org,M,1991-09-07,2025-08-05,fr,BarbeVille,organic_search,False
CUST002841,Joséphine,Samson,xdos-santos@example.com,Undisclosed,1949-07-05,2024-08-16,FR,Bigot,social_media,False
CUST002842,Amaro,Vigil,ribescurro@example.com,M,1953-03-29,2024-12-15,es,Burgos,social_media,False
CUST002843,Cassandra,Pastine,vincenzafioravanti@example.net,M,1962-10-14,2024-08-21,IT,Fontane,social_media,True
CUST002844,Vilgot,Pettersson,iolsson@example.org,F,1948-06-05,2025-03-21,SE,Kalmar,paid_search,False
CUST002845,Mitchell,Kaur,lyonsthomas@example.org,Undisclosed,1991-07-13,2024-07-18,GB,Jaymouth,email,False
CUST002846,Pierre,Laroche,garciajean@example.net,Undisclosed,2004-10-04,2023-02-05,FR,Leclercq,paid_search,True
CUST002847,Fermín,Carrión,ignacioprats@example.org,M,1972-04-08,2024-04-04, ES ,Zamora,direct,False
CUST002848,Françoise,Benard,qmarion@example.com,Undisclosed,2003-04-26,2024-03-23,FR,Poiriernec,referral,False
CUST002849,Jill,Richardson,zbrown@example.com,F,1950-03-12,2023-07-24,GB,Bibiville,referral,False
CUST002850,Océane,Blanchard,hortensemarchal@example.net,M,1951-10-09,2023-09-22,FR,Lefèvre,email,False
CUST002851,Maya,Jerusalem,le-gallenquinty@example.com,F,1972-02-11,2024-09-09,nl,Broek,direct,False
CUST002852,Heinz-Joachim,Gumprich,nasersusanna@example.org,F,1970-06-14,2025-01-28,DE,Stadtroda,paid_search,True
CUST002853,Annedore,Wilms,,Undisclosed,1963-03-30,2024-05-15,DE,Günzburg,social_media,False
CUST002854,Adele,Gargallo,iolandacarducci@example.net,Undisclosed,1985-01-03,2023-05-12, IT ,Valperga,organic_search,True
CUST002855,Heinz-Werner,Barth,ayten48@example.org,F,1946-05-18,2024-12-29,DE,Büsingen am Hochrhein,email,False
CUST002856,Stephen,Saunders,zfoster@example.org,Undisclosed,1961-03-29,2025-03-16,GB,East Oliverstad,social_media,False
CUST002857,Ottokar,Wiek,kostolzinwilly@example.net,M,2000-08-20,2025-08-23,DE,Vechta,organic_search,True
CUST002858,Oda,Schmiedecke,ronny33@example.net,M,2004-05-17,2023-05-21,de,Genthin,direct,False
CUST002859,Massimo,Bachmann,bettina11@example.org,F,2001-06-30,2025-03-23,DE,Zeulenroda,referral,False
CUST002860,Kristine,Förster,siegried76@example.com,F,1979-01-25,2023-04-09,de,Cottbus,email,True
CUST002861,Miguel Ángel,Cantero,agustina38@example.com,M,1954-12-29,2023-10-05,ES,León,paid_search,False
CUST002862,Grégoire,Rey,zboulanger@example.org,M,1985-12-27,2025-04-12,fr,Salmon,email,False
CUST002863,Karl,Hultgren,vkarlsson@example.com,Undisclosed,1989-03-14,2025-10-30,SE,Piteå,referral,True
CUST002864,Jack,Dyer,uwalsh@example.com,Undisclosed,1999-03-23,2023-03-08,GB  ,Tracystad,direct,True
CUST002865,Auguste,Pelletier,audrey77@example.org,F,1950-01-31,2024-07-28,fr,HenryVille,direct,True
CUST002866,Adrian,Evans,gmartin@example.com,M,2000-07-01,2025-09-24,gb,Naomifort,organic_search,False
CUST002867,Robin,Gibson,hayleyking@example.org,F,1967-04-30,2024-03-01,GB,Julianhaven,social_media,True
CUST002868,Manu,Beltran,estevezsusanita@example.com,M,2002-11-18,2023-12-01,ES,Málaga,social_media,True
CUST002869,Benoît,Renard,maryse72@example.com,F,1983-12-21,2025-07-07,fr,Le Roux,paid_search,True
CUST002870,  Raymond,Pires,,M,1996-11-02,2024-04-23,FR,Pottiernec,organic_search,True
CUST002871,Angelina,Tozzo,vincenzasalvemini@example.org,F,2002-06-06,2024-02-23,it,Le Botteghe,email,False
CUST002872,Giorgio,Ciampi,sagredopiermaria@example.com,Undisclosed,1946-05-20,2025-06-22,IT,Malo',email,False
CUST002873,Baldassare,Foa,jfoconi@example.com,M,1968-09-13,2023-01-22,IT,Ponzano Di Fermo,social_media,False
CUST002874,Guillaume,Pelletier,aollivier@example.net,M,1986-10-08,2024-05-25,FR,Carpentier,paid_search,True
CUST002875,Baldomero,Ramos,evarela@example.net,F,2006-08-26,2023-06-10,ES,Zaragoza,referral,False
CUST002876,Josephine,Barnes,georgia86@example.net,M,1949-08-07,2025-09-25,GB,Laurenbury,paid_search,True
CUST002877,Judith,Curtis,thomas50@example.net,Undisclosed,1986-10-14,2023-09-18,GB,South Marc,organic_search,True
CUST002878,Dietlinde,Mende,fweimer@example.com,Undisclosed,1974-11-18,2025-07-19,DE,Amberg,social_media,True
CUST002879,Kevin,Pratt,alex56@example.com,Undisclosed,1979-09-21,2025-02-03,GB,Knightmouth,social_media,False
CUST002880,Cynthia,Tlustek,jaroslaw26@example.org,Undisclosed,2004-05-21,2023-07-28,DE,Gießen,social_media,False
CUST002881,Anne,Bouvet,william27@example.org,Undisclosed,2002-08-30,2025-04-27,FR,Pineau,paid_search,False
CUST002882,Gabriel,Echevarría,geraldobarreda@example.net,F,1989-06-21,2023-04-13,ES,Lugo,email,True
CUST002883,Martine,Mitschke,doeringklara@example.org,F,2002-03-05,2025-08-18,de,Stadtsteinach,social_media,True
CUST002884,Wendelin,Noack,mloos@example.org,M,1952-12-08,2024-12-03,DE,Eckernförde,referral,True
CUST002885,Elke,Ring,zahnklaus-werner@example.org,M,1970-12-29,2024-05-21,DE,Hagenow,organic_search,True
CUST002886,Angelica,Giannini,romina86@example.net,F,1947-11-20,2023-07-24, IT ,Anghiari,email,True
CUST002887,John,Martin,stuartlee@example.net,Undisclosed,2003-12-19,2024-04-27,GB,East Robert,direct,True
CUST002888,Stéphanie,Dias,oceanepasquier@example.net,M,1946-08-18,2023-06-01,fr,Sainte Juliennec,organic_search,True
CUST002889,Carina,Amaya,ana-sofia10@example.com,Undisclosed,2004-10-09,2023-11-06,ES,León,direct,False
CUST002890,Salomón,Ferrera,naliaga@example.org,F,1976-01-04,2023-12-31,ES,Guipúzcoa,paid_search,True
CUST002891,Louis,Guillaume,davidstephane@example.net,Undisclosed,1958-04-03,2023-10-19,fr,Albert-les-Bains,paid_search,False
CUST002892,Kian,Hehl,sarah46@example.net,M,2004-05-30,2024-01-08, NL ,Schokland,organic_search,False
CUST002893,Toribio,Hernández,chuslopez@example.com,M,2008-01-04,2023-12-27,ES,Murcia,direct,False
CUST002894,Senna,Veltman,veerlebos@example.net,F,1963-05-21,2024-01-29,NL,Bodegraven,paid_search,True
CUST002895,Jana,Schmidtke,raissakiller@example.net,F,2001-04-28,2024-08-16,DE  ,Bützow,referral,False
CUST002896,Romolo,Cuda,loredanagasperi@example.org,F,1997-04-09,2025-11-07,it,Blavy,organic_search,True
CUST002897,Marion,Hardy,sheilataylor@example.org,M,1972-01-23,2023-01-22,GB,West Naomi,direct,False
CUST002898,Thérèse,Gilbert,legerpenelope@example.net,F,1949-09-24,2023-05-27,FR,Perret,email,False
CUST002899,Vincent,Picard,zsauvage@example.net,M,1976-07-20,2024-06-11,FR,Lenoir,direct,True
CUST002900,Joseph,Scholz,nurettin39@example.com,M,1996-08-24,2023-11-24,DE,Aschaffenburg,social_media,True
CUST002901,Karin,Oderwald,ajacobi-jaeckel@example.com,F,1970-05-31,2025-07-15,de,Aschaffenburg,social_media,True
CUST002902,Ligia,Calderón,arsenioagustin@example.net,M,1984-02-19,2023-02-05,ES,Pontevedra,paid_search,True
CUST002903,Sara,Köhler,gehringerhans-gerhard@example.org,F,1998-07-14,2023-02-26,de,Germersheim,social_media,True
CUST002904,Henriette,Fontaine,guyotraymond@example.net,M,1985-06-23,2023-05-27,fr,Giraud,paid_search,False
CUST002905,Russell,Lord,damienandrews@example.org,M,1957-02-06,2024-10-08,gb,West Joseph,paid_search,False
CUST002906,Selma,Siering,fliegnermarcella@example.com,Undisclosed,2000-06-27,2023-11-12,DE,Ilmenau,direct,True
CUST002907,Viktoria,Granlund,berglundmarie@example.org,Undisclosed,1999-11-13,2023-03-29,se,Mölndal,referral,True
CUST002908,Manja,Römer,gsalz@example.net,F,1965-01-24,2024-11-26,de,Schwäbisch Gmünd,referral,True
CUST002909,Léon,Goncalves,oliviediallo@example.org,F,1965-09-22,2023-03-31,FR,Carlier,paid_search,True
CUST002910,Aimé,Tanguy,jeannelaunay@example.org,F,1947-07-01,2023-06-21,FR,Thibault,social_media,False
CUST002911,Katarina,Hiller,evangeloseberth@example.com,Undisclosed,1951-11-03,2025-11-13,DE,Rosenheim,paid_search,False
CUST002912,Karoline,Scheuermann,martinlidia@example.com,M,1972-05-31,2025-05-04,DE,Schrobenhausen,organic_search,True
CUST002913,Jack,Peters,tirzacoret@example.org,F,1979-06-19,2025-12-23,NL,Pieterburen,social_media,True
CUST002914,Olof,Bäckström,carljohansson@example.net,Undisclosed,2007-05-14,2023-01-02,SE,Borlänge,email,False
CUST002915,Flora,Davids,dietlindwohlgemut@example.com,Undisclosed,1984-03-22,2025-12-10,DE  ,Melsungen,direct,False
CUST002916,Job,de Ruiter,feline19@example.org,Undisclosed,1976-01-21,2025-04-02,NL  ,Bruinehaar,direct,True
CUST002917,Kyano,de Wit,eliasvan-riet@example.com,Undisclosed,1954-05-27,2025-06-10,nl,Rohel,referral,True
CUST002918,Reyna,Verdugo,ainara52@example.net,F,1988-07-10,2025-06-12,es,Córdoba,social_media,True
CUST002919,André,Legendre,jhenry@example.net,Undisclosed,1974-08-27,2023-04-04,fr,Sainte Suzanne-sur-Mer,organic_search,False
CUST002920,Hugues,Delmas,thomashenriette@example.net,Undisclosed,1996-03-01,2025-09-21,FR,Royerboeuf,direct,True
CUST002921,Jacques,Munoz,richardbonnet@example.org,F,1952-11-21,2023-07-04,FR,Sainte Marie-sur-Mer,email,False
CUST002922,Marinus,Mercks,quinn05@example.org,Undisclosed,1994-08-31,2025-12-14,nl,Emmeloord,direct,True
CUST002923,Griselda,Ayala,calzadamarcelino@example.org,M,1980-11-22,2023-04-27, ES ,Madrid,direct,True
CUST002924,Vladimir,Schleich,ischweitzer@example.com,F,1954-04-25,2023-01-05,DE,Ueckermünde,referral,False
CUST002925,Émilie,Huet,gilles21@example.net,F,1993-11-16,2024-02-01, FR ,Techer,direct,True
CUST002926,Filippo,Alfieri,imelda81@example.net,Undisclosed,1966-04-08,2024-10-30,IT,Tricase Porto,referral,True
CUST002927,Fabiana,Piña,barmengol@example.com,M,2002-02-17,2024-12-28,ES,Castellón,referral,True
CUST002928,Samuel,Bengtsson,kajsalindberg@example.net,Undisclosed,2005-01-23,2023-05-08,SE,Lund,email,False
CUST002929,Leonardo,Barceló,adelia84@example.com,Undisclosed,2005-10-19,2024-05-14,ES,Santa Cruz de Tenerife,paid_search,False
CUST002930,Véronique,Rousset,nathalie88@example.org,Undisclosed,1982-07-13,2024-02-22, FR ,Becker,social_media,True
CUST002931,Carol,Pearson,beth67@example.org,F,1946-11-28,2025-04-04,GB,Patriciafort,social_media,True
CUST002932,Mika,Mol,inayakoster@example.com,Undisclosed,2004-05-11,2023-01-02,NL,Midsland,paid_search,True
CUST002933,Bozena,Freudenberger,daniele96@example.org,Undisclosed,1957-06-06,2024-04-07,DE,Jena,referral,True
CUST002934,Jay,Elliott,mitchelleleanor@example.org,Undisclosed,1990-11-06,2024-12-16,GB,Thompsonport,organic_search,False
CUST002935,Jonas,Rackham,jkuijpers@example.com,Undisclosed,2005-08-15,2024-10-28, NL ,Gytsjerk,email,False
CUST002936,Ljubica,Fröhlich,conradimiroslawa@example.org,Undisclosed,1962-05-27,2025-02-28,DE,Brand,referral,True
CUST002937,Aitor,Alcalde,clotilde92@example.net,Undisclosed,1986-11-20,2023-01-13, ES ,La Coruña,direct,False
CUST002938,Michelle,Matthews,annettewilliams@example.org,M,1963-07-13,2024-05-21,GB,Leeshire,email,True
CUST002939,Malin,Lundqvist,sebastian21@example.com,M,1946-12-17,2025-08-01,SE,Trelleborg,email,True
CUST002940,Christin,Hartmann,binnerjessica@example.org,Undisclosed,1962-05-25,2024-09-04,DE,Zossen,direct,True
CUST002941,Grégoire,Renard,eliselegendre@example.org,M,1965-12-14,2025-03-11,FR,MorinBourg,paid_search,False
CUST002942,Jordan,Burton,margaretdavis@example.net,M,1947-02-17,2023-07-12,GB,South Danielle,referral,True
CUST002943,Andrée,Masson,lebrunandree@example.com,Undisclosed,2008-07-10,2024-12-04,FR,Lefèvredan,direct,True
CUST002944,Kay,van den Velden,zhuberts@example.com,Undisclosed,1994-03-21,2025-06-29,NL,Noord-Sleen,organic_search,False
CUST002945,Javier,Sierra,alcoleaconstanza@example.com,Undisclosed,1957-06-27,2024-07-03,ES,Cuenca,referral,False
CUST002946,Gertraude,Finke,cconradi@example.com,M,2004-01-11,2023-05-09,DE,Suhl,referral,True
CUST002947,Geoffrey,Brown,martinjoe@example.com,M,1999-08-14,2025-07-25,GB,Lawrenceland,direct,False
CUST002948,Nigel,McCarthy,mburns@example.net,F,1964-06-19,2025-04-10,GB,Connorborough,referral,False
CUST002949,Margaux,Chevallier,dcolin@example.com,M,1981-04-19,2023-08-19,FR,Martel,direct,False
CUST002950,Giacinto,Gregorio,bbajardi@example.net,Undisclosed,1986-10-24,2024-02-27, IT ,Alvignanello,email,False
CUST002951,Geraldo,Arrieta,,F,2001-05-27,2025-12-29,ES,Las Palmas,paid_search,False
CUST002952,Elias,van de Ven,van-northeimnick@example.com,F,1983-02-22,2023-01-21,nl,Schoonhoven,paid_search,False
CUST002953,Faye,Lijn,francoisemette@example.com,Undisclosed,1957-06-01,2023-03-22,NL,Maarsbergen,organic_search,True
CUST002954,Yvonne,Lloyd,lukeyoung@example.com,Undisclosed,1966-08-14,2024-07-08, GB ,Vincentland,paid_search,True
CUST002955,Matteo,Renzi,odibiasi@example.com,M,1998-10-28,2024-01-25,IT,Palmoli,direct,True
CUST002956,Lucas,van Haarlem,amberde-koning@example.net,F,1984-06-28,2025-08-28,NL,Achtmaal,email,True
CUST002957,Rik,Nieuwstraten,rafsmits@example.net,M,1971-06-10,2023-01-30,NL,Ellecom,organic_search,True
CUST002958,Adelia,Duran,rarmengol@example.net,M,1959-02-23,2024-03-11,ES,Toledo,email,True
CUST002959,  Yves,Dumas,christophe00@example.net,M,1979-10-07,2024-12-29,FR,Toussaint,organic_search,False
CUST002960,Rosendo,Lopez,alma42@example.org,Undisclosed,1961-08-21,2024-01-28,ES,Vizcaya,social_media,False
CUST002961,Winfried,Reinhardt,beckmannconstance@example.org,M,1950-12-20,2025-07-08,DE,Suhl,organic_search,True
CUST002962,Camille,Jourdan,tgirard@example.com,Undisclosed,1988-11-25,2025-12-23,FR,GalletBourg,organic_search,True
CUST002963,Rémy,Baron,matthieu78@example.net,F,1960-02-17,2024-02-22, FR ,Rouxnec,social_media,False
CUST002964,Margareta,Wallgren,warvidsson@example.com,Undisclosed,1969-08-06,2024-09-12,SE,Eskilstuna,organic_search,False
CUST002965,Sarita,Pons,isolsona@example.net,M,1997-01-23,2025-09-18,ES,La Coruña,email,False
CUST002966,Olivia,Fredriks,zijlemansinaya@example.com,F,1981-01-12,2023-12-04,NL,Oosterbierum,paid_search,True
CUST002967,Willem,Kort,cosmanjames@example.com,M,1984-12-09,2024-10-24,NL,Dinxperlo,paid_search,False
CUST002968,Simon,Harrison,odonnellmohammad@example.com,F,1989-11-26,2025-05-21, GB ,Brownbury,organic_search,False
CUST002969,Vittoria,Barcella,piergiorgio60@example.com,Undisclosed,1961-03-11,2024-04-28,it,Crespignaga,organic_search,False
CUST002970,Natasha,Smith,bphillips@example.net,M,1947-07-11,2025-10-18,GB,Jonesmouth,direct,False
CUST002971,Martine,Mathieu,alphonselebon@example.com,M,1982-12-22,2025-02-01,fr,Vidal,paid_search,True
CUST002972,Jeannette,Gnatz,,F,1974-04-22,2024-10-02,de,Nauen,direct,False
CUST002973,María Manuela,Vigil,maura19@example.org,Undisclosed,1976-06-13,2024-03-22, ES ,Guipúzcoa,direct,True
CUST002974,Esmee,Bruijne van der Veen,ameliaverhagen@example.net,F,1972-01-13,2025-03-18,NL,Steyl,organic_search,False
CUST002975,Thibaut,Bazin,henriettelegros@example.org,Undisclosed,2001-01-08,2024-04-30,FR,Grenier,email,True
CUST002976,Mia,Jopich,bkuhl@example.net,Undisclosed,2000-01-16,2025-05-21,DE,Aschaffenburg,referral,False
CUST002977,Jordana,Sarabia,concepcion22@example.org,M,1949-09-04,2024-10-19,es,Segovia,referral,False
CUST002978,Beatrix,Kühnert,swieloch@example.org,Undisclosed,1992-02-23,2023-12-15,DE,Aurich,organic_search,False
CUST002979,Michelle,Dachgeldt,nde-leeuw@example.org,M,1997-07-28,2023-08-25,NL,Breda,email,True
CUST002980,Martina,Ahmed,kolausson@example.net,Undisclosed,1958-09-22,2023-04-23, SE ,Lidingö,social_media,True
CUST002981,Hugues,Marin,maillethelene@example.net,M,1953-11-06,2024-06-13,fr,Brunetnec,social_media,True
CUST002982,Dimitrios,Mielcarek,wally33@example.com,Undisclosed,1995-11-15,2024-12-31,DE,Pfaffenhofen an der Ilm,direct,False
CUST002983,Jens,die Witte,ntammerijn@example.com,F,1985-08-25,2023-08-18,NL,Loerbeek,social_media,False
CUST002984,Josefa,Guitart,amorfabregas@example.net,Undisclosed,2005-11-09,2024-02-13,es,Soria,social_media,True
CUST002985,Grace,Marshall,tobystokes@example.net,F,1953-05-15,2025-09-27, GB ,Sarahshire,paid_search,False
CUST002986,Hasan,Lindström,yjohansson@example.net,F,2001-06-14,2023-06-20,se,Gävle,direct,True
CUST002987,Annette,Fröhlich,kochjochem@example.net,Undisclosed,1964-02-29,2025-05-24,DE,Regen,paid_search,True
CUST002988,Sean,Gill,katy30@example.net,M,1992-11-21,2024-12-23,gb,South Shannonville,social_media,False
CUST002989,Sami,de Graaf,gvan-nes@example.org,F,1989-04-18,2024-01-12, NL ,Landhorst,direct,False
CUST002990,Sol,Álamo,irenecarbonell@example.com,M,1985-02-22,2025-04-16,ES,Badajoz,email,True
CUST002991,Sonia,Ullrich,qsiering@example.net,M,1990-06-21,2023-07-27,DE,Staffelstein,email,True
CUST002992,Vidal,Arteaga,moyaabel@example.org,F,1953-06-21,2024-08-22,ES,Almería,email,False
CUST002993,Katie,Shaw,amyyates@example.org,F,1959-07-16,2023-11-29,GB,New Harrietside,paid_search,True
CUST002994,Cécile,Leroux,paullucie@example.org,M,1973-01-17,2025-03-22,FR,Evrard,direct,False
CUST002995,Halil,Siering,dorotaliebelt@example.net,Undisclosed,2004-11-22,2024-06-20,DE,Hannover,referral,True
CUST002996,Eugenio,Villalonga,marina00@example.com,Undisclosed,1980-03-24,2023-03-17,ES  ,Ourense,paid_search,True
CUST002997,Eva,Hofmann,florenceseifert@example.com,Undisclosed,1951-09-23,2025-12-24,DE,Lüdenscheid,paid_search,True
CUST002998,Frédéric,Fouquet,briandjeanne@example.net,Undisclosed,1986-07-03,2023-06-24,fr,Masson-les-Bains,social_media,True
CUST002999,Alexandre,Pascal,zlebon@example.org,Undisclosed,1947-12-08,2024-08-26,FR,LucasVille,social_media,False
CUST003000,Arturo,Dulbecco,eleanoracasarin@example.com,M,2008-06-25,2025-01-29,IT,Civitavecchia,email,False
CUST003001,Marijn,Molenaar,iserotteveel@example.com,Undisclosed,1967-11-15,2024-12-14,NL,Orvelte,referral,True
CUST003002,Azahara,Tormo,felisaisern@example.com,Undisclosed,2006-12-05,2024-01-02,ES,Ávila,referral,True
CUST003003,Théodore,Peltier,alainguyon@example.net,Undisclosed,1990-06-11,2023-10-09,FR,Léger,email,True
CUST003004,Ben,Moss,,Undisclosed,1971-02-17,2025-08-04,GB,South Jodie,social_media,False
CUST003005,Clare,Hargreaves,grantdean@example.org,F,1946-04-17,2023-07-22,GB,New Vincent,paid_search,False
CUST003006,Josep,Peñas,tquiros@example.org,F,1989-11-06,2025-12-07,ES,Álava,paid_search,False
CUST003007,Nicola,Merisi,margheritamagrassi@example.org,F,1954-09-24,2025-06-08,IT,Monte Roberto,referral,False
CUST003008,Hildburg,Wieloch,kitzmannnorbert@example.org,Undisclosed,1974-08-07,2023-06-13, DE ,Nördlingen,organic_search,True
CUST003009,Lot,Zevenboom,van-der-kleinmaria@example.com,M,1998-09-08,2023-08-04,NL  ,Leimuiden,referral,False
CUST003010,Marika,Tintzmann,henkpatricia@example.com,M,1964-03-11,2025-05-16, DE ,Cloppenburg,direct,False
CUST003011,Maureen,Charlton,shirley77@example.org,Undisclosed,1994-02-26,2025-10-30,GB,Aliborough,direct,True
CUST003012,Alex,Antoine,nicolasgilbert@example.org,F,2000-08-02,2024-10-14,FR,Texiernec,organic_search,True
CUST003013,Inès,Ruiz,isabelle12@example.com,F,1984-04-06,2024-05-08,FR,Martineau-les-Bains,referral,True
CUST003014,Julien,Texier,oceanegirard@example.com,M,1981-05-15,2025-08-29,FR  ,Gonzalez-les-Bains,paid_search,False
CUST003015,Jacqueline,Fletcher,imoore@example.org,M,1950-08-18,2023-03-28,GB,Wellsshire,organic_search,True
CUST003016,Alexandria,Bourdon,mschmitt@example.com,F,1985-10-31,2023-03-29,fr,Descamps-sur-Meyer,direct,False
CUST003017,Kyara,van Oostendorp,kaivaessen@example.net,Undisclosed,2004-07-22,2024-02-28,NL,Pernis Rotterdam,referral,False
CUST003018,Juliette,Lemoine,flacombe@example.com,M,1971-01-04,2024-02-26, FR ,Richard-la-Forêt,direct,False
CUST003019,Hagen,Binner,hentscheljaroslaw@example.net,F,1981-04-16,2025-11-09,de,Schmölln,paid_search,True
CUST003020,Elisa,Álvarez,claudiomoran@example.org,M,1996-06-13,2023-01-15, ES ,Valladolid,direct,False
CUST003021,Alain,Martinez,meyergilbert@example.com,M,1945-12-25,2025-07-11,FR,Sainte ThéophileVille,email,True
CUST003022,Monique,Letellier,jalexandre@example.net,F,1950-04-07,2025-09-25, FR ,Traore,social_media,True
CUST003023,Kiki,Draaisma,nadinebosman@example.com,Undisclosed,1960-07-01,2025-03-15, NL ,Maasbommel,referral,True
CUST003024,Suzanne,Bruneau,durandlucas@example.net,F,1979-06-01,2025-08-23,FR,Fernandes,email,False
CUST003025,Sabina,Schuster,,M,2003-02-03,2025-04-19,de,Deggendorf,organic_search,False
CUST003026,Bernadette,Weiss,mauryjuliette@example.net,Undisclosed,1967-12-14,2024-06-06,FR,Léger-les-Bains,organic_search,True
CUST003027,Donatella,Coppola,laureanoamato@example.com,F,1949-06-20,2025-08-03,IT  ,Monteorsello,direct,False
CUST003028,Shirley,Begum,tomholden@example.org,M,1974-09-18,2025-04-18,GB,Jenkinsville,organic_search,True
CUST003029,Sara,van der Spaendonc,danique96@example.org,F,2008-05-15,2023-01-03,nl,Bakel,email,False
CUST003030,Graham,Jones,joanne82@example.org,Undisclosed,1970-06-27,2024-03-03,GB,Lake Paul,social_media,False
CUST003031,Eckhardt,Putz,aschmiedt@example.com,Undisclosed,1974-12-26,2024-07-08,de,Neubrandenburg,social_media,True
CUST003032,Nath,Clerc,oliviesalmon@example.net,F,1998-03-02,2023-02-14,FR,Robert,email,False
CUST003033,Dionisio,Cárdenas,jose-miguel47@example.com,Undisclosed,1967-04-28,2023-01-08,ES,Asturias,social_media,False
CUST003034,Mahmut,Lachmann,wolframspeer@example.net,M,1952-04-12,2024-07-06, DE ,Badoberan,direct,True
CUST003035,Lucy,Roy,fcamus@example.org,F,1950-09-02,2024-11-04,FR,MartyVille,organic_search,False
CUST003036,Paulette,Dupré,astridfernandez@example.net,M,1957-11-20,2024-06-28,FR,Saint Marine,referral,True
CUST003037,Michelle,Guérin,victoire99@example.net,M,1985-11-20,2023-08-05,FR,Blondel,organic_search,True
CUST003038,Hugo,Norberg,dedvardsson@example.org,Undisclosed,2000-10-29,2024-09-16,SE,Växjö,referral,False
CUST003039,Eileen,Ackermann,milica74@example.net,Undisclosed,1998-09-29,2024-02-25,DE,Niesky,referral,True
CUST003040,Elizabeth,Taylor,vpayne@example.net,M,1998-05-21,2024-04-24,GB,West Gary,social_media,True
CUST003041,Sandro,Jungfer,suessebiermathilde@example.com,Undisclosed,1950-11-14,2024-04-21,DE,Nabburg,social_media,True
CUST003042,Conny,Nielsen,wiklundgunborg@example.com,F,1990-06-03,2025-11-15,se,Landskrona,paid_search,False
CUST003043,Hans-Josef,Hermighausen,dagobert45@example.com,F,1948-03-15,2023-09-30,DE,Ravensburg,organic_search,True
CUST003044,Émilie,Traore,danielle05@example.com,Undisclosed,1951-01-23,2024-04-21,FR,Sainte Victoiredan,email,False
CUST003045,Luke,Saxo,,F,1994-07-25,2023-10-02, NL ,Oudheusden,direct,False
CUST003046,Boaz,van Veen,lorenzo91@example.com,M,2001-07-27,2024-07-11,NL,Stoutenburg Noord,paid_search,True
CUST003047,Jacqueline,Moulin,girardroland@example.org,M,2006-05-27,2023-05-02, FR ,Sainte Timothée,direct,True
CUST003048,Patricia,Menard,georges84@example.org,M,1986-10-19,2023-10-23, FR ,Gérard-les-Bains,direct,False
CUST003049,Marc,Pruvost,gimenezandre@example.net,Undisclosed,1971-09-21,2023-11-06,FR,Lecoq-les-Bains,paid_search,True
CUST003050,Valentine,Devaux,dupuisdenise@example.com,M,1983-06-06,2025-02-03,FR,Pottier-la-Forêt,paid_search,False
CUST003051,Aynur,Aumann,sorgatztillmann@example.net,Undisclosed,1955-12-30,2023-01-29,DE,Hettstedt,paid_search,False
CUST003052,Margaret,Bird,tinaharrison@example.org,F,1975-06-11,2023-07-24, GB ,Port Dennis,social_media,False
CUST003053,Gilles,Bourgeois,zachariemace@example.com,F,1949-06-17,2025-12-12, FR ,Texier,organic_search,True
CUST003054,Constance,Guillou,qribeiro@example.org,F,2006-12-05,2025-03-28,FR,Sainte Claire,paid_search,True
CUST003055,Dana,van Roijen,van-de-greefjuliette@example.net,F,1948-07-30,2023-03-07,NL,Gilze,email,True
CUST003056,Helen,Backman,wikstromingeborg@example.net,Undisclosed,2002-10-13,2023-05-24,SE,Mölndal,organic_search,False
CUST003057,Janet,Owens,greengail@example.org,F,1952-03-26,2025-08-10, GB ,Shannonview,paid_search,True
CUST003058,Luka,Kuhl,baerbel05@example.org,F,1962-01-30,2024-11-14, DE ,Staßfurt,email,True
CUST003059,Ron,Beckmann,dowergdesiree@example.net,F,1965-10-10,2025-08-03,DE,Tirschenreuth,paid_search,True
CUST003060,Minna,Mohamed,fredrikhaglund@example.net,M,1978-01-29,2023-07-11,SE,Karlstad,direct,False
CUST003061,Monique,Rocher,michele44@example.com,F,1999-06-10,2023-06-04, FR ,Saint Lucie,social_media,False
CUST003062,Klaas,Krebs,danielmartin@example.org,M,1996-06-10,2024-07-26, DE ,Schwarzenberg,paid_search,True
CUST003063,Danielle,Roberts,norman94@example.com,M,1973-06-17,2025-08-28,gb,Port Jane,organic_search,True
CUST003064,Nicola,Preston,frederickrose@example.net,F,1970-05-28,2024-04-06,gb,North Ashley,paid_search,True
CUST003065,Jacqueline,Ford,,F,1982-01-24,2025-03-24,GB,Andrewberg,social_media,True
CUST003066,Martin,Chevallier,claire87@example.org,Undisclosed,1980-11-10,2023-10-18,FR,Rousseauboeuf,referral,False
CUST003067,Robby,Kroker,kreuselhugo@example.org,M,1961-12-05,2024-09-16,DE,Amberg,email,True
CUST003068,Elisabeth,Forslund,august81@example.net,Undisclosed,1946-03-25,2024-03-02,SE,Stockholm,organic_search,True
CUST003069,Georges,Gaillard,jacquelinebertrand@example.net,M,1949-09-05,2023-09-25,FR,Riou,social_media,True
CUST003070,Arthur,Roodesteijn,janssensrayan@example.org,Undisclosed,1968-10-01,2023-10-02,NL,Gassel,referral,False
CUST003071,Ecrin,van Maasgouw,lisannevan-landen@example.com,F,1993-01-20,2023-08-18,NL,Oldekerk,organic_search,False
CUST003072,Deborah,Thomas,nathanallen@example.org,M,1988-02-05,2023-07-06,GB,Thomasmouth,direct,False
CUST003073,Tristan,Boucher,sylvie74@example.net,Undisclosed,2000-11-22,2025-04-27,FR,Lombard,paid_search,True
CUST003074,Océane,Pascal,benjaminjulien@example.com,F,1986-11-07,2025-08-07,FR,Lemonnier,social_media,False
CUST003075,Harry,Bevan,hugh38@example.org,F,1988-08-06,2025-07-23,GB,Lake Lorrainefurt,direct,True
CUST003076,Loreto,Luna,eva58@example.org,Undisclosed,1997-07-17,2023-08-13,ES,La Coruña,paid_search,True
CUST003077,Nadia,Pagliaro,kcrispi@example.net,Undisclosed,1955-11-07,2025-06-14,IT,Villaggio Brollo,referral,True
CUST003078,Magnus,Thies,fschmiedt@example.org,F,1973-05-29,2025-03-15,DE,Anklam,social_media,True
CUST003079,Mareike,Linke,weralange@example.org,M,2002-11-14,2024-07-24,DE,Heiligenstadt,organic_search,True
CUST003080,Laureano,Salandra,cbaglioni@example.org,M,2004-06-16,2023-08-29,IT  ,Pescia Romana,email,True
CUST003081,  Joris,Wilcken,ble-floch@example.org,F,2000-02-09,2023-10-31,NL,Bolsward,paid_search,False
CUST003082,Nico,Filangieri,toni50@example.org,M,1992-01-07,2023-10-31, IT ,Campli,paid_search,True
CUST003083,  Ivana,Schuster,manshermann-josef@example.net,Undisclosed,1951-10-27,2023-01-05,DE,Nordhausen,social_media,False
CUST003084,Kerry,Williams,saundersalexander@example.com,F,1949-11-22,2025-07-17, GB ,Callumburgh,referral,True
CUST003085,Ella,Verbeek,michael13@example.org,F,1966-08-13,2023-09-06, NL ,Schoorl,organic_search,False
CUST003086,Lauren,Wutke,brent64@example.net,M,1960-03-25,2023-11-08,nl,De Tike,email,False
CUST003087,Timothée,Ramos,marine79@example.org,Undisclosed,1977-01-01,2023-04-02,FR  ,Saint Patricianec,referral,True
CUST003088,Rouven,Salz,tweimer@example.net,F,1960-04-20,2025-05-20, DE ,Hohenstein-Ernstthal,organic_search,False
CUST003089,Gordon,Wallace,jyoung@example.org,F,1994-03-27,2024-03-24,GB,Smithside,paid_search,False
CUST003090,Alix,Torres,jdelaunay@example.org,F,1977-07-30,2023-06-18,FR  ,Saint Patrick,direct,False
CUST003091,Craig,Freeman,zbaker@example.net,Undisclosed,1962-04-24,2024-06-14,GB,Port Jemmaville,social_media,True
CUST003092,Wilhelm,Englund,goranlindh@example.com,Undisclosed,2003-07-19,2023-02-07, SE ,Ängelholm,social_media,True
CUST003093,Grégoire,Lacroix,ylecomte@example.net,M,1984-03-02,2024-10-25, FR ,Charpentier-la-Forêt,social_media,False
CUST003094,África,Cañellas,estradaruperta@example.net,M,1967-08-10,2024-05-27,ES,Valladolid,email,False
CUST003095,Phillip,Schönland,margitkroker@example.com,Undisclosed,2004-03-03,2023-10-31, DE ,Grevesmühlen,direct,True
CUST003096,Feline,Klomp Jan,tijmenvan-northeim@example.org,F,1960-11-30,2023-10-13,NL,Weerselo,paid_search,True
CUST003097,Gudrun,Alm,emilia02@example.org,M,1952-01-28,2024-03-31,SE,Ängelholm,paid_search,False
CUST003098,Hans-Helmut,Heidrich,bolzmannsigmar@example.net,F,1997-06-24,2023-10-16,DE,Osterode am Harz,direct,False
CUST003099,Agathe,Sorgatz,klaus-michael23@example.com,M,1950-06-27,2023-10-06,DE,Schmölln,paid_search,False
CUST003100,Thérèse,Lebrun,mailletchristine@example.com,M,2004-05-05,2024-09-30,FR,Sainte Zoé-la-Forêt,organic_search,True
CUST003101,Marko,Mälzer,ferdi60@example.com,Undisclosed,1984-05-12,2024-08-26,DE,Flöha,referral,False
CUST003102,Julia,de Pauw,giovanniboetet@example.org,F,1999-05-07,2023-08-08,NL,Lexmond,direct,False
CUST003103,Matilda,Righi,giampaolocostalonga@example.org,M,1988-03-29,2024-12-09, IT ,Pedersano,organic_search,True
CUST003104,Chantal,Carpentier,clemencelebreton@example.com,M,1959-07-20,2025-08-09,FR,Sainte MoniqueVille,organic_search,True
CUST003105,Christiane,Leroy,tmarechal@example.net,F,2008-08-30,2023-06-24,FR,Bernard-sur-Mer,organic_search,True
CUST003106,Xavier,Bonneau,bernard36@example.org,Undisclosed,1966-12-30,2023-12-26,FR,Ferrand,direct,False
CUST003107,Maya,Brands,ian41@example.net,Undisclosed,1989-04-04,2023-05-21,NL,Stramproy,referral,False
CUST003108,Jurij,Bähr,jacqueline02@example.com,M,1991-08-24,2023-01-24,de,Naila,direct,False
CUST003109,Emily,Khan,kathleen26@example.com,M,1984-05-31,2024-10-01,GB,Port Sharonburgh,paid_search,False
CUST003110,Carol,Bates,grayduncan@example.net,M,1980-04-11,2025-05-08,GB,Ashleighfurt,organic_search,True
CUST003111,  Lucy,Phillips,victoria14@example.net,M,1986-03-05,2023-06-30,GB,Berryborough,direct,True
CUST003112,Cäcilia,Thanel,preissstephanie@example.org,F,1998-02-01,2024-09-25,DE  ,Wolgast,email,True
CUST003113,Esmee,van de Klashorst,milou91@example.com,F,1974-10-04,2025-10-02,NL,Bakhuizen,organic_search,True
CUST003114,Donata,Tintzmann,margarete50@example.com,M,2000-02-25,2025-07-28,DE,Dinkelsbühl,referral,False
CUST003115,Heinz-Günter,Eckbauer,bwohlgemut@example.com,M,1954-08-26,2025-05-06,DE,Saarbrücken,email,True
CUST003116,Ciro,Crispi,vincenza61@example.org,Undisclosed,1994-08-01,2023-09-24,IT,Perrillo,email,False
CUST003117,Daphne,Volcke,verhagenfatima@example.com,Undisclosed,1961-03-13,2025-11-11,nl,Kerkwijk,email,True
CUST003118,Hans-Detlef,Stolze,adolphhildegart@example.org,M,1976-05-02,2023-11-23, DE ,Witzenhausen,email,True
CUST003119,Wiltrud,Radisch,freddygroettner@example.net,M,1993-07-15,2025-11-11,DE,Nordhausen,paid_search,True
CUST003120,Insa,Misicher,hagen25@example.com,M,1996-06-25,2024-10-03, DE ,Belzig,direct,False
CUST003121,Édith,Weiss,gilbertmartins@example.com,F,1982-11-03,2025-02-13, FR ,Boyerboeuf,direct,False
CUST003122,Raphael,Thanel,cengiz68@example.org,F,1950-12-04,2024-06-01,DE,Vechta,referral,True
CUST003123,Volkhard,Weinhold,christina56@example.com,M,1984-10-22,2023-02-05,DE,Kötzting,direct,True
CUST003124,Anne,Holmes,mitchellvictor@example.net,M,1988-02-11,2023-09-11,GB,Kirstyfurt,referral,True
CUST003125,Yinthe,Adriaense,phileinevan-der-pluijm@example.org,Undisclosed,2003-12-15,2025-12-23,NL,Sibculo,social_media,True
CUST003126,Adam,Bryant,reecebyrne@example.org,Undisclosed,1949-09-21,2024-11-21,GB,South Jake,referral,True
CUST003127,Dylano,van Berkel,ide-wit@example.org,M,1967-08-22,2023-05-13,NL,Noordlaren,email,False
CUST003128,  Ursel,Holsten,janna78@example.com,F,1968-03-05,2024-06-15,DE,Stollberg,organic_search,True
CUST003129,Marie,Henningsson,whammar@example.com,M,1957-05-25,2023-07-06,se,Skellefteå,direct,False
CUST003130,Baldomero,Pomares,allobet@example.org,F,1981-04-29,2023-06-18, ES ,Guipúzcoa,email,True
CUST003131,Baudelio,Palau,scazorla@example.net,M,1950-07-14,2024-09-28, ES ,Jaén,paid_search,False
CUST003132,Gabino,Jerez,jose-mari51@example.org,Undisclosed,2004-04-24,2023-10-19,ES,Córdoba,organic_search,True
CUST003133,Sabatino,Malatesta,toscanibianca@example.net,F,1946-01-07,2023-12-01,IT,Trarivi,referral,True
CUST003134,Rachel,Brown,reecehill@example.net,F,1998-06-16,2023-06-14,gb,Port Elliott,email,True
CUST003135,Torben,Bärer,uberger@example.org,Undisclosed,1962-05-14,2024-05-07, DE ,Eutin,email,False
CUST003136,Carl,Bell,wallacejoel@example.com,Undisclosed,1980-07-28,2023-04-04,GB,Longton,paid_search,False
CUST003137,Kyara,van der Laarse,kiki08@example.net,Undisclosed,1960-11-18,2023-04-15,NL,Baaium,direct,False
CUST003138,Isabella,Bakker,leah13@example.com,F,1985-06-01,2025-12-08,NL,Schalkwijk,organic_search,True
CUST003139,Danielle,Taylor,westalice@example.net,F,2008-03-29,2025-06-15,GB,Kirkview,organic_search,False
CUST003140,Hassan,Klotz,gerhardt84@example.org,M,1972-03-03,2023-12-07,DE,Passau,organic_search,False
CUST003141,Célina,Martins,legertimothee@example.org,F,1969-10-08,2023-10-09,FR,Hameldan,email,True
CUST003142,Telemaco,Garobbio,torquato09@example.com,Undisclosed,1984-09-04,2025-04-30,IT,Vigolo,referral,False
CUST003143,Lorraine,Thomas,gregoryfiona@example.net,Undisclosed,1990-06-14,2023-11-13,GB,Winterview,referral,False
CUST003144,Owen,Walker,sean03@example.org,Undisclosed,1986-07-18,2024-05-29,gb,West Maria,social_media,True
CUST003145,Camille,Langlois,juliette07@example.org,F,1956-02-18,2023-03-24,FR,Saint Étienne,organic_search,True
CUST003146,Sébastien,Rossi,dchartier@example.com,Undisclosed,1975-05-29,2024-08-10,FR,Étienneboeuf,social_media,False
CUST003147,Vittoria,Ravaglioli,mascheronibaldassare@example.net,M,1995-11-22,2025-10-22,IT,Lonate Ceppino,social_media,True
CUST003148,Anouk,Houdijk,joshuaadriaense@example.net,F,2002-10-13,2023-10-04,nl,Miedum,organic_search,False
CUST003149,Curro,Rivera,zvilar@example.com,Undisclosed,1956-07-07,2023-03-19,ES,Segovia,referral,False
CUST003150,Robert,Pratt,lesliecoates@example.com,F,1970-03-22,2025-07-22,GB,Edwardsview,email,False
CUST003151,Iain,Murray,kellyburton@example.com,F,1959-12-17,2023-05-16,GB,Port Louiseborough,social_media,True
CUST003152,Meta,Schäfer,krausron@example.org,M,1960-03-21,2023-07-03,DE,Kitzingen,paid_search,False
CUST003153,Dirk,van der Heijden,,F,2008-07-07,2023-05-29,nl,Darp,organic_search,False
CUST003154,Théodore,Merle,ggimenez@example.org,Undisclosed,1955-08-31,2023-11-17,FR,Étienneboeuf,referral,True
CUST003155,Virginie,Simon,arnaude98@example.net,Undisclosed,1974-04-17,2023-10-08, FR ,Huet,organic_search,True
CUST003156,Hilary,Jones,kellywood@example.org,Undisclosed,1976-04-29,2024-09-09,GB,East Ronaldbury,organic_search,True
CUST003157,Paoletta,Renzi,cbertoni@example.net,F,1967-03-19,2024-10-09,IT,Arlate,organic_search,False
CUST003158,Karl-Jürgen,Mohaupt,qbluemel@example.net,Undisclosed,1976-01-29,2025-09-02,DE,Vilsbiburg,email,False
CUST003159,Mauricio,Mir,calisto76@example.com,Undisclosed,1959-06-19,2025-04-07,ES,Murcia,referral,False
CUST003160,Célina,Buisson,sauvageoceane@example.org,F,1950-03-13,2024-04-21,FR  ,Guillon,organic_search,False
CUST003161,Bertrand,Pascal,lebrunclemence@example.net,F,1985-03-22,2025-10-18,FR,Lemaître,referral,False
CUST003162,Hasso,Pärtzelt,zgeisel@example.net,M,1963-08-15,2023-09-08,DE  ,Lörrach,organic_search,True
CUST003163,Alfred,Pottier,edithsimon@example.org,M,1978-04-12,2023-06-06,FR,Chevalier-les-Bains,paid_search,True
CUST003164,Jeremy,Clark,jennamatthews@example.org,F,1988-08-30,2025-02-01,GB  ,Lake Brettland,social_media,True
CUST003165,Frieda,Zobel,foerstersusanne@example.net,Undisclosed,1982-06-07,2025-02-09,DE,Starnberg,email,True
CUST003166,  Francesca,Mason,dennisaaron@example.org,M,1946-03-01,2024-04-10,GB,McCarthyton,email,False
CUST003167,Donatello,Galilei,bellinirodolfo@example.net,F,1978-06-02,2024-07-27, IT ,San Martino In Beliseto,organic_search,False
CUST003168,Dana,Röhricht,,Undisclosed,1955-06-25,2023-07-28,DE,Rastatt,social_media,False
CUST003169,Ariadna,Rueda,jacobollobet@example.net,Undisclosed,1990-09-09,2024-06-23,ES,Pontevedra,email,True
CUST003170,Thomas,Bertrand,plambert@example.net,F,1974-04-25,2024-03-19,FR,Milletdan,paid_search,False
CUST003171,Nisa,Nieuwstraten,yvan-den-corput@example.net,Undisclosed,1958-09-06,2024-08-30,NL,Nieuw-Roden,direct,False
CUST003172,Capucine,Huet,marie70@example.com,F,1996-01-09,2024-01-06,FR  ,Saint Zoé-sur-Mer,email,False
CUST003173,Eva-Marie,Berger,junitzmaurice@example.com,Undisclosed,1992-01-18,2023-10-30,DE,Meiningen,organic_search,False
CUST003174,Domenico,Pruschke,klemtferdinand@example.net,M,1978-03-29,2025-05-03,DE,Osterode am Harz,email,True
CUST003175,Luciano,Koch,ingeburg44@example.org,Undisclosed,1980-04-29,2023-10-22,de,Böblingen,social_media,True
CUST003176,Resi,Nette,jockelcarl-heinz@example.com,M,1949-03-07,2025-04-01,DE,Worbis,paid_search,False
CUST003177,Louise,Vastenhouw,stellanollee@example.net,M,2003-08-01,2025-10-29,NL,Bergen aan Zee,direct,True
CUST003178,Damiano,Mocenigo,pasqualevalentino@example.com,M,1988-05-27,2024-06-23,IT,Soveria Mannelli,paid_search,True
CUST003179,Urbano,Sanjuan,arcosdafne@example.net,F,1987-09-25,2023-04-28,es,Murcia,social_media,True
CUST003180,Zara,Stichter,janssenkyano@example.net,F,2000-05-31,2025-12-10,NL,Kuinre,referral,False
CUST003181,Samir,Mühle,slawomir84@example.com,M,1984-10-11,2023-06-21,DE,Aue,social_media,True
CUST003182,Monique,Launay,thereseleleu@example.com,M,1965-12-21,2024-10-05,FR,Saint Aurore,organic_search,False
CUST003183,Christiane,Carpentier,gregoireraymond@example.com,Undisclosed,1997-04-16,2025-10-21,FR  ,Guillou-sur-Mer,social_media,True
CUST003184,Pascal,Mentzel,klappconstanze@example.com,F,1993-10-03,2025-06-12,de,Saulgau,referral,False
CUST003185,Natasha,Leach,cherylwilliams@example.org,M,1983-10-05,2023-10-29,GB,Lake Ian,paid_search,False
CUST003186,Yvonne,Chan,annaburke@example.com,F,1993-09-03,2024-02-27,GB,Jemmaburgh,paid_search,False
CUST003187,Éric,Mallet,michelroger@example.com,M,2003-11-01,2023-07-31,FR,Muller,direct,False
CUST003188,Isabelle,Lesage,lorraine48@example.org,F,1999-12-04,2025-05-22,FR,Laurentdan,organic_search,False
CUST003189,Raquel,Sotelo,marcelomanzanares@example.com,F,1993-12-06,2023-11-19,es,Jaén,referral,False
CUST003190,Manuelita,Palacios,luciacarvajal@example.com,F,1982-10-03,2024-04-21,ES,Segovia,referral,True
CUST003191,Nicole,Bourdon,techerclaire@example.com,F,1953-07-02,2024-02-29, FR ,Andredan,paid_search,False
CUST003192,Viridiana,Delle,morandinialberico@example.org,M,1950-12-01,2023-01-29,it,Cassinone,email,False
CUST003193,Malin,Grönlund,elarsson@example.net,Undisclosed,1952-05-30,2025-10-11, SE ,Växjö,organic_search,False
CUST003194,Bertrand,Munoz,margot76@example.net,F,1985-11-20,2025-08-09,FR,Guilbert,organic_search,False
CUST003195,Sébastien,Michel,marinecoulon@example.com,M,1995-10-06,2024-02-02,FR,Maury,organic_search,False
CUST003196,Kim,Turner,paulagibbons@example.net,M,1959-05-19,2024-02-11,gb,Port Derekchester,social_media,False
CUST003197,Fabia,Pausini,luigina09@example.net,M,1993-10-19,2024-04-03,it,Ternate,social_media,False
CUST003198,Pierluigi,Paolucci,zabarellavictoria@example.org,F,1976-06-20,2025-06-06,IT,Robbiate,referral,True
CUST003199,Selim,Lehmann,schinkejustina@example.com,F,1975-04-27,2025-03-25,de,Aachen,social_media,False
CUST003200,Olivier,Lopes,thomasletellier@example.com,Undisclosed,1957-07-08,2023-08-11,fr,Saint Stéphanie,email,True
CUST003201,Max,Osborne,aarondavies@example.org,F,1982-09-19,2025-10-07,GB,North Gavinmouth,organic_search,False
CUST003202,Sarah,Richards,afisher@example.com,Undisclosed,1946-10-13,2024-03-31,GB,South Alisonland,organic_search,True
CUST003203,Ernst-Otto,Höfig,georgios44@example.com,Undisclosed,1965-09-03,2025-05-31,DE  ,Schwandorf,paid_search,False
CUST003204,Bernardino,Seco,hectorhigueras@example.com,F,1966-05-17,2023-12-07,ES,Huesca,social_media,False
CUST003205,  Mare,Chevresson,itakkelenburg@example.com,Undisclosed,1953-03-04,2023-02-17,NL,Wieringerwerf,organic_search,False
CUST003206,Reynaldo,Gibert,fhoz@example.org,F,1950-03-17,2025-10-11,es,Valencia,referral,True
CUST003207,Marta,Cruz,wnadal@example.net,F,1989-03-11,2023-07-31,ES,Madrid,paid_search,True
CUST003208,Merijn,Brouwer,qde-bruin@example.org,M,1947-06-23,2023-06-09,NL,Hinnaard,paid_search,True
CUST003209,Christophe,Chauveau,adrien25@example.com,F,1994-10-25,2024-07-26,FR,Dupuy,paid_search,True
CUST003210,Hayley,Davidson,jill48@example.com,F,1981-12-25,2024-12-14, GB ,New David,paid_search,True
CUST003211,Janos,Klingelhöfer,walfried33@example.org,M,1964-06-18,2025-01-02,DE,Wiedenbrück,social_media,False
CUST003212,Mees,Mallien,de-bontjasmijn@example.com,F,1955-10-23,2023-05-02,NL,Noordwolde,social_media,False
CUST003213,Liesa,Schacht,drewesjohann@example.net,Undisclosed,1976-11-06,2023-03-10,DE,Rudolstadt,referral,False
CUST003214,Alex,Slaetsdochter,justin12@example.net,F,1946-08-20,2024-03-02,nl,Zuidland,paid_search,False
CUST003215,Gabriela,Lübs,kaspar37@example.com,M,1974-08-07,2024-05-19, DE ,Osterburg,referral,True
CUST003216,Magdalena,Köster,berndtthanel@example.net,Undisclosed,1979-11-06,2024-12-11,de,Beeskow,paid_search,False
CUST003217,Wolf-Dietrich,Henk,ullrichhermine@example.net,F,1951-07-09,2024-07-07,DE,Forst,social_media,False
CUST003218,James,Hein,junkditmar@example.org,Undisclosed,1975-02-27,2024-10-03, DE ,Pfaffenhofen an der Ilm,organic_search,True
CUST003219,Sylvie,Becht,okriens@example.org,F,1978-09-30,2023-10-20, NL ,Wezuperbrug,email,False
CUST003220,Bjorn,le Briel,van-der-veivertycho@example.org,F,1988-08-12,2025-01-31,NL,Waalre,referral,False
CUST003221,Sandra,Bryant,mary42@example.com,M,1973-05-07,2023-07-10,GB,East Anneshire,organic_search,True
CUST003222,Pero,Hesse,ingolfullmann@example.org,F,1957-11-17,2024-01-06, DE ,Anklam,social_media,True
CUST003223,Hans-Martin,Bloch,dbeer@example.org,M,1958-04-10,2025-03-31,DE,Hoyerswerda,paid_search,False
CUST003224,Gunnar,Hövel,sibylla05@example.org,F,1996-02-07,2024-05-30,DE,Bruchsal,referral,False
CUST003225,Saban,Naser,linda20@example.com,F,1948-03-06,2023-09-04, DE ,Herford,referral,True
CUST003226,Bianca,Zichichi,guaratolucio@example.net,F,1955-04-29,2025-12-27,it,Sassalbo,paid_search,True
CUST003227,Harold,Warmer,kuehnertsilvester@example.org,M,1981-01-08,2023-08-05,DE,Dachau,social_media,True
CUST003228,Auguste,David,dominiquedufour@example.com,F,1967-06-05,2024-07-08,FR,Coste,organic_search,False
CUST003229,Bekir,Köhler,hans-erichstadelmann@example.org,M,1971-05-23,2024-05-01,DE,Starnberg,referral,False
CUST003230,Joana,Schmiedecke,dehmelvictoria@example.net,F,1997-03-25,2023-10-14,DE,Biedenkopf,direct,False
CUST003231,Mohammad,Kelly,reeddouglas@example.net,Undisclosed,1984-11-14,2023-09-26,gb,East Julianburgh,social_media,False
CUST003232,Allan,Steele,jeremy86@example.org,F,1995-07-24,2023-08-13,GB  ,Albertchester,referral,False
CUST003233,Hans-Gerd,Otto,meinhard23@example.com,M,1972-11-19,2025-10-05,DE,Hammelburg,paid_search,True
CUST003234,Hajo,Hettner,ylorch@example.org,Undisclosed,1985-05-26,2024-04-25,DE,Mainburg,organic_search,False
CUST003235,Bernard,Chauveau,reneroger@example.net,Undisclosed,2000-10-26,2023-04-28,FR,Hamon-sur-Hoarau,email,False
CUST003236,Grete,Mühle,dweitzel@example.net,Undisclosed,1988-03-22,2023-04-28,DE,Göppingen,social_media,True
CUST003237,Nuri,Lachmann,hans-dieter97@example.org,M,2002-06-30,2023-12-18,DE,Hoyerswerda,email,True
CUST003238,  Olof,Hansson,yvonnezhang@example.com,Undisclosed,2003-04-29,2025-04-08,se,Karlstad,email,True
CUST003239,Lauren,Greenwood,ymiller@example.org,Undisclosed,2005-01-17,2023-12-11,GB,New Helenchester,direct,False
CUST003240,Gerald,Smith,stuart47@example.com,Undisclosed,2003-06-16,2023-06-14,gb,Samport,paid_search,False
CUST003241,Bernadette,Fouquet,rmerle@example.com,M,1967-04-23,2023-01-18,FR,Maillot,direct,False
CUST003242,Marie,Bonnin,gabrielleblin@example.net,M,1973-06-05,2023-12-11,fr,Ledoux,email,True
CUST003243,Lindsey,Mitchell,frederick24@example.org,F,1972-02-08,2024-05-30,GB,Bennettberg,paid_search,True
CUST003244,Jason,van Kuijc,emir57@example.org,Undisclosed,2004-06-09,2024-05-18,NL,Rijnsaterwoude,referral,True
CUST003245,Nathan,Saxo,laurenvan-der-steen@example.org,M,1960-02-22,2023-01-28,nl,Lieshout,direct,False
CUST003246,Karla,Lorch,vrogge@example.net,M,1962-06-13,2023-03-23,DE,Lübben,social_media,True
CUST003247,Bryan,Armstrong,leachshannon@example.org,M,1985-11-06,2025-01-09,GB,New Tina,direct,True
CUST003248,Maurice,Maillet,legrosetienne@example.com,F,1979-09-18,2023-02-08,FR,Saint Anaïs-sur-Mer,organic_search,True
CUST003249,Alessio,Tamburini,bbrunello@example.org,Undisclosed,2000-07-23,2024-05-18,it,Barbasso,paid_search,False
CUST003250,Hollie,Thompson,dclarke@example.com,F,2002-03-04,2025-08-07,GB,North Henryside,organic_search,True
CUST003251,Jack,Humphreys,jbradley@example.net,F,1955-03-17,2025-05-09,GB,Chandlershire,direct,True
CUST003252,Kaspar,Kruschwitz,erkaneigenwillig@example.org,Undisclosed,1999-01-07,2024-10-18,DE,Saarlouis,organic_search,False
CUST003253,Jemma,White,angela62@example.com,F,1955-06-29,2025-06-11,GB,South Rita,direct,False
CUST003254,Konrad,Kaul,,M,1996-10-06,2023-01-22,de,Forst,social_media,False
CUST003255,Guillaume,Bouvet,josephinenicolas@example.com,F,1985-07-01,2023-07-04,FR,Lombard-sur-Ribeiro,direct,True
CUST003256,Jonas,Pärtzelt,handerigo@example.net,M,2003-04-15,2024-02-26, DE ,Strasburg,direct,False
CUST003257,Jinthe,de Heer,lanklefrederique@example.com,M,1994-08-02,2024-08-02, NL ,Lollum,paid_search,True
CUST003258,Tony,Steinberg,ncichorius@example.com,M,1947-06-04,2025-03-07, DE ,Teterow,direct,True
CUST003259,Joséphine,Masson,martinboulanger@example.org,M,1947-12-02,2025-07-30,FR,Sainte Franck-les-Bains,email,False
CUST003260,Pasquale,Gradenigo,michela90@example.org,M,1984-04-24,2023-03-06,IT,Alberone Di Guarda,paid_search,True
CUST003261,Hans-Ludwig,Hecker,wesackkatharina@example.org,M,1961-06-12,2024-07-22,DE  ,Guben,social_media,True
CUST003262,  Hayley,Moss,alicebell@example.com,F,1959-08-23,2025-11-13,GB,Eleanorville,email,True
CUST003263,Rémy,Blanc,benjamin98@example.net,F,1995-04-01,2023-12-20,fr,Saint Bernadette,paid_search,False
CUST003264,Claus-Peter,Hermann,nschinke@example.org,M,2007-07-10,2024-09-22,de,Böblingen,social_media,False
CUST003265,Fátima,Blanco,salarcon@example.net,Undisclosed,1998-03-12,2025-05-27,ES,Almería,referral,False
CUST003266,Annerose,Rörricht,gerhild20@example.org,F,2002-03-21,2025-07-07,DE,Lübz,social_media,False
CUST003267,Liam,Hawkins,ahmedpaige@example.org,M,1986-08-31,2024-04-06,GB,East Iainberg,organic_search,False
CUST003268,Donna,Bowen,nolanmarc@example.com,Undisclosed,1968-01-30,2025-08-15,GB,Andreaview,organic_search,True
CUST003269,Keith,Field,darrenkelly@example.org,M,1993-01-01,2023-01-07,GB,Armstrongville,social_media,False
CUST003270,Ryan,Cornelisz,ngoderts@example.net,M,1951-02-12,2024-07-02,nl,Molenaarsgraaf,referral,True
CUST003271,Sophie,Costa,sperrin@example.org,Undisclosed,1953-07-30,2023-03-08, FR ,Dufour,direct,False
CUST003272,Stilla,Bachmann,saeuberlichhanny@example.com,Undisclosed,1954-11-23,2023-04-13,DE,Monschau,organic_search,False
CUST003273,Cornelia,Frerichs,koemanyfke@example.net,Undisclosed,1965-05-16,2024-03-30,nl,De Goorn,paid_search,False
CUST003274,Julia,Burns,danielseleanor@example.com,Undisclosed,1954-12-27,2023-04-15,GB,McDonaldland,direct,False
CUST003275,Rafa,Tudela,tristantamayo@example.net,M,1971-07-31,2025-05-01, ES ,Las Palmas,email,True
CUST003276,Casandra,Bernal,elodiabellido@example.org,F,1948-03-27,2025-04-07,ES,Granada,social_media,True
CUST003277,Luciano,Dominguez,pinilladonato@example.net,Undisclosed,1962-08-30,2025-11-29,ES,Baleares,organic_search,True
CUST003278,Frank,Reeves,glen01@example.net,Undisclosed,1968-07-07,2025-07-16,GB,West Lee,organic_search,False
CUST003279,Margaud,Gonzalez,qgodard@example.com,Undisclosed,1972-02-15,2024-11-16,FR,Sainte Emmanuelle-la-Forêt,social_media,True
CUST003280,Marita,Valdés,nicolas25@example.org,F,1996-01-05,2025-01-14,ES  ,Asturias,organic_search,True
CUST003281,Holly,Atkinson,khanjulie@example.com,Undisclosed,1950-02-08,2024-05-22,GB,Jacksonview,paid_search,True
CUST003282,Amanda,Roskoth,slavko69@example.com,F,1986-05-15,2025-03-22, DE ,Bayreuth,email,False
CUST003283,Eusebia,Niño,peirocurro@example.net,Undisclosed,1975-02-16,2023-09-04,es,Huelva,email,False
CUST003284,Melania,Tiepolo,xfolliero@example.com,Undisclosed,1965-11-04,2024-07-29,IT,Santa Valburga Ultimo,direct,False
CUST003285,Caroline,Bryan,lucydawson@example.org,Undisclosed,1973-03-10,2024-11-04,GB,Port Hilary,organic_search,False
CUST003286,Ralph,Anders,roy50@example.com,F,1978-02-07,2025-08-22,DE  ,Sternberg,paid_search,False
CUST003287,Augustin,Perez,,Undisclosed,1965-09-10,2025-03-29,FR  ,Masson,organic_search,False
CUST003288,Flora,Robledo,adelardopineda@example.net,M,2004-04-13,2023-10-10, ES ,Córdoba,direct,False
CUST003289,Teresa,Agostini,torricellirenzo@example.org,Undisclosed,1945-12-01,2023-06-09,IT,Castilenti,email,False
CUST003290,Gudrun,Heydrich,mriehl@example.org,F,2000-05-29,2024-02-26,DE,Neuss,paid_search,True
CUST003291,Wieslaw,Ladeck,apolloniafaust@example.org,Undisclosed,1957-02-24,2025-08-29,de,Nördlingen,referral,True
CUST003292,Ernesto,Cilibrasi,castellimaurizio@example.net,M,1961-04-16,2023-11-24,IT,Vidalengo,paid_search,True
CUST003293,Honoré,Jacquet,julesroger@example.net,F,1946-07-31,2025-08-07,FR,Lopesdan,social_media,False
CUST003294,Lynda,Wright,dean83@example.com,F,1965-11-26,2023-12-18,gb,North Abdulland,direct,True
CUST003295,Clara,Bergman,nilssonannika@example.com,M,1971-01-25,2023-06-28,SE  ,Helsingborg,direct,True
CUST003296,Marietta,Wohlgemut,necatistahr@example.org,Undisclosed,1967-01-29,2023-08-20,DE,Herzberg,email,True
CUST003297,Melanie,Wright,kmurray@example.net,M,2008-07-12,2025-02-18,GB,Port Amandaport,email,True
CUST003298,Oskar,Niemeier,schwitalhildegund@example.net,Undisclosed,1983-07-22,2023-01-05,de,Sankt Goarshausen,social_media,True
CUST003299,Gilbert,Gimenez,phardy@example.org,F,1946-11-08,2025-11-15,FR,Saint ThéophileBourg,direct,True
CUST003300,Casemiro,Méndez,virginia53@example.com,M,2004-12-29,2023-06-04,ES,Zamora,organic_search,False
CUST003301,Charlotte,Berthelot,begueremy@example.com,F,1973-08-01,2025-02-10,FR,Hervé-les-Bains,social_media,True
CUST003302,Antonia,Lindqvist,dahlellen@example.net,Undisclosed,1947-03-22,2023-07-30,SE,Mölndal,direct,True
CUST003303,  Julian,Hall,jean80@example.net,M,1985-07-03,2025-11-12,GB,Lake Jacobville,organic_search,False
CUST003304,Monique,Wagner,valentinepeltier@example.net,M,1975-12-10,2023-04-22,FR,Dupuis,organic_search,False
CUST003305,Marco,Kabus,kschenk@example.org,Undisclosed,1983-04-14,2023-04-09, DE ,Ilmenau,direct,True
CUST003306,Thibault,Rocher,lguichard@example.net,F,1997-12-15,2025-07-19,FR,Sainte Julien,email,True
CUST003307,Hélène,Diaz,humbertjosette@example.com,M,1949-01-02,2024-08-29,FR,Pelletier,organic_search,True
CUST003308,Stavros,Austermühle,annamariaschlosser@example.net,Undisclosed,1971-05-10,2025-07-26,DE,Wesel,referral,True
CUST003309,Céline,Guillot,chevalliervincent@example.com,M,1961-07-29,2025-08-14,FR,Boulay-la-Forêt,email,True
CUST003310,Elliott,Connor,louise01@example.com,M,1973-11-18,2025-02-27,GB,East Samanthaside,paid_search,True
CUST003311,Brian,Janse,stamroodelizabeth@example.net,F,1970-01-10,2023-03-09,NL,Hollandscheveld,email,True
CUST003312,Wouter,de Vries,van-de-walmats@example.org,Undisclosed,1987-08-07,2023-12-25,NL,Geervliet,social_media,False
CUST003313,Tyler,van Wessex,rspier@example.com,M,2004-03-08,2024-07-05,NL,Gytsjerk,paid_search,False
CUST003314,Gusti,Gorlitz,madeleine08@example.com,M,1962-01-15,2024-11-15,DE,Gransee,organic_search,True
CUST003315,Adelbert,Wilms,heinijacobi-jaeckel@example.net,Undisclosed,1947-11-09,2023-01-23,DE,Bitterfeld,paid_search,False
CUST003316,Juliette,Verheuvel,tholthuis@example.org,M,1968-12-15,2023-11-29,NL,Kapel-Avezaath,referral,True
CUST003317,Declan,Saunders,ufoster@example.net,F,1964-11-09,2023-11-16, GB ,South Clivefort,referral,False
CUST003318,Gregor,Koch,kaustermuehle@example.com,Undisclosed,1976-06-14,2025-07-13, DE ,Gerolzhofen,referral,False
CUST003319,María Carmen,Garcés,,M,1960-10-06,2025-07-08,es,Salamanca,social_media,True
CUST003320,Gerardo,Girón,imelda94@example.com,Undisclosed,2003-05-31,2024-09-23,ES,Guadalajara,social_media,True
CUST003321,Leonard,Brown,judithcooper@example.org,M,2002-01-14,2025-12-27,GB,New Tracy,paid_search,False
CUST003322,Dorit,Conradi,sgorlitz@example.net,Undisclosed,1975-10-21,2024-07-11, DE ,Burg,social_media,False
CUST003323,Emilio,Castro,kmarques@example.net,Undisclosed,1947-06-26,2025-10-17,ES,Ávila,paid_search,True
CUST003324,Trevor,Evans,xhall@example.org,M,1962-01-24,2023-09-18,GB,South Margaret,referral,False
CUST003325,Ismael,Cases,aitanaadadia@example.com,Undisclosed,2001-06-11,2024-08-04,ES  ,Valladolid,email,True
CUST003326,Delia,Crespo,garrigadomingo@example.org,F,1979-09-19,2023-10-04,ES,Granada,email,True
CUST003327,Silvio,Bustos,adrian22@example.org,F,1991-05-17,2023-12-06, ES ,Badajoz,email,False
CUST003328,Marian,Wilson,carlysmith@example.com,Undisclosed,1986-10-19,2023-05-29,GB,Cunninghamton,paid_search,True
CUST003329,Hans-Eberhard,Trommler,bohlanderfreya@example.org,Undisclosed,1985-04-09,2024-12-07,DE,Malchin,paid_search,True
CUST003330,Mila,Vos,de-graafjacob@example.org,M,1971-04-23,2024-03-17,NL,Lengel,email,False
CUST003331,Owen,Morgan,vcollins@example.com,M,1966-09-19,2025-10-11, GB ,Lake Barbarashire,organic_search,True
CUST003332,Louise,Waltrade Walderade,koens-gravensande@example.com,M,1995-02-25,2024-06-05,NL,Hobrede,paid_search,True
CUST003333,Violetta,Krause,josefineheintze@example.org,F,1989-12-22,2024-11-01,DE,Mühldorf am Inn,referral,True
CUST003334,Klaus,Mans,hoelzenbechermaximilian@example.com,F,1995-08-17,2023-11-13, DE ,Goslar,organic_search,False
CUST003335,Danilo,Malaparte,yandreotti@example.net,Undisclosed,1997-03-11,2024-09-01,IT,Castel Rozzone,email,True
CUST003336,Isabelle,van Haspengouw Hesbaye,ivygroenestein@example.org,Undisclosed,1979-08-21,2023-05-18,NL,Ruigahuizen,organic_search,False
CUST003337,Matteo,Eco,vrensi@example.org,F,1990-07-08,2023-05-25,IT,Gerenzano,referral,False
CUST003338,Miguela,Cuesta,ibautista@example.org,Undisclosed,1983-05-15,2024-10-20,ES,Tarragona,organic_search,False
CUST003339,Cheryl,Ford,lesley80@example.com,F,1994-10-09,2024-11-01,GB,East Waynebury,direct,True
CUST003340,Femke,van der Steen,heijmanssebastiaan@example.com,Undisclosed,1991-12-10,2024-08-30,NL,Schoonoord,organic_search,True
CUST003341,Elvira,Renier,peanoelisa@example.com,Undisclosed,1959-08-07,2024-04-23,IT,Cazzago San Martino,email,False
CUST003342,Danielle,Lees,barryhayes@example.net,Undisclosed,1969-11-21,2023-07-29,GB,North Ashley,referral,True
CUST003343,Glen,Willis,hlittle@example.net,F,1970-09-13,2025-01-27, GB ,Quinnfort,direct,False
CUST003344,  Edeltraut,Jockel,carstenkay-uwe@example.org,Undisclosed,1958-10-15,2024-05-18,DE,Bad Kreuznach,organic_search,False
CUST003345,Tom,Griffin,singhduncan@example.com,Undisclosed,1962-05-26,2024-11-13,GB,Port Norman,direct,False
CUST003346,Ties,Weeldenburg,meijerjack@example.com,M,1986-06-23,2023-01-14,NL,Valthe,organic_search,True
CUST003347,Gilbert,Voisin,ngillet@example.org,F,1997-01-21,2024-10-13,FR,Delannoy-la-Forêt,referral,False
CUST003348,Hansgeorg,Stoll,noackgertraude@example.net,M,1979-07-02,2025-04-08,DE,Illertissen,direct,True
CUST003349,Guillaume,Dupont,leblancmarc@example.net,F,1952-02-05,2023-05-31,fr,Sainte MargotVille,organic_search,True
CUST003350,Stanislav,Kreusel,kkitzmann@example.net,Undisclosed,1965-08-11,2023-04-03,DE,Malchin,referral,True
CUST003351,Magret,Fechner,xhartmann@example.org,M,1978-11-18,2024-02-11, DE ,Göttingen,social_media,True
CUST003352,Victoire,Poulain,adelaide33@example.com,M,1991-06-16,2024-08-24,fr,Bouviernec,referral,True
CUST003353,Ranieri,Tornatore,qpolani@example.net,Undisclosed,1965-08-28,2024-07-08,IT,Greve In Chianti,email,True
CUST003354,Gerard,Walters,rogerwhite@example.net,F,2002-03-13,2024-04-06,GB,North Mohammadchester,email,False
CUST003355,Claire,Ehlert,magnusadolph@example.com,F,1984-04-19,2024-10-20,DE,Hofgeismar,direct,True
CUST003356,Friedhold,Steinberg,vreinhardt@example.org,Undisclosed,1949-05-17,2025-01-01,de,Cuxhaven,referral,False
CUST003357,Jip,Oosterhout,tvan-bentheim@example.com,M,1996-01-08,2023-06-10, NL ,Midwolde,organic_search,False
CUST003358,Martine,Simon,,Undisclosed,1987-06-17,2025-11-08, FR ,Mary-sur-Mer,direct,True
CUST003359,Eleuterio,Canet,isidora42@example.org,M,1966-03-06,2024-10-19,ES,Zamora,referral,False
CUST003360,Lola,Maas,romy02@example.org,M,1965-08-08,2025-01-19, NL ,Tynaarlo,email,False
CUST003361,  América,Silva,saguado@example.com,F,2004-01-25,2023-01-06,ES,Huesca,organic_search,False
CUST003362,Marcelle,Roux,dijouxstephane@example.net,M,1976-11-30,2024-10-15,FR,Saint Michel,paid_search,True
CUST003363,Cornelia,Jdotte,dirksmits@example.com,Undisclosed,1998-05-14,2023-12-31,nl,Jouswier,email,False
CUST003364,Honoré,Lemonnier,capucineimbert@example.net,F,1949-07-02,2023-11-25,fr,Rocher-sur-Fischer,social_media,False
CUST003365,Pasqual,Russo,luciano16@example.com,F,1946-06-26,2024-07-24,IT,Volon,referral,True
CUST003366,Bradley,Baker,janeyates@example.net,Undisclosed,1999-01-09,2023-11-07,GB  ,Thorpeville,email,False
CUST003367,André,Girard,dos-santosstephanie@example.org,F,2006-05-04,2025-06-14,FR,Klein-la-Forêt,social_media,False
CUST003368,Lucas,Martins,ameliefleury@example.net,Undisclosed,1996-11-27,2023-09-28,FR,Briand,social_media,False
CUST003369,Anatoli,Zobel,ksteuer@example.com,F,1980-05-09,2023-02-12,DE,Tübingen,email,False
CUST003370,Floor,Frankhuizen,uvan-wessex@example.net,Undisclosed,1993-02-18,2023-03-29,NL,Hempens,organic_search,True
CUST003371,Gülsen,Herrmann,vanders@example.net,Undisclosed,1986-12-17,2023-03-26,DE,Marienberg,organic_search,False
CUST003372,Samantha,White,petermoore@example.com,F,1994-05-09,2024-03-31,GB,North Royberg,email,True
CUST003373,Martin,Besson,laurence51@example.net,M,1949-01-29,2023-07-17,FR,Saint Franck,social_media,True
CUST003374,Owen,van der Hoeven,mees61@example.com,F,1994-05-14,2025-03-28,NL,Blokker,email,True
CUST003375,Araceli,Araujo,gasconazucena@example.net,Undisclosed,1965-02-18,2024-08-27,ES,Santa Cruz de Tenerife,paid_search,True
CUST003376,Lalo,Herranz,barrigalope@example.org,Undisclosed,1950-01-11,2024-10-04, ES ,La Coruña,email,False
CUST003377,Jacinta,García,vverdu@example.org,Undisclosed,2002-05-31,2025-01-14,ES,Cantabria,organic_search,True
CUST003378,Heinz-Günther,Müller,hoefiganka@example.net,M,1966-10-19,2024-02-07,DE,Herzberg,organic_search,False
CUST003379,Emine,Schwital,amalia03@example.org,M,1946-07-02,2024-05-14,DE,Luckau,email,True
CUST003380,Yusuf,van Haspengouw,ryan47@example.org,Undisclosed,1983-01-14,2025-04-14,NL,Kortenhoef,organic_search,False
CUST003381,Honoré,Pinto,robinjulie@example.org,M,1999-06-19,2024-04-20, FR ,Sainte Julie-sur-Mer,referral,False
CUST003382,Éric,Gautier,gboutin@example.com,Undisclosed,1970-07-30,2023-02-03,FR,Perriernec,organic_search,True
CUST003383,Centa,Möchlichen,fdowerg@example.net,F,2001-12-07,2025-03-06,DE,Mayen,organic_search,False
CUST003384,Louis,Leroux,ines83@example.net,M,1973-11-04,2025-03-21, FR ,Sainte Augustinboeuf,direct,True
CUST003385,  Harry,Köster,kadewera@example.net,Undisclosed,1958-08-02,2025-05-28,DE,Jüterbog,organic_search,True
CUST003386,Ranieri,Conti,nattapiersanti@example.com,F,1982-10-19,2023-03-31,IT,Frassinetto,paid_search,True
CUST003387,Claire,Sölzer,ottokarhenck@example.org,M,1986-01-20,2023-10-21,DE  ,Günzburg,direct,True
CUST003388,Neil,Jones,charlottematthews@example.org,Undisclosed,1998-07-17,2025-07-31,GB,Goodwinton,paid_search,True
CUST003389,Margaretha,Heuser,stiffelmax@example.net,Undisclosed,1974-08-17,2024-01-18,DE,Pößneck,email,True
CUST003390,Aiden,Karels,ameis@example.org,M,1999-05-10,2023-09-30,NL,Vlieland,direct,False
CUST003391,Christiane,Faivre,lucas27@example.org,Undisclosed,1971-10-31,2024-06-11,FR,Allain-sur-Mer,organic_search,False
CUST003392,Jolanda,Binaghi,luciano15@example.net,M,1956-11-19,2024-08-08,IT,Torre Pedrera,social_media,True
CUST003393,Leonardo,Regge,tatianatrapani@example.com,Undisclosed,1952-12-05,2025-11-18,IT,Pulfero,direct,False
CUST003394,Aimé,Regnier,devauxchantal@example.org,M,2008-01-09,2024-12-13,FR,Georges-sur-Marchand,social_media,False
CUST003395,Angelina,Depero,saracinomarina@example.org,F,1978-08-09,2025-03-26,IT,Rizzolaga,direct,False
CUST003396,Erik,Näslund,vjohansson@example.org,F,1965-08-02,2023-11-02,SE  ,Sundsvall,email,False
CUST003397,Anna,Porta,jimenaterron@example.net,F,1959-03-09,2023-01-25,ES,Vizcaya,paid_search,False
CUST003398,  Esteban,Beltran,aguirrevenceslas@example.org,M,1948-12-14,2025-05-16,ES,Teruel,paid_search,False
CUST003399,Nadja,Holsten,,F,1955-04-07,2025-04-11,DE,Hamburg,social_media,True
CUST003400,Katy,Jones,wendy30@example.com,F,2001-08-06,2023-05-26, GB ,Robinsonville,paid_search,True
CUST003401,Cora,Schüler,rdussen-van@example.net,M,1977-12-27,2025-05-16, DE ,Klötze,referral,False
CUST003402,Käthi,Kuhl,inge96@example.com,M,1973-01-30,2023-05-07, DE ,Ludwigsburg,paid_search,False
CUST003403,Maria,Ek,arne96@example.net,Undisclosed,1998-09-10,2024-09-21,SE,Göteborg,social_media,False
CUST003404,Henri,Renard,bonneaumichele@example.com,Undisclosed,2001-10-06,2024-03-13,FR,Dos Santos,email,True
CUST003405,Fem,Marceron,mwright@example.com,Undisclosed,1992-12-12,2024-10-15, NL ,Haarlo,direct,False
CUST003406,Carlos,Jordán,pilarborja@example.net,Undisclosed,1962-04-12,2025-06-09,ES,Lleida,paid_search,False
CUST003407,Ale,Hervia,paredesjimena@example.com,F,1974-05-10,2024-11-07,es,Valladolid,social_media,False
CUST003408,Emil,Sundberg,hanssonlaila@example.net,M,1968-01-21,2024-06-24,SE,Ängelholm,organic_search,False
CUST003409,Ines,Flantz,beyerchristian@example.com,F,1974-03-14,2025-08-17,DE,Aurich,direct,False
CUST003410,Bruni,Rudolph,eimerrolf-dieter@example.com,M,1994-07-12,2025-08-28,de,Strausberg,organic_search,True
CUST003411,Cécile,Berthelot,camille75@example.net,M,2008-03-09,2024-01-16,FR,Vasseur,paid_search,True
CUST003412,Harro,Klemt,kilian88@example.net,M,1979-03-01,2023-10-22,de,Saulgau,direct,True
CUST003413,Ron,Mude,ekkeharthoelzenbecher@example.net,M,1984-06-24,2024-03-06,de,Greifswald,paid_search,True
CUST003414,Antoinette,Couturier,tberger@example.net,M,1972-01-16,2024-10-21,FR,Potier,email,False
CUST003415,Sarita,Galiano,octaviacosta@example.org,F,1951-12-02,2024-01-18,ES,Tarragona,direct,True
CUST003416,Jacob,Marsh,sylviamiles@example.com,Undisclosed,1955-05-07,2024-04-03, GB ,Lisaside,paid_search,True
CUST003417,Xavier,Aubry,,Undisclosed,2004-02-03,2024-01-09,FR,Brun-sur-Fouquet,organic_search,False
CUST003418,Berat,Boudewijns,shorrocks@example.org,Undisclosed,1992-08-01,2024-01-22,nl,Ens,paid_search,True
CUST003419,Benno,Christoph,ritterremo@example.net,Undisclosed,1966-05-20,2024-08-31,DE,Apolda,referral,True
CUST003420,Kreszenz,Kambs,diedrich90@example.net,F,1964-09-21,2025-09-16,DE  ,Dinkelsbühl,social_media,False
CUST003421,Hermenegildo,Barberá,zcarbo@example.net,M,2005-07-04,2023-09-17,ES  ,Ciudad,referral,True
CUST003422,Marc,Barker,emily36@example.net,F,1951-10-08,2024-02-18, GB ,North Ianshire,email,False
CUST003423,Dionisia,Guitart,zorrillaotilia@example.net,M,1950-03-04,2024-05-18,ES,Melilla,direct,True
CUST003424,Monja,Reichmann,vogtadalbert@example.com,F,1948-09-25,2023-09-20,de,Passau,organic_search,False
CUST003425,Nico,Escolano,nicolopez@example.org,M,1988-03-19,2025-11-02,ES,Salamanca,social_media,False
CUST003426,Gerald,Parkinson,adambennett@example.net,F,1974-01-26,2023-02-27,GB,Nicholsonchester,organic_search,True
CUST003427,Sally,Pearson,pthompson@example.org,M,1951-04-15,2025-02-14,gb,East Frances,referral,False
CUST003428,Leon,Porter,wreynolds@example.net,F,2006-07-12,2023-10-05,GB,Claretown,direct,False
CUST003429,Angelino,Oller,viviana31@example.org,F,1992-01-07,2023-04-20,ES,Soria,email,False
CUST003430,Jean,Murray,johntaylor@example.com,M,1986-10-30,2025-01-21, GB ,Hurstport,referral,True
CUST003431,  Mohammad,Davidson,neilbevan@example.org,F,1974-05-31,2025-05-30,gb,South Jane,email,True
CUST003432,Rune,Mårtensson,elsie16@example.com,M,1952-05-16,2025-11-07,SE,Skellefteå,social_media,False
CUST003433,Candela,Gascón,qcasares@example.net,M,1973-07-11,2023-05-26,ES,Las Palmas,direct,True
CUST003434,Isaac,Jacques,andre16@example.net,Undisclosed,2008-08-01,2023-08-02,FR,Giraud-les-Bains,referral,False
CUST003435,Tim,van den Berg,teunvan-dongen@example.com,F,2002-03-21,2024-07-22,nl,Vledder,direct,False
CUST003436,Léon,Pons,colasmartine@example.net,M,1989-06-24,2023-03-12,FR,Clémentnec,organic_search,False
CUST003437,Dorothee,Stey,gunther28@example.net,M,2006-05-20,2024-03-01,de,Monschau,paid_search,True
CUST003438,Anna,Wilkinson,kimberley93@example.com,M,1954-11-28,2024-03-31, GB ,Mauricefort,organic_search,True
CUST003439,Luigi,Tamborini,jscarpetta@example.com,F,1971-07-22,2025-12-28,IT  ,Siliqua,social_media,False
CUST003440,  Anita,Pacomio,vezzalirosa@example.org,F,1996-03-06,2024-04-11,it,Cembra,email,False
CUST003441,Pénélope,Besnard,antoine14@example.org,Undisclosed,1953-02-15,2023-12-01,FR,Boulangerdan,direct,False
CUST003442,Marie,Andrews,alexandrarees@example.org,Undisclosed,2004-05-29,2025-10-16,gb,Hannahstad,email,False
CUST003443,Daniele,Seifert,reinhardtanny@example.com,Undisclosed,1953-06-14,2025-10-29,DE,Passau,referral,True
CUST003444,Kerstin,Adolfsson,pandersson@example.com,Undisclosed,1986-10-01,2023-09-21,SE,Eskilstuna,organic_search,False
CUST003445,Beata,Skoglund,charlotta28@example.com,M,1969-06-21,2024-08-17,SE,Uppsala,direct,True
CUST003446,Joan,Chapman,jemmabrown@example.org,M,1954-02-01,2024-06-07,GB,Lake Kieranmouth,referral,False
CUST003447,Evita,Alcalde,,Undisclosed,1950-01-09,2025-03-12,ES,Santa Cruz de Tenerife,email,False
CUST003448,Elena,Blees,van-venrooymart@example.org,F,1973-01-02,2025-03-03,NL,Nieuwlande,referral,False
CUST003449,Jane,Butler,jeremymarsden@example.org,F,2001-07-17,2023-11-12,GB,Lake Chelseatown,organic_search,True
CUST003450,Lieschen,Ortmann,cgeisler@example.org,F,1989-02-28,2025-05-04, DE ,Artern,social_media,False
CUST003451,Naomi,Ellis,elliotthornton@example.com,M,1955-02-19,2024-10-14,GB,Ritashire,social_media,False
CUST003452,Sylvie,Sire,pwouters-van-eijndhoven@example.com,M,1947-05-18,2025-12-06,NL,Moorveld,social_media,True
CUST003453,Linn,Scherms,zgeerts@example.net,F,1966-06-11,2023-12-19, NL ,Oudeschild,email,False
CUST003454,Michelle,Gillet,anouk74@example.org,Undisclosed,1982-08-14,2024-11-22,FR,Guillaumeboeuf,social_media,True
CUST003455,Marco,Bodoni,giosue53@example.com,M,1964-10-13,2025-01-01,IT  ,Castello D'Argile,paid_search,True
CUST003456,Gitta,Weinhold,gklapp@example.org,Undisclosed,2005-01-23,2024-06-09,DE,Ochsenfurt,email,False
CUST003457,Irene,Singh,bryanmoore@example.org,F,1969-09-19,2023-01-11,gb,Yateschester,email,False
CUST003458,Melissa,Stange,bmoet@example.com,M,1980-11-26,2023-02-04,NL,Meijel,organic_search,True
CUST003459,Levi,Keltenie,,F,1947-09-05,2025-07-15, NL ,Spanbroek,referral,False
CUST003460,Natasha,Hutchinson,ehargreaves@example.org,Undisclosed,1965-06-20,2024-07-02,GB,East Naomi,paid_search,True
CUST003461,Gabrielle,Carpentier,zpires@example.net,Undisclosed,1990-05-21,2024-11-12,FR,Ribeiro,organic_search,False
CUST003462,Dolores,Stumpf,ottilievollbrecht@example.com,F,1968-08-18,2023-05-22,DE,Jüterbog,email,True
CUST003463,Darren,Evans,millerstewart@example.com,Undisclosed,1994-09-23,2025-09-01,GB,New Cliveside,paid_search,False
CUST003464,John,Bentley,joanne72@example.net,F,1959-02-04,2024-11-20,gb,Kyleborough,email,False
CUST003465,Caroline,Bien,,F,1993-02-09,2025-12-14,DE,Mellrichstadt,social_media,False
CUST003466,Mirte,Tins,saravan-suinvorde@example.org,F,1964-01-12,2025-10-04,NL,Nieuwolda,email,True
CUST003467,Emily,Khan,smithmatthew@example.org,Undisclosed,1983-09-24,2024-05-29,GB,Jamiestad,referral,True
CUST003468,Fleur,Aeije,huismanjayda@example.net,F,1966-02-02,2023-10-15,NL,Nieuwersluis,social_media,False
CUST003469,Mateo,Gallego,estebanchita@example.org,F,1969-01-19,2023-10-29,ES,Asturias,organic_search,False
CUST003470,Joseph,Wirth,sibillamitschke@example.net,M,1992-03-19,2025-12-22,DE,Gardelegen,referral,True
CUST003471,Hans-Heinrich,Budig,wscholl@example.com,F,1999-12-14,2025-08-17,de,Calw,referral,False
CUST003472,Ambrosio,Llobet,jorgeosorio@example.net,M,2004-10-24,2025-07-30,ES,La Coruña,social_media,True
CUST003473,Lynn,Williams,jeffrey74@example.org,Undisclosed,1991-08-30,2024-09-24,gb,Walkerstad,direct,True
CUST003474,Felix,Cant,,Undisclosed,1981-04-24,2024-02-17, NL ,Ohé en Laak,referral,False
CUST003475,Casandra,Olmo,hgodoy@example.org,M,1969-05-27,2025-11-30, ES ,Guipúzcoa,email,True
CUST003476,Apolinar,Berrocal,joverevelia@example.com,M,1985-06-19,2024-05-16, ES ,Guadalajara,direct,False
CUST003477,Mio,Hermansson,andreneva@example.com,F,1997-02-11,2025-02-10,SE,Ängelholm,email,False
CUST003478,Barry,Jones,wharrison@example.com,M,1982-09-09,2025-11-23,gb,South Carolineborough,organic_search,False
CUST003479,Bradley,Baker,angelasmith@example.org,Undisclosed,1991-02-16,2025-04-05,GB,Alicestad,direct,True
CUST003480,Jacques,Samson,ufouquet@example.net,F,1974-08-19,2025-01-30,FR,Roussel,referral,True
CUST003481,Anita,Hertrampf,katarzynaloeffler@example.org,M,1981-06-16,2024-08-26,DE,Oranienburg,referral,False
CUST003482,Brenda,Begum,agilbert@example.net,F,1974-07-13,2025-04-28,GB,North Mandy,paid_search,True
CUST003483,Laure,Joseph,bguillot@example.org,Undisclosed,1968-07-19,2023-10-01,FR,Sainte Noémidan,email,True
CUST003484,Lara,Monicelli,mattarellamario@example.org,Undisclosed,1994-10-03,2023-11-07,IT,Vidalengo,organic_search,True
CUST003485,Chloe,Wilson,siancampbell@example.com,Undisclosed,2000-05-20,2025-05-27,GB,East Robinview,direct,False
CUST003486,Ian,Herbert,melaniebell@example.net,M,1969-02-07,2023-04-24,GB,Lake Iainberg,referral,False
CUST003487,Sylvie,Berger,rodriguesalexandrie@example.net,M,1972-12-14,2024-06-15,FR,Poulain,social_media,True
CUST003488,Hanno,Zimmer,stiebitzfriedrich-wilhelm@example.net,Undisclosed,1994-11-03,2025-12-10,DE,Büsingen am Hochrhein,direct,True
CUST003489,Otfried,Wilms,jenseigenwillig@example.com,F,1970-12-08,2025-07-15,DE,Koblenz,organic_search,False
CUST003490,Christophe,Masson,mgonzalez@example.net,M,1994-07-26,2025-10-08,FR,Klein,referral,False
CUST003491,Jochem,Gude,weisskaspar@example.net,Undisclosed,2006-08-10,2023-12-10,de,Parchim,referral,False
CUST003492,Jayne,Patel,eileenburns@example.com,F,2007-12-22,2025-04-21,GB,North Joyceburgh,direct,False
CUST003493,Eva,Canevascini,hsordi@example.net,M,1967-07-04,2025-03-27,IT,Bargagli,paid_search,True
CUST003494,Damiano,Schicchi,rcomeriato@example.net,F,1986-11-07,2023-02-27,IT,Gabbioneta Binanuova,referral,True
CUST003495,Saar,van Hemert,zvolcke@example.org,Undisclosed,1960-03-21,2023-11-13,NL,Geeuwenbrug,email,True
CUST003496,Elisa,Carsten,loosfriedemann@example.net,F,1996-04-15,2025-11-12,DE,Wiedenbrück,email,True
CUST003497,Faustino,Cabañas,ngranados@example.org,Undisclosed,1986-01-31,2025-04-02, ES ,La Coruña,organic_search,True
CUST003498,Giovanna,Scaduto,milanesirembrandt@example.org,F,1975-04-18,2025-07-20,IT,Sant'Apollinare Chietino,paid_search,False
CUST003499,Fred,Rosemann,wirthandrey@example.com,Undisclosed,1980-08-25,2024-04-18,DE,Neustadt am Rübenberge,email,False
CUST003500,Pepijn,Everde,van-geestfeline@example.com,M,1971-01-28,2025-07-19, NL ,Heemstede,email,False
CUST003501,Bernard,Dubois,adamrobert@example.com,Undisclosed,2000-09-22,2025-07-31,FR,Robert,paid_search,True
CUST003502,Noemí,Viñas,maurapi@example.net,M,1962-04-16,2024-11-23,ES,Navarra,direct,True
CUST003503,Elisabeth,Sjögren,skogjessica@example.com,F,1957-04-04,2023-12-16, SE ,Lidingö,social_media,False
CUST003504,Bekir,Hellwig,wmentzel@example.com,M,1989-10-26,2023-03-29,DE,Guben,organic_search,False
CUST003505,Giulietta,Sauro,foguarino@example.com,Undisclosed,1991-12-02,2023-09-18,IT,Quadri,direct,True
CUST003506,Jacob,Smith,kayleigh18@example.net,M,1974-07-14,2025-11-23, GB ,North Keithbury,social_media,True
CUST003507,David,Eriksson,stureandersson@example.com,M,1971-03-23,2023-08-03,SE,Linköping,organic_search,True
CUST003508,Damian,Wilkinson,sam20@example.org,M,1982-11-25,2023-11-09,GB,West Damian,paid_search,False
CUST003509,Lupe,Benítez,amilcarfigueras@example.net,M,2005-09-01,2025-06-28,ES,Melilla,referral,True
CUST003510,Salvatore,Hartung,ullrichliane@example.net,M,1973-12-12,2023-03-18,DE,Germersheim,referral,True
CUST003511,Patrick,Gallet,delahayemartine@example.com,Undisclosed,1971-07-27,2023-10-19,fr,Richard-sur-Turpin,email,False
CUST003512,Hans-Erich,Bien,friederike76@example.com,M,1948-08-04,2024-06-23, DE ,Jülich,paid_search,False
CUST003513,Kristina,Wallén,charlienilsson@example.org,F,2007-11-01,2025-05-25,SE,Karlskrona,paid_search,False
CUST003514,Chelo,Patiño,rourajose-antonio@example.com,Undisclosed,2004-12-23,2025-09-09,es,Zamora,organic_search,False
CUST003515,Adolfo,Ángel,cristobal23@example.com,F,1970-12-14,2025-10-17,ES,Valladolid,direct,True
CUST003516,Nedda,Marenzio,botticellidonna@example.com,Undisclosed,1970-04-21,2025-06-18,IT,Pezzolo Valle Uzzone,paid_search,True
CUST003517,Elke,Kroker,sieghard97@example.org,Undisclosed,1969-02-06,2023-10-07,DE,Königs Wusterhausen,direct,False
CUST003518,Aurélie,Didier,bruneljulien@example.com,F,1951-01-03,2023-12-02,FR  ,Navarro,email,False
CUST003519,Heidi,Wende,rwagner@example.org,M,1991-09-01,2023-05-22,DE,Wolmirstedt,referral,False
CUST003520,Friedemann,Löffler,,F,1962-01-19,2025-03-07,de,Lobenstein,email,False
CUST003521,Kornelia,Kranz,eimerjolanthe@example.com,M,2008-07-15,2024-06-05,DE,Prenzlau,referral,False
CUST003522,Gavin,Hale,peterpatel@example.com,M,1958-12-29,2024-08-03,gb,Morriston,referral,True
CUST003523,  Marianne,Bègue,nathaliejoly@example.org,F,1994-07-02,2025-05-19,FR,Martineau,paid_search,True
CUST003524,Lilo,Krein,tbohnbach@example.com,Undisclosed,2005-12-16,2025-11-17, DE ,Eisenberg,social_media,True
CUST003525,Heinz-Jürgen,Ackermann,nloeffler@example.net,M,1965-11-19,2024-04-11,DE,Bernburg,email,True
CUST003526,Hedwig,Huhn,xlindau@example.org,M,1957-07-13,2024-06-06,DE,Kleve,social_media,True
CUST003527,Peter,Karlsson,lennarteriksson@example.net,F,1974-05-14,2023-09-21,SE,Kalmar,social_media,True
CUST003528,Matías,Pi,alejandra04@example.com,F,1982-05-04,2024-02-17,ES,Palencia,direct,False
CUST003529,Annette,Olsson,nsvensson@example.com,M,1961-06-04,2023-03-02,SE,Göteborg,paid_search,True
CUST003530,Josette,Clerc,elodie37@example.net,F,1961-03-09,2024-01-22,FR,Chauveau-sur-Mer,email,False
CUST003531,Jules,Letellier,salmonadelaide@example.net,F,1955-07-20,2025-04-27,FR,Noël-sur-Peltier,direct,False
CUST003532,Narciso,Gisbert,almudenabarco@example.com,F,1964-09-30,2024-05-07, ES ,Alicante,paid_search,True
CUST003533,Étienne,Faure,benoit62@example.net,F,1982-08-25,2024-03-26, FR ,Picard-les-Bains,paid_search,False
CUST003534,Diane,Olivier,rogervoisin@example.org,M,1947-01-27,2025-05-17,FR,Saint Carolinenec,direct,True
CUST003535,Tino,Putz,nasermesut@example.net,F,1987-05-21,2023-07-12,DE  ,Roding,direct,False
CUST003536,Tom,Scholz,lhoelzenbecher@example.net,M,1986-07-13,2024-07-19, DE ,Herford,paid_search,True
CUST003537,Gérard,Masson,gregoiregautier@example.com,M,1964-09-05,2024-05-17,FR  ,Lejeuneboeuf,email,False
CUST003538,Margaud,Henry,lenoirlaure@example.net,M,2006-05-05,2025-06-08,FR,Sainte Denis,organic_search,False
CUST003539,Naomi,Timmerman,omeyer@example.net,F,1973-05-03,2024-05-19, NL ,Jubbega,referral,False
CUST003540,Gunnar,Schenk,ladeckhans-werner@example.org,M,1977-01-20,2025-02-20,DE,Jessen,paid_search,True
CUST003541,Edward,Lindner,vgiess@example.com,M,1986-04-15,2025-09-22,DE,Schmölln,social_media,True
CUST003542,Anunciación,Belda,fgibert@example.net,Undisclosed,1951-09-20,2023-02-23,ES  ,Melilla,paid_search,False
CUST003543,Hertha,Biggen,kreinannette@example.org,F,1953-06-06,2024-12-04,DE,Sonneberg,social_media,False
CUST003544,Clémence,Lévêque,didierdenis@example.com,F,1958-07-06,2024-06-07,fr,Noël,referral,True
CUST003545,Guiomar,Robles,zgirona@example.net,F,2008-05-08,2023-01-02, ES ,Zaragoza,social_media,False
CUST003546,Natascha,Putz,cosimomoechlichen@example.net,M,1968-02-06,2025-02-13,DE,Rosenheim,social_media,True
CUST003547,Lothar,Stroh,wendeminna@example.org,Undisclosed,1986-08-27,2023-11-01,DE,Gifhorn,email,False
CUST003548,Bryan,Hyde,mdavies@example.com,Undisclosed,1998-07-11,2024-10-10, GB ,Stephaniebury,organic_search,False
CUST003549,Joséphine,Coste,marine63@example.net,M,1982-12-26,2024-08-07,FR,Saint Christine-la-Forêt,referral,True
CUST003550,Danny,O'Donnell,rachaeldonnelly@example.org,Undisclosed,2006-05-20,2023-04-17, GB ,Kennethmouth,organic_search,False
CUST003551,Celestina,Batlle,buenaventura92@example.com,F,1988-07-05,2024-05-13,ES  ,Madrid,organic_search,False
CUST003552,Hans-Detlef,Trapp,ggiess@example.net,F,1958-06-20,2024-04-13,DE,Bad Kissingen,organic_search,False
CUST003553,Alexandra,Anderson,boothhannah@example.org,Undisclosed,1970-01-17,2023-06-08,GB,Nigelborough,direct,False
CUST003554,Janet,Lloyd,elliott31@example.com,M,1949-04-09,2025-05-16,GB,North Pauline,email,True
CUST003555,Miguel,Wohlgemut,qpoelitz@example.net,Undisclosed,1987-12-29,2023-10-20,de,Stadtsteinach,direct,True
CUST003556,Rosemary,Powell,tbooth@example.com,Undisclosed,1954-11-29,2025-02-01,gb,Ryanside,email,True
CUST003557,Christine,Bousquet,martinenicolas@example.com,Undisclosed,1998-07-08,2023-04-19,FR,Boulanger,social_media,False
CUST003558,Joseph,Shaw,fletchernatasha@example.org,F,1960-05-14,2023-02-08,gb,Lucaschester,direct,True
CUST003559,Franz-Peter,Dussen van,ebaum@example.net,M,1978-04-08,2023-07-16,DE,Vohenstrauß,organic_search,True
CUST003560,Naomi,Thompson,mark24@example.org,Undisclosed,1957-04-20,2024-10-07,GB,Neilhaven,organic_search,True
CUST003561,Margot,Moulin,suzannebonnet@example.com,Undisclosed,1958-04-05,2025-04-02,FR,Gay,paid_search,True
CUST003562,Cornelio,Menendez,mario01@example.net,M,1965-06-06,2023-10-07,es,Cáceres,referral,True
CUST003563,Greta,Staude,kirstin84@example.org,M,1947-10-12,2024-01-13, DE ,Ueckermünde,organic_search,True
CUST003564,Joséphine,Le Gall,patrick50@example.net,F,1975-07-28,2023-04-05,fr,MartyBourg,social_media,True
CUST003565,Sylvia,Collins,kingkatherine@example.com,Undisclosed,1968-07-28,2024-04-02,gb,Scotttown,paid_search,False
CUST003566,Joost,van der Meer,emir47@example.com,Undisclosed,1987-11-17,2023-08-28,NL,Borne,social_media,False
CUST003567,Heather,Macdonald,jadethomas@example.com,F,2002-10-05,2024-08-03,GB,Colinton,social_media,False
CUST003568,  Romy,Draaisma,samielberts@example.net,M,1947-07-14,2025-06-25,NL,Heeten,email,False
CUST003569,Gerardo,Echevarría,rodolfo59@example.com,Undisclosed,1948-01-30,2024-01-31,ES,Ciudad,social_media,True
CUST003570,Toribio,Roda,tpina@example.com,M,1986-07-05,2025-06-14,ES,Vizcaya,paid_search,False
CUST003571,Nicolas,Tanguy,heleneperrot@example.org,F,1971-10-18,2025-01-08,FR,Sainte ÉricBourg,organic_search,False
CUST003572,Dale,Gill,tinadavies@example.net,M,1966-06-23,2023-12-30,GB,West Hilary,social_media,True
CUST003573,Teobaldo,Elías,macarioabril@example.com,F,1980-07-20,2024-07-01,ES,Cuenca,paid_search,True
CUST003574,Evelina,Krantz,zedlund@example.com,M,1961-05-04,2025-05-03,SE,Eskilstuna,social_media,True
CUST003575,Loredana,Troisi,sabatinopagliaro@example.org,M,1971-08-17,2024-05-25,it,Modica Alta,email,False
CUST003576,Philippine,Étienne,nath08@example.com,F,2000-12-07,2025-03-17,FR  ,Roger,referral,False
CUST003577,Theresia,Scholl,jacob82@example.com,Undisclosed,1954-10-09,2023-09-18,DE,Illertissen,social_media,True
CUST003578,Daniel,Whitehead,powerdennis@example.com,Undisclosed,1969-04-28,2023-11-12,GB,Port Yvonne,email,False
CUST003579,Noa,Arens,evi47@example.net,F,1962-08-11,2023-11-05,nl,Wânswert,email,False
CUST003580,Glen,Mills,mgough@example.com,F,1967-08-24,2024-02-07,GB  ,Port Paulinefurt,paid_search,False
CUST003581,Georgina,Norris,samuel47@example.org,M,1945-12-28,2025-04-21,gb,Port Jennashire,referral,True
CUST003582,Xavier,Garay,leocadio28@example.net,Undisclosed,1964-05-19,2025-04-25, ES ,Valencia,referral,False
CUST003583,Bernadette,Perret,ymartineau@example.net,Undisclosed,1976-04-21,2024-04-29,FR,Tanguy-sur-Bourdon,organic_search,False
CUST003584,Custodio,Seco,yago06@example.net,Undisclosed,1993-05-03,2023-07-16, ES ,Las Palmas,email,True
CUST003585,Laurence,Besnard,clementcamille@example.com,M,2007-06-27,2025-08-03,FR,Saint André-sur-Mer,email,True
CUST003586,Anaïs,Voisin,stephanie71@example.com,F,2002-02-11,2025-02-16,FR,Humbert,social_media,False
CUST003587,Declan,Hamilton,awood@example.net,F,1995-03-22,2025-09-14,GB,Curtisville,paid_search,False
CUST003588,Juan Carlos,Escrivá,qtur@example.com,F,1959-08-05,2024-07-17,ES,Tarragona,email,True
CUST003589,Reni,Schwital,werakoch@example.net,F,1975-04-13,2024-09-01,DE  ,Arnstadt,social_media,True
CUST003590,Rüdiger,Trommler,markus05@example.com,M,1984-12-02,2023-12-03,DE,Neuss,paid_search,True
CUST003591,Lena,Johansson,magnus24@example.org,Undisclosed,1977-10-11,2023-08-11,SE,Luleå,referral,False
CUST003592,Michaela,Ehlert,tebert@example.org,M,1968-03-03,2023-01-24,DE,Teterow,direct,True
CUST003593,Abigail,Rowe,shannonturnbull@example.net,M,1957-06-01,2023-08-13,GB,Gardinerport,referral,False
CUST003594,Eileen,Hussain,johnsonfrederick@example.net,Undisclosed,1962-04-27,2023-07-01, GB ,Taylorton,direct,True
CUST003595,Ross,Brown,gchapman@example.com,F,2002-11-02,2024-03-23, GB ,North Jasonberg,email,True
CUST003596,Brett,Short,yparry@example.net,F,2000-07-25,2023-12-14, GB ,North Billy,direct,True
CUST003597,Annekatrin,Kohl,gaetano77@example.com,F,1997-05-01,2024-07-11,de,Badalzungen,paid_search,False
CUST003598,Lee,Harding,charlottemills@example.org,M,1996-07-16,2024-07-10,GB,Stevensport,direct,True
CUST003599,Danielle,Valette,marcel94@example.com,F,1986-05-12,2024-07-14,FR,Letellier-sur-Mer,referral,False
CUST003600,Isis,Kamp,faasvan-der-loo@example.org,M,1959-01-12,2023-07-01,NL,Hommerts,paid_search,True
CUST003601,Inken,Weimer,theodor61@example.com,F,2007-01-28,2023-06-01, DE ,Melsungen,organic_search,False
CUST003602,Leonard,Taylor,harryyoung@example.com,M,1977-01-19,2023-06-20,GB,Shahburgh,paid_search,True
CUST003603,Therese,Krein,yernst@example.org,M,1975-12-07,2023-11-05,DE,Uffenheim,organic_search,False
CUST003604,Josette,Camus,gregoirelaetitia@example.net,Undisclosed,2001-01-21,2023-03-09,FR,Aubrydan,paid_search,False
CUST003605,Igor,Hörle,elfie44@example.net,F,2002-10-19,2023-10-23,de,Dessau,direct,False
CUST003606,Vassilios,Zirme,mira37@example.net,F,1962-12-13,2024-09-11,de,Worbis,paid_search,True
CUST003607,Simón,Talavera,albaporras@example.com,Undisclosed,1964-10-31,2025-05-21, ES ,Córdoba,referral,True
CUST003608,Chantal,Monnier,alphonsevoisin@example.com,F,1951-03-01,2024-02-25,FR  ,Godard,email,True
CUST003609,Camillo,Borroni,mnicolini@example.com,F,1967-04-06,2023-06-26,IT,Carezzano,organic_search,False
CUST003610,Catarina,Olsson,emiliaekstrom@example.net,M,1989-06-18,2023-02-03,SE,Nyköping,organic_search,True
CUST003611,Susan,Wood,joshua65@example.com,M,1955-11-22,2025-12-02, GB ,Lake Gregory,paid_search,False
CUST003612,Geraldine,Sontag,mohammad38@example.com,Undisclosed,1974-06-12,2024-09-04, DE ,Goslar,referral,True
CUST003613,Aurore,David,jules32@example.com,M,1988-08-22,2025-06-12,FR,Saint Raymond,email,True
CUST003614,Cayetano,Becerra,kandres@example.net,F,1949-10-05,2023-05-27, ES ,Granada,direct,False
CUST003615,Joséphine,Lagarde,valerie61@example.org,M,1997-10-07,2024-09-09, FR ,Charrier-sur-Duhamel,referral,False
CUST003616,Bernhardine,Dobes,fjohann@example.org,M,1992-02-25,2023-12-13,de,Nürtingen,organic_search,True
CUST003617,Joanne,Pickering,lucygreenwood@example.com,M,1966-11-29,2024-05-01, GB ,Paulinemouth,referral,False
CUST003618,María Cristina,Real,gbuendia@example.net,M,1980-06-18,2024-01-15,ES,Sevilla,social_media,True
CUST003619,Luz,Reina,lozanolola@example.com,Undisclosed,1972-11-23,2024-10-23,ES  ,Navarra,organic_search,True
CUST003620,Johanne,Köhler,inaschmiedecke@example.org,Undisclosed,1994-02-19,2023-10-12,DE,Kelheim,direct,False
CUST003621,Roan,Bekbergen,mwalsteijn@example.net,M,1981-07-12,2024-07-19,NL,Bovenkarspel,referral,False
CUST003622,Hilmar,Adler,irmela23@example.net,F,1995-05-12,2025-11-03,DE,Rockenhausen,organic_search,False
CUST003623,Nadeschda,Bachmann,albertineloechel@example.com,Undisclosed,1967-02-26,2023-08-06,DE  ,Neunburg vorm Wald,email,False
CUST003624,Federico,Cremonesi,eleanoraughi@example.com,Undisclosed,1950-04-01,2025-04-03,it,Polverigi,paid_search,True
CUST003625,Pauline,Cichorius,klappcemil@example.org,F,1981-11-18,2025-07-07,DE,Klötze,paid_search,False
CUST003626,Catherine,Berger,le-gallclaire@example.com,F,1960-03-11,2025-04-09,FR,MauryBourg,direct,True
CUST003627,Johannes,Meyer,udo85@example.org,M,1966-01-17,2023-06-19, DE ,Dachau,paid_search,True
CUST003628,Giuseppe,Lombardo,farinamarcantonio@example.net,M,1952-09-12,2025-02-13,IT,Carpinelli,social_media,True
CUST003629,Alicia,Gonzalez,yesicagonzalez@example.net,F,2002-09-24,2025-11-14, ES ,Ávila,direct,False
CUST003630,Josh,Green,fali@example.com,M,1951-10-27,2025-04-17,GB,West Martin,organic_search,False
CUST003631,  Aroa,Pereira,adancid@example.com,M,1958-12-29,2023-10-05,es,La Rioja,referral,True
CUST003632,Ursel,Scholtz,antonia15@example.org,F,1981-07-24,2023-09-07, DE ,Soest,paid_search,True
CUST003633,Mandy,Mills,annetteiqbal@example.net,F,2005-05-08,2024-01-06,GB,Port Melissahaven,email,False
CUST003634,Alexandria,Rémy,maryse12@example.net,Undisclosed,1970-04-01,2023-11-15,FR,Massonnec,social_media,True
CUST003635,Hans Georg,Hande,wkaul@example.net,Undisclosed,1982-04-18,2023-01-03,de,Bruchsal,referral,True
CUST003636,George,French,graemekent@example.net,Undisclosed,1994-06-10,2024-04-12, GB ,Lake Williamborough,paid_search,False
CUST003637,Francesco,Guidone,guglielmistefania@example.com,M,1954-05-02,2023-03-02,it,Paruzzaro,email,True
CUST003638,Editha,Koch II,silke21@example.net,F,1984-10-04,2023-12-04,DE,Wolfenbüttel,organic_search,False
CUST003639,Nathalie,Henry,pauletteroux@example.net,Undisclosed,1957-06-25,2024-08-15,FR,Sainte Honorédan,email,True
CUST003640,Knud,Ullrich,klemensconradi@example.org,Undisclosed,1973-01-04,2025-08-09, DE ,Fallingbostel,organic_search,True
CUST003641,Nuri,Klotz,deniskade@example.net,Undisclosed,1959-01-03,2024-09-06,DE,Belzig,paid_search,False
CUST003642,Ornella,Martucci,gianfranco03@example.org,F,1965-11-18,2023-06-08,IT,Torsa,referral,True
CUST003643,Oliver,Lawrence,fwilliams@example.net,M,1987-08-24,2024-06-21,gb,Evansside,direct,True
CUST003644,Jane,Cox,cheryl55@example.com,Undisclosed,1993-11-09,2023-03-16,GB,Smithport,referral,True
CUST003645,Manuela,Espejo,soraya41@example.net,M,1986-05-09,2023-02-16,ES,Burgos,referral,True
CUST003646,Mirco,Fliegner,mschmiedecke@example.com,F,1949-06-06,2024-04-10,DE,Hechingen,organic_search,True
CUST003647,Samantha,Page,hudsontimothy@example.org,F,2008-02-19,2025-06-29,GB,Robinsonfurt,email,True
CUST003648,Nathalie,Laine,durandcharles@example.net,M,1988-12-29,2024-10-15,FR,Leroux,social_media,False
CUST003649,Patrick,Fletcher,aaron16@example.net,Undisclosed,1979-12-11,2023-02-12,GB,East Joyce,organic_search,False
CUST003650,Peter,Lundström,lundellagnes@example.net,M,1971-08-12,2025-05-30,SE,Norrköping,paid_search,False
CUST003651,Kike,Valderrama,angelguillermo@example.net,M,1984-09-02,2023-01-31,ES  ,Valencia,email,True
CUST003652,Michel,Joly,duboisadelaide@example.net,M,1990-09-26,2024-04-23,FR,Teixeira,organic_search,False
CUST003653,Eulalia,Sarmiento,martiriocazorla@example.net,F,1949-01-10,2024-10-13,ES,Cáceres,referral,True
CUST003654,Gesa,Mitschke,antebien@example.net,F,2007-10-21,2024-09-04,DE,Recklinghausen,direct,True
CUST003655,Magdalene,Grein Groth,elisabeth72@example.com,M,1983-07-21,2025-11-14,DE,Cottbus,paid_search,False
CUST003656,Klemens,Käster,elenakiller@example.org,M,1958-05-11,2024-08-28,DE,Hohenstein-Ernstthal,paid_search,False
CUST003657,Diane,Alexandre,munozwilliam@example.net,F,1946-10-08,2023-01-19,FR,Bertrand-la-Forêt,social_media,True
CUST003658,  James,Fletcher,colemanjustin@example.com,F,1970-02-01,2024-03-11,gb,Lesleyview,email,True
CUST003659,Lynda,Morgan,zwatson@example.net,F,1948-07-08,2024-09-22,GB,West Jakehaven,email,True
CUST003660,Amleto,Caccianemico,raffaello64@example.org,M,2006-12-20,2024-11-01,IT,Borgo Meduna,referral,True
CUST003661,Gerald,Lewis,teresa56@example.org,M,1979-03-05,2025-02-25, GB ,Woodfurt,social_media,True
CUST003662,Liam,Martin,diane99@example.org,F,1990-07-12,2025-01-25,gb,South Eileenberg,paid_search,False
CUST003663,Reingard,Cichorius,metaschaefer@example.org,F,1952-05-01,2024-08-19,DE  ,Rathenow,referral,True
CUST003664,Marjan,Schacht,randers@example.com,F,1964-07-16,2025-12-11,DE,Bitterfeld,paid_search,False
CUST003665,Hugh,O'Neill,stevensandrew@example.org,Undisclosed,1994-10-01,2025-03-14,GB,Mariashire,email,True
CUST003666,Michelle,Colas,nathalie38@example.org,Undisclosed,1965-05-29,2023-07-23, FR ,Legrand,paid_search,True
CUST003667,Lupe,Asenjo,joverangel@example.net,F,1970-04-18,2024-09-10,ES,Granada,social_media,True
CUST003668,Dajana,Klemt,jeckbauer@example.org,F,2005-10-01,2023-12-27,DE,Wittenberg,organic_search,False
CUST003669,Birger,Rose,nmuehle@example.net,F,1968-03-26,2024-03-29,DE,Cuxhaven,organic_search,True
CUST003670,Pierre,Gros,ateixeira@example.net,M,1997-05-05,2023-11-18, FR ,Antoinenec,paid_search,True
CUST003671,Patrick,Wohlgemut,raimund29@example.org,F,1990-11-02,2025-05-06,DE,Ebern,direct,True
CUST003672,Kira,Wieloch,irinareising@example.org,Undisclosed,1953-03-22,2024-03-09,DE,Döbeln,referral,True
CUST003673,Ties,van de Velde,roanmercks@example.org,Undisclosed,1980-09-04,2023-01-05,NL,Nieuwerkerk aan den IJssel,social_media,False
CUST003674,Hannelore,Löchel,ureising@example.com,M,1978-09-07,2023-07-23,DE,Soltau,direct,False
CUST003675,Ricky,Turnbull,nkerr@example.com,M,1983-03-23,2025-10-05,GB,South Max,social_media,True
CUST003676,Xavier,Caron,hortense59@example.com,F,1951-01-31,2025-07-09,fr,Hamon,social_media,False
CUST003677,Rosl,Kaul,dannymueller@example.com,M,1992-03-16,2024-03-20,DE,Saulgau,email,False
CUST003678,Claudine,Paris,constancebonnin@example.net,M,1982-04-04,2025-12-30,fr,BaronBourg,direct,False
CUST003679,Isaura,Crespi,manuelbelen@example.com,F,1974-11-05,2024-05-16,ES,Guadalajara,social_media,True
CUST003680,Sophie,Chauvet,bouvetmanon@example.org,M,1987-10-17,2023-08-02,FR,Lamy-la-Forêt,email,False
CUST003681,Pelayo,Monreal,jacobo49@example.com,M,1950-07-31,2024-11-27,ES,Vizcaya,email,True
CUST003682,Florence,Mälzer,,Undisclosed,1966-10-29,2023-09-14, DE ,Schrobenhausen,direct,False
CUST003683,Teófilo,Gámez,hsaez@example.net,F,1994-11-09,2025-09-03,ES,Zaragoza,referral,True
CUST003684,Niko,Walter,rosemannvaleri@example.org,F,1980-01-01,2023-11-16,DE,Beilngries,direct,False
CUST003685,Mia,Brandt,de-smitloes@example.org,Undisclosed,1951-07-12,2023-02-19,NL,Muiderberg,social_media,True
CUST003686,Leonard,Daly,jriley@example.org,F,1981-05-13,2023-10-05,GB,Joannaborough,referral,True
CUST003687,Orazio,Poerio,martina92@example.com,Undisclosed,1983-05-03,2023-05-27,IT,Dovadola,social_media,False
CUST003688,Corinne,Fontaine,bernadette01@example.net,F,1964-05-15,2025-04-28,fr,Saint Louis,paid_search,False
CUST003689,Sibylla,Jacob,,Undisclosed,1983-05-09,2024-01-30,de,Bernburg,social_media,True
CUST003690,Immo,Köster,ortrud37@example.net,F,1999-10-02,2023-11-01,de,Lippstadt,social_media,False
CUST003691,Juan Carlos,Llamas,wcalvet@example.com,M,1974-01-18,2024-12-06,ES,Huelva,paid_search,True
CUST003692,Simon,Richards,fionanash@example.com,M,1975-06-14,2025-09-07, GB ,Davisfurt,direct,True
CUST003693,Eva,Méndez,ana-sofiacerdan@example.org,M,1996-09-05,2025-10-14,ES,La Coruña,referral,True
CUST003694,Doris,Stumpf,emine91@example.org,Undisclosed,1956-02-08,2023-03-26,DE,Ludwigslust,email,False
CUST003695,Honoré,Charrier,orousset@example.net,F,1970-06-25,2023-12-02,FR,Saint Émile,paid_search,False
CUST003696,Ismail,Bärer,wibke53@example.net,M,1991-07-09,2023-05-11,DE  ,Mettmann,social_media,True
CUST003697,Märta,Höglund,maria82@example.org,Undisclosed,1974-01-17,2024-05-24,SE,Borås,email,False
CUST003698,Max,de Roos,senna78@example.com,M,1945-11-08,2025-04-21,NL,Siegerswoude,paid_search,True
CUST003699,Bruno,Zanichelli,solimenarita@example.com,Undisclosed,1993-02-10,2024-07-24,IT,Reane,organic_search,True
CUST003700,Alexandrie,Muller,pineauchristine@example.com,F,1956-02-09,2024-09-20,FR,Labbé-sur-Lagarde,referral,True
CUST003701,Roger,Cook,clifford14@example.net,M,1991-06-05,2025-05-07,GB,South Martynside,paid_search,True
CUST003702,Lizz,Vervoort,annemijnpierson@example.net,M,1990-10-19,2025-05-13,NL,Ysselsteyn,paid_search,True
CUST003703,Bernadette,Marty,cmaillard@example.com,Undisclosed,1971-06-28,2024-10-16,FR,Guillon,social_media,False
CUST003704,Máximo,Mateo,teruelalejo@example.com,M,1995-01-15,2023-10-11,ES,Segovia,direct,False
CUST003705,Marisa,Rienzo,ettamarrone@example.org,M,1982-03-25,2023-01-09,IT,Cadimare,email,True
CUST003706,Nicoletta,Zarlino,vcamanni@example.com,Undisclosed,1957-07-28,2024-08-10,IT,Ritten,paid_search,False
CUST003707,Nikki,Claassen,rouwenhorstlise@example.net,Undisclosed,1978-10-25,2023-08-27, NL ,Puiflijk,organic_search,True
CUST003708,Marc,Alves,theophilemarie@example.com,F,1986-02-01,2024-04-16,fr,TurpinBourg,referral,True
CUST003709,Gérard,Le Roux,duprebenoit@example.org,F,1989-06-21,2024-05-12,FR,Pinto,referral,False
CUST003710,Elin,Forsberg,xsamuelsson@example.com,M,1990-10-25,2024-10-10,SE,Piteå,direct,False
CUST003711,Hajo,Kitzmann,henri87@example.org,F,1970-07-17,2023-01-25,DE,Nördlingen,referral,False
CUST003712,Nout,de Wit,,F,1963-01-03,2024-02-15,NL,Den Helder,paid_search,True
CUST003713,Yasmin,van Spreeuwel,oscarsarneel@example.net,Undisclosed,1966-09-17,2023-04-11,nl,De Mortel,social_media,True
CUST003714,Jade,Stevens,pwilkinson@example.com,Undisclosed,1990-12-13,2025-03-05,gb,Derekbury,paid_search,False
CUST003715,Annie,Pettersson,annawallen@example.com,Undisclosed,1991-07-24,2025-07-13,se,Uddevalla,direct,False
CUST003716,Eugène,Guibert,victoire75@example.net,Undisclosed,1973-07-02,2025-10-18,fr,Bertrand-les-Bains,organic_search,False
CUST003717,Jacques,Dupuis,lorraine13@example.com,M,1960-03-16,2024-06-02,FR,Hebert,referral,True
CUST003718,Edgar,Hermann,jacobalfred@example.com,M,1972-12-07,2023-02-19,de,Siegen,direct,True
CUST003719,Marguerite,Maury,adamnathalie@example.com,Undisclosed,1978-12-20,2023-08-21,FR,Charpentier,organic_search,True
CUST003720,Timothée,Masse,berthelotadele@example.net,F,1968-10-27,2025-02-05, FR ,Saint Colette,social_media,False
CUST003721,Célina,Michel,alix60@example.org,Undisclosed,1958-09-05,2025-03-12,FR,Chevallier-sur-Roussel,direct,True
CUST003722,Encarnación,Anguita,bermejoedgar@example.com,Undisclosed,1990-07-13,2023-04-10,ES,Valladolid,direct,True
CUST003723,Oreste,Sbarbaro,roncalliluigina@example.org,M,1984-08-29,2024-08-08, IT ,Castelnuovo Berardenga,paid_search,True
CUST003724,Hildegunde,Schenk,niemeierbarbara@example.com,M,1957-10-20,2024-12-14, DE ,Helmstedt,paid_search,False
CUST003725,Frédéric,Bouvet,chauvinmaryse@example.org,M,1999-12-30,2024-01-27,FR,Delorme,paid_search,False
CUST003726,Pietro,Russo,gabriellavianello@example.net,F,1973-01-09,2024-09-27,it,Prizzi,referral,True
CUST003727,Patrik,Steinberg,hans-theo67@example.org,M,1999-10-28,2023-07-31,DE,Vilsbiburg,email,True
CUST003728,Ulf,Eckbauer,fbien@example.org,M,1954-09-21,2025-09-24, DE ,Gräfenhainichen,referral,True
CUST003729,Mariana,Döring,hamannherrmann@example.com,Undisclosed,1996-12-10,2023-11-13, DE ,Schrobenhausen,referral,True
CUST003730,Rachael,Jones,fordkarl@example.org,F,2004-01-08,2025-09-17,GB,Rogerfort,email,False
CUST003731,Roy,Steinberg,zdenka93@example.com,Undisclosed,2008-06-26,2025-11-25,DE,Helmstedt,email,False
CUST003732,Robert,Olofsson,unilsson@example.net,F,2005-11-13,2024-12-30,SE,Ängelholm,paid_search,False
CUST003733,Pauline,Martineau,dorothee03@example.net,M,1946-06-07,2023-05-15,FR,Sainte Margot,social_media,True
CUST003734,Julie,Moore,julierussell@example.com,Undisclosed,1956-02-13,2025-02-06, GB ,Westhaven,social_media,False
CUST003735,Tülay,Staude,yvettekarz@example.org,M,1973-12-05,2024-11-01,de,Wetzlar,paid_search,True
CUST003736,Joseph,Dale,qbarker@example.net,M,1980-02-27,2025-11-08,GB,Mahmoodshire,organic_search,False
CUST003737,Ise,Horrocks,freshourmaja@example.org,Undisclosed,1959-01-11,2025-09-14,NL  ,Geulle,social_media,False
CUST003738,Flavio,Mora,lagunaeugenia@example.net,F,2004-08-30,2025-05-26, ES ,Zaragoza,paid_search,True
CUST003739,Amaya,Collado,gblanch@example.net,F,2003-01-16,2023-11-07,ES,Zaragoza,email,True
CUST003740,Harriet,Johnson,lisa57@example.com,Undisclosed,1971-05-17,2025-09-07,GB,Bethborough,paid_search,False
CUST003741,Ivan,Borsellino,nicomercantini@example.com,Undisclosed,1953-02-15,2024-10-10,IT,Monteforte D'Alpone,paid_search,False
CUST003742,Godofredo,Vicente,che36@example.com,M,1946-12-05,2023-09-15,ES,Burgos,paid_search,True
CUST003743,Fernanda,Cabrera,fabregascarmina@example.net,F,1992-08-21,2025-08-14,ES,León,referral,False
CUST003744,Ariane,Wulff,tpeukert@example.org,Undisclosed,2006-10-12,2023-09-14,DE,Nordhausen,paid_search,True
CUST003745,Franz,Gehringer,hessralf-peter@example.net,Undisclosed,1947-08-01,2025-09-17,DE,Griesbach Rottal,organic_search,True
CUST003746,Jovan,Bonbach,hans-ulrichhenk@example.com,Undisclosed,2006-11-20,2025-10-23,DE,Calau,direct,False
CUST003747,Joey,van Gelder,,F,1957-03-08,2024-02-11,NL,Westendorp,organic_search,True
CUST003748,Adrien,Grégoire,ameliedubois@example.org,M,1978-06-18,2023-05-30, FR ,Kleindan,social_media,False
CUST003749,Alain,De Oliveira,ulambert@example.net,F,1990-09-10,2025-09-28,FR  ,GayBourg,direct,False
CUST003750,Emilio,Palombi,maurascarpetta@example.com,Undisclosed,1945-11-10,2025-07-04,IT,Castellonchio,direct,False
CUST003751,Erika,Pratesi,ssoprano@example.org,M,1958-04-23,2023-09-04, IT ,San Lorenzo Al Mare,social_media,False
CUST003752,Alina,Trevisan,ccomeriato@example.com,M,2003-03-23,2024-12-17,IT,Mombaroccio,organic_search,False
CUST003753,Constance,Perrier,descampstheophile@example.org,M,2001-01-26,2025-12-09, FR ,Louis-sur-Bertrand,referral,False
CUST003754,Mirte,Sprong,pienkof@example.com,M,1990-03-18,2023-11-08,NL,Mussel,direct,False
CUST003755,Chantal,Léger,nboucher@example.com,F,1953-02-10,2025-01-16,FR,Raymond-sur-Perez,paid_search,True
CUST003756,Selma,Stolze,ubeier@example.net,F,1996-11-27,2023-06-30,DE,Schmölln,direct,True
CUST003757,Hanny,Bärer,,M,1972-01-05,2025-07-28,DE,Ribnitz-Damgarten,email,True
CUST003758,Odette,Coulon,morenomichelle@example.net,Undisclosed,1989-08-02,2023-08-22, FR ,Saint Théophile,social_media,True
CUST003759,Maryse,Godard,yvespeltier@example.org,F,1976-05-07,2023-07-16,FR,Saint Françoise,organic_search,True
CUST003760,Cornelio,Expósito,pereiracelia@example.net,Undisclosed,1972-09-15,2023-10-03,es,Palencia,social_media,False
CUST003761,Karl-Friedrich,Gertz,amitschke@example.com,F,1953-09-14,2024-11-19,de,Gotha,social_media,True
CUST003762,Kayleigh,Jacquot,postmafloor@example.com,F,1998-10-29,2025-01-03, NL ,Nieuwebrug,referral,False
CUST003763,Clive,Clark,joannecoles@example.org,M,1984-07-25,2025-08-24,gb,New Lindseyhaven,direct,False
CUST003764,Denise,Dubois,ypoulain@example.com,F,1955-04-26,2025-03-04,FR,Grondin-sur-Philippe,organic_search,True
CUST003765,Alex,Richardson,janice38@example.com,Undisclosed,1987-12-24,2023-07-07, GB ,North Michellestad,direct,False
CUST003766,Claude,Clément,zdupuis@example.com,F,1978-05-07,2025-05-16,FR  ,Maillot,referral,False
CUST003767,Diana,Ward,gemma93@example.net,F,1947-06-15,2024-06-24,GB,Lake Jonathan,email,True
CUST003768,Thibaut,Rousseau,,Undisclosed,2007-06-06,2024-08-17,FR,Saint Émilie-sur-Mer,direct,True
CUST003769,Patrick,Peukert,dierkrudolph@example.com,F,1988-11-17,2023-02-12,DE  ,Rehau,direct,False
CUST003770,Udo,Ditschlerin,hartmannmikhail@example.net,Undisclosed,1979-03-21,2023-02-05,DE,Bogen,social_media,True
CUST003771,Leigh,Ali,mharrison@example.org,Undisclosed,1976-06-08,2023-10-21,gb,New Leonland,organic_search,True
CUST003772,Marcello,Caboto,giosuepascarella@example.org,Undisclosed,1972-05-15,2024-04-25,IT,Polverigi,email,True
CUST003773,Frédérique,Maury,patriciacouturier@example.net,Undisclosed,1967-07-06,2023-01-27, FR ,Dupuis,organic_search,True
CUST003774,Floris,van Heusden,jde-jode-vastraedsd@example.com,Undisclosed,1997-09-02,2023-05-16, NL ,Poortugaal,social_media,True
CUST003775,Nikki,Dachgelder,qvan-lucel@example.com,F,1946-04-28,2023-12-22,NL  ,Oudebildtzijl,social_media,True
CUST003776,Rosaria,Santorio,gianfranco45@example.net,F,1991-09-16,2024-11-17,IT,Morimondo,organic_search,True
CUST003777,Arsenio,Goñi,suredamartirio@example.org,Undisclosed,1961-01-18,2023-04-12,ES,Córdoba,email,True
CUST003778,Alison,Ross,umorris@example.net,Undisclosed,1997-01-20,2024-05-11,GB,Wheelerview,organic_search,True
CUST003779,Mats,van der Klijn,floris04@example.net,M,2004-02-15,2023-10-15,NL,Beets,social_media,False
CUST003780,Alessandra,Cabibbo,imelda73@example.org,M,1969-02-14,2025-07-28,IT,Somaggia,social_media,True
CUST003781,Isaac,Guillet,leblanccamille@example.com,F,1949-03-09,2023-05-31, FR ,Valentinboeuf,social_media,True
CUST003782,Thérèse,Delorme,,M,1994-07-20,2024-05-15,FR,Martel,referral,False
CUST003783,Bernd,Nette,gdrubin@example.org,Undisclosed,1984-11-20,2025-10-28,DE,Kötzting,organic_search,False
CUST003784,Ignacia,Ortega,socorro75@example.com,M,1974-02-24,2023-10-14,ES,Lleida,direct,False
CUST003785,Flavio,Ponce,arielsarmiento@example.org,M,1992-03-03,2023-02-28,ES,Girona,direct,True
CUST003786,Albrecht,Schlosser,juergen03@example.net,F,1980-03-20,2025-11-08,DE,Tirschenreuth,referral,True
CUST003787,Helen,Brown,whill@example.net,Undisclosed,1975-03-17,2025-04-17,GB,Woodburgh,direct,False
CUST003788,Michelle,Gill,htownsend@example.org,Undisclosed,1978-02-05,2023-02-20,gb,New Angelamouth,email,True
CUST003789,Waldemar,Benthin,mmangold@example.com,M,1997-03-10,2023-11-22,DE,Ribnitz-Damgarten,direct,True
CUST003790,Tommy,Danielsson,obolin@example.com,M,1996-05-29,2024-02-03,SE,Västerås,social_media,True
CUST003791,Kerstin,Henck,bluemeltraute@example.com,Undisclosed,1970-01-06,2024-01-19,DE,Darmstadt,referral,True
CUST003792,Ljudmila,Beckmann,lgerlach@example.net,M,1973-05-15,2025-08-07,DE,Hagenow,organic_search,True
CUST003793,Cameron,Barnett,benbarnes@example.net,M,1955-06-03,2024-10-24,gb,New Joan,social_media,False
CUST003794,Arthur,de Wit,lucascholten@example.com,F,2001-02-06,2025-02-17,NL,Asch,social_media,True
CUST003795,Martha,Kostolzin,,Undisclosed,1984-03-13,2024-10-11,DE,Waldmünchen,social_media,True
CUST003796,Evy,Waltrade Walderade,jadeadelaar@example.com,M,1990-03-19,2025-06-21,NL  ,Ees,referral,True
CUST003797,Brandon,Marsh,mauricewilliams@example.com,M,1986-06-06,2023-05-24,GB,Georgeberg,social_media,True
CUST003798,Liliane,Kranz,imre70@example.org,F,2004-04-22,2025-12-30,DE,Greifswald,social_media,False
CUST003799,Isidor,Döring,kenan87@example.com,F,1953-08-10,2023-03-22, DE ,Grevenbroich,referral,True
CUST003800,Gareth,Hill,lindadodd@example.com,F,1946-02-14,2024-06-20,GB,Louismouth,email,False
CUST003801,Aimée,Le Roux,tsamson@example.org,Undisclosed,2000-03-03,2024-12-16,fr,Sainte Frédérique,organic_search,True
CUST003802,Sonia,Rapisardi,,F,1983-02-26,2024-02-06,IT  ,Bellaria,organic_search,True
CUST003803,Aristides,Granados,ramoros@example.org,M,1994-10-28,2025-11-04,es,Cáceres,referral,True
CUST003804,André,Strandberg,erikssoncarl@example.com,F,1987-12-21,2025-04-02,SE,Örnsköldsvik,paid_search,True
CUST003805,Philippine,Verdier,nlegros@example.net,F,1990-09-20,2024-01-23,FR,Gimenez,organic_search,False
CUST003806,  Gustav,Sjöström,xlarsson@example.com,M,1979-07-05,2023-12-11,SE,Ängelholm,organic_search,True
CUST003807,Susan,Ruiz,deschampssuzanne@example.org,Undisclosed,1984-04-17,2024-06-19,FR,Lejeune,paid_search,False
CUST003808,Margot,Verdier,hortensemarie@example.com,Undisclosed,1972-05-18,2025-07-13,FR,Ribeiro,organic_search,False
CUST003809,Hans-Ludwig,Wesack,loosalban@example.org,Undisclosed,1958-02-13,2025-10-10,DE,Nabburg,social_media,False
CUST003810,Hilma,Berger,baehrmarkus@example.org,M,1957-11-07,2025-01-22,de,Heinsberg,direct,False
CUST003811,Jake,Klomp Jan,janne12@example.org,M,1995-05-27,2025-10-06,nl,'t Haantje,social_media,True
CUST003812,Joel,Owen,woodwendy@example.com,M,1964-03-01,2024-06-04,GB,South Martynhaven,referral,False
CUST003813,Nora,Textor,ischoll@example.net,Undisclosed,1950-04-27,2024-12-25,DE,Großenhain,social_media,True
CUST003814,Francesca,Cox,dallan@example.com,Undisclosed,1998-10-03,2024-08-30,GB,West Ronaldfurt,social_media,False
CUST003815,Valérie,Roux,rfleury@example.org,F,1961-04-28,2023-11-24,FR,Lefèvredan,email,False
CUST003816,James,Allen,iain83@example.org,Undisclosed,1971-01-11,2025-11-26,GB,Sandersbury,email,False
CUST003817,Lucy,Dubois,anastasiejoubert@example.net,Undisclosed,1974-09-09,2025-12-10,fr,Saint Raymond,paid_search,False
CUST003818,Eloy,Quero,victor-manuel92@example.org,M,1978-09-19,2024-03-23,es,Cuenca,direct,False
CUST003819,Édgar,Aguilar,angelita19@example.net,F,1952-03-11,2024-11-21,ES,Alicante,social_media,False
CUST003820,Pamela,King,armstrongjean@example.net,Undisclosed,1947-07-27,2023-05-03,gb,West Liam,social_media,False
CUST003821,Honoré,Dias,benjaminmathieu@example.net,F,1994-12-09,2025-08-07,FR,Marchand,social_media,True
CUST003822,Geneviève,Lebreton,michelfischer@example.org,M,2002-12-19,2024-02-06,fr,Sainte Hortense,direct,False
CUST003823,Noé,Vega,mariselatapia@example.net,M,1956-09-03,2023-10-18,ES,Guipúzcoa,social_media,True
CUST003824,Zoé,Lecomte,tristan11@example.com,M,2000-04-06,2024-05-09, FR ,Imbert-sur-Hebert,referral,False
CUST003825,Yasemin,Bähr,holzapfeldorothe@example.org,Undisclosed,2007-03-15,2023-08-14,DE,Hoyerswerda,organic_search,False
CUST003826,Maritta,Mies,,Undisclosed,1966-04-13,2024-12-04, DE ,Heiligenstadt,paid_search,False
CUST003827,Frank,Jackson,cliffordmoore@example.com,M,1956-06-19,2024-04-09,GB,Clarkeland,direct,True
CUST003828,Hilary,Allen,hazelrees@example.com,M,1999-07-24,2024-04-03,gb,Woodbury,direct,True
CUST003829,Sofía,Jordá,eserra@example.org,Undisclosed,1965-11-24,2023-08-17, ES ,Santa Cruz de Tenerife,paid_search,False
CUST003830,Rosita,Misicher,hans-rudolf54@example.net,M,1980-12-29,2025-01-03, DE ,Eckernförde,email,False
CUST003831,Yves,Lebon,eetienne@example.org,Undisclosed,1996-11-26,2024-01-11, FR ,Hubert,social_media,False
CUST003832,Asdrubal,Gonzalo,crespiencarna@example.net,Undisclosed,1964-01-27,2024-04-02,ES,Segovia,social_media,False
CUST003833,Rosario,Riquelme,edgardo47@example.net,F,1949-02-14,2023-06-14,ES,Toledo,direct,True
CUST003834,Joséphine,François,duhamelsebastien@example.org,Undisclosed,1974-03-12,2024-04-20,FR,Guillet,social_media,False
CUST003835,Mohammed,Stevenson,lesleyallan@example.com,Undisclosed,1992-12-11,2025-01-02,GB,East Claire,organic_search,False
CUST003836,Antoinette,Joseph,jeannine20@example.org,F,1961-05-25,2023-10-05,FR,Saint Michelle,paid_search,True
CUST003837,Mariano,Comolli,rita01@example.net,F,1977-06-12,2025-06-24,IT,Langasco,direct,False
CUST003838,Hans-Erich,Gnatz,troestenver@example.com,Undisclosed,1972-08-18,2025-09-01,DE,Berchtesgaden,direct,True
CUST003839,Milena,Andreotti,silvestro56@example.net,M,2005-06-26,2025-05-21, IT ,San Giovanni Reatino,social_media,True
CUST003840,Selena,Nedermeijer,van-den-nieuwenhuijsenmads@example.org,M,1960-06-24,2025-11-12,nl,Nederasselt,referral,True
CUST003841,Beverley,Powell,lucy42@example.org,M,1962-03-05,2025-05-18,gb,Amberchester,paid_search,False
CUST003842,Lucie,Carsten,etaesche@example.com,F,1969-09-12,2023-06-01,DE  ,Sangerhausen,organic_search,False
CUST003843,Ben,Cox,pearsonmohammed@example.com,Undisclosed,1977-04-28,2023-10-20,GB,South Victor,email,False
CUST003844,Guy,Texier,dupontmichelle@example.org,F,1983-12-24,2024-04-11,FR,Saint Maryse,paid_search,False
CUST003845,Rudolf,Börner,loewerkuno@example.com,Undisclosed,2004-07-10,2024-04-14,DE,Hannoversch Münden,organic_search,False
CUST003846,Lorenzo,Veltman,tristanvan-de-brink@example.com,Undisclosed,1967-05-01,2025-10-25,nl,Koningsbosch,paid_search,True
CUST003847,Kaj,Jakobsson,nilssonlars@example.net,M,1979-03-19,2023-10-25,se,Uppsala,organic_search,True
CUST003848,Alexandra,Wilson,xwilliams@example.com,F,1959-01-19,2023-12-26,gb,Daleshire,email,False
CUST003849,Naomi,Michiels,rberendse@example.com,Undisclosed,1995-12-30,2025-01-29,NL,Zwiggelte,organic_search,False
CUST003850,Hannes,Peukert,lissistroh@example.com,Undisclosed,1977-08-02,2024-08-22,de,Hoyerswerda,organic_search,True
CUST003851,Eugène,Louis,pphilippe@example.net,M,1962-06-11,2024-09-04,fr,Sainte Nicolas,organic_search,True
CUST003852,Hans-Albert,Hein,miodrag33@example.org,M,1974-06-23,2023-11-18, DE ,Burgdorf,direct,True
CUST003853,Antony,Wyatt,,Undisclosed,1997-04-10,2024-10-18, GB ,McDonaldtown,direct,False
CUST003854,Gioacchino,Giammusso,franco72@example.org,M,1969-04-14,2023-09-17,IT,Milena,email,True
CUST003855,Guus,Postma,sara16@example.org,F,2001-08-02,2023-11-28,NL,Eext,organic_search,True
CUST003856,Dietrich,Kobelt,drago07@example.net,F,1969-12-10,2025-10-28,de,Pfaffenhofen an der Ilm,referral,True
CUST003857,René,Couturier,zvincent@example.net,M,1993-03-14,2025-03-24,FR,Sainte Henri,direct,False
CUST003858,Clifford,Harding,eileensummers@example.net,F,1972-06-11,2025-06-10,GB,Stevenland,referral,False
CUST003859,Jeanne,Legendre,,M,1956-04-26,2025-09-25,FR,Guichard,direct,True
CUST003860,Arcelia,Aranda,catalamiguel-angel@example.org,M,1978-10-11,2025-02-03,ES  ,Palencia,organic_search,True
CUST003861,Soraya,Ojeda,ibanezpacifica@example.net,Undisclosed,2007-02-28,2023-01-13,ES,Huelva,paid_search,False
CUST003862,Brian,Richards,charlenegordon@example.com,M,2005-03-11,2023-03-12,GB,Griffithsfort,organic_search,True
CUST003863,Aurore,Grondin,agathe71@example.com,M,1957-07-02,2024-10-09, FR ,Lefort-les-Bains,direct,True
CUST003864,Roger,Lejeune,,F,1962-06-05,2024-07-11,fr,Sainte Georges,direct,False
CUST003865,Gretchen,Reising,eeimer@example.net,Undisclosed,1990-05-27,2024-12-13,DE,Weimar,paid_search,False
CUST003866,Alain,Merle,ugomez@example.org,F,1945-09-26,2025-10-31,FR,NguyenBourg,direct,True
CUST003867,Thomas,Seguin,augustin42@example.org,M,1983-12-14,2025-07-03, FR ,Charrierboeuf,paid_search,False
CUST003868,Mika,Linschoten,dvan-ginkel@example.org,F,1992-05-09,2025-02-07, NL ,Hilvarenbeek,organic_search,True
CUST003869,Lauren,Brandt,gblewanus@example.org,F,1953-02-13,2023-12-13,NL,Belfeld,direct,True
CUST003870,Janna,Dietz,hoelzenbecherkreszentia@example.com,Undisclosed,2003-07-01,2023-06-07, DE ,Wismar,direct,False
CUST003871,  Véronique,Blanchet,josephinegerard@example.com,Undisclosed,1981-05-16,2024-03-31,FR,PascalBourg,direct,True
CUST003872,Gerlind,Drewes,arnimholt@example.com,Undisclosed,1971-12-10,2025-09-07, DE ,Rathenow,direct,False
CUST003873,Wilfried,Trommler,ladeckwaltrud@example.net,F,1982-02-18,2025-09-22, DE ,Brandenburg,paid_search,True
CUST003874,Eulalia,Aranda,sosimo90@example.com,F,1990-08-27,2024-06-10,ES,Guipúzcoa,organic_search,False
CUST003875,Katrin,Fritsch,jwerner@example.net,M,1971-07-22,2023-08-22,DE,Eisenberg,organic_search,False
CUST003876,Michèle,Coulon,richardchristiane@example.org,Undisclosed,1956-05-04,2023-08-02,FR,Saint Margot,organic_search,True
CUST003877,Heiko,Kitzmann,timo23@example.com,M,1974-04-06,2024-06-26,DE,Arnstadt,email,False
CUST003878,Lidia,Bacosi,otozzi@example.net,M,1981-12-26,2023-10-18,IT,Brancaleone,referral,True
CUST003879,Maria,Carter,readrachael@example.com,M,1985-06-04,2025-07-17,GB,Timothyview,direct,True
CUST003880,Harald,Langern,zeynep49@example.net,M,1977-01-31,2025-10-23,de,Griesbach Rottal,social_media,False
CUST003881,Helen,Patterson,glamb@example.net,M,1950-05-03,2023-08-07,GB,Abigailville,email,True
CUST003882,Thijs,Bruggeman,van-bunschotenmick@example.com,M,1969-07-29,2023-02-21, NL ,Oldeberkoop,referral,False
CUST003883,Petra,Axelsson,tekstrom@example.org,Undisclosed,1949-01-02,2024-08-09, SE ,Borås,direct,False
CUST003884,Franz,Keudel,alexejtschentscher@example.org,M,1981-09-12,2025-02-18,DE,Mainburg,paid_search,False
CUST003885,Irma,Sinisi,maria33@example.com,M,1978-06-28,2025-05-18,IT,Vergano Villa,organic_search,True
CUST003886,Simone,Volterra,filippinicirillo@example.com,M,1978-06-02,2025-07-25,it,Putzu Idu,direct,True
CUST003887,Niccolò,Longhena,rosapraga@example.org,F,1982-12-10,2025-02-06,IT,San Foca,referral,False
CUST003888,Marcus,King,jamesdavis@example.org,M,1955-02-09,2024-02-29, GB ,Gregorymouth,social_media,False
CUST003889,Marie,Chambers,peter05@example.com,M,1980-03-15,2024-10-03,GB,Lake Lynneshire,email,True
CUST003890,Louise,Albert,helenecosta@example.com,F,1961-10-21,2024-03-19, FR ,Grosdan,social_media,True
CUST003891,Ruben,Garmendia,martinpina@example.org,F,1946-07-31,2025-09-23,ES,Zaragoza,paid_search,True
CUST003892,Darren,Day,frederick83@example.net,F,1985-03-03,2024-12-06,GB,West Francismouth,direct,True
CUST003893,Stella,Nihoe,fabiennetakkelenburg@example.net,M,1946-11-22,2023-12-10,NL,Tuitjenhorn,social_media,True
CUST003894,Lucy,Pasquier,franck79@example.net,Undisclosed,1967-01-21,2023-03-31,FR,Pasquier,paid_search,True
CUST003895,Alicia,Luitgardis van Neustrië,gkathagen@example.net,Undisclosed,1970-02-16,2023-06-17,nl,Deelen,email,True
CUST003896,Fabián,Santamaria,jcrespo@example.com,F,1998-08-17,2025-11-28,ES,Santa Cruz de Tenerife,referral,False
CUST003897,Ferdinand,Hering,abluemel@example.org,Undisclosed,1948-03-23,2023-04-20,DE,Gardelegen,referral,False
CUST003898,Adelina,Sanmiguel,antonio56@example.net,M,2003-09-27,2025-09-04,ES,Cádiz,organic_search,False
CUST003899,Samuel,Mason,jason58@example.net,M,1952-08-23,2023-11-27, GB ,Port Kathleen,social_media,False
CUST003900,Samuel,Rosado,navarrobuenaventura@example.com,Undisclosed,1948-08-21,2024-11-18, ES ,Cádiz,referral,True
CUST003901,Édith,Lenoir,inesrodriguez@example.com,Undisclosed,1965-09-07,2023-01-20,FR,Vallée,direct,False
CUST003902,Susanne,Leclercq,guillonfrederique@example.com,M,1974-01-04,2025-04-12,fr,Sainte Guillaumedan,organic_search,True
CUST003903,Leopoldo,Marcacci,jminiati@example.com,M,1956-04-01,2025-08-02,IT,San Giacomo Di Cerzeto,paid_search,False
CUST003904,Frédérique,Gérard,huguespoirier@example.net,M,1962-10-08,2023-07-31,fr,Devauxnec,referral,True
CUST003905,Ruperta,Serrano,lourdesbejarano@example.org,Undisclosed,1961-08-27,2023-07-01,ES,Asturias,direct,True
CUST003906,Jamie,Johnston,claire03@example.org,Undisclosed,1947-10-31,2025-03-13, GB ,South Josephine,paid_search,True
CUST003907,Marcus,Greenwood,zmistry@example.org,M,1986-10-21,2025-10-20,gb,Lake Marion,direct,True
CUST003908,André,Aubry,yrobert@example.org,Undisclosed,1976-08-04,2023-08-24,fr,Saint VéroniqueBourg,organic_search,True
CUST003909,Sylvia,Davies,guybaker@example.com,M,1955-06-01,2023-06-07,gb,Daniellechester,organic_search,True
CUST003910,Matthieu,Charles,stephaneandre@example.org,F,1951-01-09,2024-09-27,FR,Morin,paid_search,False
CUST003911,Edwin,Dörschner,kathibohnbach@example.net,Undisclosed,2004-01-23,2024-08-28,de,Heinsberg,direct,False
CUST003912,Maryse,Grondin,le-goffemile@example.net,Undisclosed,1956-05-03,2024-04-25,FR,Bousquet,organic_search,True
CUST003913,Grazyna,Adler,martinpatricia@example.net,F,1966-10-05,2025-09-13,DE,Meppen,paid_search,True
CUST003914,Jessica,Oskarsson,karlssonrobert@example.net,F,2000-07-29,2024-10-21,SE,Karlskrona,social_media,True
CUST003915,Ann-Louise,Andersson,gustafssonlise-lotte@example.com,F,1959-02-25,2024-01-13,SE,Eskilstuna,social_media,False
CUST003916,Christelle,Marchand,paulette64@example.com,F,1997-09-17,2025-05-12,FR,Albert,paid_search,True
CUST003917,Lot,Claesdr,indy79@example.com,Undisclosed,1976-08-23,2025-04-11,NL,Kwadijk,referral,False
CUST003918,Rémy,Poirier,louismarcel@example.com,Undisclosed,1987-10-03,2025-01-03,FR,Bonneau-sur-Hardy,social_media,False
CUST003919,Loek,Haack,madriaense@example.org,F,1993-11-11,2024-04-23,NL,Horn,organic_search,False
CUST003920,Olalla,Quiroga,fmalo@example.org,Undisclosed,1966-02-16,2025-03-30, ES ,Álava,referral,False
CUST003921,Pompeo,Salvemini,oantonacci@example.org,Undisclosed,1969-07-17,2024-09-18,IT,Avola,direct,False
CUST003922,Benjamin,Lévêque,boutinmadeleine@example.net,Undisclosed,1978-12-14,2023-03-07,FR,GuillotBourg,direct,True
CUST003923,Elisa,Ramis,bertranamando@example.net,F,1989-07-04,2025-08-01,ES  ,Girona,organic_search,False
CUST003924,Maurice,Delaunay,kgauthier@example.com,F,1948-03-25,2025-03-31,fr,HervéVille,referral,False
CUST003925,Peter,Lindgren,gashileif@example.net,M,2005-05-08,2024-01-29,SE,Lidköping,organic_search,False
CUST003926,Volkhard,Aumann,andrea48@example.org,Undisclosed,2006-10-21,2024-04-08,DE,Luckenwalde,social_media,True
CUST003927,Jade,Harper,paynealexander@example.com,M,1950-07-27,2023-12-18, GB ,Jonesbury,referral,True
CUST003928,Emma,Mahieu,ktimmerman@example.com,F,2000-09-24,2023-05-06,NL,Heikant,email,False
CUST003929,Felix,Eelman,van-gentaylin@example.org,Undisclosed,1975-10-14,2024-09-23, NL ,Deurze,social_media,False
CUST003930,Elise,Barth,cbirnbaum@example.com,Undisclosed,1957-04-07,2024-07-03,DE,Großenhain,social_media,True
CUST003931,Sandra,Ramazzotti,lando15@example.com,M,1976-02-25,2023-03-05, IT ,Vada,referral,False
CUST003932,Gesine,Pohl,hinrichheintze@example.net,F,1966-04-22,2025-06-18, DE ,Viersen,direct,False
CUST003933,Raymond,Jones,karen23@example.net,M,1991-12-09,2023-05-14, GB ,Port Phillipbury,referral,False
CUST003934,Ella,Täsche,ingo00@example.com,Undisclosed,1999-12-01,2023-07-31,DE,Kulmbach,direct,True
CUST003935,Alice,Wagner,nleveque@example.net,Undisclosed,1953-04-13,2024-01-30, FR ,Martel-sur-Jourdan,social_media,True
CUST003936,Olivia,Edwards,rachel24@example.net,M,1956-01-16,2023-04-25,GB,Port Yvonne,direct,True
CUST003937,Margaud,Berger,camille86@example.com,M,2002-07-18,2023-02-25,FR,Brunet-sur-Voisin,paid_search,True
CUST003938,Dittmar,Heß,droehrdanz@example.net,M,1993-05-28,2023-03-14,DE,Gießen,email,False
CUST003939,Simone,Schlosser,christl31@example.com,Undisclosed,1972-04-04,2025-05-17,DE  ,Bad Brückenau,paid_search,False
CUST003940,Gabrielle,Clerc,xrobert@example.com,F,1952-07-29,2023-07-11,FR,Rollandboeuf,referral,True
CUST003941,Domingo,Pont,hcasares@example.net,M,1954-12-15,2023-02-03, ES ,Albacete,direct,True
CUST003942,Panfilo,Volterra,,F,1987-05-10,2024-08-25,IT,Pianosa,paid_search,False
CUST003943,Rolf,Hänel,karolin46@example.com,Undisclosed,2001-06-16,2025-04-19,DE,Ansbach,referral,True
CUST003944,Madeleine,Millet,colletmargaud@example.net,F,1970-03-23,2024-05-02,FR,Thomas-sur-Mer,direct,False
CUST003945,Willibald,Textor,janspeer@example.org,F,2002-11-03,2025-06-12,DE,Wernigerode,social_media,False
CUST003946,Walli,Flantz,vkruschwitz@example.net,F,1970-04-29,2023-12-26,DE,Cuxhaven,referral,True
CUST003947,Sienna,Kuiper,verhagenayden@example.net,F,1972-03-08,2024-11-06,NL  ,Beusichem,organic_search,False
CUST003948,Dorothy,Welch,parkerjonathan@example.org,Undisclosed,1949-06-14,2023-12-01,GB,Port Tobychester,referral,False
CUST003949,Vassilios,Gröttner,liebeltchristopher@example.net,Undisclosed,1983-12-01,2024-07-11,DE,Greifswald,paid_search,False
CUST003950,Nadeschda,Heinrich,etzoldtrudel@example.org,Undisclosed,1945-10-07,2025-05-14, DE ,Suhl,email,False
CUST003951,Anni,Jähn,gerdawieloch@example.org,Undisclosed,1991-01-02,2024-11-03,DE,Rochlitz,organic_search,True
CUST003952,Haroldo,Gibert,quirosale@example.org,M,1950-09-09,2024-11-27,es,Córdoba,social_media,False
CUST003953,Joseph,Åström,anna77@example.net,M,2003-12-09,2025-04-03,SE,Sundsvall,referral,False
CUST003954,Isabelle,Lindner,,M,1950-06-18,2025-07-24,DE,Cuxhaven,direct,True
CUST003955,Franz-Peter,Etzold,wirthannette@example.net,M,1947-02-10,2025-06-06,DE,Fulda,organic_search,True
CUST003956,Paca,Madrigal,zorrillalucia@example.com,Undisclosed,1953-12-15,2023-02-23,es,Jaén,direct,False
CUST003957,Ermanno,Faugno,garozzorenata@example.org,M,1973-10-26,2023-07-30,IT,Gattico,direct,False
CUST003958,Julie,Dupuis,blotlorraine@example.com,Undisclosed,1974-07-04,2023-01-01,FR,Rocheboeuf,organic_search,True
CUST003959,Sylvester,Höfig,lehmannmina@example.com,Undisclosed,1946-09-13,2025-02-26,DE,Donaueschingen,direct,True
CUST003960,Cengiz,Trüb,liesarust@example.net,M,1984-07-30,2024-02-23,DE,Steinfurt,direct,False
CUST003961,Kieran,Young,glenndavidson@example.net,M,1988-11-24,2025-11-25,GB  ,Nelsonville,organic_search,False
CUST003962,Célina,Guillon,alexmarion@example.org,F,1963-05-19,2025-04-17,FR,Ferrand-sur-Duhamel,social_media,True
CUST003963,Hans-Friedrich,Schmiedecke,michelle22@example.com,M,1973-11-20,2023-10-05,DE,Grevesmühlen,referral,False
CUST003964,Harriet,Mahmood,lydia84@example.org,Undisclosed,1993-07-21,2023-05-28,gb,O'Sullivanville,social_media,False
CUST003965,Heinz-Wilhelm,Bien,jesselliesel@example.org,F,1974-09-05,2023-09-12,DE  ,Aue,direct,True
CUST003966,Alejandra,Blázquez,monteschita@example.com,M,2002-11-27,2024-10-24,ES,Guadalajara,email,False
CUST003967,Jacques,Valette,jeannine06@example.net,M,1978-06-13,2025-11-19,FR,VoisinVille,paid_search,False
CUST003968,Eberhardt,Stroh,sophiaklemm@example.net,Undisclosed,1956-01-09,2024-05-15,DE,Warendorf,direct,False
CUST003969,Connor,Ali,janet37@example.org,F,2005-12-30,2024-02-06,GB,Byrnetown,organic_search,True
CUST003970,Danielle,Léger,williamaubert@example.com,Undisclosed,1950-08-13,2023-06-12,FR,Robert-les-Bains,referral,False
CUST003971,Sofia,Johnson,mohamed99@example.net,F,1961-02-26,2023-06-22, SE ,Nyköping,social_media,False
CUST003972,Rosemary,Saunders,mandyburke@example.com,M,1969-03-31,2023-10-29,GB,New Carlyberg,referral,False
CUST003973,Émile,Legrand,michelle74@example.net,M,1950-01-24,2025-08-30,FR,Parent-sur-Mer,organic_search,True
CUST003974,Josephine,van der Brink,avan-jumiege@example.org,M,1974-08-26,2025-05-15,nl,Exmorra,referral,False
CUST003975,François,Renard,anais76@example.org,Undisclosed,1970-07-04,2025-04-05,FR,Klein-les-Bains,paid_search,True
CUST003976,Alessia,Bataglia,giacintobaglioni@example.org,F,1970-04-13,2023-08-03,it,Castelnovetto,social_media,False
CUST003977,Martine,Rodrigues,arthurbernier@example.net,Undisclosed,1985-01-07,2025-05-13,FR,Techer,email,True
CUST003978,Natalie,Wilson,kim82@example.net,M,2007-07-20,2023-09-12,GB,Port Jamie,email,True
CUST003979,Anne-Marie,Pruschke,mudehatice@example.net,M,1959-06-24,2025-04-26,DE,Eilenburg,social_media,True
CUST003980,Adrienne,Ledoux,trolland@example.com,Undisclosed,2008-04-07,2025-11-09,FR,Devaux,email,False
CUST003981,Eliseo,Agudo,eustaquio20@example.com,Undisclosed,1950-01-16,2025-10-12,es,Albacete,social_media,True
CUST003982,Paula,Baños,emiliano87@example.com,F,1975-05-31,2024-08-07,ES,Madrid,paid_search,False
CUST003983,Riza,Junken,nwiek@example.net,F,1950-03-10,2025-07-30,DE,Schwäbisch Gmünd,paid_search,False
CUST003984,Inga,Bähr,nikolas51@example.net,M,1946-12-06,2025-03-08, DE ,Bogen,paid_search,True
CUST003985,Marcio,Jaén,vilanovadario@example.net,M,1993-12-31,2025-09-10,ES,Barcelona,social_media,True
CUST003986,Antonio,Andreotti,ndossi@example.net,M,1959-12-17,2024-09-02,IT,Visano,direct,True
CUST003987,Ilias,Jungfer,mentzelfranz@example.org,F,1948-04-15,2023-05-02,DE,Wolfenbüttel,organic_search,False
CUST003988,Aimee,Dixon,paulcole@example.org,M,1955-05-16,2023-03-10,GB,Joemouth,paid_search,True
CUST003989,Bernadette,Gosselin,susan39@example.org,Undisclosed,1984-09-07,2024-08-17,FR,Vaillant,social_media,False
CUST003990,Jolanda,Petrocelli,cardanosylvia@example.com,F,1960-09-23,2025-01-18,IT,Sabaudia,paid_search,False
CUST003991,Raymund,Roht,bziegert@example.net,Undisclosed,1977-10-01,2025-05-30,DE,Amberg,organic_search,False
CUST003992,Jacek,Haering,,Undisclosed,2004-01-29,2025-08-13, DE ,Greiz,organic_search,True
CUST003993,Roque,Cabezas,leon41@example.org,M,1975-05-07,2024-09-22,ES,Córdoba,organic_search,True
CUST003994,Berit,Hövel,badolph@example.net,M,1965-06-05,2025-10-24,DE,Querfurt,organic_search,True
CUST003995,Wendy,Rowley,spencerabbie@example.org,M,1955-05-24,2024-10-13,GB,Burkeburgh,social_media,False
CUST003996,Étienne,Lemaire,costegilles@example.com,M,1970-02-02,2025-05-23,FR,Sainte Thérèse,organic_search,False
CUST003997,  Laetitia,Baudry,guibertjuliette@example.com,Undisclosed,1993-08-30,2025-11-12,FR,Perrin-sur-Mer,referral,False
CUST003998,Mathilde,Rémy,boulangervirginie@example.org,M,1971-01-11,2025-03-29,FR,Rocher,paid_search,True
CUST003999,Lynn,Hudson,bethanmarsden@example.net,M,1967-10-04,2025-02-02,GB,South Eileen,referral,False
CUST004000,Niels,Hiller,tschuster@example.org,M,1996-01-20,2023-02-04,DE,Viechtach,direct,True
CUST000556,Paul,Louis,aurelie20@example.com,M,1994-02-23,2025-10-03, FR ,Baronboeuf,paid_search,False
CUST003492,Jayne,Patel,eileenburns@example.com,F,2007-12-22,2025-04-21,GB,North Joyceburgh,direct,False
CUST000528,William,Bonnet,sebastiennormand@example.com,Undisclosed,1992-09-04,2023-01-29,fr,Martins,direct,True
CUST003926,Volkhard,Aumann,andrea48@example.org,Undisclosed,2006-10-21,2024-04-08,DE,Luckenwalde,social_media,True
CUST002990,Sol,Álamo,irenecarbonell@example.com,M,1985-02-22,2025-04-16,ES,Badajoz,email,True
CUST000071,Amando,Prada,ncastell@example.net,M,1985-12-17,2023-11-22,ES,Ávila,direct,False
CUST001757,Stefan,Lindblad,bodil07@example.net,F,1950-01-31,2023-06-08, SE ,Göteborg,social_media,False
CUST000212,Olaf,Kunen,bilalwigman@example.net,Undisclosed,2002-03-11,2024-11-20,NL,St.-Jacobiparochie,paid_search,True
CUST000197,Milan,van Mil,ioude-heer@example.org,F,2007-03-14,2024-04-28,NL,Hazerswoude-Rijndijk,direct,True
CUST000804,Wendy,Lambert,stevensims@example.org,F,1977-10-01,2024-07-10,GB,East Ritaberg,social_media,True
CUST003410,Bruni,Rudolph,eimerrolf-dieter@example.com,M,1994-07-12,2025-08-28,de,Strausberg,organic_search,True
CUST003837,Mariano,Comolli,rita01@example.net,F,1977-06-12,2025-06-24,IT,Langasco,direct,False
CUST001147,Calixto,Mínguez,remigio89@example.com,Undisclosed,1954-12-25,2023-12-22,ES,Cantabria,email,True
CUST001499,Pauline,Pruvost,nathvidal@example.net,M,2008-01-15,2024-05-17, FR ,Perez-les-Bains,social_media,True
CUST003859,Jeanne,Legendre,,M,1956-04-26,2025-09-25,FR,Guichard,direct,True
CUST003483,Laure,Joseph,bguillot@example.org,Undisclosed,1968-07-19,2023-10-01,FR,Sainte Noémidan,email,True
CUST001186,Salvatore,Navarria,bmoresi@example.net,M,1997-03-31,2024-03-06,IT,Torre De' Busi,referral,False
CUST000472,Leo,Berggren,beatrice99@example.com,F,1950-01-10,2025-10-13,SE  ,Karlstad,social_media,True
CUST000595,Pier,Tognazzi,qagostinelli@example.org,M,1952-12-05,2023-05-28,IT,Macchia Albanese,organic_search,True
CUST000322,Melle,Poncelet,xfrankhuizen@example.net,M,1994-03-18,2024-04-06,NL,Broekhuizenvorst,referral,False
CUST001418,Adrian,Misicher,zeberth@example.net,Undisclosed,2000-08-19,2024-05-11, DE ,Bamberg,direct,True
CUST001675,Águeda,Luís,leoncio85@example.com,F,1953-03-28,2024-09-23,ES,Barcelona,direct,True
CUST003591,Lena,Johansson,magnus24@example.org,Undisclosed,1977-10-11,2023-08-11,SE,Luleå,referral,False
CUST001704,  Pauline,Hancock,matthew05@example.org,Undisclosed,2005-01-09,2023-05-18,gb,South Jordan,direct,True
CUST002541,Naud,van Geffen,lizz67@example.org,F,1996-12-22,2023-01-12,NL,Kortgene,paid_search,False
CUST000206,Ignatz,Lindner,kurteberhardt@example.org,Undisclosed,1989-03-01,2024-11-16,DE,Belzig,social_media,True
CUST003888,Marcus,King,jamesdavis@example.org,M,1955-02-09,2024-02-29, GB ,Gregorymouth,social_media,False
CUST003249,Alessio,Tamburini,bbrunello@example.org,Undisclosed,2000-07-23,2024-05-18,it,Barbasso,paid_search,False
CUST002132,Marlen,Textor,isolde27@example.net,F,1949-11-14,2025-01-31,DE,Bad Kissingen,social_media,True
CUST001256,Édith,Poirier,tgaudin@example.net,M,1966-05-01,2025-02-20,FR,Collet,paid_search,True
CUST002300,Michelle,Nicolas,caronjeanne@example.org,F,1969-01-02,2023-06-06,FR,Sainte Émile,organic_search,True
CUST001227,Bertrand,Hamon,barthelemylaure@example.com,Undisclosed,1946-01-31,2023-08-23,FR,Jacques-sur-Boulanger,email,False
CUST003919,Loek,Haack,madriaense@example.org,F,1993-11-11,2024-04-23,NL,Horn,organic_search,False
CUST002465,Shannon,Smith,gakhtar@example.com,M,1985-04-18,2024-04-26,GB,Lake Christianshire,paid_search,False
CUST002384,Sébastien,Buisson,ebesnard@example.net,Undisclosed,2007-04-08,2025-02-08,FR,Sainte Adélaïde-les-Bains,referral,False
CUST000150,Gilbert,Traore,alfred24@example.org,M,1974-05-01,2024-02-16,FR,NoëlBourg,social_media,True
CUST000870,Marcella,Desio,,Undisclosed,1982-09-07,2025-07-02,IT,Cagnola,organic_search,False
CUST001979,Gionata,Cutrufo,jolandacapone@example.net,M,1989-03-30,2023-05-19,IT,Borgo Carige,email,True
CUST002457,Laetitia,Gauthier,allardtheophile@example.net,F,1960-09-30,2023-08-20, FR ,Chauvet,referral,False
CUST003866,Alain,Merle,ugomez@example.org,F,1945-09-26,2025-10-31,FR,NguyenBourg,direct,True
