order_id,payment_method,payment_status
ORD0000001,credit_card,paid
ORD0000002,klarna,paid
ORD0000003,bank_transfer,paid
ORD0000004,credit_card,refunded
ORD0000005,credit_card,paid
ORD0000006,paypal,paid
ORD0000007,credit_card,paid
ORD0000008,paypal,paid
ORD0000009,paypal,paid
ORD0000010,klarna,paid
ORD0000011,klarna,paid
ORD0000012,credit_card,paid
ORD0000013,credit_card,paid
ORD0000014,apple_pay,paid
ORD0000015,credit_card,paid
ORD0000016,credit_card,paid
ORD0000017,klarna,paid
ORD0000018,paypal,paid
ORD0000019,credit_card,paid
ORD0000020,apple_pay,paid
ORD0000021,bank_transfer,refunded
ORD0000022,credit_card,paid
ORD0000023,credit_card,paid
ORD0000024,paypal,paid
ORD0000025,apple_pay,refunded
ORD0000026,paypal,paid
ORD0000027,credit_card,paid
ORD0000028,credit_card,refunded
ORD0000029,credit_card,paid
ORD0000030,apple_pay,paid
ORD0000031,paypal,paid
ORD0000032,paypal,paid
ORD0000033,apple_pay,paid
ORD0000034,klarna,paid
ORD0000035,credit_card,paid
ORD0000036,credit_card,paid
ORD0000037,apple_pay,paid
ORD0000038,apple_pay,paid
ORD0000039,apple_pay,paid
ORD0000040,credit_card,paid
ORD0000041,klarna,paid
ORD0000042,bank_transfer,paid
ORD0000043,credit_card,paid
ORD0000044,credit_card,paid
ORD0000045,credit_card,paid
ORD0000046,apple_pay,paid
ORD0000047,paypal,paid
ORD0000048,credit_card,paid
ORD0000049,credit_card,paid
ORD0000050,klarna,paid
ORD0000051,credit_card,paid
ORD0000052,credit_card,paid
ORD0000053,klarna,paid
ORD0000054,klarna,paid
ORD0000055,paypal,paid
ORD0000056,credit_card,paid
ORD0000057,credit_card,paid
ORD0000058,klarna,paid
ORD0000059,credit_card,paid
ORD0000060,credit_card,paid
ORD0000061,bank_transfer,paid
ORD0000062,paypal,refunded
ORD0000063,credit_card,paid
ORD0000064,credit_card,paid
ORD0000065,paypal,paid
ORD0000066,paypal,paid
ORD0000067,credit_card,paid
ORD0000068,apple_pay,paid
ORD0000069,paypal,paid
ORD0000070,paypal,paid
ORD0000071,paypal,paid
ORD0000072,credit_card,paid
ORD0000073,credit_card,paid
ORD0000074,credit_card,paid
ORD0000075,credit_card,paid
ORD0000076,credit_card,paid
ORD0000077,klarna,paid
ORD0000078,apple_pay,paid
ORD0000079,credit_card,paid
ORD0000080,credit_card,paid
ORD0000081,paypal,paid
ORD0000082,paypal,paid
ORD0000083,credit_card,paid
ORD0000084,paypal,paid
ORD0000085,credit_card,paid
ORD0000086,paypal,paid
ORD0000087,credit_card,paid
ORD0000088,credit_card,paid
ORD0000089,paypal,paid
ORD0000090,credit_card,paid
ORD0000091,klarna,paid
ORD0000092,credit_card,paid
ORD0000093,credit_card,paid
ORD0000094,credit_card,paid
ORD0000095,klarna,paid
ORD0000096,credit_card,paid
ORD0000097,paypal,paid
ORD0000098,klarna,paid
ORD0000099,credit_card,paid
ORD0000100,credit_card,paid
ORD0000101,credit_card,paid
ORD0000102,klarna,paid
ORD0000103,klarna,paid
ORD0000104,credit_card,refunded
ORD0000105,paypal,paid
ORD0000106,klarna,paid
ORD0000107,apple_pay,paid
ORD0000108,klarna,paid
ORD0000109,paypal,paid
ORD0000110,apple_pay,paid
ORD0000111,credit_card,paid
ORD0000112,credit_card,paid
ORD0000113,paypal,paid
ORD0000114,credit_card,paid
ORD0000115,credit_card,paid
ORD0000116,credit_card,paid
ORD0000117,credit_card,paid
ORD0000118,credit_card,paid
ORD0000119,paypal,paid
ORD0000120,apple_pay,paid
ORD0000121,credit_card,paid
ORD0000122,credit_card,paid
ORD0000123,paypal,refunded
ORD0000124,paypal,paid
ORD0000125,apple_pay,paid
ORD0000126,credit_card,paid
ORD0000127,klarna,paid
ORD0000128,klarna,paid
ORD0000129,credit_card,paid
ORD0000130,apple_pay,paid
ORD0000131,paypal,paid
ORD0000132,credit_card,paid
ORD0000133,apple_pay,paid
ORD0000134,bank_transfer,paid
ORD0000135,credit_card,paid
ORD0000136,paypal,paid
ORD0000137,klarna,paid
ORD0000138,credit_card,paid
ORD0000139,credit_card,paid
ORD0000140,credit_card,paid
ORD0000141,paypal,paid
ORD0000142,paypal,paid
ORD0000143,credit_card,paid
ORD0000144,paypal,paid
ORD0000145,paypal,paid
ORD0000146,apple_pay,paid
ORD0000147,credit_card,paid
ORD0000148,credit_card,paid
ORD0000149,klarna,refunded
ORD0000150,paypal,paid
ORD0000151,credit_card,paid
ORD0000152,credit_card,paid
ORD0000153,paypal,paid
ORD0000154,credit_card,paid
ORD0000155,klarna,paid
ORD0000156,paypal,paid
ORD0000157,paypal,paid
ORD0000158,credit_card,paid
ORD0000159,paypal,paid
ORD0000160,apple_pay,paid
ORD0000161,paypal,paid
ORD0000162,klarna,paid
ORD0000163,paypal,refunded
ORD0000164,credit_card,paid
ORD0000165,credit_card,paid
ORD0000166,apple_pay,paid
ORD0000167,klarna,paid
ORD0000168,paypal,paid
ORD0000169,apple_pay,paid
ORD0000170,credit_card,paid
ORD0000171,paypal,paid
ORD0000172,credit_card,refunded
ORD0000173,credit_card,paid
ORD0000174,credit_card,paid
ORD0000175,klarna,paid
ORD0000176,paypal,paid
ORD0000177,credit_card,refunded
ORD0000178,credit_card,paid
ORD0000179,bank_transfer,paid
ORD0000180,credit_card,paid
ORD0000181,klarna,paid
ORD0000182,apple_pay,paid
ORD0000183,credit_card,paid
ORD0000184,credit_card,paid
ORD0000185,paypal,paid
ORD0000186,apple_pay,paid
ORD0000187,klarna,paid
ORD0000188,credit_card,paid
ORD0000189,apple_pay,paid
ORD0000190,paypal,paid
ORD0000191,paypal,paid
ORD0000192,paypal,paid
ORD0000193,paypal,paid
ORD0000194,credit_card,paid
ORD0000195,klarna,paid
ORD0000196,paypal,paid
ORD0000197,paypal,paid
ORD0000198,credit_card,paid
ORD0000199,paypal,paid
ORD0000200,credit_card,paid
ORD0000201,credit_card,paid
ORD0000202,credit_card,paid
ORD0000203,credit_card,paid
ORD0000204,credit_card,paid
ORD0000205,credit_card,paid
ORD0000206,bank_transfer,paid
ORD0000207,bank_transfer,paid
ORD0000208,credit_card,paid
ORD0000209,klarna,paid
ORD0000210,credit_card,refunded
ORD0000211,credit_card,paid
ORD0000212,credit_card,paid
ORD0000213,credit_card,paid
ORD0000214,credit_card,paid
ORD0000215,credit_card,refunded
ORD0000216,paypal,paid
ORD0000217,credit_card,paid
ORD0000218,credit_card,paid
ORD0000219,klarna,paid
ORD0000220,credit_card,paid
ORD0000221,paypal,paid
ORD0000222,credit_card,refunded
ORD0000223,paypal,paid
ORD0000224,credit_card,paid
ORD0000225,bank_transfer,paid
ORD0000226,paypal,paid
ORD0000227,paypal,paid
ORD0000228,apple_pay,paid
ORD0000229,apple_pay,paid
ORD0000230,paypal,paid
ORD0000231,apple_pay,paid
ORD0000232,paypal,refunded
ORD0000233,klarna,paid
ORD0000234,klarna,paid
ORD0000235,paypal,paid
ORD0000236,credit_card,paid
ORD0000237,credit_card,paid
ORD0000238,credit_card,paid
ORD0000239,apple_pay,paid
ORD0000240,credit_card,paid
ORD0000241,credit_card,paid
ORD0000242,credit_card,paid
ORD0000243,credit_card,paid
ORD0000244,credit_card,paid
ORD0000245,paypal,paid
ORD0000246,credit_card,paid
ORD0000247,credit_card,paid
ORD0000248,credit_card,refunded
ORD0000249,klarna,paid
ORD0000250,paypal,paid
ORD0000251,credit_card,paid
ORD0000252,credit_card,paid
ORD0000253,bank_transfer,paid
ORD0000254,klarna,paid
ORD0000255,paypal,paid
ORD0000256,credit_card,paid
ORD0000257,credit_card,paid
ORD0000258,paypal,paid
ORD0000259,credit_card,paid
ORD0000260,credit_card,paid
ORD0000261,paypal,paid
ORD0000262,credit_card,paid
ORD0000263,credit_card,paid
ORD0000264,paypal,paid
ORD0000265,klarna,paid
ORD0000266,credit_card,paid
ORD0000267,credit_card,paid
ORD0000268,credit_card,paid
ORD0000269,credit_card,paid
ORD0000270,apple_pay,refunded
ORD0000271,credit_card,paid
ORD0000272,paypal,paid
ORD0000273,klarna,paid
ORD0000274,klarna,paid
ORD0000275,apple_pay,paid
ORD0000276,paypal,paid
ORD0000277,paypal,paid
ORD0000278,paypal,paid
ORD0000279,credit_card,paid
ORD0000280,bank_transfer,paid
ORD0000281,credit_card,paid
ORD0000282,credit_card,paid
ORD0000283,paypal,paid
ORD0000284,klarna,refunded
ORD0000285,paypal,paid
ORD0000286,credit_card,refunded
ORD0000287,klarna,paid
ORD0000288,apple_pay,paid
ORD0000289,credit_card,paid
ORD0000290,paypal,refunded
ORD0000291,credit_card,paid
ORD0000292,klarna,paid
ORD0000293,paypal,paid
ORD0000294,klarna,paid
ORD0000295,paypal,paid
ORD0000296,paypal,paid
ORD0000297,credit_card,paid
ORD0000298,credit_card,paid
ORD0000299,apple_pay,paid
ORD0000300,paypal,paid
ORD0000301,klarna,paid
ORD0000302,apple_pay,paid
ORD0000303,credit_card,paid
ORD0000304,credit_card,paid
ORD0000305,credit_card,paid
ORD0000306,paypal,paid
ORD0000307,paypal,paid
ORD0000308,paypal,paid
ORD0000309,credit_card,paid
ORD0000310,paypal,paid
ORD0000311,credit_card,paid
ORD0000312,credit_card,refunded
ORD0000313,bank_transfer,paid
ORD0000314,credit_card,paid
ORD0000315,credit_card,paid
ORD0000316,credit_card,paid
ORD0000317,klarna,paid
ORD0000318,credit_card,paid
ORD0000319,credit_card,paid
ORD0000320,klarna,paid
ORD0000321,credit_card,paid
ORD0000322,credit_card,paid
ORD0000323,credit_card,paid
ORD0000324,credit_card,paid
ORD0000325,klarna,paid
ORD0000326,credit_card,paid
ORD0000327,paypal,paid
ORD0000328,paypal,refunded
ORD0000329,paypal,paid
ORD0000330,credit_card,paid
ORD0000331,credit_card,paid
ORD0000332,credit_card,paid
ORD0000333,paypal,paid
ORD0000334,credit_card,paid
ORD0000335,credit_card,paid
ORD0000336,apple_pay,paid
ORD0000337,apple_pay,paid
ORD0000338,apple_pay,paid
ORD0000339,credit_card,paid
ORD0000340,credit_card,paid
ORD0000341,apple_pay,paid
ORD0000342,credit_card,paid
ORD0000343,klarna,paid
ORD0000344,paypal,paid
ORD0000345,paypal,paid
ORD0000346,credit_card,paid
ORD0000347,credit_card,paid
ORD0000348,credit_card,paid
ORD0000349,credit_card,paid
ORD0000350,credit_card,paid
ORD0000351,apple_pay,paid
ORD0000352,credit_card,paid
ORD0000353,credit_card,paid
ORD0000354,credit_card,paid
ORD0000355,credit_card,paid
ORD0000356,klarna,paid
ORD0000357,credit_card,refunded
ORD0000358,klarna,refunded
ORD0000359,credit_card,paid
ORD0000360,paypal,paid
ORD0000361,paypal,paid
ORD0000362,klarna,paid
ORD0000363,paypal,refunded
ORD0000364,credit_card,paid
ORD0000365,credit_card,paid
ORD0000366,credit_card,paid
ORD0000367,apple_pay,paid
ORD0000368,credit_card,paid
ORD0000369,credit_card,paid
ORD0000370,klarna,paid
ORD0000371,apple_pay,paid
ORD0000372,paypal,paid
ORD0000373,klarna,paid
ORD0000374,paypal,paid
ORD0000375,credit_card,paid
ORD0000376,credit_card,paid
ORD0000377,credit_card,paid
ORD0000378,apple_pay,paid
ORD0000379,credit_card,paid
ORD0000380,credit_card,paid
ORD0000381,paypal,paid
ORD0000382,klarna,paid
ORD0000383,credit_card,paid
ORD0000384,paypal,paid
ORD0000385,credit_card,paid
ORD0000386,paypal,paid
ORD0000387,credit_card,paid
ORD0000388,credit_card,paid
ORD0000389,credit_card,paid
ORD0000390,credit_card,paid
ORD0000391,credit_card,paid
ORD0000392,credit_card,paid
ORD0000393,credit_card,paid
ORD0000394,paypal,paid
ORD0000395,klarna,paid
ORD0000396,apple_pay,paid
ORD0000397,klarna,paid
ORD0000398,paypal,paid
ORD0000399,credit_card,paid
ORD0000400,credit_card,paid
ORD0000401,credit_card,paid
ORD0000402,credit_card,paid
ORD0000403,credit_card,paid
ORD0000404,credit_card,paid
ORD0000405,credit_card,paid
ORD0000406,paypal,paid
ORD0000407,klarna,paid
ORD0000408,paypal,paid
ORD0000409,apple_pay,paid
ORD0000410,credit_card,paid
ORD0000411,paypal,paid
ORD0000412,credit_card,paid
ORD0000413,paypal,paid
ORD0000414,klarna,paid
ORD0000415,credit_card,refunded
ORD0000416,credit_card,paid
ORD0000417,paypal,paid
ORD0000418,paypal,paid
ORD0000419,paypal,paid
ORD0000420,paypal,paid
ORD0000421,paypal,paid
ORD0000422,paypal,paid
ORD0000423,credit_card,paid
ORD0000424,paypal,paid
ORD0000425,apple_pay,paid
ORD0000426,credit_card,paid
ORD0000427,credit_card,refunded
ORD0000428,apple_pay,paid
ORD0000429,bank_transfer,paid
ORD0000430,credit_card,paid
ORD0000431,credit_card,paid
ORD0000432,credit_card,paid
ORD0000433,klarna,paid
ORD0000434,credit_card,paid
ORD0000435,apple_pay,paid
ORD0000436,klarna,paid
ORD0000437,paypal,paid
ORD0000438,klarna,paid
ORD0000439,credit_card,refunded
ORD0000440,klarna,paid
ORD0000441,credit_card,paid
ORD0000442,klarna,paid
ORD0000443,paypal,paid
ORD0000444,paypal,paid
ORD0000445,credit_card,paid
ORD0000446,credit_card,paid
ORD0000447,credit_card,paid
ORD0000448,paypal,paid
ORD0000449,apple_pay,paid
ORD0000450,credit_card,refunded
ORD0000451,credit_card,paid
ORD0000452,paypal,paid
ORD0000453,bank_transfer,paid
ORD0000454,credit_card,paid
ORD0000455,apple_pay,paid
ORD0000456,apple_pay,paid
ORD0000457,credit_card,paid
ORD0000458,klarna,paid
ORD0000459,klarna,paid
ORD0000460,paypal,paid
ORD0000461,credit_card,paid
ORD0000462,apple_pay,paid
ORD0000463,paypal,paid
ORD0000464,credit_card,paid
ORD0000465,klarna,paid
ORD0000466,credit_card,paid
ORD0000467,credit_card,paid
ORD0000468,credit_card,paid
ORD0000469,credit_card,refunded
ORD0000470,apple_pay,paid
ORD0000471,credit_card,refunded
ORD0000472,credit_card,paid
ORD0000473,paypal,paid
ORD0000474,credit_card,paid
ORD0000475,klarna,paid
ORD0000476,paypal,paid
ORD0000477,credit_card,paid
ORD0000478,klarna,paid
ORD0000479,credit_card,paid
ORD0000480,credit_card,paid
ORD0000481,paypal,paid
ORD0000482,bank_transfer,paid
ORD0000483,klarna,paid
ORD0000484,klarna,paid
ORD0000485,klarna,paid
ORD0000486,credit_card,paid
ORD0000487,bank_transfer,paid
ORD0000488,apple_pay,paid
ORD0000489,paypal,refunded
ORD0000490,paypal,paid
ORD0000491,credit_card,paid
ORD0000492,paypal,paid
ORD0000493,paypal,paid
ORD0000494,credit_card,paid
ORD0000495,paypal,paid
ORD0000496,paypal,paid
ORD0000497,credit_card,paid
ORD0000498,paypal,paid
ORD0000499,credit_card,paid
ORD0000500,klarna,paid
ORD0000501,paypal,paid
ORD0000502,paypal,paid
ORD0000503,paypal,paid
ORD0000504,credit_card,paid
ORD0000505,credit_card,paid
ORD0000506,credit_card,paid
ORD0000507,klarna,paid
ORD0000508,paypal,paid
ORD0000509,paypal,paid
ORD0000510,credit_card,paid
ORD0000511,credit_card,paid
ORD0000512,credit_card,paid
ORD0000513,credit_card,paid
ORD0000514,credit_card,paid
ORD0000515,paypal,paid
ORD0000516,credit_card,paid
ORD0000517,klarna,refunded
ORD0000518,paypal,paid
ORD0000519,credit_card,paid
ORD0000520,paypal,paid
ORD0000521,paypal,paid
ORD0000522,credit_card,paid
ORD0000523,paypal,paid
ORD0000524,apple_pay,paid
ORD0000525,paypal,paid
ORD0000526,credit_card,paid
ORD0000527,apple_pay,paid
ORD0000528,credit_card,paid
ORD0000529,bank_transfer,paid
ORD0000530,credit_card,paid
ORD0000531,paypal,paid
ORD0000532,credit_card,refunded
ORD0000533,paypal,paid
ORD0000534,paypal,paid
ORD0000535,apple_pay,paid
ORD0000536,paypal,paid
ORD0000537,credit_card,paid
ORD0000538,credit_card,paid
ORD0000539,klarna,paid
ORD0000540,credit_card,paid
ORD0000541,apple_pay,paid
ORD0000542,credit_card,paid
ORD0000543,klarna,paid
ORD0000544,bank_transfer,paid
ORD0000545,credit_card,paid
ORD0000546,apple_pay,paid
ORD0000547,klarna,paid
ORD0000548,credit_card,paid
ORD0000549,credit_card,paid
ORD0000550,credit_card,paid
ORD0000551,credit_card,paid
ORD0000552,paypal,paid
ORD0000553,apple_pay,paid
ORD0000554,paypal,paid
ORD0000555,credit_card,paid
ORD0000556,paypal,paid
ORD0000557,paypal,paid
ORD0000558,credit_card,paid
ORD0000559,credit_card,paid
ORD0000560,credit_card,paid
ORD0000561,credit_card,paid
ORD0000562,paypal,paid
ORD0000563,klarna,paid
ORD0000564,credit_card,paid
ORD0000565,credit_card,refunded
ORD0000566,apple_pay,paid
ORD0000567,klarna,paid
ORD0000568,credit_card,paid
ORD0000569,klarna,paid
ORD0000570,apple_pay,paid
ORD0000571,paypal,paid
ORD0000572,paypal,paid
ORD0000573,credit_card,paid
ORD0000574,credit_card,paid
ORD0000575,credit_card,paid
ORD0000576,credit_card,paid
ORD0000577,paypal,paid
ORD0000578,paypal,paid
ORD0000579,credit_card,paid
ORD0000580,bank_transfer,paid
ORD0000581,paypal,paid
ORD0000582,paypal,paid
ORD0000583,paypal,paid
ORD0000584,credit_card,paid
ORD0000585,credit_card,paid
ORD0000586,paypal,paid
ORD0000587,credit_card,paid
ORD0000588,klarna,paid
ORD0000589,credit_card,paid
ORD0000590,credit_card,paid
ORD0000591,klarna,paid
ORD0000592,klarna,paid
ORD0000593,klarna,paid
ORD0000594,credit_card,paid
ORD0000595,credit_card,paid
ORD0000596,credit_card,refunded
ORD0000597,bank_transfer,refunded
ORD0000598,apple_pay,paid
ORD0000599,apple_pay,paid
ORD0000600,credit_card,paid
ORD0000601,paypal,paid
ORD0000602,bank_transfer,paid
ORD0000603,paypal,paid
ORD0000604,klarna,paid
ORD0000605,paypal,paid
ORD0000606,paypal,paid
ORD0000607,paypal,paid
ORD0000608,klarna,paid
ORD0000609,credit_card,paid
ORD0000610,paypal,paid
ORD0000611,bank_transfer,paid
ORD0000612,bank_transfer,paid
ORD0000613,paypal,paid
ORD0000614,credit_card,paid
ORD0000615,apple_pay,paid
ORD0000616,credit_card,paid
ORD0000617,apple_pay,paid
ORD0000618,credit_card,paid
ORD0000619,klarna,refunded
ORD0000620,paypal,paid
ORD0000621,credit_card,paid
ORD0000622,klarna,paid
ORD0000623,klarna,paid
ORD0000624,klarna,paid
ORD0000625,credit_card,paid
ORD0000626,paypal,paid
ORD0000627,credit_card,paid
ORD0000628,paypal,paid
ORD0000629,klarna,paid
ORD0000630,credit_card,paid
ORD0000631,paypal,paid
ORD0000632,credit_card,paid
ORD0000633,credit_card,paid
ORD0000634,credit_card,paid
ORD0000635,credit_card,paid
ORD0000636,bank_transfer,paid
ORD0000637,credit_card,paid
ORD0000638,credit_card,paid
ORD0000639,apple_pay,paid
ORD0000640,paypal,paid
ORD0000641,credit_card,paid
ORD0000642,klarna,paid
ORD0000643,credit_card,paid
ORD0000644,klarna,paid
ORD0000645,paypal,paid
ORD0000646,klarna,paid
ORD0000647,paypal,paid
ORD0000648,credit_card,paid
ORD0000649,credit_card,paid
ORD0000650,credit_card,paid
ORD0000651,bank_transfer,paid
ORD0000652,credit_card,paid
ORD0000653,credit_card,paid
ORD0000654,apple_pay,paid
ORD0000655,credit_card,paid
ORD0000656,credit_card,paid
ORD0000657,credit_card,paid
ORD0000658,credit_card,paid
ORD0000659,paypal,paid
ORD0000660,credit_card,paid
ORD0000661,paypal,paid
ORD0000662,credit_card,paid
ORD0000663,paypal,paid
ORD0000664,credit_card,refunded
ORD0000665,klarna,paid
ORD0000666,paypal,paid
ORD0000667,apple_pay,paid
ORD0000668,credit_card,paid
ORD0000669,credit_card,paid
ORD0000670,credit_card,paid
ORD0000671,paypal,paid
ORD0000672,bank_transfer,paid
ORD0000673,paypal,paid
ORD0000674,paypal,paid
ORD0000675,paypal,paid
ORD0000676,credit_card,paid
ORD0000677,klarna,paid
ORD0000678,paypal,refunded
ORD0000679,bank_transfer,paid
ORD0000680,paypal,paid
ORD0000681,paypal,refunded
ORD0000682,credit_card,paid
ORD0000683,paypal,paid
ORD0000684,paypal,paid
ORD0000685,credit_card,paid
ORD0000686,credit_card,paid
ORD0000687,credit_card,refunded
ORD0000688,apple_pay,paid
ORD0000689,credit_card,paid
ORD0000690,credit_card,paid
ORD0000691,apple_pay,paid
ORD0000692,apple_pay,paid
ORD0000693,bank_transfer,paid
ORD0000694,bank_transfer,paid
ORD0000695,credit_card,paid
ORD0000696,klarna,paid
ORD0000697,credit_card,paid
ORD0000698,bank_transfer,paid
ORD0000699,credit_card,paid
ORD0000700,paypal,paid
ORD0000701,credit_card,paid
ORD0000702,credit_card,paid
ORD0000703,klarna,paid
ORD0000704,paypal,paid
ORD0000705,apple_pay,paid
ORD0000706,credit_card,paid
ORD0000707,apple_pay,paid
ORD0000708,credit_card,paid
ORD0000709,bank_transfer,paid
ORD0000710,paypal,paid
ORD0000711,paypal,paid
ORD0000712,bank_transfer,paid
ORD0000713,paypal,paid
ORD0000714,paypal,paid
ORD0000715,paypal,refunded
ORD0000716,credit_card,paid
ORD0000717,credit_card,paid
ORD0000718,credit_card,paid
ORD0000719,paypal,paid
ORD0000720,paypal,paid
ORD0000721,paypal,paid
ORD0000722,credit_card,refunded
ORD0000723,paypal,paid
ORD0000724,apple_pay,paid
ORD0000725,klarna,paid
ORD0000726,paypal,paid
ORD0000727,credit_card,paid
ORD0000728,credit_card,paid
ORD0000729,credit_card,paid
ORD0000730,bank_transfer,paid
ORD0000731,apple_pay,paid
ORD0000732,paypal,paid
ORD0000733,klarna,paid
ORD0000734,credit_card,paid
ORD0000735,paypal,refunded
ORD0000736,paypal,paid
ORD0000737,credit_card,paid
ORD0000738,credit_card,paid
ORD0000739,paypal,paid
ORD0000740,credit_card,paid
ORD0000741,klarna,paid
ORD0000742,klarna,paid
ORD0000743,credit_card,paid
ORD0000744,credit_card,paid
ORD0000745,paypal,paid
ORD0000746,klarna,paid
ORD0000747,credit_card,paid
ORD0000748,credit_card,paid
ORD0000749,credit_card,refunded
ORD0000750,credit_card,paid
ORD0000751,paypal,paid
ORD0000752,credit_card,paid
ORD0000753,credit_card,paid
ORD0000754,klarna,paid
ORD0000755,paypal,refunded
ORD0000756,klarna,paid
ORD0000757,credit_card,paid
ORD0000758,paypal,paid
ORD0000759,credit_card,paid
ORD0000760,klarna,paid
ORD0000761,klarna,paid
ORD0000762,credit_card,paid
ORD0000763,klarna,paid
ORD0000764,klarna,paid
ORD0000765,paypal,paid
ORD0000766,klarna,paid
ORD0000767,apple_pay,paid
ORD0000768,paypal,paid
ORD0000769,credit_card,paid
ORD0000770,credit_card,paid
ORD0000771,credit_card,paid
ORD0000772,klarna,paid
ORD0000773,credit_card,paid
ORD0000774,klarna,paid
ORD0000775,klarna,paid
ORD0000776,paypal,paid
ORD0000777,credit_card,paid
ORD0000778,credit_card,paid
ORD0000779,credit_card,paid
ORD0000780,credit_card,paid
ORD0000781,klarna,paid
ORD0000782,paypal,refunded
ORD0000783,credit_card,paid
ORD0000784,credit_card,paid
ORD0000785,klarna,paid
ORD0000786,credit_card,paid
ORD0000787,klarna,paid
ORD0000788,credit_card,refunded
ORD0000789,credit_card,paid
ORD0000790,credit_card,paid
ORD0000791,paypal,paid
ORD0000792,paypal,paid
ORD0000793,credit_card,paid
ORD0000794,credit_card,paid
ORD0000795,credit_card,paid
ORD0000796,credit_card,paid
ORD0000797,credit_card,paid
ORD0000798,paypal,paid
ORD0000799,klarna,refunded
ORD0000800,bank_transfer,refunded
ORD0000801,credit_card,paid
ORD0000802,credit_card,paid
ORD0000803,klarna,paid
ORD0000804,klarna,paid
ORD0000805,credit_card,paid
ORD0000806,paypal,refunded
ORD0000807,paypal,paid
ORD0000808,klarna,paid
ORD0000809,paypal,refunded
ORD0000810,paypal,paid
ORD0000811,credit_card,paid
ORD0000812,credit_card,paid
ORD0000813,paypal,paid
ORD0000814,apple_pay,paid
ORD0000815,credit_card,paid
ORD0000816,apple_pay,paid
ORD0000817,credit_card,paid
ORD0000818,credit_card,refunded
ORD0000819,bank_transfer,paid
ORD0000820,credit_card,paid
ORD0000821,apple_pay,paid
ORD0000822,credit_card,paid
ORD0000823,paypal,paid
ORD0000824,credit_card,paid
ORD0000825,klarna,paid
ORD0000826,credit_card,refunded
ORD0000827,credit_card,paid
ORD0000828,credit_card,paid
ORD0000829,credit_card,paid
ORD0000830,credit_card,paid
ORD0000831,klarna,paid
ORD0000832,credit_card,paid
ORD0000833,paypal,paid
ORD0000834,credit_card,paid
ORD0000835,klarna,paid
ORD0000836,credit_card,paid
ORD0000837,klarna,paid
ORD0000838,credit_card,paid
ORD0000839,credit_card,paid
ORD0000840,klarna,paid
ORD0000841,credit_card,paid
ORD0000842,credit_card,paid
ORD0000843,credit_card,paid
ORD0000844,credit_card,paid
ORD0000845,paypal,paid
ORD0000846,credit_card,refunded
ORD0000847,apple_pay,paid
ORD0000848,credit_card,paid
ORD0000849,klarna,paid
ORD0000850,apple_pay,paid
ORD0000851,credit_card,paid
ORD0000852,klarna,paid
ORD0000853,paypal,paid
ORD0000854,credit_card,paid
ORD0000855,paypal,paid
ORD0000856,credit_card,paid
ORD0000857,credit_card,paid
ORD0000858,credit_card,paid
ORD0000859,paypal,paid
ORD0000860,credit_card,refunded
ORD0000861,paypal,paid
ORD0000862,credit_card,paid
ORD0000863,credit_card,refunded
ORD0000864,credit_card,paid
ORD0000865,paypal,paid
ORD0000866,apple_pay,paid
ORD0000867,bank_transfer,paid
ORD0000868,apple_pay,paid
ORD0000869,paypal,paid
ORD0000870,credit_card,paid
ORD0000871,credit_card,paid
ORD0000872,bank_transfer,paid
ORD0000873,apple_pay,paid
ORD0000874,credit_card,paid
ORD0000875,credit_card,paid
ORD0000876,klarna,paid
ORD0000877,paypal,paid
ORD0000878,klarna,paid
ORD0000879,klarna,refunded
ORD0000880,paypal,paid
ORD0000881,credit_card,paid
ORD0000882,paypal,paid
ORD0000883,credit_card,refunded
ORD0000884,credit_card,paid
ORD0000885,apple_pay,paid
ORD0000886,paypal,paid
ORD0000887,credit_card,paid
ORD0000888,apple_pay,paid
ORD0000889,credit_card,paid
ORD0000890,credit_card,paid
ORD0000891,credit_card,paid
ORD0000892,credit_card,paid
ORD0000893,paypal,paid
ORD0000894,credit_card,paid
ORD0000895,credit_card,paid
ORD0000896,paypal,paid
ORD0000897,apple_pay,paid
ORD0000898,credit_card,paid
ORD0000899,bank_transfer,paid
ORD0000900,bank_transfer,refunded
ORD0000901,paypal,paid
ORD0000902,apple_pay,paid
ORD0000903,klarna,paid
ORD0000904,credit_card,paid
ORD0000905,klarna,paid
ORD0000906,klarna,paid
ORD0000907,credit_card,paid
ORD0000908,credit_card,paid
ORD0000909,credit_card,paid
ORD0000910,klarna,paid
ORD0000911,credit_card,paid
ORD0000912,credit_card,paid
ORD0000913,paypal,refunded
ORD0000914,apple_pay,refunded
ORD0000915,paypal,paid
ORD0000916,paypal,paid
ORD0000917,credit_card,paid
ORD0000918,credit_card,paid
ORD0000919,credit_card,paid
ORD0000920,klarna,paid
ORD0000921,credit_card,paid
ORD0000922,credit_card,paid
ORD0000923,credit_card,paid
ORD0000924,paypal,paid
ORD0000925,paypal,paid
ORD0000926,credit_card,paid
ORD0000927,paypal,paid
ORD0000928,klarna,paid
ORD0000929,klarna,paid
ORD0000930,paypal,paid
ORD0000931,credit_card,paid
ORD0000932,klarna,paid
ORD0000933,klarna,paid
ORD0000934,credit_card,paid
ORD0000935,paypal,paid
ORD0000936,credit_card,paid
ORD0000937,apple_pay,paid
ORD0000938,credit_card,paid
ORD0000939,paypal,paid
ORD0000940,credit_card,paid
ORD0000941,credit_card,paid
ORD0000942,credit_card,paid
ORD0000943,apple_pay,paid
ORD0000944,klarna,paid
ORD0000945,paypal,paid
ORD0000946,bank_transfer,paid
ORD0000947,paypal,paid
ORD0000948,credit_card,paid
ORD0000949,paypal,paid
ORD0000950,klarna,paid
ORD0000951,credit_card,paid
ORD0000952,credit_card,paid
ORD0000953,paypal,paid
ORD0000954,credit_card,paid
ORD0000955,credit_card,paid
ORD0000956,credit_card,paid
ORD0000957,credit_card,paid
ORD0000958,klarna,paid
ORD0000959,klarna,paid
ORD0000960,klarna,paid
ORD0000961,klarna,paid
ORD0000962,paypal,paid
ORD0000963,credit_card,paid
ORD0000964,apple_pay,paid
ORD0000965,credit_card,paid
ORD0000966,paypal,paid
ORD0000967,klarna,paid
ORD0000968,credit_card,paid
ORD0000969,credit_card,paid
ORD0000970,credit_card,paid
ORD0000971,credit_card,paid
ORD0000972,credit_card,paid
ORD0000973,credit_card,paid
ORD0000974,apple_pay,paid
ORD0000975,credit_card,paid
ORD0000976,credit_card,paid
ORD0000977,paypal,paid
ORD0000978,credit_card,paid
ORD0000979,apple_pay,paid
ORD0000980,credit_card,paid
ORD0000981,credit_card,paid
ORD0000982,paypal,paid
ORD0000983,credit_card,paid
ORD0000984,klarna,paid
ORD0000985,credit_card,paid
ORD0000986,bank_transfer,paid
ORD0000987,credit_card,paid
ORD0000988,credit_card,paid
ORD0000989,paypal,paid
ORD0000990,credit_card,paid
ORD0000991,credit_card,paid
ORD0000992,credit_card,paid
ORD0000993,credit_card,paid
ORD0000994,paypal,paid
ORD0000995,paypal,refunded
ORD0000996,paypal,paid
ORD0000997,paypal,paid
ORD0000998,bank_transfer,paid
ORD0000999,klarna,paid
ORD0001000,credit_card,paid
ORD0001001,credit_card,paid
ORD0001002,credit_card,paid
ORD0001003,credit_card,paid
ORD0001004,paypal,paid
ORD0001005,credit_card,paid
ORD0001006,klarna,refunded
ORD0001007,apple_pay,paid
ORD0001008,klarna,paid
ORD0001009,paypal,paid
ORD0001010,credit_card,paid
ORD0001011,credit_card,paid
ORD0001012,paypal,paid
ORD0001013,paypal,paid
ORD0001014,credit_card,paid
ORD0001015,klarna,paid
ORD0001016,klarna,paid
ORD0001017,credit_card,paid
ORD0001018,credit_card,paid
ORD0001019,paypal,paid
ORD0001020,credit_card,paid
ORD0001021,apple_pay,paid
ORD0001022,paypal,refunded
ORD0001023,credit_card,paid
ORD0001024,paypal,paid
ORD0001025,credit_card,paid
ORD0001026,klarna,paid
ORD0001027,apple_pay,paid
ORD0001028,paypal,paid
ORD0001029,credit_card,paid
ORD0001030,credit_card,paid
ORD0001031,bank_transfer,paid
ORD0001032,credit_card,paid
ORD0001033,paypal,paid
ORD0001034,credit_card,paid
ORD0001035,paypal,paid
ORD0001036,credit_card,paid
ORD0001037,paypal,paid
ORD0001038,credit_card,paid
ORD0001039,paypal,paid
ORD0001040,credit_card,paid
ORD0001041,paypal,paid
ORD0001042,klarna,paid
ORD0001043,credit_card,paid
ORD0001044,klarna,paid
ORD0001045,paypal,paid
ORD0001046,credit_card,paid
ORD0001047,credit_card,paid
ORD0001048,credit_card,paid
ORD0001049,klarna,paid
ORD0001050,credit_card,paid
ORD0001051,credit_card,paid
ORD0001052,credit_card,paid
ORD0001053,credit_card,paid
ORD0001054,credit_card,paid
ORD0001055,apple_pay,paid
ORD0001056,klarna,paid
ORD0001057,credit_card,paid
ORD0001058,paypal,paid
ORD0001059,bank_transfer,paid
ORD0001060,klarna,paid
ORD0001061,credit_card,paid
ORD0001062,credit_card,paid
ORD0001063,klarna,paid
ORD0001064,paypal,paid
ORD0001065,credit_card,paid
ORD0001066,credit_card,paid
ORD0001067,apple_pay,paid
ORD0001068,credit_card,paid
ORD0001069,bank_transfer,paid
ORD0001070,credit_card,paid
ORD0001071,paypal,paid
ORD0001072,bank_transfer,paid
ORD0001073,klarna,paid
ORD0001074,paypal,paid
ORD0001075,credit_card,paid
ORD0001076,apple_pay,paid
ORD0001077,credit_card,paid
ORD0001078,credit_card,paid
ORD0001079,klarna,paid
ORD0001080,bank_transfer,paid
ORD0001081,paypal,paid
ORD0001082,klarna,paid
ORD0001083,credit_card,refunded
ORD0001084,credit_card,paid
ORD0001085,paypal,paid
ORD0001086,credit_card,paid
ORD0001087,credit_card,paid
ORD0001088,paypal,paid
ORD0001089,credit_card,paid
ORD0001090,apple_pay,paid
ORD0001091,credit_card,paid
ORD0001092,paypal,paid
ORD0001093,credit_card,paid
ORD0001094,paypal,paid
ORD0001095,klarna,paid
ORD0001096,credit_card,paid
ORD0001097,credit_card,refunded
ORD0001098,credit_card,paid
ORD0001099,paypal,paid
ORD0001100,paypal,paid
ORD0001101,credit_card,paid
ORD0001102,credit_card,paid
ORD0001103,credit_card,paid
ORD0001104,credit_card,paid
ORD0001105,credit_card,paid
ORD0001106,credit_card,paid
ORD0001107,credit_card,paid
ORD0001108,credit_card,paid
ORD0001109,paypal,paid
ORD0001110,paypal,paid
ORD0001111,paypal,paid
ORD0001112,paypal,paid
ORD0001113,paypal,paid
ORD0001114,credit_card,paid
ORD0001115,paypal,paid
ORD0001116,apple_pay,paid
ORD0001117,klarna,paid
ORD0001118,paypal,paid
ORD0001119,paypal,paid
ORD0001120,paypal,paid
ORD0001121,apple_pay,paid
ORD0001122,credit_card,paid
ORD0001123,klarna,paid
ORD0001124,paypal,paid
ORD0001125,paypal,paid
ORD0001126,credit_card,paid
ORD0001127,klarna,paid
ORD0001128,klarna,refunded
ORD0001129,credit_card,paid
ORD0001130,credit_card,refunded
ORD0001131,apple_pay,paid
ORD0001132,paypal,paid
ORD0001133,credit_card,paid
ORD0001134,credit_card,paid
ORD0001135,paypal,paid
ORD0001136,paypal,paid
ORD0001137,paypal,paid
ORD0001138,klarna,paid
ORD0001139,credit_card,paid
ORD0001140,credit_card,paid
ORD0001141,bank_transfer,paid
ORD0001142,paypal,paid
ORD0001143,credit_card,paid
ORD0001144,paypal,paid
ORD0001145,paypal,paid
ORD0001146,credit_card,paid
ORD0001147,klarna,paid
ORD0001148,bank_transfer,paid
ORD0001149,credit_card,paid
ORD0001150,credit_card,paid
ORD0001151,paypal,paid
ORD0001152,credit_card,paid
ORD0001153,paypal,paid
ORD0001154,credit_card,paid
ORD0001155,credit_card,paid
ORD0001156,credit_card,paid
ORD0001157,credit_card,paid
ORD0001158,paypal,refunded
ORD0001159,klarna,paid
ORD0001160,paypal,refunded
ORD0001161,klarna,refunded
ORD0001162,paypal,paid
ORD0001163,credit_card,paid
ORD0001164,apple_pay,paid
ORD0001165,credit_card,paid
ORD0001166,paypal,paid
ORD0001167,credit_card,paid
ORD0001168,klarna,paid
ORD0001169,credit_card,paid
ORD0001170,paypal,paid
ORD0001171,credit_card,paid
ORD0001172,klarna,paid
ORD0001173,klarna,paid
ORD0001174,credit_card,paid
ORD0001175,credit_card,refunded
ORD0001176,credit_card,paid
ORD0001177,klarna,paid
ORD0001178,apple_pay,paid
ORD0001179,paypal,paid
ORD0001180,credit_card,paid
ORD0001181,credit_card,paid
ORD0001182,credit_card,paid
ORD0001183,credit_card,paid
ORD0001184,paypal,paid
ORD0001185,paypal,paid
ORD0001186,credit_card,paid
ORD0001187,paypal,paid
ORD0001188,credit_card,paid
ORD0001189,paypal,paid
ORD0001190,apple_pay,paid
ORD0001191,credit_card,paid
ORD0001192,credit_card,paid
ORD0001193,apple_pay,paid
ORD0001194,paypal,paid
ORD0001195,credit_card,paid
ORD0001196,credit_card,paid
ORD0001197,credit_card,refunded
ORD0001198,klarna,paid
ORD0001199,credit_card,paid
ORD0001200,paypal,paid
ORD0001201,apple_pay,refunded
ORD0001202,apple_pay,paid
ORD0001203,credit_card,paid
ORD0001204,apple_pay,paid
ORD0001205,credit_card,paid
ORD0001206,credit_card,refunded
ORD0001207,apple_pay,paid
ORD0001208,klarna,paid
ORD0001209,bank_transfer,paid
ORD0001210,apple_pay,paid
ORD0001211,klarna,paid
ORD0001212,credit_card,paid
ORD0001213,credit_card,paid
ORD0001214,credit_card,refunded
ORD0001215,credit_card,paid
ORD0001216,klarna,paid
ORD0001217,credit_card,paid
ORD0001218,credit_card,refunded
ORD0001219,klarna,paid
ORD0001220,credit_card,paid
ORD0001221,klarna,paid
ORD0001222,credit_card,paid
ORD0001223,apple_pay,paid
ORD0001224,klarna,paid
ORD0001225,credit_card,paid
ORD0001226,paypal,paid
ORD0001227,credit_card,paid
ORD0001228,paypal,paid
ORD0001229,paypal,paid
ORD0001230,credit_card,paid
ORD0001231,paypal,paid
ORD0001232,paypal,paid
ORD0001233,credit_card,paid
ORD0001234,credit_card,paid
ORD0001235,apple_pay,paid
ORD0001236,paypal,paid
ORD0001237,apple_pay,refunded
ORD0001238,apple_pay,paid
ORD0001239,credit_card,paid
ORD0001240,klarna,paid
ORD0001241,paypal,paid
ORD0001242,credit_card,paid
ORD0001243,credit_card,paid
ORD0001244,klarna,paid
ORD0001245,credit_card,paid
ORD0001246,credit_card,paid
ORD0001247,paypal,paid
ORD0001248,credit_card,paid
ORD0001249,credit_card,paid
ORD0001250,paypal,paid
ORD0001251,paypal,paid
ORD0001252,paypal,paid
ORD0001253,credit_card,paid
ORD0001254,klarna,paid
ORD0001255,bank_transfer,paid
ORD0001256,paypal,refunded
ORD0001257,credit_card,paid
ORD0001258,klarna,paid
ORD0001259,paypal,paid
ORD0001260,credit_card,paid
ORD0001261,credit_card,paid
ORD0001262,klarna,paid
ORD0001263,klarna,paid
ORD0001264,paypal,paid
ORD0001265,credit_card,paid
ORD0001266,klarna,paid
ORD0001267,klarna,paid
ORD0001268,apple_pay,paid
ORD0001269,apple_pay,paid
ORD0001270,paypal,paid
ORD0001271,apple_pay,paid
ORD0001272,credit_card,paid
ORD0001273,paypal,paid
ORD0001274,paypal,paid
ORD0001275,apple_pay,paid
ORD0001276,credit_card,paid
ORD0001277,paypal,paid
ORD0001278,klarna,paid
ORD0001279,apple_pay,paid
ORD0001280,bank_transfer,paid
ORD0001281,credit_card,paid
ORD0001282,paypal,paid
ORD0001283,bank_transfer,paid
ORD0001284,klarna,paid
ORD0001285,paypal,paid
ORD0001286,paypal,refunded
ORD0001287,klarna,paid
ORD0001288,bank_transfer,paid
ORD0001289,credit_card,paid
ORD0001290,credit_card,paid
ORD0001291,credit_card,paid
ORD0001292,klarna,paid
ORD0001293,klarna,paid
ORD0001294,credit_card,paid
ORD0001295,paypal,paid
ORD0001296,credit_card,paid
ORD0001297,klarna,paid
ORD0001298,paypal,paid
ORD0001299,apple_pay,refunded
ORD0001300,apple_pay,paid
ORD0001301,credit_card,paid
ORD0001302,credit_card,paid
ORD0001303,credit_card,paid
ORD0001304,credit_card,paid
ORD0001305,credit_card,paid
ORD0001306,credit_card,paid
ORD0001307,credit_card,paid
ORD0001308,credit_card,paid
ORD0001309,paypal,paid
ORD0001310,apple_pay,paid
ORD0001311,credit_card,paid
ORD0001312,bank_transfer,paid
ORD0001313,credit_card,paid
ORD0001314,bank_transfer,paid
ORD0001315,paypal,refunded
ORD0001316,credit_card,paid
ORD0001317,klarna,paid
ORD0001318,apple_pay,paid
ORD0001319,credit_card,paid
ORD0001320,bank_transfer,refunded
ORD0001321,paypal,paid
ORD0001322,paypal,paid
ORD0001323,credit_card,paid
ORD0001324,credit_card,paid
ORD0001325,credit_card,paid
ORD0001326,credit_card,paid
ORD0001327,paypal,paid
ORD0001328,apple_pay,paid
ORD0001329,credit_card,paid
ORD0001330,paypal,refunded
ORD0001331,paypal,paid
ORD0001332,credit_card,paid
ORD0001333,credit_card,paid
ORD0001334,klarna,paid
ORD0001335,paypal,paid
ORD0001336,credit_card,paid
ORD0001337,credit_card,paid
ORD0001338,credit_card,paid
ORD0001339,paypal,paid
ORD0001340,credit_card,paid
ORD0001341,credit_card,refunded
ORD0001342,credit_card,paid
ORD0001343,bank_transfer,paid
ORD0001344,credit_card,paid
ORD0001345,apple_pay,paid
ORD0001346,paypal,paid
ORD0001347,credit_card,paid
ORD0001348,credit_card,paid
ORD0001349,paypal,paid
ORD0001350,credit_card,paid
ORD0001351,paypal,paid
ORD0001352,credit_card,paid
ORD0001353,credit_card,paid
ORD0001354,credit_card,refunded
ORD0001355,paypal,paid
ORD0001356,credit_card,paid
ORD0001357,paypal,paid
ORD0001358,credit_card,paid
ORD0001359,klarna,paid
ORD0001360,klarna,paid
ORD0001361,paypal,paid
ORD0001362,credit_card,paid
ORD0001363,paypal,paid
ORD0001364,apple_pay,paid
ORD0001365,credit_card,paid
ORD0001366,paypal,paid
ORD0001367,credit_card,paid
ORD0001368,credit_card,refunded
ORD0001369,credit_card,paid
ORD0001370,credit_card,paid
ORD0001371,apple_pay,paid
ORD0001372,klarna,paid
ORD0001373,paypal,paid
ORD0001374,credit_card,paid
ORD0001375,credit_card,paid
ORD0001376,klarna,paid
ORD0001377,klarna,paid
ORD0001378,credit_card,paid
ORD0001379,paypal,paid
ORD0001380,credit_card,paid
ORD0001381,paypal,paid
ORD0001382,credit_card,paid
ORD0001383,credit_card,paid
ORD0001384,credit_card,paid
ORD0001385,credit_card,paid
ORD0001386,klarna,paid
ORD0001387,apple_pay,paid
ORD0001388,paypal,paid
ORD0001389,klarna,paid
ORD0001390,credit_card,paid
ORD0001391,credit_card,paid
ORD0001392,credit_card,paid
ORD0001393,paypal,paid
ORD0001394,paypal,paid
ORD0001395,credit_card,paid
ORD0001396,credit_card,refunded
ORD0001397,credit_card,paid
ORD0001398,klarna,paid
ORD0001399,credit_card,paid
ORD0001400,bank_transfer,paid
ORD0001401,credit_card,paid
ORD0001402,apple_pay,paid
ORD0001403,klarna,refunded
ORD0001404,klarna,paid
ORD0001405,apple_pay,paid
ORD0001406,credit_card,paid
ORD0001407,credit_card,paid
ORD0001408,credit_card,paid
ORD0001409,bank_transfer,paid
ORD0001410,apple_pay,paid
ORD0001411,bank_transfer,paid
ORD0001412,credit_card,paid
ORD0001413,credit_card,paid
ORD0001414,credit_card,paid
ORD0001415,apple_pay,paid
ORD0001416,klarna,paid
ORD0001417,credit_card,paid
ORD0001418,paypal,paid
ORD0001419,klarna,paid
ORD0001420,credit_card,paid
ORD0001421,paypal,paid
ORD0001422,credit_card,paid
ORD0001423,bank_transfer,paid
ORD0001424,credit_card,paid
ORD0001425,credit_card,paid
ORD0001426,credit_card,paid
ORD0001427,bank_transfer,paid
ORD0001428,credit_card,paid
ORD0001429,paypal,paid
ORD0001430,bank_transfer,paid
ORD0001431,credit_card,paid
ORD0001432,paypal,paid
ORD0001433,paypal,paid
ORD0001434,credit_card,paid
ORD0001435,paypal,paid
ORD0001436,paypal,paid
ORD0001437,credit_card,paid
ORD0001438,credit_card,refunded
ORD0001439,klarna,paid
ORD0001440,credit_card,paid
ORD0001441,paypal,paid
ORD0001442,credit_card,paid
ORD0001443,bank_transfer,paid
ORD0001444,klarna,paid
ORD0001445,credit_card,paid
ORD0001446,credit_card,paid
ORD0001447,paypal,paid
ORD0001448,credit_card,paid
ORD0001449,credit_card,paid
ORD0001450,credit_card,paid
ORD0001451,credit_card,paid
ORD0001452,klarna,paid
ORD0001453,credit_card,paid
ORD0001454,klarna,paid
ORD0001455,paypal,refunded
ORD0001456,paypal,paid
ORD0001457,credit_card,paid
ORD0001458,credit_card,paid
ORD0001459,credit_card,paid
ORD0001460,credit_card,paid
ORD0001461,credit_card,paid
ORD0001462,paypal,paid
ORD0001463,credit_card,paid
ORD0001464,paypal,paid
ORD0001465,klarna,paid
ORD0001466,credit_card,refunded
ORD0001467,paypal,paid
ORD0001468,klarna,paid
ORD0001469,paypal,paid
ORD0001470,credit_card,paid
ORD0001471,paypal,paid
ORD0001472,paypal,paid
ORD0001473,bank_transfer,paid
ORD0001474,credit_card,paid
ORD0001475,credit_card,paid
ORD0001476,paypal,paid
ORD0001477,apple_pay,paid
ORD0001478,klarna,paid
ORD0001479,paypal,paid
ORD0001480,credit_card,paid
ORD0001481,credit_card,paid
ORD0001482,paypal,paid
ORD0001483,credit_card,paid
ORD0001484,klarna,paid
ORD0001485,credit_card,paid
ORD0001486,paypal,paid
ORD0001487,paypal,paid
ORD0001488,apple_pay,paid
ORD0001489,paypal,paid
ORD0001490,paypal,refunded
ORD0001491,bank_transfer,refunded
ORD0001492,klarna,paid
ORD0001493,credit_card,paid
ORD0001494,credit_card,paid
ORD0001495,credit_card,paid
ORD0001496,credit_card,paid
ORD0001497,credit_card,paid
ORD0001498,paypal,refunded
ORD0001499,credit_card,paid
ORD0001500,credit_card,paid
ORD0001501,paypal,paid
ORD0001502,credit_card,refunded
ORD0001503,klarna,paid
ORD0001504,paypal,paid
ORD0001505,credit_card,paid
ORD0001506,apple_pay,paid
ORD0001507,paypal,paid
ORD0001508,paypal,paid
ORD0001509,credit_card,paid
ORD0001510,credit_card,paid
ORD0001511,credit_card,paid
ORD0001512,credit_card,paid
ORD0001513,klarna,paid
ORD0001514,credit_card,paid
ORD0001515,credit_card,paid
ORD0001516,paypal,paid
ORD0001517,klarna,paid
ORD0001518,credit_card,paid
ORD0001519,klarna,paid
ORD0001520,credit_card,paid
ORD0001521,bank_transfer,paid
ORD0001522,klarna,paid
ORD0001523,apple_pay,paid
ORD0001524,credit_card,refunded
ORD0001525,apple_pay,paid
ORD0001526,credit_card,paid
ORD0001527,klarna,paid
ORD0001528,credit_card,paid
ORD0001529,apple_pay,paid
ORD0001530,paypal,paid
ORD0001531,credit_card,paid
ORD0001532,apple_pay,paid
ORD0001533,credit_card,paid
ORD0001534,credit_card,paid
ORD0001535,paypal,paid
ORD0001536,bank_transfer,paid
ORD0001537,credit_card,paid
ORD0001538,credit_card,paid
ORD0001539,paypal,paid
ORD0001540,klarna,refunded
ORD0001541,bank_transfer,paid
ORD0001542,credit_card,paid
ORD0001543,credit_card,paid
ORD0001544,credit_card,paid
ORD0001545,credit_card,paid
ORD0001546,klarna,paid
ORD0001547,credit_card,paid
ORD0001548,paypal,paid
ORD0001549,apple_pay,paid
ORD0001550,klarna,paid
ORD0001551,credit_card,paid
ORD0001552,credit_card,paid
ORD0001553,klarna,paid
ORD0001554,paypal,paid
ORD0001555,credit_card,paid
ORD0001556,credit_card,refunded
ORD0001557,klarna,paid
ORD0001558,credit_card,paid
ORD0001559,credit_card,paid
ORD0001560,apple_pay,paid
ORD0001561,apple_pay,paid
ORD0001562,paypal,paid
ORD0001563,klarna,paid
ORD0001564,credit_card,paid
ORD0001565,credit_card,paid
ORD0001566,credit_card,paid
ORD0001567,klarna,paid
ORD0001568,klarna,paid
ORD0001569,paypal,paid
ORD0001570,credit_card,paid
ORD0001571,apple_pay,paid
ORD0001572,apple_pay,paid
ORD0001573,credit_card,paid
ORD0001574,paypal,paid
ORD0001575,credit_card,paid
ORD0001576,credit_card,refunded
ORD0001577,credit_card,paid
ORD0001578,credit_card,paid
ORD0001579,credit_card,paid
ORD0001580,credit_card,paid
ORD0001581,paypal,paid
ORD0001582,paypal,paid
ORD0001583,credit_card,paid
ORD0001584,bank_transfer,paid
ORD0001585,paypal,paid
ORD0001586,credit_card,paid
ORD0001587,credit_card,paid
ORD0001588,paypal,paid
ORD0001589,paypal,paid
ORD0001590,credit_card,paid
ORD0001591,credit_card,paid
ORD0001592,bank_transfer,paid
ORD0001593,klarna,paid
ORD0001594,bank_transfer,paid
ORD0001595,paypal,paid
ORD0001596,credit_card,refunded
ORD0001597,paypal,paid
ORD0001598,klarna,paid
ORD0001599,credit_card,paid
ORD0001600,credit_card,paid
ORD0001601,credit_card,paid
ORD0001602,credit_card,paid
ORD0001603,credit_card,paid
ORD0001604,paypal,paid
ORD0001605,paypal,paid
ORD0001606,apple_pay,paid
ORD0001607,apple_pay,paid
ORD0001608,credit_card,paid
ORD0001609,credit_card,paid
ORD0001610,credit_card,paid
ORD0001611,bank_transfer,paid
ORD0001612,paypal,paid
ORD0001613,paypal,paid
ORD0001614,paypal,paid
ORD0001615,credit_card,paid
ORD0001616,paypal,paid
ORD0001617,credit_card,paid
ORD0001618,paypal,paid
ORD0001619,credit_card,paid
ORD0001620,klarna,paid
ORD0001621,paypal,paid
ORD0001622,paypal,paid
ORD0001623,credit_card,paid
ORD0001624,credit_card,paid
ORD0001625,paypal,paid
ORD0001626,klarna,paid
ORD0001627,credit_card,paid
ORD0001628,credit_card,paid
ORD0001629,klarna,paid
ORD0001630,apple_pay,refunded
ORD0001631,credit_card,refunded
ORD0001632,credit_card,paid
ORD0001633,paypal,paid
ORD0001634,paypal,paid
ORD0001635,credit_card,paid
ORD0001636,klarna,paid
ORD0001637,credit_card,paid
ORD0001638,credit_card,paid
ORD0001639,credit_card,paid
ORD0001640,klarna,paid
ORD0001641,credit_card,paid
ORD0001642,bank_transfer,paid
ORD0001643,credit_card,paid
ORD0001644,credit_card,paid
ORD0001645,paypal,paid
ORD0001646,apple_pay,paid
ORD0001647,apple_pay,paid
ORD0001648,credit_card,paid
ORD0001649,credit_card,paid
ORD0001650,apple_pay,paid
ORD0001651,credit_card,paid
ORD0001652,paypal,paid
ORD0001653,credit_card,refunded
ORD0001654,credit_card,paid
ORD0001655,bank_transfer,paid
ORD0001656,credit_card,paid
ORD0001657,credit_card,refunded
ORD0001658,credit_card,paid
ORD0001659,klarna,paid
ORD0001660,paypal,paid
ORD0001661,paypal,paid
ORD0001662,paypal,paid
ORD0001663,credit_card,paid
ORD0001664,credit_card,paid
ORD0001665,apple_pay,paid
ORD0001666,credit_card,paid
ORD0001667,paypal,paid
ORD0001668,credit_card,paid
ORD0001669,credit_card,paid
ORD0001670,credit_card,paid
ORD0001671,bank_transfer,paid
ORD0001672,credit_card,paid
ORD0001673,credit_card,paid
ORD0001674,paypal,paid
ORD0001675,bank_transfer,paid
ORD0001676,klarna,paid
ORD0001677,credit_card,paid
ORD0001678,credit_card,paid
ORD0001679,klarna,paid
ORD0001680,credit_card,paid
ORD0001681,credit_card,paid
ORD0001682,credit_card,paid
ORD0001683,credit_card,refunded
ORD0001684,credit_card,paid
ORD0001685,credit_card,paid
ORD0001686,klarna,paid
ORD0001687,bank_transfer,paid
ORD0001688,credit_card,paid
ORD0001689,credit_card,paid
ORD0001690,apple_pay,paid
ORD0001691,credit_card,paid
ORD0001692,credit_card,paid
ORD0001693,klarna,paid
ORD0001694,paypal,paid
ORD0001695,bank_transfer,paid
ORD0001696,klarna,paid
ORD0001697,apple_pay,paid
ORD0001698,credit_card,paid
ORD0001699,credit_card,paid
ORD0001700,paypal,paid
ORD0001701,credit_card,paid
ORD0001702,credit_card,paid
ORD0001703,credit_card,paid
ORD0001704,paypal,refunded
ORD0001705,paypal,paid
ORD0001706,apple_pay,paid
ORD0001707,credit_card,refunded
ORD0001708,credit_card,paid
ORD0001709,paypal,paid
ORD0001710,apple_pay,paid
ORD0001711,credit_card,paid
ORD0001712,credit_card,paid
ORD0001713,paypal,paid
ORD0001714,credit_card,paid
ORD0001715,credit_card,paid
ORD0001716,paypal,paid
ORD0001717,klarna,paid
ORD0001718,paypal,paid
ORD0001719,credit_card,paid
ORD0001720,credit_card,paid
ORD0001721,paypal,paid
ORD0001722,paypal,paid
ORD0001723,credit_card,paid
ORD0001724,apple_pay,paid
ORD0001725,credit_card,paid
ORD0001726,bank_transfer,paid
ORD0001727,bank_transfer,refunded
ORD0001728,paypal,paid
ORD0001729,klarna,paid
ORD0001730,credit_card,paid
ORD0001731,klarna,paid
ORD0001732,credit_card,paid
ORD0001733,apple_pay,paid
ORD0001734,credit_card,paid
ORD0001735,apple_pay,paid
ORD0001736,paypal,paid
ORD0001737,paypal,paid
ORD0001738,credit_card,paid
ORD0001739,credit_card,paid
ORD0001740,credit_card,paid
ORD0001741,paypal,refunded
ORD0001742,credit_card,paid
ORD0001743,credit_card,paid
ORD0001744,klarna,paid
ORD0001745,credit_card,paid
ORD0001746,klarna,paid
ORD0001747,paypal,paid
ORD0001748,bank_transfer,paid
ORD0001749,paypal,paid
ORD0001750,credit_card,paid
ORD0001751,paypal,paid
ORD0001752,credit_card,paid
ORD0001753,credit_card,paid
ORD0001754,credit_card,paid
ORD0001755,apple_pay,paid
ORD0001756,apple_pay,refunded
ORD0001757,klarna,paid
ORD0001758,paypal,paid
ORD0001759,credit_card,paid
ORD0001760,credit_card,paid
ORD0001761,bank_transfer,paid
ORD0001762,credit_card,paid
ORD0001763,paypal,paid
ORD0001764,paypal,paid
ORD0001765,bank_transfer,refunded
ORD0001766,klarna,paid
ORD0001767,paypal,paid
ORD0001768,paypal,paid
ORD0001769,credit_card,paid
ORD0001770,credit_card,paid
ORD0001771,klarna,refunded
ORD0001772,apple_pay,paid
ORD0001773,credit_card,paid
ORD0001774,paypal,paid
ORD0001775,klarna,paid
ORD0001776,credit_card,refunded
ORD0001777,credit_card,paid
ORD0001778,klarna,paid
ORD0001779,credit_card,paid
ORD0001780,credit_card,paid
ORD0001781,credit_card,paid
ORD0001782,klarna,paid
ORD0001783,credit_card,paid
ORD0001784,credit_card,paid
ORD0001785,paypal,paid
ORD0001786,credit_card,paid
ORD0001787,credit_card,paid
ORD0001788,bank_transfer,paid
ORD0001789,paypal,paid
ORD0001790,credit_card,refunded
ORD0001791,apple_pay,paid
ORD0001792,paypal,paid
ORD0001793,credit_card,paid
ORD0001794,apple_pay,paid
ORD0001795,klarna,paid
ORD0001796,credit_card,paid
ORD0001797,credit_card,paid
ORD0001798,paypal,paid
ORD0001799,apple_pay,paid
ORD0001800,klarna,paid
ORD0001801,credit_card,refunded
ORD0001802,paypal,paid
ORD0001803,paypal,paid
ORD0001804,credit_card,paid
ORD0001805,paypal,paid
ORD0001806,credit_card,paid
ORD0001807,bank_transfer,paid
ORD0001808,paypal,paid
ORD0001809,credit_card,paid
ORD0001810,credit_card,paid
ORD0001811,paypal,paid
ORD0001812,credit_card,paid
ORD0001813,klarna,paid
ORD0001814,credit_card,paid
ORD0001815,credit_card,paid
ORD0001816,klarna,paid
ORD0001817,klarna,paid
ORD0001818,paypal,paid
ORD0001819,klarna,refunded
ORD0001820,paypal,paid
ORD0001821,credit_card,paid
ORD0001822,klarna,paid
ORD0001823,credit_card,paid
ORD0001824,apple_pay,paid
ORD0001825,credit_card,paid
ORD0001826,credit_card,paid
ORD0001827,apple_pay,refunded
ORD0001828,apple_pay,paid
ORD0001829,klarna,paid
ORD0001830,credit_card,paid
ORD0001831,credit_card,paid
ORD0001832,paypal,paid
ORD0001833,paypal,paid
ORD0001834,credit_card,paid
ORD0001835,credit_card,paid
ORD0001836,credit_card,paid
ORD0001837,klarna,paid
ORD0001838,apple_pay,paid
ORD0001839,credit_card,paid
ORD0001840,klarna,paid
ORD0001841,credit_card,paid
ORD0001842,credit_card,paid
ORD0001843,credit_card,paid
ORD0001844,credit_card,paid
ORD0001845,credit_card,paid
ORD0001846,bank_transfer,paid
ORD0001847,credit_card,paid
ORD0001848,paypal,paid
ORD0001849,paypal,paid
ORD0001850,credit_card,paid
ORD0001851,paypal,paid
ORD0001852,klarna,refunded
ORD0001853,apple_pay,paid
ORD0001854,credit_card,paid
ORD0001855,credit_card,paid
ORD0001856,credit_card,paid
ORD0001857,klarna,paid
ORD0001858,paypal,paid
ORD0001859,bank_transfer,paid
ORD0001860,credit_card,paid
ORD0001861,paypal,paid
ORD0001862,klarna,paid
ORD0001863,credit_card,paid
ORD0001864,apple_pay,paid
ORD0001865,credit_card,paid
ORD0001866,credit_card,paid
ORD0001867,klarna,paid
ORD0001868,apple_pay,paid
ORD0001869,credit_card,refunded
ORD0001870,credit_card,paid
ORD0001871,paypal,paid
ORD0001872,klarna,paid
ORD0001873,klarna,paid
ORD0001874,apple_pay,paid
ORD0001875,credit_card,paid
ORD0001876,credit_card,paid
ORD0001877,credit_card,paid
ORD0001878,apple_pay,paid
ORD0001879,apple_pay,paid
ORD0001880,credit_card,paid
ORD0001881,apple_pay,paid
ORD0001882,paypal,paid
ORD0001883,bank_transfer,paid
ORD0001884,paypal,refunded
ORD0001885,apple_pay,paid
ORD0001886,paypal,paid
ORD0001887,apple_pay,paid
ORD0001888,paypal,paid
ORD0001889,credit_card,paid
ORD0001890,credit_card,paid
ORD0001891,klarna,paid
ORD0001892,credit_card,paid
ORD0001893,credit_card,paid
ORD0001894,credit_card,paid
ORD0001895,credit_card,paid
ORD0001896,klarna,paid
ORD0001897,credit_card,paid
ORD0001898,paypal,paid
ORD0001899,paypal,paid
ORD0001900,credit_card,paid
ORD0001901,credit_card,paid
ORD0001902,paypal,paid
ORD0001903,paypal,paid
ORD0001904,credit_card,refunded
ORD0001905,credit_card,paid
ORD0001906,paypal,paid
ORD0001907,credit_card,paid
ORD0001908,credit_card,paid
ORD0001909,klarna,paid
ORD0001910,paypal,paid
ORD0001911,credit_card,paid
ORD0001912,paypal,paid
ORD0001913,credit_card,paid
ORD0001914,credit_card,paid
ORD0001915,klarna,paid
ORD0001916,bank_transfer,paid
ORD0001917,credit_card,paid
ORD0001918,apple_pay,paid
ORD0001919,credit_card,paid
ORD0001920,credit_card,paid
ORD0001921,paypal,paid
ORD0001922,credit_card,paid
ORD0001923,klarna,paid
ORD0001924,paypal,paid
ORD0001925,credit_card,paid
ORD0001926,bank_transfer,paid
ORD0001927,credit_card,paid
ORD0001928,credit_card,paid
ORD0001929,credit_card,paid
ORD0001930,credit_card,paid
ORD0001931,credit_card,paid
ORD0001932,credit_card,paid
ORD0001933,klarna,paid
ORD0001934,credit_card,paid
ORD0001935,apple_pay,paid
ORD0001936,klarna,paid
ORD0001937,apple_pay,paid
ORD0001938,paypal,paid
ORD0001939,credit_card,paid
ORD0001940,credit_card,paid
ORD0001941,paypal,paid
ORD0001942,paypal,paid
ORD0001943,apple_pay,paid
ORD0001944,credit_card,paid
ORD0001945,credit_card,paid
ORD0001946,apple_pay,paid
ORD0001947,credit_card,paid
ORD0001948,credit_card,paid
ORD0001949,credit_card,paid
ORD0001950,paypal,paid
ORD0001951,bank_transfer,paid
ORD0001952,credit_card,paid
ORD0001953,klarna,paid
ORD0001954,klarna,paid
ORD0001955,bank_transfer,paid
ORD0001956,paypal,paid
ORD0001957,credit_card,paid
ORD0001958,klarna,paid
ORD0001959,paypal,paid
ORD0001960,paypal,paid
ORD0001961,paypal,paid
ORD0001962,bank_transfer,paid
ORD0001963,klarna,paid
ORD0001964,paypal,paid
ORD0001965,credit_card,paid
ORD0001966,credit_card,paid
ORD0001967,credit_card,paid
ORD0001968,paypal,paid
ORD0001969,paypal,paid
ORD0001970,credit_card,paid
ORD0001971,paypal,paid
ORD0001972,paypal,paid
ORD0001973,apple_pay,paid
ORD0001974,credit_card,paid
ORD0001975,klarna,paid
ORD0001976,apple_pay,paid
ORD0001977,credit_card,paid
ORD0001978,klarna,paid
ORD0001979,klarna,paid
ORD0001980,apple_pay,paid
ORD0001981,klarna,paid
ORD0001982,apple_pay,paid
ORD0001983,credit_card,paid
ORD0001984,paypal,paid
ORD0001985,credit_card,paid
ORD0001986,bank_transfer,paid
ORD0001987,paypal,paid
ORD0001988,bank_transfer,paid
ORD0001989,bank_transfer,paid
ORD0001990,paypal,paid
ORD0001991,apple_pay,paid
ORD0001992,klarna,paid
ORD0001993,paypal,paid
ORD0001994,klarna,paid
ORD0001995,credit_card,paid
ORD0001996,klarna,paid
ORD0001997,credit_card,paid
ORD0001998,paypal,paid
ORD0001999,klarna,paid
ORD0002000,paypal,paid
ORD0002001,credit_card,paid
ORD0002002,apple_pay,paid
ORD0002003,credit_card,paid
ORD0002004,apple_pay,paid
ORD0002005,credit_card,paid
ORD0002006,apple_pay,paid
ORD0002007,klarna,paid
ORD0002008,paypal,paid
ORD0002009,bank_transfer,paid
ORD0002010,apple_pay,paid
ORD0002011,klarna,paid
ORD0002012,credit_card,paid
ORD0002013,credit_card,paid
ORD0002014,paypal,paid
ORD0002015,credit_card,paid
ORD0002016,apple_pay,paid
ORD0002017,credit_card,paid
ORD0002018,paypal,paid
ORD0002019,paypal,paid
ORD0002020,credit_card,paid
ORD0002021,credit_card,paid
ORD0002022,credit_card,paid
ORD0002023,klarna,paid
ORD0002024,paypal,paid
ORD0002025,paypal,paid
ORD0002026,credit_card,paid
ORD0002027,apple_pay,paid
ORD0002028,credit_card,paid
ORD0002029,bank_transfer,paid
ORD0002030,credit_card,paid
ORD0002031,paypal,paid
ORD0002032,credit_card,paid
ORD0002033,klarna,paid
ORD0002034,credit_card,paid
ORD0002035,klarna,paid
ORD0002036,paypal,paid
ORD0002037,credit_card,paid
ORD0002038,credit_card,paid
ORD0002039,credit_card,paid
ORD0002040,bank_transfer,paid
ORD0002041,bank_transfer,refunded
ORD0002042,klarna,paid
ORD0002043,credit_card,paid
ORD0002044,paypal,paid
ORD0002045,credit_card,paid
ORD0002046,apple_pay,paid
ORD0002047,klarna,paid
ORD0002048,credit_card,paid
ORD0002049,credit_card,paid
ORD0002050,credit_card,refunded
ORD0002051,klarna,paid
ORD0002052,credit_card,paid
ORD0002053,credit_card,refunded
ORD0002054,paypal,paid
ORD0002055,klarna,paid
ORD0002056,paypal,paid
ORD0002057,credit_card,paid
ORD0002058,bank_transfer,paid
ORD0002059,credit_card,paid
ORD0002060,credit_card,paid
ORD0002061,klarna,paid
ORD0002062,paypal,paid
ORD0002063,credit_card,refunded
ORD0002064,credit_card,paid
ORD0002065,klarna,paid
ORD0002066,credit_card,paid
ORD0002067,credit_card,paid
ORD0002068,klarna,paid
ORD0002069,credit_card,refunded
ORD0002070,credit_card,paid
ORD0002071,paypal,paid
ORD0002072,bank_transfer,paid
ORD0002073,bank_transfer,paid
ORD0002074,credit_card,paid
ORD0002075,bank_transfer,paid
ORD0002076,credit_card,paid
ORD0002077,credit_card,paid
ORD0002078,credit_card,paid
ORD0002079,credit_card,paid
ORD0002080,klarna,paid
ORD0002081,credit_card,refunded
ORD0002082,apple_pay,paid
ORD0002083,credit_card,paid
ORD0002084,credit_card,paid
ORD0002085,credit_card,paid
ORD0002086,paypal,paid
ORD0002087,paypal,paid
ORD0002088,paypal,paid
ORD0002089,klarna,paid
ORD0002090,paypal,paid
ORD0002091,paypal,paid
ORD0002092,bank_transfer,paid
ORD0002093,klarna,paid
ORD0002094,klarna,paid
ORD0002095,credit_card,paid
ORD0002096,apple_pay,paid
ORD0002097,apple_pay,refunded
ORD0002098,credit_card,paid
ORD0002099,credit_card,paid
ORD0002100,credit_card,paid
ORD0002101,credit_card,paid
ORD0002102,credit_card,paid
ORD0002103,klarna,paid
ORD0002104,credit_card,paid
ORD0002105,paypal,paid
ORD0002106,klarna,paid
ORD0002107,paypal,paid
ORD0002108,credit_card,paid
ORD0002109,bank_transfer,paid
ORD0002110,credit_card,paid
ORD0002111,credit_card,paid
ORD0002112,credit_card,paid
ORD0002113,credit_card,paid
ORD0002114,klarna,paid
ORD0002115,credit_card,paid
ORD0002116,paypal,paid
ORD0002117,paypal,paid
ORD0002118,credit_card,paid
ORD0002119,paypal,paid
ORD0002120,credit_card,paid
ORD0002121,credit_card,refunded
ORD0002122,klarna,refunded
ORD0002123,credit_card,paid
ORD0002124,credit_card,paid
ORD0002125,credit_card,paid
ORD0002126,credit_card,paid
ORD0002127,credit_card,paid
ORD0002128,klarna,paid
ORD0002129,credit_card,paid
ORD0002130,credit_card,paid
ORD0002131,klarna,paid
ORD0002132,klarna,paid
ORD0002133,klarna,paid
ORD0002134,paypal,paid
ORD0002135,credit_card,paid
ORD0002136,credit_card,refunded
ORD0002137,paypal,paid
ORD0002138,paypal,paid
ORD0002139,klarna,paid
ORD0002140,paypal,paid
ORD0002141,credit_card,paid
ORD0002142,paypal,paid
ORD0002143,paypal,paid
ORD0002144,klarna,paid
ORD0002145,credit_card,paid
ORD0002146,paypal,paid
ORD0002147,credit_card,paid
ORD0002148,credit_card,paid
ORD0002149,credit_card,paid
ORD0002150,credit_card,paid
ORD0002151,klarna,paid
ORD0002152,paypal,paid
ORD0002153,apple_pay,paid
ORD0002154,credit_card,paid
ORD0002155,credit_card,refunded
ORD0002156,credit_card,paid
ORD0002157,credit_card,paid
ORD0002158,credit_card,paid
ORD0002159,klarna,paid
ORD0002160,credit_card,paid
ORD0002161,credit_card,paid
ORD0002162,credit_card,refunded
ORD0002163,credit_card,paid
ORD0002164,credit_card,paid
ORD0002165,credit_card,paid
ORD0002166,paypal,paid
ORD0002167,bank_transfer,paid
ORD0002168,klarna,paid
ORD0002169,credit_card,paid
ORD0002170,paypal,paid
ORD0002171,paypal,paid
ORD0002172,klarna,paid
ORD0002173,apple_pay,paid
ORD0002174,credit_card,paid
ORD0002175,credit_card,paid
ORD0002176,credit_card,paid
ORD0002177,klarna,paid
ORD0002178,credit_card,paid
ORD0002179,credit_card,paid
ORD0002180,apple_pay,paid
ORD0002181,credit_card,paid
ORD0002182,paypal,paid
ORD0002183,paypal,paid
ORD0002184,klarna,paid
ORD0002185,klarna,paid
ORD0002186,apple_pay,paid
ORD0002187,paypal,paid
ORD0002188,paypal,paid
ORD0002189,credit_card,paid
ORD0002190,credit_card,paid
ORD0002191,credit_card,paid
ORD0002192,apple_pay,paid
ORD0002193,paypal,paid
ORD0002194,credit_card,paid
ORD0002195,paypal,paid
ORD0002196,credit_card,paid
ORD0002197,apple_pay,paid
ORD0002198,credit_card,paid
ORD0002199,klarna,paid
ORD0002200,klarna,paid
ORD0002201,klarna,paid
ORD0002202,credit_card,refunded
ORD0002203,credit_card,paid
ORD0002204,paypal,paid
ORD0002205,apple_pay,paid
ORD0002206,credit_card,paid
ORD0002207,paypal,paid
ORD0002208,paypal,paid
ORD0002209,credit_card,paid
ORD0002210,credit_card,paid
ORD0002211,paypal,paid
ORD0002212,credit_card,paid
ORD0002213,credit_card,paid
ORD0002214,credit_card,paid
ORD0002215,apple_pay,paid
ORD0002216,paypal,paid
ORD0002217,credit_card,paid
ORD0002218,apple_pay,paid
ORD0002219,credit_card,paid
ORD0002220,apple_pay,paid
ORD0002221,credit_card,paid
ORD0002222,klarna,paid
ORD0002223,credit_card,refunded
ORD0002224,klarna,paid
ORD0002225,credit_card,paid
ORD0002226,credit_card,paid
ORD0002227,paypal,paid
ORD0002228,credit_card,paid
ORD0002229,klarna,paid
ORD0002230,klarna,paid
ORD0002231,credit_card,paid
ORD0002232,klarna,paid
ORD0002233,credit_card,paid
ORD0002234,bank_transfer,paid
ORD0002235,paypal,paid
ORD0002236,credit_card,paid
ORD0002237,paypal,paid
ORD0002238,credit_card,paid
ORD0002239,credit_card,paid
ORD0002240,credit_card,paid
ORD0002241,credit_card,paid
ORD0002242,klarna,paid
ORD0002243,credit_card,paid
ORD0002244,bank_transfer,paid
ORD0002245,apple_pay,refunded
ORD0002246,apple_pay,paid
ORD0002247,klarna,paid
ORD0002248,apple_pay,paid
ORD0002249,paypal,paid
ORD0002250,credit_card,paid
ORD0002251,klarna,paid
ORD0002252,credit_card,paid
ORD0002253,klarna,paid
ORD0002254,paypal,paid
ORD0002255,apple_pay,paid
ORD0002256,credit_card,paid
ORD0002257,paypal,paid
ORD0002258,credit_card,paid
ORD0002259,klarna,paid
ORD0002260,apple_pay,paid
ORD0002261,paypal,paid
ORD0002262,paypal,paid
ORD0002263,credit_card,paid
ORD0002264,credit_card,paid
ORD0002265,credit_card,paid
ORD0002266,paypal,paid
ORD0002267,credit_card,paid
ORD0002268,credit_card,paid
ORD0002269,credit_card,paid
ORD0002270,apple_pay,paid
ORD0002271,paypal,refunded
ORD0002272,paypal,paid
ORD0002273,klarna,paid
ORD0002274,credit_card,paid
ORD0002275,apple_pay,paid
ORD0002276,credit_card,paid
ORD0002277,bank_transfer,paid
ORD0002278,credit_card,paid
ORD0002279,credit_card,paid
ORD0002280,credit_card,paid
ORD0002281,credit_card,paid
ORD0002282,credit_card,paid
ORD0002283,paypal,paid
ORD0002284,klarna,paid
ORD0002285,credit_card,paid
ORD0002286,apple_pay,paid
ORD0002287,credit_card,paid
ORD0002288,paypal,paid
ORD0002289,paypal,paid
ORD0002290,credit_card,paid
ORD0002291,paypal,paid
ORD0002292,credit_card,paid
ORD0002293,paypal,paid
ORD0002294,credit_card,paid
ORD0002295,klarna,paid
ORD0002296,credit_card,paid
ORD0002297,credit_card,paid
ORD0002298,klarna,paid
ORD0002299,apple_pay,refunded
ORD0002300,credit_card,paid
ORD0002301,credit_card,paid
ORD0002302,paypal,paid
ORD0002303,credit_card,paid
ORD0002304,credit_card,refunded
ORD0002305,paypal,paid
ORD0002306,apple_pay,paid
ORD0002307,bank_transfer,paid
ORD0002308,apple_pay,paid
ORD0002309,paypal,paid
ORD0002310,paypal,paid
ORD0002311,paypal,paid
ORD0002312,credit_card,paid
ORD0002313,credit_card,paid
ORD0002314,klarna,paid
ORD0002315,credit_card,paid
ORD0002316,paypal,paid
ORD0002317,klarna,paid
ORD0002318,klarna,paid
ORD0002319,credit_card,paid
ORD0002320,credit_card,paid
ORD0002321,paypal,paid
ORD0002322,credit_card,paid
ORD0002323,credit_card,paid
ORD0002324,credit_card,paid
ORD0002325,credit_card,paid
ORD0002326,credit_card,paid
ORD0002327,bank_transfer,paid
ORD0002328,credit_card,paid
ORD0002329,klarna,paid
ORD0002330,klarna,paid
ORD0002331,paypal,paid
ORD0002332,paypal,paid
ORD0002333,paypal,refunded
ORD0002334,credit_card,paid
ORD0002335,credit_card,paid
ORD0002336,paypal,paid
ORD0002337,bank_transfer,paid
ORD0002338,credit_card,paid
ORD0002339,paypal,paid
ORD0002340,apple_pay,paid
ORD0002341,paypal,paid
ORD0002342,paypal,paid
ORD0002343,credit_card,paid
ORD0002344,credit_card,paid
ORD0002345,credit_card,paid
ORD0002346,credit_card,paid
ORD0002347,bank_transfer,paid
ORD0002348,paypal,paid
ORD0002349,credit_card,paid
ORD0002350,apple_pay,paid
ORD0002351,credit_card,paid
ORD0002352,apple_pay,paid
ORD0002353,paypal,paid
ORD0002354,klarna,paid
ORD0002355,credit_card,paid
ORD0002356,paypal,paid
ORD0002357,credit_card,paid
ORD0002358,credit_card,paid
ORD0002359,klarna,paid
ORD0002360,paypal,paid
ORD0002361,credit_card,paid
ORD0002362,paypal,paid
ORD0002363,credit_card,paid
ORD0002364,credit_card,paid
ORD0002365,apple_pay,paid
ORD0002366,paypal,paid
ORD0002367,credit_card,paid
ORD0002368,klarna,paid
ORD0002369,credit_card,paid
ORD0002370,credit_card,paid
ORD0002371,credit_card,refunded
ORD0002372,credit_card,paid
ORD0002373,credit_card,paid
ORD0002374,paypal,paid
ORD0002375,credit_card,paid
ORD0002376,apple_pay,paid
ORD0002377,credit_card,paid
ORD0002378,paypal,paid
ORD0002379,credit_card,paid
ORD0002380,paypal,paid
ORD0002381,klarna,paid
ORD0002382,credit_card,paid
ORD0002383,paypal,paid
ORD0002384,paypal,paid
ORD0002385,klarna,paid
ORD0002386,klarna,paid
ORD0002387,paypal,paid
ORD0002388,credit_card,paid
ORD0002389,credit_card,paid
ORD0002390,apple_pay,paid
ORD0002391,credit_card,paid
ORD0002392,klarna,paid
ORD0002393,credit_card,paid
ORD0002394,paypal,paid
ORD0002395,bank_transfer,paid
ORD0002396,paypal,refunded
ORD0002397,klarna,paid
ORD0002398,klarna,paid
ORD0002399,credit_card,paid
ORD0002400,paypal,paid
ORD0002401,bank_transfer,paid
ORD0002402,paypal,paid
ORD0002403,credit_card,paid
ORD0002404,credit_card,paid
ORD0002405,credit_card,refunded
ORD0002406,paypal,paid
ORD0002407,apple_pay,paid
ORD0002408,paypal,paid
ORD0002409,credit_card,paid
ORD0002410,paypal,paid
ORD0002411,paypal,paid
ORD0002412,klarna,paid
ORD0002413,paypal,paid
ORD0002414,credit_card,paid
ORD0002415,apple_pay,paid
ORD0002416,klarna,paid
ORD0002417,paypal,refunded
ORD0002418,apple_pay,paid
ORD0002419,credit_card,paid
ORD0002420,apple_pay,paid
ORD0002421,credit_card,paid
ORD0002422,bank_transfer,paid
ORD0002423,paypal,paid
ORD0002424,credit_card,paid
ORD0002425,credit_card,paid
ORD0002426,credit_card,paid
ORD0002427,apple_pay,paid
ORD0002428,credit_card,paid
ORD0002429,credit_card,paid
ORD0002430,paypal,paid
ORD0002431,credit_card,paid
ORD0002432,apple_pay,paid
ORD0002433,paypal,paid
ORD0002434,apple_pay,paid
ORD0002435,credit_card,paid
ORD0002436,credit_card,paid
ORD0002437,credit_card,paid
ORD0002438,apple_pay,paid
ORD0002439,credit_card,refunded
ORD0002440,credit_card,paid
ORD0002441,credit_card,paid
ORD0002442,paypal,paid
ORD0002443,paypal,paid
ORD0002444,klarna,paid
ORD0002445,bank_transfer,paid
ORD0002446,credit_card,paid
ORD0002447,credit_card,paid
ORD0002448,credit_card,paid
ORD0002449,paypal,paid
ORD0002450,paypal,paid
ORD0002451,paypal,paid
ORD0002452,paypal,paid
ORD0002453,credit_card,paid
ORD0002454,credit_card,paid
ORD0002455,paypal,paid
ORD0002456,credit_card,paid
ORD0002457,klarna,paid
ORD0002458,paypal,paid
ORD0002459,paypal,paid
ORD0002460,credit_card,refunded
ORD0002461,paypal,paid
ORD0002462,credit_card,paid
ORD0002463,credit_card,paid
ORD0002464,paypal,paid
ORD0002465,klarna,paid
ORD0002466,credit_card,paid
ORD0002467,paypal,paid
ORD0002468,credit_card,paid
ORD0002469,klarna,paid
ORD0002470,credit_card,paid
ORD0002471,credit_card,paid
ORD0002472,klarna,paid
ORD0002473,klarna,paid
ORD0002474,credit_card,paid
ORD0002475,apple_pay,paid
ORD0002476,credit_card,paid
ORD0002477,credit_card,paid
ORD0002478,credit_card,paid
ORD0002479,klarna,paid
ORD0002480,credit_card,paid
ORD0002481,paypal,paid
ORD0002482,credit_card,refunded
ORD0002483,bank_transfer,paid
ORD0002484,klarna,paid
ORD0002485,apple_pay,refunded
ORD0002486,klarna,paid
ORD0002487,apple_pay,paid
ORD0002488,paypal,paid
ORD0002489,paypal,paid
ORD0002490,bank_transfer,paid
ORD0002491,paypal,paid
ORD0002492,klarna,paid
ORD0002493,credit_card,paid
ORD0002494,klarna,paid
ORD0002495,credit_card,paid
ORD0002496,credit_card,paid
ORD0002497,credit_card,paid
ORD0002498,klarna,paid
ORD0002499,credit_card,paid
ORD0002500,credit_card,paid
ORD0002501,apple_pay,paid
ORD0002502,paypal,paid
ORD0002503,credit_card,paid
ORD0002504,credit_card,paid
ORD0002505,klarna,paid
ORD0002506,apple_pay,paid
ORD0002507,credit_card,paid
ORD0002508,paypal,paid
ORD0002509,credit_card,paid
ORD0002510,paypal,paid
ORD0002511,klarna,paid
ORD0002512,paypal,paid
ORD0002513,klarna,paid
ORD0002514,paypal,paid
ORD0002515,credit_card,paid
ORD0002516,paypal,paid
ORD0002517,apple_pay,paid
ORD0002518,credit_card,paid
ORD0002519,credit_card,paid
ORD0002520,paypal,paid
ORD0002521,credit_card,paid
ORD0002522,paypal,paid
ORD0002523,klarna,paid
ORD0002524,paypal,refunded
ORD0002525,credit_card,paid
ORD0002526,paypal,paid
ORD0002527,credit_card,paid
ORD0002528,paypal,paid
ORD0002529,apple_pay,paid
ORD0002530,paypal,paid
ORD0002531,credit_card,paid
ORD0002532,credit_card,paid
ORD0002533,paypal,paid
ORD0002534,credit_card,paid
ORD0002535,credit_card,paid
ORD0002536,paypal,paid
ORD0002537,credit_card,paid
ORD0002538,bank_transfer,paid
ORD0002539,credit_card,paid
ORD0002540,bank_transfer,paid
ORD0002541,credit_card,paid
ORD0002542,credit_card,paid
ORD0002543,credit_card,paid
ORD0002544,paypal,refunded
ORD0002545,credit_card,paid
ORD0002546,credit_card,paid
ORD0002547,credit_card,paid
ORD0002548,credit_card,paid
ORD0002549,credit_card,paid
ORD0002550,credit_card,paid
ORD0002551,klarna,paid
ORD0002552,credit_card,paid
ORD0002553,apple_pay,paid
ORD0002554,paypal,paid
ORD0002555,paypal,paid
ORD0002556,paypal,paid
ORD0002557,credit_card,paid
ORD0002558,paypal,paid
ORD0002559,paypal,refunded
ORD0002560,credit_card,paid
ORD0002561,credit_card,paid
ORD0002562,credit_card,paid
ORD0002563,paypal,paid
ORD0002564,bank_transfer,refunded
ORD0002565,credit_card,paid
ORD0002566,credit_card,paid
ORD0002567,credit_card,paid
ORD0002568,credit_card,paid
ORD0002569,klarna,paid
ORD0002570,credit_card,paid
ORD0002571,klarna,paid
ORD0002572,paypal,paid
ORD0002573,credit_card,paid
ORD0002574,credit_card,paid
ORD0002575,bank_transfer,paid
ORD0002576,credit_card,paid
ORD0002577,credit_card,paid
ORD0002578,klarna,paid
ORD0002579,credit_card,refunded
ORD0002580,credit_card,paid
ORD0002581,bank_transfer,paid
ORD0002582,credit_card,paid
ORD0002583,paypal,paid
ORD0002584,credit_card,paid
ORD0002585,bank_transfer,paid
ORD0002586,klarna,paid
ORD0002587,bank_transfer,refunded
ORD0002588,paypal,paid
ORD0002589,credit_card,paid
ORD0002590,credit_card,paid
ORD0002591,apple_pay,paid
ORD0002592,paypal,paid
ORD0002593,klarna,paid
ORD0002594,klarna,paid
ORD0002595,klarna,paid
ORD0002596,credit_card,refunded
ORD0002597,credit_card,paid
ORD0002598,paypal,paid
ORD0002599,bank_transfer,paid
ORD0002600,klarna,paid
ORD0002601,credit_card,paid
ORD0002602,credit_card,paid
ORD0002603,credit_card,paid
ORD0002604,klarna,paid
ORD0002605,bank_transfer,paid
ORD0002606,credit_card,paid
ORD0002607,paypal,paid
ORD0002608,paypal,paid
ORD0002609,credit_card,paid
ORD0002610,credit_card,paid
ORD0002611,apple_pay,paid
ORD0002612,credit_card,paid
ORD0002613,paypal,paid
ORD0002614,klarna,paid
ORD0002615,paypal,paid
ORD0002616,credit_card,paid
ORD0002617,credit_card,paid
ORD0002618,bank_transfer,paid
ORD0002619,klarna,paid
ORD0002620,credit_card,paid
ORD0002621,credit_card,paid
ORD0002622,paypal,paid
ORD0002623,paypal,paid
ORD0002624,paypal,paid
ORD0002625,klarna,refunded
ORD0002626,credit_card,paid
ORD0002627,apple_pay,paid
ORD0002628,paypal,paid
ORD0002629,klarna,paid
ORD0002630,credit_card,refunded
ORD0002631,credit_card,paid
ORD0002632,paypal,paid
ORD0002633,credit_card,paid
ORD0002634,apple_pay,paid
ORD0002635,credit_card,paid
ORD0002636,paypal,paid
ORD0002637,credit_card,paid
ORD0002638,credit_card,paid
ORD0002639,paypal,paid
ORD0002640,klarna,paid
ORD0002641,paypal,paid
ORD0002642,apple_pay,paid
ORD0002643,paypal,paid
ORD0002644,credit_card,paid
ORD0002645,credit_card,paid
ORD0002646,klarna,paid
ORD0002647,credit_card,paid
ORD0002648,credit_card,refunded
ORD0002649,credit_card,paid
ORD0002650,paypal,paid
ORD0002651,credit_card,paid
ORD0002652,credit_card,paid
ORD0002653,apple_pay,paid
ORD0002654,credit_card,paid
ORD0002655,credit_card,paid
ORD0002656,paypal,paid
ORD0002657,paypal,paid
ORD0002658,paypal,paid
ORD0002659,credit_card,paid
ORD0002660,credit_card,paid
ORD0002661,paypal,paid
ORD0002662,credit_card,paid
ORD0002663,paypal,paid
ORD0002664,credit_card,paid
ORD0002665,credit_card,paid
ORD0002666,paypal,paid
ORD0002667,paypal,paid
ORD0002668,apple_pay,paid
ORD0002669,credit_card,paid
ORD0002670,credit_card,paid
ORD0002671,apple_pay,paid
ORD0002672,bank_transfer,paid
ORD0002673,klarna,paid
ORD0002674,apple_pay,paid
ORD0002675,credit_card,paid
ORD0002676,apple_pay,paid
ORD0002677,credit_card,paid
ORD0002678,credit_card,paid
ORD0002679,credit_card,paid
ORD0002680,bank_transfer,paid
ORD0002681,paypal,paid
ORD0002682,paypal,paid
ORD0002683,klarna,paid
ORD0002684,paypal,paid
ORD0002685,klarna,paid
ORD0002686,credit_card,paid
ORD0002687,paypal,paid
ORD0002688,paypal,paid
ORD0002689,paypal,paid
ORD0002690,credit_card,paid
ORD0002691,klarna,paid
ORD0002692,klarna,refunded
ORD0002693,paypal,paid
ORD0002694,credit_card,paid
ORD0002695,bank_transfer,paid
ORD0002696,apple_pay,paid
ORD0002697,credit_card,paid
ORD0002698,credit_card,paid
ORD0002699,credit_card,paid
ORD0002700,credit_card,paid
ORD0002701,paypal,paid
ORD0002702,credit_card,paid
ORD0002703,credit_card,paid
ORD0002704,credit_card,paid
ORD0002705,credit_card,paid
ORD0002706,credit_card,paid
ORD0002707,credit_card,paid
ORD0002708,paypal,paid
ORD0002709,credit_card,paid
ORD0002710,credit_card,paid
ORD0002711,credit_card,paid
ORD0002712,klarna,paid
ORD0002713,paypal,paid
ORD0002714,credit_card,paid
ORD0002715,paypal,paid
ORD0002716,credit_card,paid
ORD0002717,credit_card,paid
ORD0002718,paypal,paid
ORD0002719,credit_card,paid
ORD0002720,credit_card,refunded
ORD0002721,klarna,paid
ORD0002722,credit_card,paid
ORD0002723,credit_card,paid
ORD0002724,paypal,paid
ORD0002725,klarna,paid
ORD0002726,credit_card,paid
ORD0002727,credit_card,paid
ORD0002728,paypal,paid
ORD0002729,paypal,paid
ORD0002730,credit_card,paid
ORD0002731,klarna,paid
ORD0002732,paypal,paid
ORD0002733,credit_card,paid
ORD0002734,credit_card,paid
ORD0002735,paypal,paid
ORD0002736,apple_pay,paid
ORD0002737,paypal,paid
ORD0002738,paypal,refunded
ORD0002739,bank_transfer,paid
ORD0002740,paypal,paid
ORD0002741,credit_card,paid
ORD0002742,credit_card,paid
ORD0002743,credit_card,paid
ORD0002744,apple_pay,paid
ORD0002745,credit_card,paid
ORD0002746,klarna,paid
ORD0002747,paypal,paid
ORD0002748,credit_card,paid
ORD0002749,apple_pay,paid
ORD0002750,paypal,paid
ORD0002751,paypal,paid
ORD0002752,klarna,paid
ORD0002753,credit_card,paid
ORD0002754,paypal,paid
ORD0002755,credit_card,paid
ORD0002756,paypal,paid
ORD0002757,klarna,paid
ORD0002758,apple_pay,paid
ORD0002759,credit_card,paid
ORD0002760,paypal,paid
ORD0002761,paypal,paid
ORD0002762,credit_card,paid
ORD0002763,klarna,paid
ORD0002764,credit_card,paid
ORD0002765,credit_card,paid
ORD0002766,credit_card,refunded
ORD0002767,apple_pay,paid
ORD0002768,credit_card,paid
ORD0002769,credit_card,paid
ORD0002770,credit_card,paid
ORD0002771,credit_card,paid
ORD0002772,apple_pay,paid
ORD0002773,apple_pay,refunded
ORD0002774,credit_card,paid
ORD0002775,credit_card,paid
ORD0002776,paypal,paid
ORD0002777,klarna,paid
ORD0002778,paypal,paid
ORD0002779,credit_card,paid
ORD0002780,klarna,paid
ORD0002781,paypal,paid
ORD0002782,credit_card,paid
ORD0002783,credit_card,paid
ORD0002784,credit_card,paid
ORD0002785,paypal,paid
ORD0002786,credit_card,paid
ORD0002787,credit_card,paid
ORD0002788,bank_transfer,paid
ORD0002789,credit_card,paid
ORD0002790,credit_card,paid
ORD0002791,credit_card,paid
ORD0002792,credit_card,paid
ORD0002793,paypal,paid
ORD0002794,credit_card,paid
ORD0002795,paypal,paid
ORD0002796,credit_card,paid
ORD0002797,credit_card,paid
ORD0002798,klarna,paid
ORD0002799,credit_card,paid
ORD0002800,apple_pay,paid
ORD0002801,klarna,paid
ORD0002802,credit_card,paid
ORD0002803,credit_card,paid
ORD0002804,apple_pay,paid
ORD0002805,credit_card,paid
ORD0002806,credit_card,paid
ORD0002807,apple_pay,paid
ORD0002808,paypal,paid
ORD0002809,paypal,paid
ORD0002810,klarna,paid
ORD0002811,paypal,paid
ORD0002812,credit_card,refunded
ORD0002813,paypal,paid
ORD0002814,paypal,paid
ORD0002815,klarna,refunded
ORD0002816,paypal,paid
ORD0002817,credit_card,paid
ORD0002818,credit_card,paid
ORD0002819,credit_card,paid
ORD0002820,credit_card,paid
ORD0002821,paypal,paid
ORD0002822,apple_pay,paid
ORD0002823,credit_card,paid
ORD0002824,paypal,paid
ORD0002825,klarna,paid
ORD0002826,apple_pay,paid
ORD0002827,credit_card,paid
ORD0002828,bank_transfer,paid
ORD0002829,apple_pay,paid
ORD0002830,klarna,paid
ORD0002831,paypal,paid
ORD0002832,paypal,paid
ORD0002833,klarna,refunded
ORD0002834,paypal,paid
ORD0002835,apple_pay,paid
ORD0002836,apple_pay,paid
ORD0002837,paypal,paid
ORD0002838,paypal,paid
ORD0002839,credit_card,paid
ORD0002840,credit_card,paid
ORD0002841,credit_card,paid
ORD0002842,paypal,paid
ORD0002843,credit_card,paid
ORD0002844,klarna,paid
ORD0002845,credit_card,paid
ORD0002846,credit_card,paid
ORD0002847,credit_card,paid
ORD0002848,credit_card,paid
ORD0002849,apple_pay,paid
ORD0002850,credit_card,paid
ORD0002851,klarna,paid
ORD0002852,credit_card,paid
ORD0002853,credit_card,paid
ORD0002854,credit_card,paid
ORD0002855,paypal,paid
ORD0002856,klarna,paid
ORD0002857,credit_card,paid
ORD0002858,paypal,paid
ORD0002859,credit_card,paid
ORD0002860,paypal,paid
ORD0002861,credit_card,paid
ORD0002862,paypal,paid
ORD0002863,credit_card,paid
ORD0002864,credit_card,paid
ORD0002865,paypal,paid
ORD0002866,credit_card,paid
ORD0002867,credit_card,paid
ORD0002868,klarna,paid
ORD0002869,credit_card,paid
ORD0002870,paypal,paid
ORD0002871,credit_card,paid
ORD0002872,credit_card,paid
ORD0002873,credit_card,paid
ORD0002874,paypal,paid
ORD0002875,credit_card,paid
ORD0002876,credit_card,paid
ORD0002877,klarna,paid
ORD0002878,credit_card,paid
ORD0002879,paypal,paid
ORD0002880,paypal,paid
ORD0002881,paypal,paid
ORD0002882,bank_transfer,paid
ORD0002883,paypal,paid
ORD0002884,bank_transfer,refunded
ORD0002885,paypal,paid
ORD0002886,credit_card,paid
ORD0002887,credit_card,paid
ORD0002888,credit_card,paid
ORD0002889,klarna,paid
ORD0002890,credit_card,paid
ORD0002891,credit_card,paid
ORD0002892,paypal,paid
ORD0002893,klarna,paid
ORD0002894,klarna,paid
ORD0002895,credit_card,paid
ORD0002896,paypal,paid
ORD0002897,klarna,paid
ORD0002898,credit_card,paid
ORD0002899,paypal,paid
ORD0002900,paypal,paid
ORD0002901,klarna,paid
ORD0002902,klarna,paid
ORD0002903,paypal,paid
ORD0002904,credit_card,paid
ORD0002905,credit_card,refunded
ORD0002906,paypal,paid
ORD0002907,credit_card,paid
ORD0002908,paypal,paid
ORD0002909,credit_card,paid
ORD0002910,credit_card,paid
ORD0002911,credit_card,paid
ORD0002912,paypal,paid
ORD0002913,credit_card,paid
ORD0002914,credit_card,paid
ORD0002915,credit_card,paid
ORD0002916,bank_transfer,refunded
ORD0002917,credit_card,paid
ORD0002918,credit_card,paid
ORD0002919,apple_pay,paid
ORD0002920,credit_card,refunded
ORD0002921,credit_card,paid
ORD0002922,apple_pay,paid
ORD0002923,paypal,paid
ORD0002924,credit_card,paid
ORD0002925,klarna,paid
ORD0002926,credit_card,paid
ORD0002927,paypal,paid
ORD0002928,credit_card,paid
ORD0002929,apple_pay,paid
ORD0002930,klarna,paid
ORD0002931,klarna,paid
ORD0002932,credit_card,paid
ORD0002933,credit_card,paid
ORD0002934,credit_card,paid
ORD0002935,klarna,paid
ORD0002936,paypal,paid
ORD0002937,klarna,paid
ORD0002938,credit_card,paid
ORD0002939,credit_card,paid
ORD0002940,klarna,paid
ORD0002941,paypal,paid
ORD0002942,paypal,paid
ORD0002943,klarna,paid
ORD0002944,credit_card,paid
ORD0002945,paypal,paid
ORD0002946,klarna,paid
ORD0002947,credit_card,paid
ORD0002948,bank_transfer,paid
ORD0002949,credit_card,paid
ORD0002950,paypal,paid
ORD0002951,credit_card,paid
ORD0002952,credit_card,paid
ORD0002953,credit_card,paid
ORD0002954,credit_card,paid
ORD0002955,klarna,paid
ORD0002956,klarna,paid
ORD0002957,paypal,paid
ORD0002958,bank_transfer,paid
ORD0002959,klarna,paid
ORD0002960,paypal,paid
ORD0002961,apple_pay,paid
ORD0002962,credit_card,paid
ORD0002963,credit_card,paid
ORD0002964,credit_card,paid
ORD0002965,paypal,paid
ORD0002966,credit_card,paid
ORD0002967,paypal,paid
ORD0002968,bank_transfer,paid
ORD0002969,paypal,paid
ORD0002970,paypal,paid
ORD0002971,paypal,paid
ORD0002972,paypal,paid
ORD0002973,credit_card,paid
ORD0002974,apple_pay,paid
ORD0002975,credit_card,paid
ORD0002976,credit_card,paid
ORD0002977,paypal,paid
ORD0002978,credit_card,paid
ORD0002979,credit_card,paid
ORD0002980,credit_card,paid
ORD0002981,klarna,refunded
ORD0002982,klarna,paid
ORD0002983,paypal,paid
ORD0002984,bank_transfer,paid
ORD0002985,paypal,paid
ORD0002986,paypal,paid
ORD0002987,credit_card,paid
ORD0002988,credit_card,paid
ORD0002989,paypal,paid
ORD0002990,credit_card,paid
ORD0002991,apple_pay,paid
ORD0002992,credit_card,paid
ORD0002993,credit_card,paid
ORD0002994,credit_card,paid
ORD0002995,credit_card,paid
ORD0002996,credit_card,paid
ORD0002997,paypal,refunded
ORD0002998,credit_card,paid
ORD0002999,credit_card,paid
ORD0003000,credit_card,paid
ORD0003001,credit_card,paid
ORD0003002,paypal,paid
ORD0003003,paypal,paid
ORD0003004,klarna,paid
ORD0003005,paypal,paid
ORD0003006,credit_card,paid
ORD0003007,credit_card,paid
ORD0003008,apple_pay,paid
ORD0003009,credit_card,paid
ORD0003010,credit_card,paid
ORD0003011,credit_card,paid
ORD0003012,klarna,paid
ORD0003013,paypal,paid
ORD0003014,klarna,paid
ORD0003015,bank_transfer,paid
ORD0003016,klarna,paid
ORD0003017,credit_card,refunded
ORD0003018,bank_transfer,paid
ORD0003019,paypal,paid
ORD0003020,credit_card,paid
ORD0003021,credit_card,paid
ORD0003022,bank_transfer,paid
ORD0003023,credit_card,paid
ORD0003024,credit_card,paid
ORD0003025,credit_card,paid
ORD0003026,paypal,paid
ORD0003027,credit_card,paid
ORD0003028,credit_card,paid
ORD0003029,klarna,paid
ORD0003030,bank_transfer,paid
ORD0003031,bank_transfer,paid
ORD0003032,credit_card,paid
ORD0003033,apple_pay,paid
ORD0003034,credit_card,paid
ORD0003035,paypal,paid
ORD0003036,paypal,paid
ORD0003037,klarna,paid
ORD0003038,credit_card,paid
ORD0003039,credit_card,paid
ORD0003040,credit_card,paid
ORD0003041,paypal,paid
ORD0003042,credit_card,paid
ORD0003043,credit_card,paid
ORD0003044,paypal,paid
ORD0003045,credit_card,paid
ORD0003046,paypal,paid
ORD0003047,paypal,paid
ORD0003048,klarna,paid
ORD0003049,paypal,paid
ORD0003050,klarna,paid
ORD0003051,apple_pay,paid
ORD0003052,credit_card,paid
ORD0003053,credit_card,paid
ORD0003054,credit_card,refunded
ORD0003055,klarna,paid
ORD0003056,credit_card,paid
ORD0003057,credit_card,paid
ORD0003058,paypal,paid
ORD0003059,paypal,paid
ORD0003060,credit_card,paid
ORD0003061,apple_pay,refunded
ORD0003062,paypal,paid
ORD0003063,klarna,paid
ORD0003064,credit_card,paid
ORD0003065,credit_card,paid
ORD0003066,credit_card,paid
ORD0003067,apple_pay,paid
ORD0003068,credit_card,paid
ORD0003069,credit_card,paid
ORD0003070,credit_card,paid
ORD0003071,paypal,paid
ORD0003072,paypal,paid
ORD0003073,paypal,paid
ORD0003074,paypal,paid
ORD0003075,apple_pay,paid
ORD0003076,klarna,paid
ORD0003077,paypal,paid
ORD0003078,klarna,paid
ORD0003079,credit_card,paid
ORD0003080,credit_card,paid
ORD0003081,credit_card,paid
ORD0003082,klarna,paid
ORD0003083,credit_card,paid
ORD0003084,credit_card,paid
ORD0003085,paypal,paid
ORD0003086,credit_card,paid
ORD0003087,paypal,paid
ORD0003088,credit_card,paid
ORD0003089,apple_pay,paid
ORD0003090,paypal,paid
ORD0003091,credit_card,paid
ORD0003092,credit_card,refunded
ORD0003093,paypal,paid
ORD0003094,credit_card,paid
ORD0003095,paypal,paid
ORD0003096,credit_card,paid
ORD0003097,credit_card,paid
ORD0003098,credit_card,paid
ORD0003099,bank_transfer,paid
ORD0003100,klarna,paid
ORD0003101,klarna,paid
ORD0003102,credit_card,paid
ORD0003103,klarna,paid
ORD0003104,paypal,paid
ORD0003105,credit_card,paid
ORD0003106,credit_card,paid
ORD0003107,paypal,paid
ORD0003108,credit_card,paid
ORD0003109,credit_card,refunded
ORD0003110,apple_pay,paid
ORD0003111,credit_card,paid
ORD0003112,paypal,paid
ORD0003113,klarna,paid
ORD0003114,bank_transfer,paid
ORD0003115,klarna,paid
ORD0003116,credit_card,paid
ORD0003117,credit_card,paid
ORD0003118,paypal,paid
ORD0003119,credit_card,paid
ORD0003120,apple_pay,paid
ORD0003121,apple_pay,paid
ORD0003122,credit_card,paid
ORD0003123,apple_pay,paid
ORD0003124,paypal,paid
ORD0003125,klarna,paid
ORD0003126,paypal,paid
ORD0003127,credit_card,paid
ORD0003128,credit_card,paid
ORD0003129,klarna,paid
ORD0003130,credit_card,paid
ORD0003131,credit_card,paid
ORD0003132,klarna,paid
ORD0003133,credit_card,refunded
ORD0003134,credit_card,paid
ORD0003135,bank_transfer,paid
ORD0003136,credit_card,paid
ORD0003137,klarna,paid
ORD0003138,credit_card,paid
ORD0003139,paypal,paid
ORD0003140,paypal,paid
ORD0003141,paypal,paid
ORD0003142,credit_card,paid
ORD0003143,credit_card,paid
ORD0003144,paypal,paid
ORD0003145,credit_card,paid
ORD0003146,credit_card,paid
ORD0003147,credit_card,paid
ORD0003148,klarna,paid
ORD0003149,apple_pay,paid
ORD0003150,credit_card,paid
ORD0003151,credit_card,refunded
ORD0003152,paypal,paid
ORD0003153,paypal,paid
ORD0003154,credit_card,paid
ORD0003155,credit_card,paid
ORD0003156,bank_transfer,paid
ORD0003157,paypal,paid
ORD0003158,klarna,paid
ORD0003159,credit_card,paid
ORD0003160,apple_pay,paid
ORD0003161,klarna,paid
ORD0003162,klarna,paid
ORD0003163,apple_pay,paid
ORD0003164,apple_pay,paid
ORD0003165,credit_card,paid
ORD0003166,paypal,paid
ORD0003167,credit_card,paid
ORD0003168,paypal,paid
ORD0003169,bank_transfer,paid
ORD0003170,apple_pay,paid
ORD0003171,credit_card,paid
ORD0003172,credit_card,paid
ORD0003173,credit_card,paid
ORD0003174,klarna,paid
ORD0003175,credit_card,paid
ORD0003176,credit_card,paid
ORD0003177,paypal,paid
ORD0003178,credit_card,paid
ORD0003179,klarna,paid
ORD0003180,klarna,paid
ORD0003181,credit_card,paid
ORD0003182,klarna,paid
ORD0003183,apple_pay,paid
ORD0003184,credit_card,paid
ORD0003185,klarna,paid
ORD0003186,apple_pay,paid
ORD0003187,klarna,paid
ORD0003188,paypal,paid
ORD0003189,klarna,paid
ORD0003190,klarna,paid
ORD0003191,apple_pay,paid
ORD0003192,klarna,paid
ORD0003193,apple_pay,paid
ORD0003194,credit_card,paid
ORD0003195,credit_card,paid
ORD0003196,credit_card,paid
ORD0003197,credit_card,paid
ORD0003198,apple_pay,paid
ORD0003199,paypal,paid
ORD0003200,credit_card,paid
ORD0003201,credit_card,paid
ORD0003202,credit_card,paid
ORD0003203,credit_card,paid
ORD0003204,apple_pay,paid
ORD0003205,klarna,paid
ORD0003206,credit_card,paid
ORD0003207,credit_card,paid
ORD0003208,credit_card,paid
ORD0003209,bank_transfer,paid
ORD0003210,paypal,paid
ORD0003211,klarna,paid
ORD0003212,credit_card,paid
ORD0003213,paypal,paid
ORD0003214,apple_pay,paid
ORD0003215,klarna,paid
ORD0003216,credit_card,refunded
ORD0003217,credit_card,refunded
ORD0003218,credit_card,paid
ORD0003219,paypal,paid
ORD0003220,paypal,paid
ORD0003221,paypal,paid
ORD0003222,credit_card,paid
ORD0003223,credit_card,paid
ORD0003224,credit_card,paid
ORD0003225,credit_card,refunded
ORD0003226,credit_card,paid
ORD0003227,paypal,paid
ORD0003228,credit_card,paid
ORD0003229,apple_pay,paid
ORD0003230,paypal,paid
ORD0003231,credit_card,paid
ORD0003232,paypal,paid
ORD0003233,credit_card,paid
ORD0003234,klarna,paid
ORD0003235,apple_pay,refunded
ORD0003236,apple_pay,paid
ORD0003237,apple_pay,refunded
ORD0003238,apple_pay,paid
ORD0003239,credit_card,paid
ORD0003240,paypal,paid
ORD0003241,credit_card,paid
ORD0003242,credit_card,paid
ORD0003243,paypal,paid
ORD0003244,credit_card,paid
ORD0003245,apple_pay,paid
ORD0003246,paypal,paid
ORD0003247,credit_card,paid
ORD0003248,credit_card,paid
ORD0003249,paypal,paid
ORD0003250,credit_card,paid
ORD0003251,credit_card,paid
ORD0003252,paypal,paid
ORD0003253,paypal,paid
ORD0003254,credit_card,paid
ORD0003255,credit_card,paid
ORD0003256,paypal,paid
ORD0003257,paypal,refunded
ORD0003258,klarna,paid
ORD0003259,credit_card,paid
ORD0003260,apple_pay,paid
ORD0003261,klarna,paid
ORD0003262,klarna,paid
ORD0003263,credit_card,paid
ORD0003264,paypal,refunded
ORD0003265,credit_card,paid
ORD0003266,apple_pay,paid
ORD0003267,klarna,paid
ORD0003268,paypal,paid
ORD0003269,klarna,paid
ORD0003270,paypal,paid
ORD0003271,credit_card,paid
ORD0003272,klarna,paid
ORD0003273,credit_card,paid
ORD0003274,credit_card,paid
ORD0003275,paypal,paid
ORD0003276,apple_pay,paid
ORD0003277,credit_card,refunded
ORD0003278,bank_transfer,paid
ORD0003279,credit_card,paid
ORD0003280,credit_card,paid
ORD0003281,credit_card,paid
ORD0003282,credit_card,paid
ORD0003283,klarna,paid
ORD0003284,klarna,paid
ORD0003285,paypal,paid
ORD0003286,apple_pay,paid
ORD0003287,credit_card,paid
ORD0003288,credit_card,paid
ORD0003289,paypal,paid
ORD0003290,credit_card,paid
ORD0003291,klarna,paid
ORD0003292,credit_card,paid
ORD0003293,klarna,paid
ORD0003294,credit_card,paid
ORD0003295,paypal,paid
ORD0003296,credit_card,paid
ORD0003297,bank_transfer,paid
ORD0003298,apple_pay,paid
ORD0003299,paypal,paid
ORD0003300,credit_card,refunded
ORD0003301,paypal,paid
ORD0003302,paypal,paid
ORD0003303,credit_card,paid
ORD0003304,paypal,paid
ORD0003305,paypal,paid
ORD0003306,credit_card,paid
ORD0003307,apple_pay,refunded
ORD0003308,apple_pay,paid
ORD0003309,klarna,paid
ORD0003310,paypal,paid
ORD0003311,credit_card,paid
ORD0003312,paypal,paid
ORD0003313,klarna,paid
ORD0003314,klarna,paid
ORD0003315,paypal,paid
ORD0003316,paypal,refunded
ORD0003317,credit_card,paid
ORD0003318,paypal,paid
ORD0003319,paypal,paid
ORD0003320,credit_card,paid
ORD0003321,klarna,paid
ORD0003322,credit_card,paid
ORD0003323,paypal,refunded
ORD0003324,bank_transfer,paid
ORD0003325,klarna,paid
ORD0003326,credit_card,paid
ORD0003327,apple_pay,paid
ORD0003328,paypal,paid
ORD0003329,credit_card,paid
ORD0003330,paypal,paid
ORD0003331,apple_pay,paid
ORD0003332,credit_card,paid
ORD0003333,credit_card,paid
ORD0003334,credit_card,paid
ORD0003335,paypal,paid
ORD0003336,paypal,paid
ORD0003337,apple_pay,paid
ORD0003338,credit_card,paid
ORD0003339,credit_card,paid
ORD0003340,credit_card,paid
ORD0003341,paypal,paid
ORD0003342,paypal,paid
ORD0003343,credit_card,paid
ORD0003344,credit_card,refunded
ORD0003345,apple_pay,paid
ORD0003346,credit_card,paid
ORD0003347,paypal,paid
ORD0003348,klarna,paid
ORD0003349,klarna,paid
ORD0003350,paypal,paid
ORD0003351,credit_card,paid
ORD0003352,klarna,paid
ORD0003353,credit_card,paid
ORD0003354,klarna,paid
ORD0003355,paypal,paid
ORD0003356,credit_card,paid
ORD0003357,apple_pay,paid
ORD0003358,apple_pay,paid
ORD0003359,klarna,paid
ORD0003360,credit_card,paid
ORD0003361,credit_card,paid
ORD0003362,klarna,paid
ORD0003363,klarna,paid
ORD0003364,paypal,paid
ORD0003365,klarna,paid
ORD0003366,paypal,paid
ORD0003367,paypal,paid
ORD0003368,credit_card,paid
ORD0003369,paypal,paid
ORD0003370,credit_card,paid
ORD0003371,credit_card,paid
ORD0003372,paypal,paid
ORD0003373,apple_pay,paid
ORD0003374,paypal,paid
ORD0003375,klarna,paid
ORD0003376,credit_card,paid
ORD0003377,credit_card,paid
ORD0003378,credit_card,paid
ORD0003379,credit_card,paid
ORD0003380,apple_pay,paid
ORD0003381,apple_pay,paid
ORD0003382,bank_transfer,paid
ORD0003383,credit_card,paid
ORD0003384,paypal,paid
ORD0003385,klarna,paid
ORD0003386,klarna,paid
ORD0003387,klarna,paid
ORD0003388,klarna,paid
ORD0003389,credit_card,paid
ORD0003390,paypal,paid
ORD0003391,credit_card,paid
ORD0003392,paypal,paid
ORD0003393,credit_card,paid
ORD0003394,credit_card,paid
ORD0003395,credit_card,paid
ORD0003396,apple_pay,paid
ORD0003397,credit_card,paid
ORD0003398,credit_card,paid
ORD0003399,paypal,paid
ORD0003400,credit_card,paid
ORD0003401,klarna,paid
ORD0003402,credit_card,paid
ORD0003403,paypal,paid
ORD0003404,klarna,refunded
ORD0003405,klarna,paid
ORD0003406,bank_transfer,paid
ORD0003407,credit_card,paid
ORD0003408,credit_card,paid
ORD0003409,credit_card,paid
ORD0003410,credit_card,refunded
ORD0003411,credit_card,paid
ORD0003412,paypal,paid
ORD0003413,credit_card,paid
ORD0003414,klarna,paid
ORD0003415,klarna,paid
ORD0003416,credit_card,paid
ORD0003417,bank_transfer,paid
ORD0003418,credit_card,paid
ORD0003419,klarna,paid
ORD0003420,paypal,paid
ORD0003421,paypal,paid
ORD0003422,bank_transfer,paid
ORD0003423,paypal,paid
ORD0003424,paypal,paid
ORD0003425,credit_card,paid
ORD0003426,apple_pay,paid
ORD0003427,credit_card,paid
ORD0003428,credit_card,paid
ORD0003429,klarna,paid
ORD0003430,paypal,paid
ORD0003431,apple_pay,paid
ORD0003432,paypal,refunded
ORD0003433,apple_pay,paid
ORD0003434,credit_card,paid
ORD0003435,paypal,paid
ORD0003436,paypal,paid
ORD0003437,credit_card,paid
ORD0003438,apple_pay,paid
ORD0003439,paypal,paid
ORD0003440,credit_card,paid
ORD0003441,paypal,paid
ORD0003442,credit_card,paid
ORD0003443,bank_transfer,paid
ORD0003444,paypal,paid
ORD0003445,credit_card,paid
ORD0003446,klarna,paid
ORD0003447,credit_card,paid
ORD0003448,paypal,paid
ORD0003449,paypal,paid
ORD0003450,credit_card,paid
ORD0003451,credit_card,paid
ORD0003452,credit_card,paid
ORD0003453,credit_card,paid
ORD0003454,paypal,paid
ORD0003455,credit_card,paid
ORD0003456,paypal,paid
ORD0003457,credit_card,paid
ORD0003458,klarna,paid
ORD0003459,credit_card,paid
ORD0003460,credit_card,paid
ORD0003461,credit_card,paid
ORD0003462,paypal,paid
ORD0003463,credit_card,paid
ORD0003464,credit_card,paid
ORD0003465,apple_pay,paid
ORD0003466,klarna,paid
ORD0003467,apple_pay,paid
ORD0003468,klarna,paid
ORD0003469,paypal,paid
ORD0003470,credit_card,paid
ORD0003471,klarna,paid
ORD0003472,credit_card,paid
ORD0003473,apple_pay,paid
ORD0003474,klarna,paid
ORD0003475,klarna,paid
ORD0003476,credit_card,paid
ORD0003477,credit_card,paid
ORD0003478,paypal,paid
ORD0003479,credit_card,paid
ORD0003480,paypal,paid
ORD0003481,bank_transfer,refunded
ORD0003482,credit_card,paid
ORD0003483,apple_pay,paid
ORD0003484,paypal,paid
ORD0003485,paypal,paid
ORD0003486,credit_card,paid
ORD0003487,credit_card,paid
ORD0003488,paypal,paid
ORD0003489,paypal,paid
ORD0003490,paypal,paid
ORD0003491,credit_card,paid
ORD0003492,paypal,paid
ORD0003493,credit_card,paid
ORD0003494,credit_card,paid
ORD0003495,credit_card,paid
ORD0003496,credit_card,paid
ORD0003497,klarna,paid
ORD0003498,credit_card,paid
ORD0003499,apple_pay,paid
ORD0003500,credit_card,paid
ORD0003501,bank_transfer,paid
ORD0003502,paypal,paid
ORD0003503,credit_card,paid
ORD0003504,paypal,paid
ORD0003505,klarna,paid
ORD0003506,credit_card,paid
ORD0003507,credit_card,paid
ORD0003508,paypal,paid
ORD0003509,paypal,paid
ORD0003510,credit_card,paid
ORD0003511,klarna,paid
ORD0003512,credit_card,paid
ORD0003513,paypal,paid
ORD0003514,credit_card,paid
ORD0003515,klarna,paid
ORD0003516,credit_card,paid
ORD0003517,credit_card,paid
ORD0003518,credit_card,paid
ORD0003519,bank_transfer,paid
ORD0003520,credit_card,paid
ORD0003521,klarna,paid
ORD0003522,credit_card,paid
ORD0003523,paypal,paid
ORD0003524,credit_card,paid
ORD0003525,klarna,refunded
ORD0003526,credit_card,paid
ORD0003527,klarna,paid
ORD0003528,apple_pay,paid
ORD0003529,credit_card,paid
ORD0003530,credit_card,paid
ORD0003531,bank_transfer,refunded
ORD0003532,paypal,paid
ORD0003533,credit_card,paid
ORD0003534,klarna,paid
ORD0003535,paypal,paid
ORD0003536,klarna,paid
ORD0003537,apple_pay,paid
ORD0003538,credit_card,paid
ORD0003539,credit_card,paid
ORD0003540,klarna,paid
ORD0003541,paypal,paid
ORD0003542,credit_card,paid
ORD0003543,klarna,paid
ORD0003544,klarna,paid
ORD0003545,credit_card,paid
ORD0003546,klarna,refunded
ORD0003547,credit_card,paid
ORD0003548,credit_card,paid
ORD0003549,paypal,paid
ORD0003550,klarna,paid
ORD0003551,bank_transfer,paid
ORD0003552,paypal,paid
ORD0003553,credit_card,paid
ORD0003554,klarna,paid
ORD0003555,credit_card,paid
ORD0003556,paypal,paid
ORD0003557,paypal,paid
ORD0003558,klarna,paid
ORD0003559,paypal,paid
ORD0003560,credit_card,paid
ORD0003561,paypal,paid
ORD0003562,klarna,refunded
ORD0003563,credit_card,paid
ORD0003564,apple_pay,paid
ORD0003565,paypal,paid
ORD0003566,klarna,paid
ORD0003567,apple_pay,refunded
ORD0003568,credit_card,paid
ORD0003569,credit_card,paid
ORD0003570,credit_card,paid
ORD0003571,apple_pay,paid
ORD0003572,apple_pay,paid
ORD0003573,credit_card,paid
ORD0003574,credit_card,paid
ORD0003575,klarna,paid
ORD0003576,bank_transfer,paid
ORD0003577,paypal,paid
ORD0003578,credit_card,paid
ORD0003579,credit_card,paid
ORD0003580,credit_card,paid
ORD0003581,credit_card,paid
ORD0003582,apple_pay,paid
ORD0003583,credit_card,paid
ORD0003584,credit_card,paid
ORD0003585,apple_pay,paid
ORD0003586,paypal,paid
ORD0003587,credit_card,refunded
ORD0003588,paypal,paid
ORD0003589,klarna,refunded
ORD0003590,credit_card,paid
ORD0003591,credit_card,refunded
ORD0003592,paypal,paid
ORD0003593,credit_card,paid
ORD0003594,paypal,paid
ORD0003595,apple_pay,refunded
ORD0003596,paypal,paid
ORD0003597,credit_card,paid
ORD0003598,credit_card,paid
ORD0003599,klarna,paid
ORD0003600,credit_card,paid
ORD0003601,paypal,paid
ORD0003602,paypal,paid
ORD0003603,klarna,paid
ORD0003604,klarna,paid
ORD0003605,paypal,paid
ORD0003606,credit_card,paid
ORD0003607,credit_card,paid
ORD0003608,credit_card,refunded
ORD0003609,credit_card,paid
ORD0003610,credit_card,paid
ORD0003611,credit_card,paid
ORD0003612,credit_card,paid
ORD0003613,credit_card,paid
ORD0003614,paypal,paid
ORD0003615,apple_pay,paid
ORD0003616,credit_card,paid
ORD0003617,credit_card,paid
ORD0003618,paypal,paid
ORD0003619,credit_card,paid
ORD0003620,klarna,paid
ORD0003621,credit_card,paid
ORD0003622,apple_pay,paid
ORD0003623,paypal,paid
ORD0003624,credit_card,refunded
ORD0003625,klarna,refunded
ORD0003626,paypal,paid
ORD0003627,credit_card,paid
ORD0003628,credit_card,paid
ORD0003629,paypal,paid
ORD0003630,apple_pay,paid
ORD0003631,paypal,paid
ORD0003632,credit_card,refunded
ORD0003633,credit_card,paid
ORD0003634,credit_card,paid
ORD0003635,apple_pay,paid
ORD0003636,paypal,paid
ORD0003637,credit_card,paid
ORD0003638,paypal,paid
ORD0003639,klarna,paid
ORD0003640,credit_card,paid
ORD0003641,credit_card,paid
ORD0003642,credit_card,paid
ORD0003643,paypal,refunded
ORD0003644,credit_card,paid
ORD0003645,klarna,paid
ORD0003646,credit_card,paid
ORD0003647,klarna,paid
ORD0003648,klarna,paid
ORD0003649,credit_card,paid
ORD0003650,apple_pay,paid
ORD0003651,credit_card,paid
ORD0003652,bank_transfer,paid
ORD0003653,paypal,paid
ORD0003654,credit_card,paid
ORD0003655,credit_card,paid
ORD0003656,credit_card,paid
ORD0003657,klarna,paid
ORD0003658,credit_card,paid
ORD0003659,klarna,paid
ORD0003660,credit_card,paid
ORD0003661,klarna,paid
ORD0003662,bank_transfer,paid
ORD0003663,apple_pay,paid
ORD0003664,credit_card,paid
ORD0003665,credit_card,paid
ORD0003666,credit_card,paid
ORD0003667,paypal,paid
ORD0003668,apple_pay,paid
ORD0003669,apple_pay,paid
ORD0003670,klarna,paid
ORD0003671,paypal,paid
ORD0003672,paypal,paid
ORD0003673,credit_card,paid
ORD0003674,paypal,paid
ORD0003675,paypal,paid
ORD0003676,apple_pay,paid
ORD0003677,paypal,paid
ORD0003678,credit_card,paid
ORD0003679,credit_card,paid
ORD0003680,credit_card,paid
ORD0003681,credit_card,paid
ORD0003682,credit_card,paid
ORD0003683,credit_card,paid
ORD0003684,credit_card,paid
ORD0003685,credit_card,paid
ORD0003686,klarna,paid
ORD0003687,bank_transfer,paid
ORD0003688,apple_pay,paid
ORD0003689,paypal,paid
ORD0003690,credit_card,paid
ORD0003691,credit_card,paid
ORD0003692,klarna,paid
ORD0003693,paypal,paid
ORD0003694,credit_card,paid
ORD0003695,credit_card,paid
ORD0003696,credit_card,paid
ORD0003697,credit_card,paid
ORD0003698,credit_card,paid
ORD0003699,paypal,paid
ORD0003700,apple_pay,paid
ORD0003701,credit_card,paid
ORD0003702,paypal,paid
ORD0003703,klarna,paid
ORD0003704,credit_card,paid
ORD0003705,paypal,paid
ORD0003706,paypal,paid
ORD0003707,paypal,paid
ORD0003708,credit_card,paid
ORD0003709,credit_card,paid
ORD0003710,bank_transfer,paid
ORD0003711,credit_card,paid
ORD0003712,paypal,paid
ORD0003713,credit_card,paid
ORD0003714,apple_pay,paid
ORD0003715,credit_card,paid
ORD0003716,credit_card,paid
ORD0003717,paypal,paid
ORD0003718,klarna,paid
ORD0003719,paypal,paid
ORD0003720,paypal,paid
ORD0003721,apple_pay,paid
ORD0003722,apple_pay,paid
ORD0003723,credit_card,paid
ORD0003724,apple_pay,paid
ORD0003725,credit_card,paid
ORD0003726,bank_transfer,paid
ORD0003727,credit_card,paid
ORD0003728,apple_pay,paid
ORD0003729,credit_card,paid
ORD0003730,credit_card,paid
ORD0003731,klarna,paid
ORD0003732,credit_card,paid
ORD0003733,paypal,refunded
ORD0003734,credit_card,paid
ORD0003735,paypal,paid
ORD0003736,credit_card,paid
ORD0003737,credit_card,refunded
ORD0003738,credit_card,paid
ORD0003739,paypal,paid
ORD0003740,paypal,paid
ORD0003741,credit_card,paid
ORD0003742,credit_card,paid
ORD0003743,paypal,paid
ORD0003744,credit_card,paid
ORD0003745,credit_card,paid
ORD0003746,paypal,paid
ORD0003747,credit_card,paid
ORD0003748,credit_card,paid
ORD0003749,paypal,paid
ORD0003750,paypal,paid
ORD0003751,credit_card,paid
ORD0003752,apple_pay,paid
ORD0003753,credit_card,paid
ORD0003754,paypal,paid
ORD0003755,credit_card,paid
ORD0003756,paypal,paid
ORD0003757,klarna,paid
ORD0003758,paypal,paid
ORD0003759,credit_card,paid
ORD0003760,paypal,paid
ORD0003761,klarna,paid
ORD0003762,bank_transfer,paid
ORD0003763,bank_transfer,paid
ORD0003764,credit_card,paid
ORD0003765,klarna,paid
ORD0003766,credit_card,paid
ORD0003767,bank_transfer,paid
ORD0003768,bank_transfer,paid
ORD0003769,credit_card,paid
ORD0003770,paypal,paid
ORD0003771,apple_pay,paid
ORD0003772,credit_card,paid
ORD0003773,klarna,paid
ORD0003774,credit_card,paid
ORD0003775,klarna,paid
ORD0003776,paypal,paid
ORD0003777,klarna,paid
ORD0003778,credit_card,paid
ORD0003779,bank_transfer,paid
ORD0003780,credit_card,paid
ORD0003781,credit_card,paid
ORD0003782,credit_card,paid
ORD0003783,credit_card,paid
ORD0003784,klarna,paid
ORD0003785,credit_card,paid
ORD0003786,bank_transfer,paid
ORD0003787,credit_card,paid
ORD0003788,credit_card,paid
ORD0003789,credit_card,paid
ORD0003790,paypal,paid
ORD0003791,credit_card,paid
ORD0003792,paypal,paid
ORD0003793,credit_card,paid
ORD0003794,paypal,paid
ORD0003795,credit_card,paid
ORD0003796,credit_card,paid
ORD0003797,klarna,paid
ORD0003798,klarna,paid
ORD0003799,paypal,paid
ORD0003800,paypal,paid
ORD0003801,credit_card,refunded
ORD0003802,klarna,paid
ORD0003803,credit_card,paid
ORD0003804,klarna,paid
ORD0003805,paypal,paid
ORD0003806,klarna,paid
ORD0003807,paypal,paid
ORD0003808,credit_card,paid
ORD0003809,apple_pay,paid
ORD0003810,credit_card,paid
ORD0003811,credit_card,paid
ORD0003812,credit_card,paid
ORD0003813,paypal,paid
ORD0003814,paypal,paid
ORD0003815,paypal,paid
ORD0003816,credit_card,paid
ORD0003817,klarna,paid
ORD0003818,klarna,paid
ORD0003819,credit_card,paid
ORD0003820,paypal,paid
ORD0003821,credit_card,paid
ORD0003822,apple_pay,paid
ORD0003823,paypal,paid
ORD0003824,credit_card,paid
ORD0003825,credit_card,paid
ORD0003826,credit_card,paid
ORD0003827,credit_card,paid
ORD0003828,apple_pay,paid
ORD0003829,credit_card,paid
ORD0003830,credit_card,paid
ORD0003831,credit_card,paid
ORD0003832,credit_card,paid
ORD0003833,paypal,paid
ORD0003834,credit_card,paid
ORD0003835,klarna,paid
ORD0003836,credit_card,paid
ORD0003837,credit_card,paid
ORD0003838,credit_card,refunded
ORD0003839,credit_card,paid
ORD0003840,credit_card,paid
ORD0003841,credit_card,paid
ORD0003842,klarna,paid
ORD0003843,paypal,paid
ORD0003844,credit_card,paid
ORD0003845,credit_card,paid
ORD0003846,apple_pay,paid
ORD0003847,paypal,paid
ORD0003848,paypal,paid
ORD0003849,paypal,paid
ORD0003850,klarna,paid
ORD0003851,apple_pay,paid
ORD0003852,klarna,paid
ORD0003853,credit_card,paid
ORD0003854,credit_card,paid
ORD0003855,paypal,refunded
ORD0003856,credit_card,paid
ORD0003857,credit_card,paid
ORD0003858,credit_card,paid
ORD0003859,credit_card,paid
ORD0003860,paypal,paid
ORD0003861,paypal,paid
ORD0003862,klarna,paid
ORD0003863,credit_card,paid
ORD0003864,credit_card,paid
ORD0003865,apple_pay,paid
ORD0003866,credit_card,paid
ORD0003867,apple_pay,paid
ORD0003868,credit_card,paid
ORD0003869,klarna,paid
ORD0003870,credit_card,paid
ORD0003871,klarna,paid
ORD0003872,credit_card,paid
ORD0003873,credit_card,refunded
ORD0003874,paypal,paid
ORD0003875,credit_card,refunded
ORD0003876,klarna,paid
ORD0003877,apple_pay,paid
ORD0003878,paypal,paid
ORD0003879,paypal,paid
ORD0003880,credit_card,paid
ORD0003881,credit_card,paid
ORD0003882,klarna,paid
ORD0003883,bank_transfer,paid
ORD0003884,klarna,paid
ORD0003885,apple_pay,paid
ORD0003886,credit_card,paid
ORD0003887,credit_card,paid
ORD0003888,credit_card,paid
ORD0003889,credit_card,paid
ORD0003890,credit_card,paid
ORD0003891,paypal,paid
ORD0003892,klarna,paid
ORD0003893,credit_card,paid
ORD0003894,paypal,paid
ORD0003895,paypal,paid
ORD0003896,credit_card,paid
ORD0003897,apple_pay,paid
ORD0003898,paypal,paid
ORD0003899,klarna,paid
ORD0003900,credit_card,refunded
ORD0003901,credit_card,paid
ORD0003902,apple_pay,paid
ORD0003903,credit_card,paid
ORD0003904,apple_pay,paid
ORD0003905,klarna,paid
ORD0003906,apple_pay,paid
ORD0003907,paypal,paid
ORD0003908,paypal,paid
ORD0003909,paypal,paid
ORD0003910,paypal,paid
ORD0003911,credit_card,paid
ORD0003912,klarna,paid
ORD0003913,klarna,paid
ORD0003914,paypal,paid
ORD0003915,apple_pay,paid
ORD0003916,apple_pay,refunded
ORD0003917,credit_card,paid
ORD0003918,credit_card,paid
ORD0003919,credit_card,paid
ORD0003920,klarna,paid
ORD0003921,paypal,paid
ORD0003922,paypal,paid
ORD0003923,credit_card,paid
ORD0003924,credit_card,paid
ORD0003925,credit_card,paid
ORD0003926,klarna,paid
ORD0003927,credit_card,paid
ORD0003928,credit_card,paid
ORD0003929,credit_card,refunded
ORD0003930,credit_card,paid
ORD0003931,credit_card,paid
ORD0003932,paypal,paid
ORD0003933,credit_card,paid
ORD0003934,credit_card,paid
ORD0003935,credit_card,paid
ORD0003936,paypal,paid
ORD0003937,credit_card,paid
ORD0003938,bank_transfer,paid
ORD0003939,credit_card,paid
ORD0003940,apple_pay,paid
ORD0003941,credit_card,paid
ORD0003942,paypal,paid
ORD0003943,apple_pay,paid
ORD0003944,klarna,paid
ORD0003945,paypal,paid
ORD0003946,klarna,paid
ORD0003947,credit_card,paid
ORD0003948,paypal,paid
ORD0003949,credit_card,paid
ORD0003950,credit_card,paid
ORD0003951,bank_transfer,paid
ORD0003952,paypal,paid
ORD0003953,credit_card,paid
ORD0003954,paypal,paid
ORD0003955,credit_card,paid
ORD0003956,paypal,paid
ORD0003957,credit_card,paid
ORD0003958,apple_pay,paid
ORD0003959,credit_card,paid
ORD0003960,klarna,paid
ORD0003961,credit_card,paid
ORD0003962,credit_card,paid
ORD0003963,klarna,paid
ORD0003964,paypal,paid
ORD0003965,credit_card,paid
ORD0003966,apple_pay,paid
ORD0003967,klarna,paid
ORD0003968,credit_card,paid
ORD0003969,credit_card,paid
ORD0003970,klarna,paid
ORD0003971,paypal,paid
ORD0003972,paypal,paid
ORD0003973,paypal,paid
ORD0003974,credit_card,paid
ORD0003975,credit_card,paid
ORD0003976,paypal,paid
ORD0003977,paypal,paid
ORD0003978,paypal,paid
ORD0003979,paypal,paid
ORD0003980,bank_transfer,paid
ORD0003981,credit_card,refunded
ORD0003982,klarna,paid
ORD0003983,paypal,paid
ORD0003984,credit_card,paid
ORD0003985,credit_card,paid
ORD0003986,credit_card,paid
ORD0003987,paypal,paid
ORD0003988,credit_card,refunded
ORD0003989,credit_card,paid
ORD0003990,credit_card,paid
ORD0003991,credit_card,paid
ORD0003992,credit_card,paid
ORD0003993,paypal,paid
ORD0003994,credit_card,paid
ORD0003995,credit_card,paid
ORD0003996,credit_card,refunded
ORD0003997,klarna,paid
ORD0003998,paypal,paid
ORD0003999,credit_card,paid
ORD0004000,credit_card,paid
ORD0004001,paypal,paid
ORD0004002,apple_pay,paid
ORD0004003,credit_card,paid
ORD0004004,bank_transfer,paid
ORD0004005,apple_pay,paid
ORD0004006,credit_card,paid
ORD0004007,klarna,paid
ORD0004008,credit_card,paid
ORD0004009,klarna,paid
ORD0004010,credit_card,paid
ORD0004011,credit_card,paid
ORD0004012,apple_pay,paid
ORD0004013,credit_card,paid
ORD0004014,paypal,paid
ORD0004015,bank_transfer,paid
ORD0004016,credit_card,refunded
ORD0004017,bank_transfer,paid
ORD0004018,klarna,paid
ORD0004019,paypal,paid
ORD0004020,apple_pay,paid
ORD0004021,paypal,paid
ORD0004022,credit_card,paid
ORD0004023,credit_card,paid
ORD0004024,credit_card,paid
ORD0004025,credit_card,paid
ORD0004026,credit_card,paid
ORD0004027,credit_card,paid
ORD0004028,paypal,paid
ORD0004029,credit_card,paid
ORD0004030,credit_card,paid
ORD0004031,paypal,paid
ORD0004032,klarna,paid
ORD0004033,credit_card,paid
ORD0004034,credit_card,paid
ORD0004035,klarna,paid
ORD0004036,credit_card,paid
ORD0004037,paypal,paid
ORD0004038,paypal,paid
ORD0004039,paypal,paid
ORD0004040,credit_card,paid
ORD0004041,paypal,paid
ORD0004042,klarna,paid
ORD0004043,credit_card,paid
ORD0004044,paypal,paid
ORD0004045,paypal,paid
ORD0004046,paypal,paid
ORD0004047,paypal,paid
ORD0004048,credit_card,paid
ORD0004049,apple_pay,paid
ORD0004050,paypal,paid
ORD0004051,credit_card,paid
ORD0004052,credit_card,paid
ORD0004053,apple_pay,paid
ORD0004054,klarna,paid
ORD0004055,credit_card,paid
ORD0004056,paypal,paid
ORD0004057,klarna,paid
ORD0004058,credit_card,paid
ORD0004059,paypal,paid
ORD0004060,klarna,paid
ORD0004061,credit_card,paid
ORD0004062,paypal,paid
ORD0004063,credit_card,paid
ORD0004064,credit_card,paid
ORD0004065,credit_card,paid
ORD0004066,paypal,paid
ORD0004067,paypal,paid
ORD0004068,klarna,paid
ORD0004069,credit_card,paid
ORD0004070,bank_transfer,refunded
ORD0004071,paypal,paid
ORD0004072,credit_card,paid
ORD0004073,apple_pay,paid
ORD0004074,klarna,paid
ORD0004075,credit_card,paid
ORD0004076,paypal,paid
ORD0004077,credit_card,paid
ORD0004078,paypal,paid
ORD0004079,credit_card,paid
ORD0004080,klarna,paid
ORD0004081,paypal,paid
ORD0004082,bank_transfer,paid
ORD0004083,credit_card,paid
ORD0004084,credit_card,paid
ORD0004085,paypal,paid
ORD0004086,credit_card,paid
ORD0004087,apple_pay,paid
ORD0004088,credit_card,paid
ORD0004089,credit_card,paid
ORD0004090,klarna,paid
ORD0004091,paypal,paid
ORD0004092,paypal,paid
ORD0004093,credit_card,paid
ORD0004094,klarna,paid
ORD0004095,klarna,paid
ORD0004096,credit_card,paid
ORD0004097,paypal,paid
ORD0004098,credit_card,paid
ORD0004099,apple_pay,paid
ORD0004100,klarna,paid
ORD0004101,credit_card,paid
ORD0004102,paypal,paid
ORD0004103,paypal,paid
ORD0004104,paypal,paid
ORD0004105,paypal,refunded
ORD0004106,apple_pay,paid
ORD0004107,credit_card,paid
ORD0004108,credit_card,paid
ORD0004109,paypal,paid
ORD0004110,credit_card,paid
ORD0004111,credit_card,paid
ORD0004112,klarna,paid
ORD0004113,credit_card,paid
ORD0004114,credit_card,paid
ORD0004115,bank_transfer,paid
ORD0004116,credit_card,paid
ORD0004117,paypal,refunded
ORD0004118,credit_card,paid
ORD0004119,credit_card,paid
ORD0004120,paypal,paid
ORD0004121,credit_card,paid
ORD0004122,paypal,paid
ORD0004123,klarna,refunded
ORD0004124,credit_card,paid
ORD0004125,credit_card,paid
ORD0004126,paypal,paid
ORD0004127,credit_card,paid
ORD0004128,klarna,paid
ORD0004129,klarna,paid
ORD0004130,credit_card,refunded
ORD0004131,apple_pay,paid
ORD0004132,paypal,paid
ORD0004133,credit_card,paid
ORD0004134,credit_card,paid
ORD0004135,paypal,paid
ORD0004136,klarna,paid
ORD0004137,paypal,paid
ORD0004138,credit_card,paid
ORD0004139,paypal,paid
ORD0004140,credit_card,paid
ORD0004141,credit_card,paid
ORD0004142,credit_card,paid
ORD0004143,paypal,paid
ORD0004144,credit_card,paid
ORD0004145,klarna,paid
ORD0004146,paypal,paid
ORD0004147,credit_card,paid
ORD0004148,credit_card,paid
ORD0004149,credit_card,paid
ORD0004150,credit_card,paid
ORD0004151,paypal,paid
ORD0004152,credit_card,paid
ORD0004153,paypal,paid
ORD0004154,paypal,paid
ORD0004155,credit_card,paid
ORD0004156,paypal,paid
ORD0004157,paypal,paid
ORD0004158,credit_card,paid
ORD0004159,credit_card,paid
ORD0004160,credit_card,paid
ORD0004161,credit_card,paid
ORD0004162,paypal,paid
ORD0004163,klarna,paid
ORD0004164,credit_card,paid
ORD0004165,credit_card,paid
ORD0004166,credit_card,paid
ORD0004167,paypal,paid
ORD0004168,klarna,paid
ORD0004169,paypal,paid
ORD0004170,credit_card,paid
ORD0004171,credit_card,paid
ORD0004172,credit_card,paid
ORD0004173,apple_pay,paid
ORD0004174,klarna,paid
ORD0004175,paypal,refunded
ORD0004176,paypal,paid
ORD0004177,credit_card,paid
ORD0004178,paypal,paid
ORD0004179,credit_card,paid
ORD0004180,credit_card,paid
ORD0004181,apple_pay,paid
ORD0004182,credit_card,paid
ORD0004183,klarna,paid
ORD0004184,paypal,refunded
ORD0004185,klarna,paid
ORD0004186,apple_pay,paid
ORD0004187,credit_card,paid
ORD0004188,paypal,refunded
ORD0004189,credit_card,paid
ORD0004190,apple_pay,paid
ORD0004191,apple_pay,paid
ORD0004192,apple_pay,paid
ORD0004193,klarna,paid
ORD0004194,credit_card,paid
ORD0004195,klarna,paid
ORD0004196,credit_card,paid
ORD0004197,paypal,paid
ORD0004198,klarna,paid
ORD0004199,paypal,paid
ORD0004200,credit_card,paid
ORD0004201,credit_card,refunded
ORD0004202,bank_transfer,paid
ORD0004203,klarna,paid
ORD0004204,paypal,paid
ORD0004205,klarna,paid
ORD0004206,credit_card,paid
ORD0004207,credit_card,paid
ORD0004208,credit_card,paid
ORD0004209,credit_card,paid
ORD0004210,credit_card,paid
ORD0004211,paypal,paid
ORD0004212,paypal,paid
ORD0004213,credit_card,paid
ORD0004214,credit_card,paid
ORD0004215,credit_card,paid
ORD0004216,paypal,paid
ORD0004217,credit_card,paid
ORD0004218,paypal,paid
ORD0004219,apple_pay,paid
ORD0004220,paypal,paid
ORD0004221,credit_card,refunded
ORD0004222,credit_card,paid
ORD0004223,credit_card,paid
ORD0004224,paypal,paid
ORD0004225,paypal,paid
ORD0004226,paypal,paid
ORD0004227,klarna,paid
ORD0004228,bank_transfer,paid
ORD0004229,apple_pay,paid
ORD0004230,credit_card,paid
ORD0004231,credit_card,paid
ORD0004232,paypal,paid
ORD0004233,paypal,paid
ORD0004234,credit_card,paid
ORD0004235,credit_card,paid
ORD0004236,paypal,paid
ORD0004237,paypal,paid
ORD0004238,klarna,paid
ORD0004239,credit_card,paid
ORD0004240,klarna,paid
ORD0004241,credit_card,paid
ORD0004242,apple_pay,paid
ORD0004243,apple_pay,refunded
ORD0004244,apple_pay,paid
ORD0004245,credit_card,paid
ORD0004246,credit_card,paid
ORD0004247,paypal,paid
ORD0004248,paypal,paid
ORD0004249,credit_card,paid
ORD0004250,credit_card,paid
ORD0004251,paypal,refunded
ORD0004252,bank_transfer,paid
ORD0004253,klarna,paid
ORD0004254,credit_card,paid
ORD0004255,bank_transfer,paid
ORD0004256,paypal,paid
ORD0004257,paypal,paid
ORD0004258,klarna,paid
ORD0004259,credit_card,paid
ORD0004260,credit_card,paid
ORD0004261,paypal,paid
ORD0004262,credit_card,refunded
ORD0004263,bank_transfer,paid
ORD0004264,credit_card,paid
ORD0004265,paypal,paid
ORD0004266,klarna,paid
ORD0004267,credit_card,paid
ORD0004268,paypal,paid
ORD0004269,paypal,paid
ORD0004270,klarna,paid
ORD0004271,credit_card,paid
ORD0004272,credit_card,paid
ORD0004273,apple_pay,paid
ORD0004274,paypal,paid
ORD0004275,paypal,paid
ORD0004276,credit_card,paid
ORD0004277,credit_card,paid
ORD0004278,credit_card,paid
ORD0004279,paypal,paid
ORD0004280,klarna,paid
ORD0004281,credit_card,paid
ORD0004282,paypal,paid
ORD0004283,credit_card,paid
ORD0004284,credit_card,paid
ORD0004285,credit_card,paid
ORD0004286,credit_card,paid
ORD0004287,credit_card,paid
ORD0004288,credit_card,paid
ORD0004289,credit_card,paid
ORD0004290,paypal,paid
ORD0004291,apple_pay,paid
ORD0004292,paypal,paid
ORD0004293,credit_card,paid
ORD0004294,paypal,paid
ORD0004295,credit_card,paid
ORD0004296,credit_card,paid
ORD0004297,apple_pay,paid
ORD0004298,credit_card,paid
ORD0004299,credit_card,paid
ORD0004300,credit_card,paid
ORD0004301,apple_pay,paid
ORD0004302,apple_pay,paid
ORD0004303,credit_card,paid
ORD0004304,credit_card,paid
ORD0004305,paypal,paid
ORD0004306,credit_card,paid
ORD0004307,paypal,paid
ORD0004308,credit_card,paid
ORD0004309,credit_card,paid
ORD0004310,credit_card,paid
ORD0004311,klarna,paid
ORD0004312,credit_card,paid
ORD0004313,credit_card,paid
ORD0004314,klarna,paid
ORD0004315,credit_card,paid
ORD0004316,klarna,paid
ORD0004317,apple_pay,paid
ORD0004318,paypal,paid
ORD0004319,credit_card,paid
ORD0004320,apple_pay,paid
ORD0004321,bank_transfer,paid
ORD0004322,credit_card,paid
ORD0004323,bank_transfer,paid
ORD0004324,paypal,refunded
ORD0004325,paypal,paid
ORD0004326,paypal,paid
ORD0004327,paypal,paid
ORD0004328,paypal,paid
ORD0004329,credit_card,paid
ORD0004330,paypal,paid
ORD0004331,credit_card,paid
ORD0004332,paypal,paid
ORD0004333,klarna,paid
ORD0004334,credit_card,paid
ORD0004335,paypal,refunded
ORD0004336,paypal,paid
ORD0004337,paypal,paid
ORD0004338,apple_pay,paid
ORD0004339,credit_card,refunded
ORD0004340,bank_transfer,paid
ORD0004341,credit_card,paid
ORD0004342,klarna,paid
ORD0004343,paypal,paid
ORD0004344,apple_pay,paid
ORD0004345,credit_card,paid
ORD0004346,credit_card,paid
ORD0004347,bank_transfer,paid
ORD0004348,credit_card,paid
ORD0004349,credit_card,paid
ORD0004350,paypal,paid
ORD0004351,credit_card,paid
ORD0004352,paypal,paid
ORD0004353,credit_card,paid
ORD0004354,paypal,paid
ORD0004355,credit_card,paid
ORD0004356,credit_card,paid
ORD0004357,klarna,paid
ORD0004358,klarna,paid
ORD0004359,paypal,paid
ORD0004360,paypal,paid
ORD0004361,credit_card,paid
ORD0004362,credit_card,paid
ORD0004363,klarna,paid
ORD0004364,credit_card,refunded
ORD0004365,paypal,paid
ORD0004366,paypal,paid
ORD0004367,credit_card,paid
ORD0004368,credit_card,paid
ORD0004369,credit_card,paid
ORD0004370,klarna,paid
ORD0004371,credit_card,paid
ORD0004372,credit_card,paid
ORD0004373,credit_card,paid
ORD0004374,credit_card,refunded
ORD0004375,credit_card,paid
ORD0004376,paypal,paid
ORD0004377,credit_card,paid
ORD0004378,paypal,paid
ORD0004379,paypal,paid
ORD0004380,apple_pay,paid
ORD0004381,klarna,paid
ORD0004382,paypal,refunded
ORD0004383,klarna,paid
ORD0004384,paypal,paid
ORD0004385,credit_card,paid
ORD0004386,klarna,paid
ORD0004387,credit_card,paid
ORD0004388,klarna,paid
ORD0004389,credit_card,paid
ORD0004390,paypal,paid
ORD0004391,klarna,paid
ORD0004392,credit_card,paid
ORD0004393,apple_pay,paid
ORD0004394,credit_card,paid
ORD0004395,bank_transfer,paid
ORD0004396,credit_card,paid
ORD0004397,credit_card,paid
ORD0004398,klarna,paid
ORD0004399,credit_card,paid
ORD0004400,credit_card,paid
ORD0004401,paypal,paid
ORD0004402,klarna,paid
ORD0004403,paypal,paid
ORD0004404,klarna,paid
ORD0004405,paypal,paid
ORD0004406,credit_card,paid
ORD0004407,klarna,paid
ORD0004408,paypal,paid
ORD0004409,credit_card,paid
ORD0004410,credit_card,paid
ORD0004411,paypal,paid
ORD0004412,paypal,paid
ORD0004413,credit_card,paid
ORD0004414,klarna,paid
ORD0004415,klarna,paid
ORD0004416,klarna,paid
ORD0004417,credit_card,paid
ORD0004418,paypal,paid
ORD0004419,credit_card,paid
ORD0004420,credit_card,paid
ORD0004421,credit_card,paid
ORD0004422,bank_transfer,paid
ORD0004423,bank_transfer,paid
ORD0004424,paypal,paid
ORD0004425,paypal,paid
ORD0004426,paypal,paid
ORD0004427,credit_card,paid
ORD0004428,paypal,paid
ORD0004429,credit_card,paid
ORD0004430,credit_card,paid
ORD0004431,klarna,paid
ORD0004432,klarna,paid
ORD0004433,credit_card,paid
ORD0004434,credit_card,paid
ORD0004435,paypal,paid
ORD0004436,apple_pay,paid
ORD0004437,credit_card,paid
ORD0004438,credit_card,paid
ORD0004439,klarna,paid
ORD0004440,paypal,paid
ORD0004441,paypal,paid
ORD0004442,credit_card,paid
ORD0004443,apple_pay,paid
ORD0004444,credit_card,paid
ORD0004445,paypal,paid
ORD0004446,credit_card,paid
ORD0004447,credit_card,paid
ORD0004448,bank_transfer,paid
ORD0004449,credit_card,paid
ORD0004450,credit_card,paid
ORD0004451,klarna,refunded
ORD0004452,apple_pay,paid
ORD0004453,apple_pay,paid
ORD0004454,credit_card,paid
ORD0004455,klarna,paid
ORD0004456,credit_card,paid
ORD0004457,credit_card,paid
ORD0004458,credit_card,paid
ORD0004459,credit_card,paid
ORD0004460,credit_card,paid
ORD0004461,paypal,paid
ORD0004462,paypal,paid
ORD0004463,klarna,paid
ORD0004464,paypal,paid
ORD0004465,credit_card,paid
ORD0004466,bank_transfer,paid
ORD0004467,credit_card,paid
ORD0004468,paypal,paid
ORD0004469,klarna,paid
ORD0004470,credit_card,paid
ORD0004471,paypal,refunded
ORD0004472,credit_card,paid
ORD0004473,bank_transfer,paid
ORD0004474,credit_card,paid
ORD0004475,paypal,paid
ORD0004476,paypal,paid
ORD0004477,bank_transfer,paid
ORD0004478,credit_card,paid
ORD0004479,klarna,paid
ORD0004480,klarna,paid
ORD0004481,klarna,paid
ORD0004482,paypal,paid
ORD0004483,paypal,paid
ORD0004484,credit_card,paid
ORD0004485,paypal,paid
ORD0004486,bank_transfer,paid
ORD0004487,credit_card,paid
ORD0004488,paypal,refunded
ORD0004489,credit_card,paid
ORD0004490,bank_transfer,paid
ORD0004491,credit_card,paid
ORD0004492,credit_card,paid
ORD0004493,klarna,paid
ORD0004494,credit_card,paid
ORD0004495,credit_card,paid
ORD0004496,paypal,paid
ORD0004497,paypal,refunded
ORD0004498,credit_card,paid
ORD0004499,credit_card,paid
ORD0004500,paypal,paid
ORD0004501,credit_card,paid
ORD0004502,credit_card,paid
ORD0004503,credit_card,paid
ORD0004504,apple_pay,paid
ORD0004505,paypal,paid
ORD0004506,credit_card,paid
ORD0004507,paypal,paid
ORD0004508,paypal,paid
ORD0004509,credit_card,paid
ORD0004510,credit_card,paid
ORD0004511,klarna,paid
ORD0004512,credit_card,paid
ORD0004513,credit_card,paid
ORD0004514,bank_transfer,paid
ORD0004515,paypal,paid
ORD0004516,apple_pay,paid
ORD0004517,bank_transfer,paid
ORD0004518,credit_card,paid
ORD0004519,credit_card,refunded
ORD0004520,credit_card,paid
ORD0004521,credit_card,paid
ORD0004522,credit_card,paid
ORD0004523,credit_card,paid
ORD0004524,paypal,paid
ORD0004525,klarna,paid
ORD0004526,paypal,paid
ORD0004527,credit_card,paid
ORD0004528,bank_transfer,paid
ORD0004529,paypal,paid
ORD0004530,paypal,paid
ORD0004531,klarna,paid
ORD0004532,apple_pay,paid
ORD0004533,klarna,paid
ORD0004534,klarna,paid
ORD0004535,credit_card,paid
ORD0004536,klarna,paid
ORD0004537,paypal,paid
ORD0004538,paypal,paid
ORD0004539,credit_card,paid
ORD0004540,credit_card,paid
ORD0004541,credit_card,paid
ORD0004542,credit_card,paid
ORD0004543,paypal,paid
ORD0004544,credit_card,paid
ORD0004545,apple_pay,refunded
ORD0004546,paypal,refunded
ORD0004547,credit_card,paid
ORD0004548,credit_card,paid
ORD0004549,paypal,paid
ORD0004550,credit_card,paid
ORD0004551,credit_card,paid
ORD0004552,apple_pay,paid
ORD0004553,apple_pay,paid
ORD0004554,credit_card,paid
ORD0004555,credit_card,paid
ORD0004556,credit_card,paid
ORD0004557,klarna,paid
ORD0004558,klarna,paid
ORD0004559,credit_card,paid
ORD0004560,paypal,paid
ORD0004561,credit_card,paid
ORD0004562,credit_card,paid
ORD0004563,credit_card,paid
ORD0004564,credit_card,refunded
ORD0004565,klarna,paid
ORD0004566,paypal,refunded
ORD0004567,paypal,paid
ORD0004568,paypal,paid
ORD0004569,credit_card,paid
ORD0004570,paypal,paid
ORD0004571,klarna,paid
ORD0004572,paypal,paid
ORD0004573,klarna,paid
ORD0004574,credit_card,paid
ORD0004575,klarna,paid
ORD0004576,klarna,paid
ORD0004577,credit_card,paid
ORD0004578,apple_pay,paid
ORD0004579,klarna,paid
ORD0004580,bank_transfer,paid
ORD0004581,apple_pay,paid
ORD0004582,klarna,paid
ORD0004583,credit_card,paid
ORD0004584,credit_card,paid
ORD0004585,paypal,paid
ORD0004586,paypal,paid
ORD0004587,paypal,paid
ORD0004588,credit_card,paid
ORD0004589,credit_card,paid
ORD0004590,credit_card,paid
ORD0004591,paypal,paid
ORD0004592,credit_card,paid
ORD0004593,credit_card,paid
ORD0004594,credit_card,paid
ORD0004595,klarna,paid
ORD0004596,credit_card,paid
ORD0004597,credit_card,refunded
ORD0004598,credit_card,paid
ORD0004599,paypal,paid
ORD0004600,credit_card,paid
ORD0004601,credit_card,paid
ORD0004602,credit_card,paid
ORD0004603,credit_card,paid
ORD0004604,klarna,paid
ORD0004605,apple_pay,paid
ORD0004606,credit_card,paid
ORD0004607,apple_pay,paid
ORD0004608,paypal,paid
ORD0004609,paypal,paid
ORD0004610,credit_card,paid
ORD0004611,credit_card,paid
ORD0004612,apple_pay,paid
ORD0004613,paypal,paid
ORD0004614,credit_card,paid
ORD0004615,credit_card,paid
ORD0004616,credit_card,paid
ORD0004617,credit_card,paid
ORD0004618,credit_card,paid
ORD0004619,paypal,paid
ORD0004620,credit_card,paid
ORD0004621,bank_transfer,paid
ORD0004622,klarna,paid
ORD0004623,paypal,paid
ORD0004624,bank_transfer,paid
ORD0004625,apple_pay,paid
ORD0004626,credit_card,paid
ORD0004627,paypal,paid
ORD0004628,credit_card,paid
ORD0004629,credit_card,paid
ORD0004630,paypal,paid
ORD0004631,bank_transfer,paid
ORD0004632,apple_pay,paid
ORD0004633,apple_pay,paid
ORD0004634,paypal,paid
ORD0004635,bank_transfer,paid
ORD0004636,paypal,paid
ORD0004637,paypal,paid
ORD0004638,paypal,paid
ORD0004639,paypal,paid
ORD0004640,credit_card,paid
ORD0004641,credit_card,paid
ORD0004642,paypal,paid
ORD0004643,apple_pay,paid
ORD0004644,paypal,paid
ORD0004645,credit_card,paid
ORD0004646,apple_pay,paid
ORD0004647,paypal,paid
ORD0004648,credit_card,paid
ORD0004649,credit_card,paid
ORD0004650,paypal,paid
ORD0004651,paypal,refunded
ORD0004652,credit_card,paid
ORD0004653,klarna,paid
ORD0004654,paypal,paid
ORD0004655,credit_card,paid
ORD0004656,credit_card,paid
ORD0004657,credit_card,paid
ORD0004658,klarna,paid
ORD0004659,bank_transfer,paid
ORD0004660,credit_card,paid
ORD0004661,paypal,paid
ORD0004662,bank_transfer,paid
ORD0004663,bank_transfer,paid
ORD0004664,apple_pay,paid
ORD0004665,credit_card,paid
ORD0004666,credit_card,paid
ORD0004667,credit_card,paid
ORD0004668,credit_card,paid
ORD0004669,klarna,refunded
ORD0004670,paypal,paid
ORD0004671,paypal,paid
ORD0004672,credit_card,paid
ORD0004673,credit_card,paid
ORD0004674,paypal,paid
ORD0004675,paypal,paid
ORD0004676,klarna,paid
ORD0004677,credit_card,paid
ORD0004678,paypal,paid
ORD0004679,credit_card,paid
ORD0004680,credit_card,paid
ORD0004681,paypal,refunded
ORD0004682,credit_card,paid
ORD0004683,paypal,paid
ORD0004684,credit_card,paid
ORD0004685,klarna,paid
ORD0004686,credit_card,paid
ORD0004687,credit_card,paid
ORD0004688,paypal,paid
ORD0004689,paypal,paid
ORD0004690,apple_pay,paid
ORD0004691,apple_pay,paid
ORD0004692,credit_card,paid
ORD0004693,credit_card,paid
ORD0004694,paypal,paid
ORD0004695,paypal,paid
ORD0004696,credit_card,paid
ORD0004697,klarna,paid
ORD0004698,credit_card,paid
ORD0004699,paypal,paid
ORD0004700,klarna,paid
ORD0004701,klarna,paid
ORD0004702,klarna,paid
ORD0004703,credit_card,paid
ORD0004704,paypal,paid
ORD0004705,klarna,paid
ORD0004706,klarna,paid
ORD0004707,paypal,paid
ORD0004708,credit_card,paid
ORD0004709,credit_card,paid
ORD0004710,credit_card,paid
ORD0004711,paypal,paid
ORD0004712,credit_card,refunded
ORD0004713,paypal,paid
ORD0004714,klarna,paid
ORD0004715,paypal,paid
ORD0004716,klarna,paid
ORD0004717,credit_card,paid
ORD0004718,credit_card,paid
ORD0004719,credit_card,paid
ORD0004720,credit_card,paid
ORD0004721,paypal,paid
ORD0004722,apple_pay,paid
ORD0004723,paypal,paid
ORD0004724,credit_card,paid
ORD0004725,bank_transfer,paid
ORD0004726,credit_card,paid
ORD0004727,apple_pay,paid
ORD0004728,bank_transfer,paid
ORD0004729,apple_pay,paid
ORD0004730,credit_card,paid
ORD0004731,paypal,paid
ORD0004732,credit_card,paid
ORD0004733,credit_card,paid
ORD0004734,klarna,paid
ORD0004735,paypal,paid
ORD0004736,credit_card,paid
ORD0004737,credit_card,paid
ORD0004738,klarna,paid
ORD0004739,apple_pay,paid
ORD0004740,paypal,paid
ORD0004741,credit_card,paid
ORD0004742,credit_card,refunded
ORD0004743,credit_card,paid
ORD0004744,apple_pay,paid
ORD0004745,credit_card,paid
ORD0004746,credit_card,paid
ORD0004747,paypal,refunded
ORD0004748,klarna,refunded
ORD0004749,bank_transfer,paid
ORD0004750,paypal,paid
ORD0004751,paypal,paid
ORD0004752,apple_pay,paid
ORD0004753,paypal,refunded
ORD0004754,credit_card,paid
ORD0004755,klarna,paid
ORD0004756,credit_card,paid
ORD0004757,credit_card,paid
ORD0004758,klarna,paid
ORD0004759,credit_card,paid
ORD0004760,klarna,refunded
ORD0004761,paypal,paid
ORD0004762,klarna,paid
ORD0004763,credit_card,paid
ORD0004764,credit_card,paid
ORD0004765,bank_transfer,paid
ORD0004766,paypal,paid
ORD0004767,credit_card,paid
ORD0004768,klarna,paid
ORD0004769,paypal,paid
ORD0004770,paypal,paid
ORD0004771,credit_card,paid
ORD0004772,apple_pay,paid
ORD0004773,credit_card,paid
ORD0004774,paypal,paid
ORD0004775,credit_card,paid
ORD0004776,credit_card,paid
ORD0004777,klarna,paid
ORD0004778,paypal,paid
ORD0004779,bank_transfer,paid
ORD0004780,klarna,paid
ORD0004781,credit_card,paid
ORD0004782,paypal,paid
ORD0004783,credit_card,paid
ORD0004784,credit_card,paid
ORD0004785,credit_card,paid
ORD0004786,klarna,paid
ORD0004787,klarna,paid
ORD0004788,paypal,paid
ORD0004789,klarna,refunded
ORD0004790,bank_transfer,paid
ORD0004791,credit_card,paid
ORD0004792,apple_pay,paid
ORD0004793,paypal,paid
ORD0004794,paypal,paid
ORD0004795,paypal,refunded
ORD0004796,credit_card,paid
ORD0004797,paypal,paid
ORD0004798,credit_card,paid
ORD0004799,credit_card,paid
ORD0004800,credit_card,paid
ORD0004801,credit_card,paid
ORD0004802,paypal,paid
ORD0004803,klarna,paid
ORD0004804,apple_pay,paid
ORD0004805,apple_pay,paid
ORD0004806,paypal,paid
ORD0004807,klarna,paid
ORD0004808,apple_pay,paid
ORD0004809,paypal,paid
ORD0004810,klarna,paid
ORD0004811,credit_card,paid
ORD0004812,paypal,refunded
ORD0004813,klarna,paid
ORD0004814,credit_card,paid
ORD0004815,credit_card,paid
ORD0004816,credit_card,paid
ORD0004817,credit_card,paid
ORD0004818,credit_card,refunded
ORD0004819,klarna,paid
ORD0004820,credit_card,paid
ORD0004821,paypal,paid
ORD0004822,bank_transfer,paid
ORD0004823,klarna,paid
ORD0004824,credit_card,paid
ORD0004825,credit_card,paid
ORD0004826,paypal,paid
ORD0004827,credit_card,paid
ORD0004828,credit_card,refunded
ORD0004829,credit_card,paid
ORD0004830,credit_card,paid
ORD0004831,credit_card,paid
ORD0004832,credit_card,paid
ORD0004833,credit_card,paid
ORD0004834,credit_card,paid
ORD0004835,klarna,paid
ORD0004836,klarna,paid
ORD0004837,klarna,paid
ORD0004838,apple_pay,paid
ORD0004839,credit_card,paid
ORD0004840,credit_card,paid
ORD0004841,credit_card,paid
ORD0004842,credit_card,paid
ORD0004843,credit_card,paid
ORD0004844,paypal,paid
ORD0004845,credit_card,paid
ORD0004846,apple_pay,paid
ORD0004847,bank_transfer,paid
ORD0004848,apple_pay,paid
ORD0004849,credit_card,paid
ORD0004850,paypal,paid
ORD0004851,credit_card,paid
ORD0004852,credit_card,paid
ORD0004853,paypal,paid
ORD0004854,paypal,paid
ORD0004855,credit_card,paid
ORD0004856,credit_card,paid
ORD0004857,credit_card,paid
ORD0004858,apple_pay,paid
ORD0004859,credit_card,paid
ORD0004860,credit_card,paid
ORD0004861,credit_card,paid
ORD0004862,credit_card,paid
ORD0004863,credit_card,paid
ORD0004864,credit_card,paid
ORD0004865,paypal,paid
ORD0004866,apple_pay,paid
ORD0004867,paypal,paid
ORD0004868,credit_card,paid
ORD0004869,credit_card,paid
ORD0004870,credit_card,paid
ORD0004871,bank_transfer,paid
ORD0004872,apple_pay,paid
ORD0004873,credit_card,paid
ORD0004874,credit_card,paid
ORD0004875,credit_card,paid
ORD0004876,credit_card,paid
ORD0004877,credit_card,paid
ORD0004878,credit_card,paid
ORD0004879,apple_pay,paid
ORD0004880,paypal,paid
ORD0004881,credit_card,paid
ORD0004882,credit_card,paid
ORD0004883,paypal,paid
ORD0004884,credit_card,paid
ORD0004885,credit_card,paid
ORD0004886,paypal,paid
ORD0004887,credit_card,paid
ORD0004888,credit_card,paid
ORD0004889,paypal,paid
ORD0004890,credit_card,paid
ORD0004891,credit_card,paid
ORD0004892,paypal,paid
ORD0004893,klarna,paid
ORD0004894,credit_card,refunded
ORD0004895,apple_pay,paid
ORD0004896,klarna,paid
ORD0004897,paypal,paid
ORD0004898,bank_transfer,paid
ORD0004899,credit_card,paid
ORD0004900,credit_card,paid
ORD0004901,apple_pay,paid
ORD0004902,paypal,paid
ORD0004903,credit_card,paid
ORD0004904,credit_card,paid
ORD0004905,credit_card,paid
ORD0004906,credit_card,paid
ORD0004907,paypal,paid
ORD0004908,klarna,paid
ORD0004909,paypal,paid
ORD0004910,credit_card,paid
ORD0004911,apple_pay,paid
ORD0004912,paypal,paid
ORD0004913,klarna,paid
ORD0004914,apple_pay,paid
ORD0004915,credit_card,paid
ORD0004916,klarna,paid
ORD0004917,paypal,paid
ORD0004918,credit_card,paid
ORD0004919,klarna,paid
ORD0004920,apple_pay,paid
ORD0004921,credit_card,paid
ORD0004922,klarna,paid
ORD0004923,bank_transfer,paid
ORD0004924,credit_card,paid
ORD0004925,apple_pay,paid
ORD0004926,credit_card,paid
ORD0004927,paypal,paid
ORD0004928,credit_card,paid
ORD0004929,paypal,paid
ORD0004930,paypal,paid
ORD0004931,apple_pay,paid
ORD0004932,credit_card,paid
ORD0004933,credit_card,paid
ORD0004934,credit_card,refunded
ORD0004935,credit_card,refunded
ORD0004936,credit_card,paid
ORD0004937,paypal,paid
ORD0004938,paypal,paid
ORD0004939,credit_card,paid
ORD0004940,credit_card,paid
ORD0004941,credit_card,refunded
ORD0004942,credit_card,paid
ORD0004943,paypal,paid
ORD0004944,apple_pay,paid
ORD0004945,paypal,paid
ORD0004946,credit_card,paid
ORD0004947,credit_card,paid
ORD0004948,apple_pay,paid
ORD0004949,paypal,paid
ORD0004950,klarna,paid
ORD0004951,apple_pay,paid
ORD0004952,bank_transfer,paid
ORD0004953,credit_card,paid
ORD0004954,paypal,paid
ORD0004955,bank_transfer,paid
ORD0004956,credit_card,paid
ORD0004957,credit_card,paid
ORD0004958,klarna,refunded
ORD0004959,credit_card,paid
ORD0004960,paypal,paid
ORD0004961,credit_card,paid
ORD0004962,paypal,paid
ORD0004963,credit_card,paid
ORD0004964,credit_card,paid
ORD0004965,credit_card,paid
ORD0004966,bank_transfer,paid
ORD0004967,credit_card,paid
ORD0004968,klarna,paid
ORD0004969,credit_card,paid
ORD0004970,paypal,paid
ORD0004971,paypal,paid
ORD0004972,credit_card,paid
ORD0004973,credit_card,paid
ORD0004974,apple_pay,paid
ORD0004975,credit_card,paid
ORD0004976,credit_card,paid
ORD0004977,credit_card,paid
ORD0004978,bank_transfer,paid
ORD0004979,credit_card,paid
ORD0004980,paypal,paid
ORD0004981,bank_transfer,paid
ORD0004982,credit_card,paid
ORD0004983,credit_card,paid
ORD0004984,credit_card,paid
ORD0004985,paypal,paid
ORD0004986,credit_card,paid
ORD0004987,credit_card,paid
ORD0004988,credit_card,paid
ORD0004989,paypal,paid
ORD0004990,klarna,paid
ORD0004991,paypal,paid
ORD0004992,paypal,paid
ORD0004993,credit_card,paid
ORD0004994,credit_card,paid
ORD0004995,apple_pay,paid
ORD0004996,credit_card,paid
ORD0004997,klarna,paid
ORD0004998,credit_card,paid
ORD0004999,credit_card,paid
ORD0005000,credit_card,paid
ORD0005001,credit_card,paid
ORD0005002,apple_pay,refunded
ORD0005003,paypal,paid
ORD0005004,apple_pay,paid
ORD0005005,credit_card,paid
ORD0005006,credit_card,paid
ORD0005007,credit_card,paid
ORD0005008,bank_transfer,paid
ORD0005009,credit_card,paid
ORD0005010,paypal,paid
ORD0005011,paypal,paid
ORD0005012,apple_pay,paid
ORD0005013,paypal,paid
ORD0005014,credit_card,paid
ORD0005015,paypal,paid
ORD0005016,credit_card,paid
ORD0005017,credit_card,paid
ORD0005018,bank_transfer,paid
ORD0005019,credit_card,paid
ORD0005020,klarna,paid
ORD0005021,credit_card,paid
ORD0005022,klarna,paid
ORD0005023,credit_card,paid
ORD0005024,bank_transfer,paid
ORD0005025,credit_card,refunded
ORD0005026,paypal,paid
ORD0005027,credit_card,paid
ORD0005028,credit_card,paid
ORD0005029,paypal,paid
ORD0005030,klarna,refunded
ORD0005031,paypal,paid
ORD0005032,credit_card,paid
ORD0005033,klarna,paid
ORD0005034,apple_pay,paid
ORD0005035,credit_card,paid
ORD0005036,credit_card,paid
ORD0005037,credit_card,paid
ORD0005038,bank_transfer,paid
ORD0005039,klarna,paid
ORD0005040,credit_card,paid
ORD0005041,credit_card,paid
ORD0005042,paypal,paid
ORD0005043,credit_card,paid
ORD0005044,bank_transfer,paid
ORD0005045,credit_card,paid
ORD0005046,paypal,paid
ORD0005047,apple_pay,paid
ORD0005048,bank_transfer,paid
ORD0005049,apple_pay,refunded
ORD0005050,klarna,paid
ORD0005051,credit_card,refunded
ORD0005052,klarna,paid
ORD0005053,paypal,paid
ORD0005054,credit_card,paid
ORD0005055,credit_card,paid
ORD0005056,bank_transfer,paid
ORD0005057,credit_card,paid
ORD0005058,klarna,paid
ORD0005059,credit_card,paid
ORD0005060,credit_card,paid
ORD0005061,apple_pay,paid
ORD0005062,credit_card,paid
ORD0005063,bank_transfer,paid
ORD0005064,paypal,paid
ORD0005065,apple_pay,paid
ORD0005066,credit_card,paid
ORD0005067,credit_card,paid
ORD0005068,apple_pay,paid
ORD0005069,credit_card,paid
ORD0005070,credit_card,paid
ORD0005071,credit_card,paid
ORD0005072,paypal,paid
ORD0005073,credit_card,paid
ORD0005074,credit_card,paid
ORD0005075,credit_card,paid
ORD0005076,apple_pay,paid
ORD0005077,bank_transfer,paid
ORD0005078,klarna,paid
ORD0005079,paypal,paid
ORD0005080,klarna,paid
ORD0005081,credit_card,paid
ORD0005082,klarna,paid
ORD0005083,credit_card,paid
ORD0005084,credit_card,paid
ORD0005085,paypal,paid
ORD0005086,klarna,paid
ORD0005087,paypal,paid
ORD0005088,paypal,paid
ORD0005089,credit_card,paid
ORD0005090,klarna,paid
ORD0005091,klarna,paid
ORD0005092,credit_card,paid
ORD0005093,klarna,paid
ORD0005094,klarna,paid
ORD0005095,credit_card,paid
ORD0005096,klarna,paid
ORD0005097,klarna,paid
ORD0005098,apple_pay,paid
ORD0005099,paypal,paid
ORD0005100,credit_card,paid
ORD0005101,credit_card,paid
ORD0005102,apple_pay,paid
ORD0005103,paypal,paid
ORD0005104,credit_card,paid
ORD0005105,credit_card,paid
ORD0005106,bank_transfer,paid
ORD0005107,klarna,paid
ORD0005108,credit_card,paid
ORD0005109,apple_pay,paid
ORD0005110,credit_card,paid
ORD0005111,paypal,paid
ORD0005112,paypal,paid
ORD0005113,apple_pay,paid
ORD0005114,paypal,paid
ORD0005115,credit_card,paid
ORD0005116,paypal,paid
ORD0005117,apple_pay,paid
ORD0005118,klarna,paid
ORD0005119,bank_transfer,paid
ORD0005120,bank_transfer,paid
ORD0005121,credit_card,paid
ORD0005122,apple_pay,paid
ORD0005123,credit_card,paid
ORD0005124,paypal,paid
ORD0005125,credit_card,paid
ORD0005126,credit_card,paid
ORD0005127,credit_card,paid
ORD0005128,paypal,paid
ORD0005129,bank_transfer,paid
ORD0005130,paypal,paid
ORD0005131,credit_card,paid
ORD0005132,paypal,paid
ORD0005133,credit_card,paid
ORD0005134,credit_card,paid
ORD0005135,credit_card,paid
ORD0005136,klarna,paid
ORD0005137,credit_card,paid
ORD0005138,klarna,paid
ORD0005139,credit_card,paid
ORD0005140,credit_card,paid
ORD0005141,credit_card,paid
ORD0005142,credit_card,paid
ORD0005143,paypal,paid
ORD0005144,apple_pay,paid
ORD0005145,klarna,paid
ORD0005146,paypal,paid
ORD0005147,paypal,refunded
ORD0005148,paypal,paid
ORD0005149,credit_card,paid
ORD0005150,klarna,paid
ORD0005151,klarna,paid
ORD0005152,paypal,paid
ORD0005153,paypal,paid
ORD0005154,credit_card,paid
ORD0005155,paypal,paid
ORD0005156,credit_card,paid
ORD0005157,credit_card,refunded
ORD0005158,apple_pay,paid
ORD0005159,credit_card,paid
ORD0005160,paypal,paid
ORD0005161,paypal,paid
ORD0005162,credit_card,paid
ORD0005163,credit_card,paid
ORD0005164,bank_transfer,paid
ORD0005165,paypal,paid
ORD0005166,apple_pay,paid
ORD0005167,apple_pay,paid
ORD0005168,paypal,paid
ORD0005169,apple_pay,paid
ORD0005170,klarna,paid
ORD0005171,apple_pay,paid
ORD0005172,klarna,paid
ORD0005173,paypal,paid
ORD0005174,paypal,paid
ORD0005175,klarna,paid
ORD0005176,credit_card,paid
ORD0005177,credit_card,paid
ORD0005178,apple_pay,refunded
ORD0005179,credit_card,paid
ORD0005180,credit_card,paid
ORD0005181,credit_card,refunded
ORD0005182,apple_pay,paid
ORD0005183,paypal,paid
ORD0005184,paypal,paid
ORD0005185,credit_card,paid
ORD0005186,bank_transfer,paid
ORD0005187,bank_transfer,paid
ORD0005188,credit_card,paid
ORD0005189,klarna,paid
ORD0005190,paypal,paid
ORD0005191,paypal,paid
ORD0005192,credit_card,paid
ORD0005193,credit_card,paid
ORD0005194,klarna,paid
ORD0005195,paypal,paid
ORD0005196,bank_transfer,paid
ORD0005197,paypal,paid
ORD0005198,klarna,paid
ORD0005199,credit_card,paid
ORD0005200,credit_card,paid
ORD0005201,credit_card,refunded
ORD0005202,credit_card,paid
ORD0005203,paypal,paid
ORD0005204,credit_card,paid
ORD0005205,klarna,paid
ORD0005206,paypal,paid
ORD0005207,paypal,paid
ORD0005208,credit_card,paid
ORD0005209,apple_pay,paid
ORD0005210,credit_card,paid
ORD0005211,apple_pay,paid
ORD0005212,apple_pay,paid
ORD0005213,credit_card,paid
ORD0005214,klarna,paid
ORD0005215,credit_card,paid
ORD0005216,paypal,paid
ORD0005217,klarna,paid
ORD0005218,paypal,paid
ORD0005219,klarna,paid
ORD0005220,credit_card,paid
ORD0005221,credit_card,paid
ORD0005222,credit_card,refunded
ORD0005223,klarna,paid
ORD0005224,credit_card,paid
ORD0005225,paypal,paid
ORD0005226,credit_card,paid
ORD0005227,paypal,paid
ORD0005228,apple_pay,paid
ORD0005229,klarna,paid
ORD0005230,credit_card,refunded
ORD0005231,credit_card,paid
ORD0005232,paypal,paid
ORD0005233,credit_card,paid
ORD0005234,credit_card,paid
ORD0005235,credit_card,paid
ORD0005236,paypal,paid
ORD0005237,credit_card,refunded
ORD0005238,paypal,paid
ORD0005239,credit_card,paid
ORD0005240,paypal,paid
ORD0005241,credit_card,paid
ORD0005242,paypal,paid
ORD0005243,klarna,paid
ORD0005244,credit_card,paid
ORD0005245,apple_pay,paid
ORD0005246,klarna,paid
ORD0005247,credit_card,refunded
ORD0005248,credit_card,paid
ORD0005249,klarna,paid
ORD0005250,klarna,paid
ORD0005251,paypal,paid
ORD0005252,paypal,paid
ORD0005253,credit_card,paid
ORD0005254,klarna,paid
ORD0005255,apple_pay,paid
ORD0005256,credit_card,paid
ORD0005257,credit_card,paid
ORD0005258,credit_card,paid
ORD0005259,paypal,paid
ORD0005260,klarna,paid
ORD0005261,credit_card,paid
ORD0005262,klarna,paid
ORD0005263,credit_card,paid
ORD0005264,paypal,paid
ORD0005265,apple_pay,paid
ORD0005266,apple_pay,paid
ORD0005267,credit_card,paid
ORD0005268,paypal,paid
ORD0005269,klarna,paid
ORD0005270,apple_pay,paid
ORD0005271,credit_card,paid
ORD0005272,paypal,paid
ORD0005273,credit_card,paid
ORD0005274,credit_card,paid
ORD0005275,klarna,paid
ORD0005276,credit_card,paid
ORD0005277,apple_pay,paid
ORD0005278,credit_card,paid
ORD0005279,credit_card,paid
ORD0005280,credit_card,paid
ORD0005281,paypal,paid
ORD0005282,credit_card,paid
ORD0005283,credit_card,paid
ORD0005284,klarna,paid
ORD0005285,credit_card,refunded
ORD0005286,paypal,paid
ORD0005287,paypal,paid
ORD0005288,paypal,paid
ORD0005289,credit_card,paid
ORD0005290,credit_card,paid
ORD0005291,credit_card,paid
ORD0005292,credit_card,paid
ORD0005293,credit_card,paid
ORD0005294,paypal,paid
ORD0005295,credit_card,paid
ORD0005296,credit_card,paid
ORD0005297,credit_card,paid
ORD0005298,credit_card,paid
ORD0005299,paypal,paid
ORD0005300,credit_card,paid
ORD0005301,credit_card,paid
ORD0005302,credit_card,paid
ORD0005303,klarna,paid
ORD0005304,paypal,paid
ORD0005305,paypal,paid
ORD0005306,credit_card,refunded
ORD0005307,credit_card,paid
ORD0005308,paypal,paid
ORD0005309,credit_card,paid
ORD0005310,credit_card,paid
ORD0005311,klarna,paid
ORD0005312,paypal,paid
ORD0005313,paypal,paid
ORD0005314,apple_pay,paid
ORD0005315,credit_card,paid
ORD0005316,credit_card,paid
ORD0005317,paypal,paid
ORD0005318,apple_pay,paid
ORD0005319,credit_card,paid
ORD0005320,paypal,paid
ORD0005321,apple_pay,refunded
ORD0005322,paypal,paid
ORD0005323,klarna,paid
ORD0005324,credit_card,paid
ORD0005325,credit_card,paid
ORD0005326,credit_card,paid
ORD0005327,paypal,paid
ORD0005328,paypal,paid
ORD0005329,credit_card,paid
ORD0005330,apple_pay,paid
ORD0005331,paypal,paid
ORD0005332,credit_card,paid
ORD0005333,credit_card,paid
ORD0005334,credit_card,paid
ORD0005335,bank_transfer,paid
ORD0005336,klarna,paid
ORD0005337,paypal,paid
ORD0005338,paypal,paid
ORD0005339,credit_card,paid
ORD0005340,paypal,paid
ORD0005341,bank_transfer,paid
ORD0005342,paypal,paid
ORD0005343,klarna,paid
ORD0005344,klarna,paid
ORD0005345,paypal,paid
ORD0005346,credit_card,paid
ORD0005347,paypal,paid
ORD0005348,credit_card,paid
ORD0005349,credit_card,paid
ORD0005350,bank_transfer,paid
ORD0005351,paypal,paid
ORD0005352,paypal,paid
ORD0005353,credit_card,paid
ORD0005354,klarna,paid
ORD0005355,credit_card,paid
ORD0005356,klarna,refunded
ORD0005357,credit_card,paid
ORD0005358,apple_pay,paid
ORD0005359,credit_card,paid
ORD0005360,paypal,paid
ORD0005361,paypal,paid
ORD0005362,credit_card,refunded
ORD0005363,credit_card,paid
ORD0005364,apple_pay,refunded
ORD0005365,paypal,paid
ORD0005366,paypal,paid
ORD0005367,credit_card,paid
ORD0005368,bank_transfer,paid
ORD0005369,credit_card,paid
ORD0005370,credit_card,paid
ORD0005371,paypal,paid
ORD0005372,paypal,paid
ORD0005373,credit_card,refunded
ORD0005374,klarna,paid
ORD0005375,credit_card,paid
ORD0005376,paypal,paid
ORD0005377,credit_card,paid
ORD0005378,klarna,paid
ORD0005379,klarna,paid
ORD0005380,paypal,paid
ORD0005381,paypal,paid
ORD0005382,bank_transfer,paid
ORD0005383,paypal,paid
ORD0005384,credit_card,paid
ORD0005385,credit_card,paid
ORD0005386,paypal,paid
ORD0005387,credit_card,paid
ORD0005388,apple_pay,paid
ORD0005389,credit_card,paid
ORD0005390,credit_card,paid
ORD0005391,klarna,paid
ORD0005392,klarna,paid
ORD0005393,paypal,paid
ORD0005394,credit_card,paid
ORD0005395,credit_card,paid
ORD0005396,credit_card,paid
ORD0005397,credit_card,paid
ORD0005398,credit_card,paid
ORD0005399,credit_card,paid
ORD0005400,apple_pay,paid
ORD0005401,paypal,paid
ORD0005402,paypal,paid
ORD0005403,credit_card,paid
ORD0005404,paypal,paid
ORD0005405,klarna,paid
ORD0005406,paypal,paid
ORD0005407,credit_card,paid
ORD0005408,paypal,paid
ORD0005409,klarna,paid
ORD0005410,credit_card,paid
ORD0005411,paypal,paid
ORD0005412,paypal,paid
ORD0005413,apple_pay,paid
ORD0005414,paypal,paid
ORD0005415,paypal,paid
ORD0005416,credit_card,paid
ORD0005417,credit_card,paid
ORD0005418,credit_card,paid
ORD0005419,credit_card,paid
ORD0005420,paypal,paid
ORD0005421,paypal,paid
ORD0005422,credit_card,paid
ORD0005423,paypal,paid
ORD0005424,bank_transfer,paid
ORD0005425,paypal,paid
ORD0005426,paypal,paid
ORD0005427,klarna,paid
ORD0005428,credit_card,paid
ORD0005429,credit_card,paid
ORD0005430,apple_pay,paid
ORD0005431,apple_pay,paid
ORD0005432,credit_card,paid
ORD0005433,klarna,paid
ORD0005434,paypal,paid
ORD0005435,apple_pay,paid
ORD0005436,credit_card,paid
ORD0005437,klarna,refunded
ORD0005438,credit_card,paid
ORD0005439,apple_pay,paid
ORD0005440,credit_card,paid
ORD0005441,credit_card,paid
ORD0005442,credit_card,paid
ORD0005443,credit_card,paid
ORD0005444,paypal,paid
ORD0005445,credit_card,paid
ORD0005446,bank_transfer,paid
ORD0005447,paypal,paid
ORD0005448,credit_card,paid
ORD0005449,apple_pay,paid
ORD0005450,paypal,paid
ORD0005451,credit_card,refunded
ORD0005452,paypal,paid
ORD0005453,paypal,paid
ORD0005454,credit_card,paid
ORD0005455,klarna,paid
ORD0005456,apple_pay,paid
ORD0005457,paypal,paid
ORD0005458,bank_transfer,paid
ORD0005459,klarna,paid
ORD0005460,credit_card,paid
ORD0005461,credit_card,paid
ORD0005462,credit_card,refunded
ORD0005463,paypal,paid
ORD0005464,credit_card,refunded
ORD0005465,bank_transfer,paid
ORD0005466,apple_pay,paid
ORD0005467,credit_card,paid
ORD0005468,apple_pay,paid
ORD0005469,credit_card,paid
ORD0005470,bank_transfer,paid
ORD0005471,credit_card,paid
ORD0005472,klarna,paid
ORD0005473,paypal,paid
ORD0005474,paypal,paid
ORD0005475,credit_card,paid
ORD0005476,credit_card,paid
ORD0005477,apple_pay,paid
ORD0005478,paypal,paid
ORD0005479,klarna,refunded
ORD0005480,credit_card,paid
ORD0005481,credit_card,paid
ORD0005482,bank_transfer,paid
ORD0005483,credit_card,paid
ORD0005484,klarna,refunded
ORD0005485,credit_card,paid
ORD0005486,credit_card,paid
ORD0005487,credit_card,paid
ORD0005488,paypal,paid
ORD0005489,paypal,paid
ORD0005490,klarna,paid
ORD0005491,bank_transfer,paid
ORD0005492,credit_card,paid
ORD0005493,apple_pay,paid
ORD0005494,credit_card,paid
ORD0005495,credit_card,paid
ORD0005496,klarna,paid
ORD0005497,credit_card,paid
ORD0005498,credit_card,paid
ORD0005499,credit_card,paid
ORD0005500,paypal,paid
ORD0005501,paypal,paid
ORD0005502,apple_pay,paid
ORD0005503,paypal,paid
ORD0005504,paypal,paid
ORD0005505,paypal,paid
ORD0005506,credit_card,paid
ORD0005507,apple_pay,paid
ORD0005508,klarna,paid
ORD0005509,klarna,paid
ORD0005510,credit_card,paid
ORD0005511,credit_card,paid
ORD0005512,paypal,paid
ORD0005513,credit_card,paid
ORD0005514,paypal,paid
ORD0005515,credit_card,paid
ORD0005516,credit_card,paid
ORD0005517,paypal,paid
ORD0005518,paypal,paid
ORD0005519,bank_transfer,paid
ORD0005520,credit_card,paid
ORD0005521,paypal,refunded
ORD0005522,paypal,paid
ORD0005523,credit_card,paid
ORD0005524,apple_pay,paid
ORD0005525,apple_pay,paid
ORD0005526,credit_card,paid
ORD0005527,credit_card,paid
ORD0005528,paypal,paid
ORD0005529,apple_pay,paid
ORD0005530,credit_card,paid
ORD0005531,credit_card,paid
ORD0005532,credit_card,refunded
ORD0005533,klarna,paid
ORD0005534,klarna,paid
ORD0005535,apple_pay,paid
ORD0005536,paypal,paid
ORD0005537,credit_card,paid
ORD0005538,paypal,paid
ORD0005539,paypal,paid
ORD0005540,credit_card,refunded
ORD0005541,bank_transfer,paid
ORD0005542,credit_card,paid
ORD0005543,apple_pay,refunded
ORD0005544,klarna,paid
ORD0005545,credit_card,paid
ORD0005546,klarna,paid
ORD0005547,credit_card,paid
ORD0005548,apple_pay,paid
ORD0005549,bank_transfer,paid
ORD0005550,credit_card,paid
ORD0005551,credit_card,paid
ORD0005552,credit_card,paid
ORD0005553,credit_card,paid
ORD0005554,credit_card,paid
ORD0005555,paypal,paid
ORD0005556,paypal,paid
ORD0005557,paypal,paid
ORD0005558,paypal,paid
ORD0005559,credit_card,paid
ORD0005560,klarna,paid
ORD0005561,paypal,paid
ORD0005562,klarna,paid
ORD0005563,credit_card,paid
ORD0005564,klarna,paid
ORD0005565,klarna,paid
ORD0005566,credit_card,paid
ORD0005567,paypal,paid
ORD0005568,bank_transfer,paid
ORD0005569,credit_card,paid
ORD0005570,klarna,paid
ORD0005571,apple_pay,paid
ORD0005572,credit_card,refunded
ORD0005573,klarna,paid
ORD0005574,paypal,paid
ORD0005575,bank_transfer,paid
ORD0005576,credit_card,paid
ORD0005577,bank_transfer,paid
ORD0005578,bank_transfer,paid
ORD0005579,credit_card,paid
ORD0005580,credit_card,paid
ORD0005581,credit_card,paid
ORD0005582,bank_transfer,paid
ORD0005583,paypal,refunded
ORD0005584,credit_card,paid
ORD0005585,paypal,paid
ORD0005586,klarna,paid
ORD0005587,paypal,refunded
ORD0005588,credit_card,paid
ORD0005589,credit_card,paid
ORD0005590,credit_card,paid
ORD0005591,apple_pay,paid
ORD0005592,credit_card,refunded
ORD0005593,paypal,paid
ORD0005594,paypal,paid
ORD0005595,credit_card,paid
ORD0005596,credit_card,paid
ORD0005597,paypal,paid
ORD0005598,credit_card,paid
ORD0005599,credit_card,paid
ORD0005600,credit_card,paid
ORD0005601,klarna,refunded
ORD0005602,paypal,paid
ORD0005603,apple_pay,refunded
ORD0005604,credit_card,paid
ORD0005605,credit_card,paid
ORD0005606,credit_card,paid
ORD0005607,apple_pay,paid
ORD0005608,credit_card,paid
ORD0005609,klarna,paid
ORD0005610,credit_card,paid
ORD0005611,credit_card,paid
ORD0005612,bank_transfer,paid
ORD0005613,paypal,paid
ORD0005614,credit_card,paid
ORD0005615,bank_transfer,paid
ORD0005616,apple_pay,paid
ORD0005617,apple_pay,paid
ORD0005618,klarna,paid
ORD0005619,apple_pay,paid
ORD0005620,credit_card,paid
ORD0005621,bank_transfer,paid
ORD0005622,credit_card,paid
ORD0005623,paypal,paid
ORD0005624,paypal,paid
ORD0005625,klarna,paid
ORD0005626,apple_pay,paid
ORD0005627,paypal,paid
ORD0005628,credit_card,paid
ORD0005629,credit_card,paid
ORD0005630,paypal,paid
ORD0005631,klarna,paid
ORD0005632,credit_card,paid
ORD0005633,credit_card,paid
ORD0005634,credit_card,paid
ORD0005635,credit_card,paid
ORD0005636,credit_card,paid
ORD0005637,bank_transfer,paid
ORD0005638,credit_card,paid
ORD0005639,paypal,paid
ORD0005640,credit_card,paid
ORD0005641,credit_card,paid
ORD0005642,paypal,paid
ORD0005643,paypal,paid
ORD0005644,apple_pay,paid
ORD0005645,paypal,paid
ORD0005646,credit_card,paid
ORD0005647,paypal,paid
ORD0005648,klarna,paid
ORD0005649,credit_card,paid
ORD0005650,bank_transfer,paid
ORD0005651,klarna,paid
ORD0005652,credit_card,paid
ORD0005653,credit_card,paid
ORD0005654,credit_card,paid
ORD0005655,paypal,paid
ORD0005656,credit_card,paid
ORD0005657,credit_card,paid
ORD0005658,paypal,paid
ORD0005659,credit_card,paid
ORD0005660,credit_card,paid
ORD0005661,klarna,paid
ORD0005662,klarna,paid
ORD0005663,klarna,paid
ORD0005664,credit_card,paid
ORD0005665,credit_card,paid
ORD0005666,credit_card,paid
ORD0005667,credit_card,paid
ORD0005668,klarna,paid
ORD0005669,bank_transfer,paid
ORD0005670,credit_card,paid
ORD0005671,credit_card,paid
ORD0005672,credit_card,paid
ORD0005673,apple_pay,paid
ORD0005674,bank_transfer,paid
ORD0005675,credit_card,paid
ORD0005676,credit_card,paid
ORD0005677,credit_card,paid
ORD0005678,credit_card,paid
ORD0005679,paypal,paid
ORD0005680,credit_card,paid
ORD0005681,paypal,paid
ORD0005682,paypal,paid
ORD0005683,klarna,paid
ORD0005684,paypal,refunded
ORD0005685,paypal,refunded
ORD0005686,paypal,paid
ORD0005687,credit_card,paid
ORD0005688,credit_card,paid
ORD0005689,klarna,paid
ORD0005690,credit_card,paid
ORD0005691,bank_transfer,paid
ORD0005692,credit_card,paid
ORD0005693,paypal,paid
ORD0005694,credit_card,paid
ORD0005695,apple_pay,paid
ORD0005696,paypal,paid
ORD0005697,credit_card,paid
ORD0005698,bank_transfer,paid
ORD0005699,credit_card,paid
ORD0005700,apple_pay,paid
ORD0005701,credit_card,refunded
ORD0005702,paypal,paid
ORD0005703,credit_card,paid
ORD0005704,credit_card,paid
ORD0005705,apple_pay,paid
ORD0005706,credit_card,paid
ORD0005707,credit_card,paid
ORD0005708,credit_card,paid
ORD0005709,klarna,paid
ORD0005710,credit_card,paid
ORD0005711,klarna,paid
ORD0005712,credit_card,paid
ORD0005713,credit_card,paid
ORD0005714,credit_card,refunded
ORD0005715,paypal,paid
ORD0005716,paypal,paid
ORD0005717,paypal,paid
ORD0005718,paypal,paid
ORD0005719,paypal,paid
ORD0005720,credit_card,paid
ORD0005721,credit_card,paid
ORD0005722,paypal,paid
ORD0005723,credit_card,paid
ORD0005724,credit_card,paid
ORD0005725,credit_card,paid
ORD0005726,credit_card,paid
ORD0005727,credit_card,paid
ORD0005728,credit_card,paid
ORD0005729,paypal,paid
ORD0005730,apple_pay,paid
ORD0005731,credit_card,paid
ORD0005732,klarna,paid
ORD0005733,paypal,paid
ORD0005734,bank_transfer,paid
ORD0005735,klarna,paid
ORD0005736,klarna,paid
ORD0005737,klarna,refunded
ORD0005738,credit_card,paid
ORD0005739,credit_card,paid
ORD0005740,credit_card,paid
ORD0005741,apple_pay,paid
ORD0005742,credit_card,paid
ORD0005743,credit_card,paid
ORD0005744,klarna,paid
ORD0005745,klarna,paid
ORD0005746,credit_card,paid
ORD0005747,klarna,paid
ORD0005748,paypal,paid
ORD0005749,apple_pay,paid
ORD0005750,paypal,paid
ORD0005751,bank_transfer,paid
ORD0005752,credit_card,paid
ORD0005753,klarna,paid
ORD0005754,paypal,paid
ORD0005755,credit_card,paid
ORD0005756,credit_card,paid
ORD0005757,credit_card,paid
ORD0005758,apple_pay,paid
ORD0005759,klarna,paid
ORD0005760,bank_transfer,paid
ORD0005761,paypal,paid
ORD0005762,klarna,paid
ORD0005763,bank_transfer,paid
ORD0005764,paypal,paid
ORD0005765,klarna,paid
ORD0005766,klarna,paid
ORD0005767,credit_card,paid
ORD0005768,bank_transfer,paid
ORD0005769,klarna,paid
ORD0005770,credit_card,paid
ORD0005771,klarna,paid
ORD0005772,klarna,paid
ORD0005773,credit_card,paid
ORD0005774,credit_card,paid
ORD0005775,credit_card,paid
ORD0005776,klarna,paid
ORD0005777,credit_card,paid
ORD0005778,paypal,paid
ORD0005779,paypal,paid
ORD0005780,apple_pay,paid
ORD0005781,credit_card,paid
ORD0005782,klarna,paid
ORD0005783,credit_card,paid
ORD0005784,credit_card,paid
ORD0005785,credit_card,paid
ORD0005786,paypal,paid
ORD0005787,paypal,paid
ORD0005788,credit_card,paid
ORD0005789,credit_card,paid
ORD0005790,credit_card,paid
ORD0005791,paypal,paid
ORD0005792,klarna,paid
ORD0005793,paypal,paid
ORD0005794,credit_card,paid
ORD0005795,credit_card,paid
ORD0005796,credit_card,paid
ORD0005797,paypal,paid
ORD0005798,apple_pay,paid
ORD0005799,credit_card,paid
ORD0005800,apple_pay,paid
ORD0005801,paypal,paid
ORD0005802,credit_card,paid
ORD0005803,paypal,paid
ORD0005804,paypal,paid
ORD0005805,paypal,paid
ORD0005806,paypal,paid
ORD0005807,credit_card,paid
ORD0005808,credit_card,paid
ORD0005809,klarna,paid
ORD0005810,credit_card,paid
ORD0005811,credit_card,paid
ORD0005812,credit_card,paid
ORD0005813,credit_card,paid
ORD0005814,credit_card,paid
ORD0005815,credit_card,paid
ORD0005816,paypal,paid
ORD0005817,paypal,paid
ORD0005818,paypal,paid
ORD0005819,paypal,paid
ORD0005820,credit_card,refunded
ORD0005821,credit_card,paid
ORD0005822,credit_card,paid
ORD0005823,credit_card,paid
ORD0005824,credit_card,paid
ORD0005825,apple_pay,paid
ORD0005826,credit_card,paid
ORD0005827,paypal,paid
ORD0005828,credit_card,paid
ORD0005829,klarna,paid
ORD0005830,credit_card,paid
ORD0005831,bank_transfer,paid
ORD0005832,apple_pay,paid
ORD0005833,paypal,paid
ORD0005834,paypal,paid
ORD0005835,paypal,paid
ORD0005836,paypal,paid
ORD0005837,apple_pay,paid
ORD0005838,credit_card,paid
ORD0005839,credit_card,paid
ORD0005840,apple_pay,refunded
ORD0005841,klarna,paid
ORD0005842,apple_pay,paid
ORD0005843,paypal,paid
ORD0005844,paypal,paid
ORD0005845,paypal,paid
ORD0005846,paypal,paid
ORD0005847,credit_card,paid
ORD0005848,bank_transfer,paid
ORD0005849,paypal,paid
ORD0005850,credit_card,paid
ORD0005851,credit_card,paid
ORD0005852,bank_transfer,paid
ORD0005853,klarna,paid
ORD0005854,klarna,paid
ORD0005855,klarna,paid
ORD0005856,credit_card,paid
ORD0005857,paypal,paid
ORD0005858,bank_transfer,paid
ORD0005859,credit_card,paid
ORD0005860,apple_pay,paid
ORD0005861,credit_card,paid
ORD0005862,paypal,paid
ORD0005863,klarna,paid
ORD0005864,credit_card,paid
ORD0005865,paypal,paid
ORD0005866,credit_card,paid
ORD0005867,klarna,paid
ORD0005868,apple_pay,paid
ORD0005869,credit_card,paid
ORD0005870,klarna,paid
ORD0005871,credit_card,paid
ORD0005872,credit_card,refunded
ORD0005873,bank_transfer,paid
ORD0005874,credit_card,paid
ORD0005875,paypal,paid
ORD0005876,credit_card,paid
ORD0005877,paypal,paid
ORD0005878,credit_card,paid
ORD0005879,credit_card,refunded
ORD0005880,klarna,paid
ORD0005881,paypal,paid
ORD0005882,credit_card,paid
ORD0005883,credit_card,paid
ORD0005884,klarna,paid
ORD0005885,credit_card,paid
ORD0005886,paypal,refunded
ORD0005887,bank_transfer,paid
ORD0005888,klarna,paid
ORD0005889,klarna,paid
ORD0005890,apple_pay,paid
ORD0005891,credit_card,paid
ORD0005892,credit_card,paid
ORD0005893,credit_card,paid
ORD0005894,credit_card,paid
ORD0005895,paypal,paid
ORD0005896,paypal,paid
ORD0005897,klarna,paid
ORD0005898,credit_card,paid
ORD0005899,paypal,paid
ORD0005900,credit_card,refunded
ORD0005901,apple_pay,paid
ORD0005902,credit_card,paid
ORD0005903,paypal,paid
ORD0005904,paypal,paid
ORD0005905,credit_card,paid
ORD0005906,credit_card,paid
ORD0005907,bank_transfer,paid
ORD0005908,paypal,paid
ORD0005909,credit_card,paid
ORD0005910,klarna,paid
ORD0005911,klarna,paid
ORD0005912,credit_card,paid
ORD0005913,bank_transfer,paid
ORD0005914,bank_transfer,paid
ORD0005915,paypal,paid
ORD0005916,credit_card,paid
ORD0005917,apple_pay,paid
ORD0005918,klarna,paid
ORD0005919,apple_pay,paid
ORD0005920,credit_card,paid
ORD0005921,klarna,paid
ORD0005922,credit_card,paid
ORD0005923,credit_card,paid
ORD0005924,credit_card,paid
ORD0005925,apple_pay,paid
ORD0005926,credit_card,paid
ORD0005927,klarna,paid
ORD0005928,credit_card,paid
ORD0005929,credit_card,paid
ORD0005930,credit_card,paid
ORD0005931,klarna,paid
ORD0005932,klarna,paid
ORD0005933,klarna,paid
ORD0005934,bank_transfer,paid
ORD0005935,paypal,paid
ORD0005936,apple_pay,paid
ORD0005937,apple_pay,paid
ORD0005938,klarna,paid
ORD0005939,paypal,paid
ORD0005940,credit_card,paid
ORD0005941,paypal,paid
ORD0005942,klarna,paid
ORD0005943,apple_pay,paid
ORD0005944,paypal,paid
ORD0005945,credit_card,paid
ORD0005946,bank_transfer,paid
ORD0005947,credit_card,refunded
ORD0005948,credit_card,paid
ORD0005949,credit_card,paid
ORD0005950,credit_card,paid
ORD0005951,apple_pay,paid
ORD0005952,paypal,paid
ORD0005953,credit_card,paid
ORD0005954,credit_card,paid
ORD0005955,paypal,paid
ORD0005956,apple_pay,refunded
ORD0005957,klarna,paid
ORD0005958,credit_card,paid
ORD0005959,klarna,paid
ORD0005960,credit_card,paid
ORD0005961,credit_card,paid
ORD0005962,credit_card,paid
ORD0005963,paypal,paid
ORD0005964,paypal,paid
ORD0005965,apple_pay,paid
ORD0005966,paypal,paid
ORD0005967,credit_card,paid
ORD0005968,apple_pay,paid
ORD0005969,apple_pay,paid
ORD0005970,credit_card,paid
ORD0005971,credit_card,paid
ORD0005972,credit_card,paid
ORD0005973,klarna,paid
ORD0005974,credit_card,paid
ORD0005975,credit_card,paid
ORD0005976,credit_card,paid
ORD0005977,bank_transfer,paid
ORD0005978,klarna,paid
ORD0005979,credit_card,paid
ORD0005980,credit_card,paid
ORD0005981,apple_pay,paid
ORD0005982,apple_pay,paid
ORD0005983,apple_pay,paid
ORD0005984,klarna,paid
ORD0005985,credit_card,paid
ORD0005986,paypal,paid
ORD0005987,credit_card,paid
ORD0005988,paypal,paid
ORD0005989,apple_pay,paid
ORD0005990,paypal,refunded
ORD0005991,klarna,paid
ORD0005992,apple_pay,refunded
ORD0005993,paypal,paid
ORD0005994,credit_card,paid
ORD0005995,klarna,paid
ORD0005996,klarna,paid
ORD0005997,credit_card,paid
ORD0005998,credit_card,paid
ORD0005999,credit_card,paid
ORD0006000,apple_pay,paid
ORD0006001,credit_card,paid
ORD0006002,credit_card,paid
ORD0006003,apple_pay,paid
ORD0006004,credit_card,paid
ORD0006005,credit_card,paid
ORD0006006,klarna,paid
ORD0006007,bank_transfer,refunded
ORD0006008,credit_card,paid
ORD0006009,klarna,paid
ORD0006010,paypal,paid
ORD0006011,apple_pay,paid
ORD0006012,paypal,paid
ORD0006013,credit_card,paid
ORD0006014,credit_card,paid
ORD0006015,credit_card,paid
ORD0006016,credit_card,paid
ORD0006017,credit_card,paid
ORD0006018,credit_card,paid
ORD0006019,paypal,paid
ORD0006020,klarna,paid
ORD0006021,paypal,refunded
ORD0006022,klarna,paid
ORD0006023,credit_card,refunded
ORD0006024,credit_card,paid
ORD0006025,credit_card,paid
ORD0006026,paypal,refunded
ORD0006027,credit_card,paid
ORD0006028,apple_pay,paid
ORD0006029,credit_card,paid
ORD0006030,paypal,paid
ORD0006031,credit_card,paid
ORD0006032,klarna,paid
ORD0006033,bank_transfer,paid
ORD0006034,apple_pay,refunded
ORD0006035,credit_card,paid
ORD0006036,credit_card,paid
ORD0006037,credit_card,paid
ORD0006038,paypal,paid
ORD0006039,paypal,paid
ORD0006040,paypal,paid
ORD0006041,credit_card,paid
ORD0006042,paypal,paid
ORD0006043,paypal,paid
ORD0006044,bank_transfer,paid
ORD0006045,paypal,paid
ORD0006046,klarna,refunded
ORD0006047,credit_card,paid
ORD0006048,klarna,paid
ORD0006049,credit_card,paid
ORD0006050,klarna,paid
ORD0006051,paypal,paid
ORD0006052,credit_card,paid
ORD0006053,credit_card,paid
ORD0006054,paypal,paid
ORD0006055,credit_card,paid
ORD0006056,apple_pay,paid
ORD0006057,paypal,paid
ORD0006058,credit_card,paid
ORD0006059,paypal,paid
ORD0006060,klarna,paid
ORD0006061,bank_transfer,paid
ORD0006062,credit_card,paid
ORD0006063,bank_transfer,paid
ORD0006064,credit_card,paid
ORD0006065,credit_card,paid
ORD0006066,credit_card,paid
ORD0006067,apple_pay,paid
ORD0006068,paypal,paid
ORD0006069,apple_pay,paid
ORD0006070,credit_card,paid
ORD0006071,apple_pay,paid
ORD0006072,klarna,refunded
ORD0006073,credit_card,paid
ORD0006074,credit_card,paid
ORD0006075,paypal,paid
ORD0006076,klarna,paid
ORD0006077,klarna,paid
ORD0006078,paypal,paid
ORD0006079,paypal,paid
ORD0006080,credit_card,paid
ORD0006081,credit_card,paid
ORD0006082,klarna,paid
ORD0006083,credit_card,paid
ORD0006084,bank_transfer,paid
ORD0006085,klarna,paid
ORD0006086,paypal,paid
ORD0006087,credit_card,paid
ORD0006088,paypal,paid
ORD0006089,credit_card,paid
ORD0006090,paypal,paid
ORD0006091,paypal,paid
ORD0006092,credit_card,paid
ORD0006093,paypal,paid
ORD0006094,apple_pay,paid
ORD0006095,paypal,paid
ORD0006096,credit_card,paid
ORD0006097,credit_card,paid
ORD0006098,credit_card,refunded
ORD0006099,paypal,paid
ORD0006100,klarna,paid
ORD0006101,paypal,paid
ORD0006102,credit_card,paid
ORD0006103,credit_card,paid
ORD0006104,credit_card,paid
ORD0006105,klarna,paid
ORD0006106,credit_card,paid
ORD0006107,credit_card,paid
ORD0006108,apple_pay,paid
ORD0006109,paypal,paid
ORD0006110,klarna,paid
ORD0006111,credit_card,paid
ORD0006112,credit_card,paid
ORD0006113,credit_card,paid
ORD0006114,credit_card,paid
ORD0006115,paypal,paid
ORD0006116,credit_card,paid
ORD0006117,bank_transfer,paid
ORD0006118,apple_pay,paid
ORD0006119,credit_card,paid
ORD0006120,klarna,paid
ORD0006121,credit_card,paid
ORD0006122,apple_pay,paid
ORD0006123,paypal,refunded
ORD0006124,paypal,paid
ORD0006125,credit_card,paid
ORD0006126,paypal,paid
ORD0006127,paypal,refunded
ORD0006128,credit_card,paid
ORD0006129,klarna,paid
ORD0006130,paypal,paid
ORD0006131,paypal,paid
ORD0006132,klarna,paid
ORD0006133,credit_card,paid
ORD0006134,paypal,paid
ORD0006135,paypal,paid
ORD0006136,paypal,paid
ORD0006137,credit_card,paid
ORD0006138,paypal,paid
ORD0006139,paypal,paid
ORD0006140,credit_card,paid
ORD0006141,credit_card,paid
ORD0006142,paypal,paid
ORD0006143,credit_card,paid
ORD0006144,klarna,paid
ORD0006145,klarna,refunded
ORD0006146,klarna,paid
ORD0006147,credit_card,paid
ORD0006148,credit_card,paid
ORD0006149,apple_pay,paid
ORD0006150,paypal,paid
ORD0006151,klarna,paid
ORD0006152,paypal,refunded
ORD0006153,apple_pay,refunded
ORD0006154,credit_card,paid
ORD0006155,credit_card,paid
ORD0006156,bank_transfer,paid
ORD0006157,credit_card,paid
ORD0006158,paypal,refunded
ORD0006159,credit_card,paid
ORD0006160,credit_card,paid
ORD0006161,bank_transfer,paid
ORD0006162,klarna,paid
ORD0006163,paypal,refunded
ORD0006164,klarna,paid
ORD0006165,paypal,paid
ORD0006166,paypal,paid
ORD0006167,credit_card,paid
ORD0006168,klarna,paid
ORD0006169,credit_card,paid
ORD0006170,klarna,paid
ORD0006171,klarna,paid
ORD0006172,paypal,paid
ORD0006173,credit_card,paid
ORD0006174,credit_card,paid
ORD0006175,credit_card,paid
ORD0006176,paypal,paid
ORD0006177,credit_card,paid
ORD0006178,credit_card,paid
ORD0006179,paypal,paid
ORD0006180,apple_pay,paid
ORD0006181,credit_card,paid
ORD0006182,klarna,refunded
ORD0006183,klarna,refunded
ORD0006184,klarna,paid
ORD0006185,credit_card,paid
ORD0006186,credit_card,paid
ORD0006187,paypal,paid
ORD0006188,credit_card,paid
ORD0006189,paypal,paid
ORD0006190,credit_card,paid
ORD0006191,klarna,paid
ORD0006192,klarna,paid
ORD0006193,credit_card,paid
ORD0006194,credit_card,paid
ORD0006195,credit_card,paid
ORD0006196,paypal,paid
ORD0006197,klarna,paid
ORD0006198,credit_card,paid
ORD0006199,klarna,paid
ORD0006200,apple_pay,refunded
ORD0006201,credit_card,paid
ORD0006202,credit_card,paid
ORD0006203,paypal,paid
ORD0006204,paypal,paid
ORD0006205,apple_pay,paid
ORD0006206,paypal,paid
ORD0006207,credit_card,paid
ORD0006208,credit_card,paid
ORD0006209,paypal,paid
ORD0006210,apple_pay,paid
ORD0006211,paypal,paid
ORD0006212,credit_card,paid
ORD0006213,paypal,paid
ORD0006214,paypal,paid
ORD0006215,credit_card,paid
ORD0006216,klarna,paid
ORD0006217,apple_pay,paid
ORD0006218,apple_pay,paid
ORD0006219,klarna,paid
ORD0006220,credit_card,paid
ORD0006221,credit_card,refunded
ORD0006222,credit_card,paid
ORD0006223,apple_pay,paid
ORD0006224,credit_card,paid
ORD0006225,credit_card,paid
ORD0006226,paypal,paid
ORD0006227,paypal,paid
ORD0006228,paypal,paid
ORD0006229,klarna,paid
ORD0006230,credit_card,paid
ORD0006231,credit_card,paid
ORD0006232,klarna,paid
ORD0006233,paypal,paid
ORD0006234,credit_card,paid
ORD0006235,paypal,paid
ORD0006236,paypal,paid
ORD0006237,apple_pay,paid
ORD0006238,credit_card,paid
ORD0006239,credit_card,paid
ORD0006240,klarna,paid
ORD0006241,credit_card,paid
ORD0006242,paypal,paid
ORD0006243,credit_card,paid
ORD0006244,klarna,paid
ORD0006245,paypal,paid
ORD0006246,paypal,paid
ORD0006247,credit_card,paid
ORD0006248,klarna,paid
ORD0006249,credit_card,paid
ORD0006250,klarna,paid
ORD0006251,bank_transfer,paid
ORD0006252,klarna,paid
ORD0006253,bank_transfer,paid
ORD0006254,apple_pay,paid
ORD0006255,credit_card,paid
ORD0006256,klarna,paid
ORD0006257,paypal,paid
ORD0006258,credit_card,paid
ORD0006259,credit_card,refunded
ORD0006260,credit_card,paid
ORD0006261,apple_pay,paid
ORD0006262,bank_transfer,paid
ORD0006263,paypal,paid
ORD0006264,paypal,paid
ORD0006265,credit_card,paid
ORD0006266,paypal,paid
ORD0006267,paypal,paid
ORD0006268,paypal,paid
ORD0006269,paypal,paid
ORD0006270,paypal,paid
ORD0006271,credit_card,paid
ORD0006272,apple_pay,paid
ORD0006273,paypal,paid
ORD0006274,credit_card,paid
ORD0006275,credit_card,paid
ORD0006276,credit_card,paid
ORD0006277,credit_card,paid
ORD0006278,credit_card,paid
ORD0006279,paypal,refunded
ORD0006280,credit_card,paid
ORD0006281,paypal,paid
ORD0006282,klarna,paid
ORD0006283,paypal,paid
ORD0006284,klarna,paid
ORD0006285,paypal,paid
ORD0006286,paypal,paid
ORD0006287,credit_card,paid
ORD0006288,credit_card,paid
ORD0006289,klarna,paid
ORD0006290,paypal,paid
ORD0006291,credit_card,paid
ORD0006292,paypal,paid
ORD0006293,bank_transfer,paid
ORD0006294,paypal,paid
ORD0006295,paypal,paid
ORD0006296,credit_card,paid
ORD0006297,paypal,paid
ORD0006298,credit_card,paid
ORD0006299,paypal,paid
ORD0006300,klarna,paid
ORD0006301,bank_transfer,paid
ORD0006302,credit_card,paid
ORD0006303,paypal,paid
ORD0006304,bank_transfer,paid
ORD0006305,apple_pay,paid
ORD0006306,paypal,paid
ORD0006307,credit_card,paid
ORD0006308,klarna,paid
ORD0006309,credit_card,paid
ORD0006310,credit_card,paid
ORD0006311,credit_card,refunded
ORD0006312,credit_card,paid
ORD0006313,credit_card,paid
ORD0006314,paypal,paid
ORD0006315,credit_card,paid
ORD0006316,klarna,paid
ORD0006317,credit_card,paid
ORD0006318,credit_card,paid
ORD0006319,paypal,paid
ORD0006320,credit_card,paid
ORD0006321,credit_card,paid
ORD0006322,credit_card,paid
ORD0006323,bank_transfer,paid
ORD0006324,credit_card,paid
ORD0006325,credit_card,paid
ORD0006326,credit_card,paid
ORD0006327,paypal,paid
ORD0006328,apple_pay,paid
ORD0006329,credit_card,paid
ORD0006330,paypal,paid
ORD0006331,paypal,paid
ORD0006332,credit_card,paid
ORD0006333,paypal,paid
ORD0006334,apple_pay,paid
ORD0006335,apple_pay,paid
ORD0006336,credit_card,paid
ORD0006337,bank_transfer,paid
ORD0006338,credit_card,paid
ORD0006339,apple_pay,paid
ORD0006340,paypal,paid
ORD0006341,credit_card,paid
ORD0006342,apple_pay,paid
ORD0006343,credit_card,paid
ORD0006344,bank_transfer,paid
ORD0006345,bank_transfer,paid
ORD0006346,bank_transfer,paid
ORD0006347,klarna,refunded
ORD0006348,klarna,paid
ORD0006349,credit_card,paid
ORD0006350,credit_card,paid
ORD0006351,credit_card,paid
ORD0006352,apple_pay,paid
ORD0006353,paypal,paid
ORD0006354,credit_card,paid
ORD0006355,credit_card,paid
ORD0006356,bank_transfer,paid
ORD0006357,credit_card,paid
ORD0006358,apple_pay,paid
ORD0006359,credit_card,paid
ORD0006360,paypal,refunded
ORD0006361,paypal,paid
ORD0006362,credit_card,refunded
ORD0006363,paypal,paid
ORD0006364,paypal,paid
ORD0006365,credit_card,paid
ORD0006366,paypal,paid
ORD0006367,paypal,paid
ORD0006368,paypal,paid
ORD0006369,klarna,paid
ORD0006370,credit_card,paid
ORD0006371,credit_card,paid
ORD0006372,credit_card,paid
ORD0006373,credit_card,paid
ORD0006374,klarna,paid
ORD0006375,credit_card,paid
ORD0006376,bank_transfer,paid
ORD0006377,paypal,paid
ORD0006378,credit_card,paid
ORD0006379,apple_pay,paid
ORD0006380,paypal,paid
ORD0006381,apple_pay,paid
ORD0006382,klarna,paid
ORD0006383,klarna,paid
ORD0006384,credit_card,paid
ORD0006385,credit_card,paid
ORD0006386,paypal,paid
ORD0006387,paypal,paid
ORD0006388,credit_card,paid
ORD0006389,bank_transfer,paid
ORD0006390,paypal,paid
ORD0006391,klarna,paid
ORD0006392,credit_card,paid
ORD0006393,credit_card,paid
ORD0006394,paypal,paid
ORD0006395,credit_card,paid
ORD0006396,paypal,paid
ORD0006397,credit_card,paid
ORD0006398,paypal,paid
ORD0006399,credit_card,paid
ORD0006400,credit_card,paid
ORD0006401,credit_card,paid
ORD0006402,credit_card,paid
ORD0006403,klarna,paid
ORD0006404,bank_transfer,paid
ORD0006405,paypal,paid
ORD0006406,apple_pay,paid
ORD0006407,klarna,paid
ORD0006408,paypal,paid
ORD0006409,paypal,paid
ORD0006410,credit_card,paid
ORD0006411,credit_card,paid
ORD0006412,credit_card,paid
ORD0006413,klarna,refunded
ORD0006414,klarna,paid
ORD0006415,credit_card,paid
ORD0006416,paypal,paid
ORD0006417,credit_card,paid
ORD0006418,credit_card,paid
ORD0006419,klarna,paid
ORD0006420,credit_card,paid
ORD0006421,bank_transfer,paid
ORD0006422,credit_card,refunded
ORD0006423,credit_card,paid
ORD0006424,credit_card,paid
ORD0006425,credit_card,paid
ORD0006426,paypal,paid
ORD0006427,paypal,paid
ORD0006428,credit_card,paid
ORD0006429,apple_pay,paid
ORD0006430,credit_card,paid
ORD0006431,credit_card,paid
ORD0006432,credit_card,paid
ORD0006433,credit_card,paid
ORD0006434,klarna,paid
ORD0006435,credit_card,paid
ORD0006436,credit_card,paid
ORD0006437,klarna,paid
ORD0006438,paypal,paid
ORD0006439,bank_transfer,paid
ORD0006440,credit_card,paid
ORD0006441,credit_card,paid
ORD0006442,credit_card,paid
ORD0006443,credit_card,paid
ORD0006444,credit_card,paid
ORD0006445,credit_card,paid
ORD0006446,credit_card,paid
ORD0006447,bank_transfer,refunded
ORD0006448,credit_card,paid
ORD0006449,credit_card,paid
ORD0006450,klarna,paid
ORD0006451,paypal,paid
ORD0006452,credit_card,paid
ORD0006453,bank_transfer,paid
ORD0006454,apple_pay,paid
ORD0006455,credit_card,paid
ORD0006456,credit_card,paid
ORD0006457,credit_card,paid
ORD0006458,credit_card,paid
ORD0006459,credit_card,paid
ORD0006460,paypal,paid
ORD0006461,paypal,paid
ORD0006462,paypal,paid
ORD0006463,paypal,refunded
ORD0006464,credit_card,refunded
ORD0006465,bank_transfer,paid
ORD0006466,apple_pay,paid
ORD0006467,credit_card,paid
ORD0006468,credit_card,refunded
ORD0006469,paypal,paid
ORD0006470,credit_card,paid
ORD0006471,credit_card,paid
ORD0006472,credit_card,paid
ORD0006473,paypal,paid
ORD0006474,credit_card,paid
ORD0006475,credit_card,paid
ORD0006476,credit_card,paid
ORD0006477,paypal,paid
ORD0006478,credit_card,paid
ORD0006479,credit_card,paid
ORD0006480,credit_card,paid
ORD0006481,klarna,paid
ORD0006482,apple_pay,paid
ORD0006483,klarna,paid
ORD0006484,credit_card,paid
ORD0006485,credit_card,paid
ORD0006486,credit_card,paid
ORD0006487,bank_transfer,paid
ORD0006488,paypal,paid
ORD0006489,credit_card,refunded
ORD0006490,credit_card,paid
ORD0006491,paypal,paid
ORD0006492,credit_card,paid
ORD0006493,credit_card,paid
ORD0006494,credit_card,paid
ORD0006495,klarna,paid
ORD0006496,bank_transfer,paid
ORD0006497,paypal,paid
ORD0006498,paypal,paid
ORD0006499,credit_card,paid
ORD0006500,credit_card,paid
ORD0006501,klarna,paid
ORD0006502,klarna,paid
ORD0006503,klarna,paid
ORD0006504,klarna,paid
ORD0006505,paypal,paid
ORD0006506,credit_card,paid
ORD0006507,klarna,paid
ORD0006508,credit_card,paid
ORD0006509,credit_card,refunded
ORD0006510,klarna,refunded
ORD0006511,credit_card,paid
ORD0006512,credit_card,paid
ORD0006513,paypal,paid
ORD0006514,paypal,paid
ORD0006515,paypal,paid
ORD0006516,credit_card,paid
ORD0006517,credit_card,paid
ORD0006518,credit_card,paid
ORD0006519,credit_card,paid
ORD0006520,apple_pay,paid
ORD0006521,paypal,paid
ORD0006522,paypal,paid
ORD0006523,credit_card,paid
ORD0006524,credit_card,paid
ORD0006525,paypal,paid
ORD0006526,credit_card,paid
ORD0006527,credit_card,paid
ORD0006528,paypal,paid
ORD0006529,credit_card,paid
ORD0006530,apple_pay,paid
ORD0006531,paypal,paid
ORD0006532,credit_card,paid
ORD0006533,klarna,paid
ORD0006534,credit_card,paid
ORD0006535,paypal,paid
ORD0006536,credit_card,paid
ORD0006537,paypal,paid
ORD0006538,klarna,paid
ORD0006539,credit_card,paid
ORD0006540,paypal,paid
ORD0006541,bank_transfer,paid
ORD0006542,klarna,paid
ORD0006543,credit_card,paid
ORD0006544,bank_transfer,refunded
ORD0006545,klarna,paid
ORD0006546,paypal,paid
ORD0006547,klarna,paid
ORD0006548,credit_card,paid
ORD0006549,paypal,paid
ORD0006550,credit_card,paid
ORD0006551,apple_pay,paid
ORD0006552,paypal,paid
ORD0006553,apple_pay,paid
ORD0006554,credit_card,paid
ORD0006555,paypal,paid
ORD0006556,credit_card,paid
ORD0006557,klarna,paid
ORD0006558,paypal,paid
ORD0006559,credit_card,paid
ORD0006560,paypal,paid
ORD0006561,paypal,paid
ORD0006562,paypal,paid
ORD0006563,credit_card,paid
ORD0006564,klarna,paid
ORD0006565,paypal,paid
ORD0006566,bank_transfer,paid
ORD0006567,credit_card,paid
ORD0006568,credit_card,paid
ORD0006569,klarna,paid
ORD0006570,klarna,paid
ORD0006571,credit_card,refunded
ORD0006572,paypal,paid
ORD0006573,klarna,paid
ORD0006574,credit_card,paid
ORD0006575,credit_card,paid
ORD0006576,credit_card,paid
ORD0006577,paypal,paid
ORD0006578,klarna,paid
ORD0006579,credit_card,paid
ORD0006580,credit_card,paid
ORD0006581,credit_card,paid
ORD0006582,apple_pay,paid
ORD0006583,klarna,paid
ORD0006584,paypal,paid
ORD0006585,paypal,paid
ORD0006586,paypal,paid
ORD0006587,credit_card,paid
ORD0006588,bank_transfer,paid
ORD0006589,credit_card,refunded
ORD0006590,credit_card,paid
ORD0006591,apple_pay,paid
ORD0006592,credit_card,paid
ORD0006593,paypal,paid
ORD0006594,apple_pay,paid
ORD0006595,paypal,paid
ORD0006596,credit_card,paid
ORD0006597,bank_transfer,paid
ORD0006598,klarna,refunded
ORD0006599,paypal,refunded
ORD0006600,credit_card,paid
ORD0006601,klarna,paid
ORD0006602,klarna,paid
ORD0006603,credit_card,paid
ORD0006604,credit_card,paid
ORD0006605,credit_card,refunded
ORD0006606,credit_card,refunded
ORD0006607,credit_card,paid
ORD0006608,credit_card,paid
ORD0006609,credit_card,paid
ORD0006610,paypal,paid
ORD0006611,klarna,paid
ORD0006612,apple_pay,paid
ORD0006613,klarna,paid
ORD0006614,klarna,paid
ORD0006615,bank_transfer,paid
ORD0006616,credit_card,paid
ORD0006617,paypal,paid
ORD0006618,credit_card,paid
ORD0006619,credit_card,paid
ORD0006620,apple_pay,paid
ORD0006621,credit_card,paid
ORD0006622,paypal,paid
ORD0006623,apple_pay,paid
ORD0006624,paypal,paid
ORD0006625,credit_card,paid
ORD0006626,klarna,paid
ORD0006627,credit_card,paid
ORD0006628,paypal,paid
ORD0006629,credit_card,paid
ORD0006630,credit_card,paid
ORD0006631,credit_card,paid
ORD0006632,paypal,paid
ORD0006633,klarna,paid
ORD0006634,paypal,paid
ORD0006635,credit_card,paid
ORD0006636,paypal,paid
ORD0006637,credit_card,refunded
ORD0006638,credit_card,paid
ORD0006639,paypal,paid
ORD0006640,credit_card,paid
ORD0006641,credit_card,paid
ORD0006642,paypal,refunded
ORD0006643,bank_transfer,paid
ORD0006644,credit_card,paid
ORD0006645,credit_card,paid
ORD0006646,credit_card,paid
ORD0006647,klarna,paid
ORD0006648,klarna,paid
ORD0006649,paypal,paid
ORD0006650,paypal,paid
ORD0006651,credit_card,paid
ORD0006652,credit_card,paid
ORD0006653,bank_transfer,paid
ORD0006654,apple_pay,paid
ORD0006655,credit_card,paid
ORD0006656,paypal,paid
ORD0006657,credit_card,paid
ORD0006658,credit_card,paid
ORD0006659,paypal,paid
ORD0006660,paypal,paid
ORD0006661,bank_transfer,refunded
ORD0006662,paypal,paid
ORD0006663,credit_card,paid
ORD0006664,credit_card,paid
ORD0006665,paypal,paid
ORD0006666,klarna,paid
ORD0006667,credit_card,paid
ORD0006668,bank_transfer,paid
ORD0006669,credit_card,paid
ORD0006670,credit_card,paid
ORD0006671,credit_card,paid
ORD0006672,credit_card,paid
ORD0006673,credit_card,paid
ORD0006674,credit_card,paid
ORD0006675,apple_pay,paid
ORD0006676,apple_pay,paid
ORD0006677,credit_card,paid
ORD0006678,credit_card,paid
ORD0006679,paypal,paid
ORD0006680,klarna,paid
ORD0006681,credit_card,paid
ORD0006682,credit_card,paid
ORD0006683,paypal,paid
ORD0006684,credit_card,paid
ORD0006685,klarna,paid
ORD0006686,credit_card,paid
ORD0006687,credit_card,paid
ORD0006688,credit_card,refunded
ORD0006689,klarna,paid
ORD0006690,paypal,paid
ORD0006691,credit_card,paid
ORD0006692,credit_card,paid
ORD0006693,credit_card,paid
ORD0006694,credit_card,paid
ORD0006695,paypal,paid
ORD0006696,credit_card,paid
ORD0006697,credit_card,paid
ORD0006698,credit_card,paid
ORD0006699,apple_pay,paid
ORD0006700,credit_card,refunded
ORD0006701,credit_card,paid
ORD0006702,paypal,refunded
ORD0006703,apple_pay,paid
ORD0006704,bank_transfer,paid
ORD0006705,klarna,paid
ORD0006706,bank_transfer,paid
ORD0006707,credit_card,paid
ORD0006708,paypal,refunded
ORD0006709,klarna,paid
ORD0006710,credit_card,paid
ORD0006711,credit_card,paid
ORD0006712,credit_card,paid
ORD0006713,credit_card,paid
ORD0006714,klarna,paid
ORD0006715,credit_card,paid
ORD0006716,klarna,paid
ORD0006717,paypal,paid
ORD0006718,paypal,paid
ORD0006719,paypal,paid
ORD0006720,credit_card,paid
ORD0006721,credit_card,paid
ORD0006722,klarna,paid
ORD0006723,paypal,paid
ORD0006724,paypal,paid
ORD0006725,credit_card,paid
ORD0006726,credit_card,paid
ORD0006727,apple_pay,paid
ORD0006728,credit_card,paid
ORD0006729,credit_card,paid
ORD0006730,apple_pay,paid
ORD0006731,klarna,paid
ORD0006732,apple_pay,paid
ORD0006733,klarna,refunded
ORD0006734,paypal,paid
ORD0006735,credit_card,paid
ORD0006736,klarna,paid
ORD0006737,credit_card,paid
ORD0006738,paypal,paid
ORD0006739,klarna,paid
ORD0006740,credit_card,refunded
ORD0006741,klarna,paid
ORD0006742,paypal,paid
ORD0006743,credit_card,refunded
ORD0006744,credit_card,paid
ORD0006745,credit_card,paid
ORD0006746,paypal,paid
ORD0006747,credit_card,paid
ORD0006748,bank_transfer,paid
ORD0006749,credit_card,paid
ORD0006750,credit_card,paid
ORD0006751,credit_card,paid
ORD0006752,credit_card,paid
ORD0006753,credit_card,paid
ORD0006754,credit_card,paid
ORD0006755,klarna,paid
ORD0006756,apple_pay,paid
ORD0006757,credit_card,paid
ORD0006758,credit_card,paid
ORD0006759,paypal,paid
ORD0006760,credit_card,paid
ORD0006761,bank_transfer,paid
ORD0006762,credit_card,paid
ORD0006763,klarna,paid
ORD0006764,klarna,paid
ORD0006765,credit_card,paid
ORD0006766,apple_pay,paid
ORD0006767,paypal,paid
ORD0006768,credit_card,paid
ORD0006769,credit_card,paid
ORD0006770,credit_card,refunded
ORD0006771,paypal,paid
ORD0006772,credit_card,paid
ORD0006773,credit_card,refunded
ORD0006774,credit_card,paid
ORD0006775,klarna,refunded
ORD0006776,bank_transfer,paid
ORD0006777,paypal,paid
ORD0006778,paypal,paid
ORD0006779,credit_card,paid
ORD0006780,paypal,paid
ORD0006781,paypal,paid
ORD0006782,credit_card,paid
ORD0006783,paypal,paid
ORD0006784,apple_pay,paid
ORD0006785,paypal,paid
ORD0006786,credit_card,refunded
ORD0006787,credit_card,refunded
ORD0006788,credit_card,paid
ORD0006789,credit_card,paid
ORD0006790,credit_card,paid
ORD0006791,credit_card,paid
ORD0006792,apple_pay,paid
ORD0006793,apple_pay,paid
ORD0006794,bank_transfer,paid
ORD0006795,klarna,paid
ORD0006796,credit_card,paid
ORD0006797,paypal,paid
ORD0006798,klarna,paid
ORD0006799,klarna,paid
ORD0006800,paypal,paid
ORD0006801,credit_card,paid
ORD0006802,bank_transfer,paid
ORD0006803,paypal,paid
ORD0006804,credit_card,paid
ORD0006805,credit_card,paid
ORD0006806,paypal,paid
ORD0006807,apple_pay,paid
ORD0006808,bank_transfer,paid
ORD0006809,bank_transfer,paid
ORD0006810,apple_pay,paid
ORD0006811,credit_card,paid
ORD0006812,credit_card,paid
ORD0006813,credit_card,paid
ORD0006814,paypal,paid
ORD0006815,credit_card,paid
ORD0006816,apple_pay,paid
ORD0006817,paypal,paid
ORD0006818,paypal,refunded
ORD0006819,paypal,paid
ORD0006820,credit_card,paid
ORD0006821,paypal,paid
ORD0006822,credit_card,paid
ORD0006823,klarna,paid
ORD0006824,klarna,paid
ORD0006825,paypal,paid
ORD0006826,credit_card,paid
ORD0006827,paypal,paid
ORD0006828,klarna,paid
ORD0006829,paypal,refunded
ORD0006830,paypal,paid
ORD0006831,credit_card,paid
ORD0006832,apple_pay,paid
ORD0006833,klarna,paid
ORD0006834,apple_pay,paid
ORD0006835,paypal,paid
ORD0006836,klarna,refunded
ORD0006837,credit_card,paid
ORD0006838,credit_card,paid
ORD0006839,paypal,paid
ORD0006840,credit_card,paid
ORD0006841,paypal,paid
ORD0006842,credit_card,refunded
ORD0006843,klarna,paid
ORD0006844,credit_card,paid
ORD0006845,paypal,paid
ORD0006846,paypal,paid
ORD0006847,paypal,paid
ORD0006848,apple_pay,paid
ORD0006849,credit_card,paid
ORD0006850,credit_card,paid
ORD0006851,paypal,paid
ORD0006852,credit_card,paid
ORD0006853,credit_card,paid
ORD0006854,credit_card,paid
ORD0006855,credit_card,paid
ORD0006856,credit_card,paid
ORD0006857,credit_card,paid
ORD0006858,paypal,paid
ORD0006859,credit_card,paid
ORD0006860,paypal,paid
ORD0006861,bank_transfer,paid
ORD0006862,credit_card,paid
ORD0006863,apple_pay,paid
ORD0006864,paypal,paid
ORD0006865,credit_card,paid
ORD0006866,apple_pay,paid
ORD0006867,credit_card,refunded
ORD0006868,credit_card,paid
ORD0006869,credit_card,paid
ORD0006870,apple_pay,paid
ORD0006871,credit_card,paid
ORD0006872,paypal,paid
ORD0006873,paypal,paid
ORD0006874,klarna,paid
ORD0006875,credit_card,paid
ORD0006876,paypal,paid
ORD0006877,credit_card,paid
ORD0006878,klarna,paid
ORD0006879,credit_card,refunded
ORD0006880,paypal,paid
ORD0006881,credit_card,paid
ORD0006882,credit_card,paid
ORD0006883,apple_pay,paid
ORD0006884,credit_card,paid
ORD0006885,klarna,paid
ORD0006886,credit_card,paid
ORD0006887,paypal,paid
ORD0006888,bank_transfer,refunded
ORD0006889,apple_pay,paid
ORD0006890,paypal,paid
ORD0006891,paypal,paid
ORD0006892,klarna,refunded
ORD0006893,apple_pay,paid
ORD0006894,klarna,paid
ORD0006895,credit_card,paid
ORD0006896,credit_card,paid
ORD0006897,paypal,paid
ORD0006898,paypal,paid
ORD0006899,credit_card,paid
ORD0006900,klarna,paid
ORD0006901,credit_card,paid
ORD0006902,credit_card,paid
ORD0006903,paypal,paid
ORD0006904,credit_card,refunded
ORD0006905,paypal,paid
ORD0006906,apple_pay,paid
ORD0006907,credit_card,paid
ORD0006908,credit_card,paid
ORD0006909,paypal,paid
ORD0006910,apple_pay,paid
ORD0006911,credit_card,paid
ORD0006912,apple_pay,paid
ORD0006913,credit_card,paid
ORD0006914,klarna,paid
ORD0006915,bank_transfer,paid
ORD0006916,credit_card,paid
ORD0006917,credit_card,paid
ORD0006918,klarna,paid
ORD0006919,klarna,paid
ORD0006920,credit_card,paid
ORD0006921,paypal,paid
ORD0006922,credit_card,paid
ORD0006923,paypal,paid
ORD0006924,credit_card,paid
ORD0006925,credit_card,paid
ORD0006926,credit_card,paid
ORD0006927,paypal,paid
ORD0006928,klarna,paid
ORD0006929,klarna,paid
ORD0006930,paypal,paid
ORD0006931,credit_card,paid
ORD0006932,paypal,paid
ORD0006933,credit_card,paid
ORD0006934,credit_card,refunded
ORD0006935,credit_card,paid
ORD0006936,credit_card,paid
ORD0006937,credit_card,paid
ORD0006938,apple_pay,paid
ORD0006939,paypal,paid
ORD0006940,paypal,paid
ORD0006941,paypal,paid
ORD0006942,klarna,paid
ORD0006943,credit_card,paid
ORD0006944,bank_transfer,paid
ORD0006945,credit_card,paid
ORD0006946,credit_card,paid
ORD0006947,klarna,paid
ORD0006948,klarna,paid
ORD0006949,credit_card,paid
ORD0006950,paypal,paid
ORD0006951,paypal,paid
ORD0006952,credit_card,paid
ORD0006953,credit_card,refunded
ORD0006954,credit_card,paid
ORD0006955,bank_transfer,paid
ORD0006956,bank_transfer,paid
ORD0006957,credit_card,paid
ORD0006958,credit_card,paid
ORD0006959,credit_card,paid
ORD0006960,credit_card,paid
ORD0006961,paypal,paid
ORD0006962,bank_transfer,paid
ORD0006963,credit_card,paid
ORD0006964,credit_card,paid
ORD0006965,credit_card,paid
ORD0006966,paypal,paid
ORD0006967,credit_card,paid
ORD0006968,paypal,paid
ORD0006969,paypal,paid
ORD0006970,klarna,paid
ORD0006971,klarna,refunded
ORD0006972,paypal,refunded
ORD0006973,credit_card,paid
ORD0006974,paypal,paid
ORD0006975,bank_transfer,paid
ORD0006976,apple_pay,paid
ORD0006977,paypal,paid
ORD0006978,klarna,paid
ORD0006979,credit_card,paid
ORD0006980,credit_card,paid
ORD0006981,paypal,paid
ORD0006982,credit_card,paid
ORD0006983,credit_card,paid
ORD0006984,credit_card,paid
ORD0006985,klarna,paid
ORD0006986,credit_card,paid
ORD0006987,credit_card,paid
ORD0006988,apple_pay,refunded
ORD0006989,paypal,paid
ORD0006990,credit_card,paid
ORD0006991,paypal,paid
ORD0006992,paypal,refunded
ORD0006993,paypal,paid
ORD0006994,paypal,paid
ORD0006995,paypal,paid
ORD0006996,paypal,paid
ORD0006997,credit_card,paid
ORD0006998,apple_pay,paid
ORD0006999,paypal,paid
ORD0007000,paypal,refunded
ORD0007001,klarna,paid
ORD0007002,credit_card,paid
ORD0007003,klarna,paid
ORD0007004,paypal,paid
ORD0007005,paypal,paid
ORD0007006,credit_card,paid
ORD0007007,credit_card,paid
ORD0007008,paypal,paid
ORD0007009,paypal,paid
ORD0007010,credit_card,paid
ORD0007011,klarna,refunded
ORD0007012,credit_card,paid
ORD0007013,paypal,paid
ORD0007014,credit_card,paid
ORD0007015,credit_card,paid
ORD0007016,credit_card,paid
ORD0007017,apple_pay,paid
ORD0007018,credit_card,paid
ORD0007019,paypal,paid
ORD0007020,klarna,paid
ORD0007021,credit_card,paid
ORD0007022,credit_card,paid
ORD0007023,credit_card,paid
ORD0007024,credit_card,paid
ORD0007025,bank_transfer,paid
ORD0007026,credit_card,paid
ORD0007027,credit_card,paid
ORD0007028,bank_transfer,paid
ORD0007029,apple_pay,paid
ORD0007030,paypal,refunded
ORD0007031,bank_transfer,paid
ORD0007032,credit_card,paid
ORD0007033,paypal,paid
ORD0007034,apple_pay,paid
ORD0007035,klarna,paid
ORD0007036,bank_transfer,paid
ORD0007037,credit_card,paid
ORD0007038,credit_card,paid
ORD0007039,credit_card,paid
ORD0007040,credit_card,paid
ORD0007041,klarna,refunded
ORD0007042,credit_card,paid
ORD0007043,credit_card,paid
ORD0007044,credit_card,paid
ORD0007045,credit_card,paid
ORD0007046,bank_transfer,paid
ORD0007047,bank_transfer,paid
ORD0007048,apple_pay,paid
ORD0007049,paypal,refunded
ORD0007050,klarna,paid
ORD0007051,paypal,paid
ORD0007052,bank_transfer,paid
ORD0007053,credit_card,paid
ORD0007054,apple_pay,refunded
ORD0007055,credit_card,paid
ORD0007056,bank_transfer,paid
ORD0007057,credit_card,paid
ORD0007058,klarna,paid
ORD0007059,apple_pay,paid
ORD0007060,klarna,paid
ORD0007061,klarna,paid
ORD0007062,apple_pay,paid
ORD0007063,paypal,paid
ORD0007064,paypal,paid
ORD0007065,klarna,paid
ORD0007066,paypal,refunded
ORD0007067,paypal,paid
ORD0007068,paypal,refunded
ORD0007069,apple_pay,paid
ORD0007070,credit_card,paid
ORD0007071,paypal,paid
ORD0007072,paypal,paid
ORD0007073,paypal,paid
ORD0007074,paypal,paid
ORD0007075,credit_card,paid
ORD0007076,apple_pay,paid
ORD0007077,credit_card,paid
ORD0007078,paypal,refunded
ORD0007079,bank_transfer,paid
ORD0007080,credit_card,refunded
ORD0007081,credit_card,paid
ORD0007082,credit_card,paid
ORD0007083,credit_card,paid
ORD0007084,credit_card,paid
ORD0007085,bank_transfer,paid
ORD0007086,credit_card,paid
ORD0007087,credit_card,paid
ORD0007088,credit_card,paid
ORD0007089,credit_card,paid
ORD0007090,klarna,paid
ORD0007091,paypal,paid
ORD0007092,paypal,paid
ORD0007093,credit_card,paid
ORD0007094,paypal,paid
ORD0007095,apple_pay,paid
ORD0007096,klarna,paid
ORD0007097,klarna,paid
ORD0007098,apple_pay,paid
ORD0007099,credit_card,paid
ORD0007100,credit_card,paid
ORD0007101,credit_card,paid
ORD0007102,paypal,paid
ORD0007103,credit_card,paid
ORD0007104,credit_card,paid
ORD0007105,credit_card,paid
ORD0007106,credit_card,paid
ORD0007107,credit_card,paid
ORD0007108,apple_pay,paid
ORD0007109,bank_transfer,paid
ORD0007110,credit_card,paid
ORD0007111,apple_pay,paid
ORD0007112,klarna,paid
ORD0007113,klarna,paid
ORD0007114,credit_card,paid
ORD0007115,paypal,paid
ORD0007116,credit_card,paid
ORD0007117,credit_card,paid
ORD0007118,credit_card,paid
ORD0007119,credit_card,paid
ORD0007120,klarna,paid
ORD0007121,credit_card,paid
ORD0007122,apple_pay,paid
ORD0007123,paypal,paid
ORD0007124,apple_pay,paid
ORD0007125,bank_transfer,paid
ORD0007126,credit_card,paid
ORD0007127,paypal,paid
ORD0007128,credit_card,paid
ORD0007129,credit_card,paid
ORD0007130,credit_card,paid
ORD0007131,apple_pay,paid
ORD0007132,klarna,paid
ORD0007133,credit_card,paid
ORD0007134,klarna,refunded
ORD0007135,credit_card,paid
ORD0007136,klarna,paid
ORD0007137,paypal,paid
ORD0007138,credit_card,paid
ORD0007139,paypal,paid
ORD0007140,credit_card,paid
ORD0007141,paypal,paid
ORD0007142,credit_card,paid
ORD0007143,credit_card,paid
ORD0007144,klarna,paid
ORD0007145,credit_card,paid
ORD0007146,credit_card,paid
ORD0007147,klarna,refunded
ORD0007148,credit_card,paid
ORD0007149,credit_card,paid
ORD0007150,credit_card,paid
ORD0007151,credit_card,refunded
ORD0007152,paypal,refunded
ORD0007153,credit_card,paid
ORD0007154,klarna,paid
ORD0007155,bank_transfer,paid
ORD0007156,paypal,refunded
ORD0007157,credit_card,paid
ORD0007158,credit_card,paid
ORD0007159,paypal,paid
ORD0007160,credit_card,paid
ORD0007161,klarna,paid
ORD0007162,credit_card,paid
ORD0007163,apple_pay,refunded
ORD0007164,bank_transfer,paid
ORD0007165,paypal,paid
ORD0007166,credit_card,paid
ORD0007167,credit_card,paid
ORD0007168,credit_card,paid
ORD0007169,bank_transfer,paid
ORD0007170,credit_card,paid
ORD0007171,credit_card,paid
ORD0007172,credit_card,paid
ORD0007173,paypal,refunded
ORD0007174,credit_card,paid
ORD0007175,credit_card,paid
ORD0007176,credit_card,paid
ORD0007177,credit_card,paid
ORD0007178,paypal,refunded
ORD0007179,klarna,paid
ORD0007180,paypal,paid
ORD0007181,credit_card,paid
ORD0007182,klarna,paid
ORD0007183,credit_card,paid
ORD0007184,apple_pay,paid
ORD0007185,credit_card,paid
ORD0007186,paypal,paid
ORD0007187,klarna,paid
ORD0007188,klarna,paid
ORD0007189,credit_card,paid
ORD0007190,apple_pay,refunded
ORD0007191,credit_card,paid
ORD0007192,klarna,paid
ORD0007193,bank_transfer,paid
ORD0007194,credit_card,paid
ORD0007195,paypal,paid
ORD0007196,credit_card,paid
ORD0007197,credit_card,paid
ORD0007198,apple_pay,paid
ORD0007199,credit_card,paid
ORD0007200,credit_card,paid
ORD0007201,paypal,paid
ORD0007202,credit_card,paid
ORD0007203,paypal,refunded
ORD0007204,apple_pay,paid
ORD0007205,bank_transfer,paid
ORD0007206,klarna,paid
ORD0007207,klarna,paid
ORD0007208,bank_transfer,paid
ORD0007209,credit_card,paid
ORD0007210,apple_pay,paid
ORD0007211,credit_card,paid
ORD0007212,bank_transfer,paid
ORD0007213,paypal,paid
ORD0007214,credit_card,paid
ORD0007215,credit_card,paid
ORD0007216,paypal,paid
ORD0007217,credit_card,paid
ORD0007218,credit_card,paid
ORD0007219,paypal,paid
ORD0007220,klarna,paid
ORD0007221,credit_card,paid
ORD0007222,paypal,paid
ORD0007223,credit_card,paid
ORD0007224,paypal,paid
ORD0007225,paypal,paid
ORD0007226,paypal,paid
ORD0007227,credit_card,paid
ORD0007228,klarna,paid
ORD0007229,credit_card,paid
ORD0007230,klarna,paid
ORD0007231,credit_card,paid
ORD0007232,credit_card,paid
ORD0007233,klarna,paid
ORD0007234,credit_card,refunded
ORD0007235,credit_card,paid
ORD0007236,credit_card,paid
ORD0007237,credit_card,paid
ORD0007238,paypal,paid
ORD0007239,apple_pay,paid
ORD0007240,credit_card,paid
ORD0007241,paypal,paid
ORD0007242,credit_card,paid
ORD0007243,paypal,paid
ORD0007244,paypal,refunded
ORD0007245,paypal,paid
ORD0007246,klarna,refunded
ORD0007247,credit_card,paid
ORD0007248,paypal,paid
ORD0007249,credit_card,paid
ORD0007250,credit_card,refunded
ORD0007251,bank_transfer,paid
ORD0007252,paypal,paid
ORD0007253,paypal,paid
ORD0007254,paypal,paid
ORD0007255,credit_card,paid
ORD0007256,bank_transfer,refunded
ORD0007257,credit_card,paid
ORD0007258,klarna,paid
ORD0007259,credit_card,paid
ORD0007260,credit_card,paid
ORD0007261,klarna,paid
ORD0007262,klarna,paid
ORD0007263,credit_card,paid
ORD0007264,paypal,paid
ORD0007265,paypal,paid
ORD0007266,paypal,paid
ORD0007267,credit_card,paid
ORD0007268,paypal,paid
ORD0007269,credit_card,paid
ORD0007270,bank_transfer,paid
ORD0007271,paypal,paid
ORD0007272,credit_card,paid
ORD0007273,paypal,paid
ORD0007274,credit_card,paid
ORD0007275,credit_card,paid
ORD0007276,credit_card,paid
ORD0007277,credit_card,refunded
ORD0007278,credit_card,paid
ORD0007279,bank_transfer,paid
ORD0007280,paypal,paid
ORD0007281,credit_card,paid
ORD0007282,credit_card,paid
ORD0007283,credit_card,paid
ORD0007284,apple_pay,paid
ORD0007285,paypal,paid
ORD0007286,paypal,paid
ORD0007287,paypal,paid
ORD0007288,apple_pay,paid
ORD0007289,credit_card,paid
ORD0007290,paypal,paid
ORD0007291,paypal,paid
ORD0007292,credit_card,paid
ORD0007293,credit_card,paid
ORD0007294,credit_card,paid
ORD0007295,paypal,paid
ORD0007296,paypal,paid
ORD0007297,credit_card,paid
ORD0007298,paypal,paid
ORD0007299,paypal,paid
ORD0007300,credit_card,paid
ORD0007301,credit_card,paid
ORD0007302,bank_transfer,paid
ORD0007303,credit_card,paid
ORD0007304,paypal,paid
ORD0007305,credit_card,refunded
ORD0007306,paypal,paid
ORD0007307,paypal,paid
ORD0007308,klarna,paid
ORD0007309,credit_card,paid
ORD0007310,klarna,paid
ORD0007311,paypal,paid
ORD0007312,credit_card,paid
ORD0007313,paypal,paid
ORD0007314,paypal,paid
ORD0007315,credit_card,paid
ORD0007316,paypal,paid
ORD0007317,paypal,paid
ORD0007318,paypal,paid
ORD0007319,klarna,paid
ORD0007320,paypal,paid
ORD0007321,paypal,refunded
ORD0007322,credit_card,paid
ORD0007323,credit_card,paid
ORD0007324,credit_card,paid
ORD0007325,paypal,paid
ORD0007326,paypal,paid
ORD0007327,apple_pay,paid
ORD0007328,klarna,paid
ORD0007329,paypal,paid
ORD0007330,credit_card,paid
ORD0007331,credit_card,paid
ORD0007332,credit_card,paid
ORD0007333,apple_pay,paid
ORD0007334,klarna,paid
ORD0007335,apple_pay,paid
ORD0007336,credit_card,paid
ORD0007337,credit_card,paid
ORD0007338,credit_card,paid
ORD0007339,paypal,paid
ORD0007340,paypal,paid
ORD0007341,credit_card,paid
ORD0007342,paypal,paid
ORD0007343,paypal,paid
ORD0007344,paypal,paid
ORD0007345,credit_card,paid
ORD0007346,klarna,paid
ORD0007347,credit_card,paid
ORD0007348,paypal,paid
ORD0007349,apple_pay,paid
ORD0007350,apple_pay,paid
ORD0007351,klarna,paid
ORD0007352,credit_card,paid
ORD0007353,credit_card,refunded
ORD0007354,credit_card,paid
ORD0007355,apple_pay,paid
ORD0007356,paypal,paid
ORD0007357,paypal,paid
ORD0007358,credit_card,paid
ORD0007359,credit_card,paid
ORD0007360,paypal,paid
ORD0007361,credit_card,paid
ORD0007362,paypal,paid
ORD0007363,apple_pay,paid
ORD0007364,paypal,paid
ORD0007365,credit_card,paid
ORD0007366,credit_card,paid
ORD0007367,credit_card,paid
ORD0007368,credit_card,paid
ORD0007369,credit_card,paid
ORD0007370,credit_card,paid
ORD0007371,credit_card,paid
ORD0007372,paypal,paid
ORD0007373,credit_card,paid
ORD0007374,klarna,refunded
ORD0007375,paypal,paid
ORD0007376,paypal,paid
ORD0007377,credit_card,paid
ORD0007378,paypal,paid
ORD0007379,paypal,paid
ORD0007380,paypal,paid
ORD0007381,paypal,paid
ORD0007382,paypal,paid
ORD0007383,credit_card,paid
ORD0007384,klarna,paid
ORD0007385,bank_transfer,paid
ORD0007386,credit_card,paid
ORD0007387,credit_card,paid
ORD0007388,bank_transfer,paid
ORD0007389,paypal,paid
ORD0007390,credit_card,paid
ORD0007391,bank_transfer,paid
ORD0007392,klarna,paid
ORD0007393,paypal,paid
ORD0007394,credit_card,paid
ORD0007395,paypal,paid
ORD0007396,credit_card,paid
ORD0007397,apple_pay,paid
ORD0007398,klarna,paid
ORD0007399,paypal,paid
ORD0007400,klarna,paid
ORD0007401,credit_card,paid
ORD0007402,paypal,paid
ORD0007403,credit_card,paid
ORD0007404,credit_card,paid
ORD0007405,credit_card,paid
ORD0007406,apple_pay,paid
ORD0007407,bank_transfer,paid
ORD0007408,credit_card,paid
ORD0007409,credit_card,paid
ORD0007410,bank_transfer,paid
ORD0007411,klarna,paid
ORD0007412,credit_card,paid
ORD0007413,paypal,paid
ORD0007414,apple_pay,paid
ORD0007415,klarna,paid
ORD0007416,credit_card,paid
ORD0007417,paypal,paid
ORD0007418,paypal,paid
ORD0007419,paypal,paid
ORD0007420,klarna,paid
ORD0007421,credit_card,paid
ORD0007422,klarna,paid
ORD0007423,apple_pay,paid
ORD0007424,credit_card,paid
ORD0007425,paypal,paid
ORD0007426,credit_card,paid
ORD0007427,klarna,paid
ORD0007428,paypal,paid
ORD0007429,credit_card,paid
ORD0007430,credit_card,paid
ORD0007431,credit_card,paid
ORD0007432,paypal,paid
ORD0007433,paypal,paid
ORD0007434,credit_card,paid
ORD0007435,paypal,paid
ORD0007436,bank_transfer,paid
ORD0007437,paypal,paid
ORD0007438,klarna,paid
ORD0007439,credit_card,paid
ORD0007440,credit_card,paid
ORD0007441,credit_card,paid
ORD0007442,klarna,paid
ORD0007443,klarna,paid
ORD0007444,paypal,paid
ORD0007445,paypal,paid
ORD0007446,paypal,paid
ORD0007447,paypal,paid
ORD0007448,paypal,paid
ORD0007449,apple_pay,paid
ORD0007450,paypal,paid
ORD0007451,paypal,paid
ORD0007452,credit_card,paid
ORD0007453,paypal,paid
ORD0007454,apple_pay,paid
ORD0007455,credit_card,paid
ORD0007456,credit_card,paid
ORD0007457,klarna,paid
ORD0007458,credit_card,paid
ORD0007459,paypal,paid
ORD0007460,credit_card,paid
ORD0007461,klarna,paid
ORD0007462,klarna,paid
ORD0007463,credit_card,paid
ORD0007464,credit_card,paid
ORD0007465,klarna,paid
ORD0007466,credit_card,paid
ORD0007467,credit_card,paid
ORD0007468,credit_card,paid
ORD0007469,apple_pay,paid
ORD0007470,credit_card,paid
ORD0007471,credit_card,paid
ORD0007472,credit_card,paid
ORD0007473,credit_card,paid
ORD0007474,credit_card,paid
ORD0007475,paypal,paid
ORD0007476,credit_card,paid
ORD0007477,credit_card,paid
ORD0007478,klarna,paid
ORD0007479,paypal,paid
ORD0007480,paypal,paid
ORD0007481,apple_pay,paid
ORD0007482,paypal,paid
ORD0007483,credit_card,paid
ORD0007484,apple_pay,paid
ORD0007485,paypal,paid
ORD0007486,credit_card,paid
ORD0007487,apple_pay,paid
ORD0007488,paypal,paid
ORD0007489,klarna,paid
ORD0007490,paypal,paid
ORD0007491,paypal,paid
ORD0007492,bank_transfer,paid
ORD0007493,paypal,paid
ORD0007494,paypal,paid
ORD0007495,klarna,paid
ORD0007496,apple_pay,paid
ORD0007497,credit_card,paid
ORD0007498,credit_card,paid
ORD0007499,credit_card,paid
ORD0007500,credit_card,paid
ORD0007501,credit_card,paid
ORD0007502,credit_card,paid
ORD0007503,credit_card,paid
ORD0007504,credit_card,paid
ORD0007505,apple_pay,paid
ORD0007506,klarna,paid
ORD0007507,apple_pay,paid
ORD0007508,paypal,paid
ORD0007509,credit_card,paid
ORD0007510,credit_card,paid
ORD0007511,bank_transfer,paid
ORD0007512,paypal,refunded
ORD0007513,paypal,paid
ORD0007514,credit_card,paid
ORD0007515,credit_card,paid
ORD0007516,paypal,paid
ORD0007517,credit_card,paid
ORD0007518,klarna,refunded
ORD0007519,paypal,paid
ORD0007520,credit_card,refunded
ORD0007521,apple_pay,paid
ORD0007522,paypal,paid
ORD0007523,credit_card,paid
ORD0007524,apple_pay,paid
ORD0007525,credit_card,paid
ORD0007526,klarna,paid
ORD0007527,paypal,paid
ORD0007528,credit_card,paid
ORD0007529,apple_pay,paid
ORD0007530,credit_card,paid
ORD0007531,paypal,paid
ORD0007532,credit_card,paid
ORD0007533,credit_card,paid
ORD0007534,paypal,paid
ORD0007535,apple_pay,paid
ORD0007536,credit_card,paid
ORD0007537,klarna,paid
ORD0007538,bank_transfer,paid
ORD0007539,credit_card,paid
ORD0007540,bank_transfer,refunded
ORD0007541,klarna,paid
ORD0007542,klarna,paid
ORD0007543,credit_card,paid
ORD0007544,credit_card,paid
ORD0007545,credit_card,paid
ORD0007546,credit_card,paid
ORD0007547,credit_card,paid
ORD0007548,paypal,paid
ORD0007549,credit_card,paid
ORD0007550,klarna,paid
ORD0007551,credit_card,paid
ORD0007552,apple_pay,paid
ORD0007553,paypal,paid
ORD0007554,paypal,paid
ORD0007555,klarna,paid
ORD0007556,credit_card,paid
ORD0007557,credit_card,paid
ORD0007558,credit_card,paid
ORD0007559,apple_pay,paid
ORD0007560,credit_card,paid
ORD0007561,credit_card,paid
ORD0007562,bank_transfer,paid
ORD0007563,paypal,paid
ORD0007564,klarna,paid
ORD0007565,credit_card,paid
ORD0007566,bank_transfer,paid
ORD0007567,paypal,refunded
ORD0007568,credit_card,paid
ORD0007569,paypal,paid
ORD0007570,credit_card,paid
ORD0007571,apple_pay,paid
ORD0007572,credit_card,paid
ORD0007573,apple_pay,paid
ORD0007574,apple_pay,paid
ORD0007575,paypal,paid
ORD0007576,paypal,paid
ORD0007577,apple_pay,paid
ORD0007578,credit_card,paid
ORD0007579,credit_card,paid
ORD0007580,apple_pay,paid
ORD0007581,paypal,paid
ORD0007582,credit_card,refunded
ORD0007583,klarna,paid
ORD0007584,credit_card,paid
ORD0007585,apple_pay,paid
ORD0007586,bank_transfer,paid
ORD0007587,credit_card,paid
ORD0007588,credit_card,paid
ORD0007589,apple_pay,paid
ORD0007590,paypal,paid
ORD0007591,credit_card,paid
ORD0007592,credit_card,paid
ORD0007593,credit_card,paid
ORD0007594,paypal,paid
ORD0007595,credit_card,refunded
ORD0007596,credit_card,paid
ORD0007597,credit_card,paid
ORD0007598,paypal,paid
ORD0007599,credit_card,paid
ORD0007600,klarna,paid
ORD0007601,klarna,paid
ORD0007602,credit_card,paid
ORD0007603,credit_card,paid
ORD0007604,paypal,paid
ORD0007605,credit_card,paid
ORD0007606,credit_card,paid
ORD0007607,bank_transfer,refunded
ORD0007608,paypal,paid
ORD0007609,credit_card,paid
ORD0007610,paypal,paid
ORD0007611,credit_card,paid
ORD0007612,paypal,refunded
ORD0007613,credit_card,paid
ORD0007614,credit_card,paid
ORD0007615,bank_transfer,paid
ORD0007616,paypal,paid
ORD0007617,credit_card,paid
ORD0007618,klarna,paid
ORD0007619,credit_card,paid
ORD0007620,credit_card,paid
ORD0007621,credit_card,paid
ORD0007622,klarna,paid
ORD0007623,klarna,paid
ORD0007624,credit_card,paid
ORD0007625,credit_card,paid
ORD0007626,paypal,paid
ORD0007627,credit_card,paid
ORD0007628,klarna,paid
ORD0007629,paypal,paid
ORD0007630,credit_card,refunded
ORD0007631,paypal,refunded
ORD0007632,credit_card,paid
ORD0007633,klarna,paid
ORD0007634,credit_card,paid
ORD0007635,credit_card,paid
ORD0007636,credit_card,paid
ORD0007637,paypal,paid
ORD0007638,klarna,paid
ORD0007639,credit_card,paid
ORD0007640,credit_card,paid
ORD0007641,paypal,paid
ORD0007642,bank_transfer,paid
ORD0007643,credit_card,paid
ORD0007644,bank_transfer,paid
ORD0007645,paypal,paid
ORD0007646,klarna,paid
ORD0007647,klarna,paid
ORD0007648,credit_card,paid
ORD0007649,credit_card,paid
ORD0007650,klarna,paid
ORD0007651,paypal,paid
ORD0007652,credit_card,paid
ORD0007653,credit_card,paid
ORD0007654,klarna,paid
ORD0007655,credit_card,paid
ORD0007656,klarna,paid
ORD0007657,credit_card,paid
ORD0007658,bank_transfer,paid
ORD0007659,credit_card,paid
ORD0007660,klarna,paid
ORD0007661,credit_card,paid
ORD0007662,apple_pay,paid
ORD0007663,paypal,paid
ORD0007664,apple_pay,paid
ORD0007665,credit_card,paid
ORD0007666,klarna,paid
ORD0007667,paypal,paid
ORD0007668,klarna,paid
ORD0007669,paypal,paid
ORD0007670,bank_transfer,paid
ORD0007671,credit_card,paid
ORD0007672,apple_pay,paid
ORD0007673,bank_transfer,refunded
ORD0007674,credit_card,paid
ORD0007675,credit_card,paid
ORD0007676,paypal,refunded
ORD0007677,credit_card,paid
ORD0007678,klarna,paid
ORD0007679,credit_card,paid
ORD0007680,credit_card,paid
ORD0007681,credit_card,paid
ORD0007682,apple_pay,paid
ORD0007683,credit_card,paid
ORD0007684,credit_card,paid
ORD0007685,klarna,paid
ORD0007686,credit_card,paid
ORD0007687,credit_card,paid
ORD0007688,credit_card,paid
ORD0007689,paypal,refunded
ORD0007690,credit_card,paid
ORD0007691,paypal,paid
ORD0007692,paypal,paid
ORD0007693,klarna,paid
ORD0007694,paypal,paid
ORD0007695,apple_pay,paid
ORD0007696,credit_card,paid
ORD0007697,paypal,paid
ORD0007698,credit_card,paid
ORD0007699,credit_card,paid
ORD0007700,klarna,paid
ORD0007701,klarna,refunded
ORD0007702,apple_pay,paid
ORD0007703,credit_card,paid
ORD0007704,credit_card,paid
ORD0007705,credit_card,paid
ORD0007706,bank_transfer,paid
ORD0007707,paypal,paid
ORD0007708,credit_card,paid
ORD0007709,klarna,paid
ORD0007710,credit_card,refunded
ORD0007711,credit_card,paid
ORD0007712,credit_card,paid
ORD0007713,klarna,paid
ORD0007714,paypal,paid
ORD0007715,credit_card,refunded
ORD0007716,klarna,paid
ORD0007717,bank_transfer,refunded
ORD0007718,bank_transfer,paid
ORD0007719,credit_card,paid
ORD0007720,credit_card,paid
ORD0007721,credit_card,refunded
ORD0007722,klarna,refunded
ORD0007723,credit_card,paid
ORD0007724,credit_card,paid
ORD0007725,credit_card,paid
ORD0007726,klarna,paid
ORD0007727,credit_card,paid
ORD0007728,credit_card,paid
ORD0007729,klarna,refunded
ORD0007730,paypal,paid
ORD0007731,paypal,paid
ORD0007732,credit_card,paid
ORD0007733,paypal,paid
ORD0007734,credit_card,paid
ORD0007735,credit_card,paid
ORD0007736,klarna,paid
ORD0007737,apple_pay,paid
ORD0007738,credit_card,paid
ORD0007739,paypal,paid
ORD0007740,credit_card,paid
ORD0007741,paypal,paid
ORD0007742,credit_card,paid
ORD0007743,bank_transfer,paid
ORD0007744,credit_card,paid
ORD0007745,credit_card,paid
ORD0007746,credit_card,paid
ORD0007747,credit_card,paid
ORD0007748,klarna,paid
ORD0007749,paypal,paid
ORD0007750,bank_transfer,paid
ORD0007751,paypal,refunded
ORD0007752,klarna,paid
ORD0007753,paypal,paid
ORD0007754,credit_card,paid
ORD0007755,credit_card,paid
ORD0007756,paypal,paid
ORD0007757,credit_card,refunded
ORD0007758,paypal,paid
ORD0007759,klarna,paid
ORD0007760,klarna,paid
ORD0007761,klarna,refunded
ORD0007762,klarna,paid
ORD0007763,credit_card,paid
ORD0007764,credit_card,paid
ORD0007765,credit_card,paid
ORD0007766,credit_card,paid
ORD0007767,credit_card,paid
ORD0007768,klarna,paid
ORD0007769,klarna,paid
ORD0007770,paypal,paid
ORD0007771,credit_card,paid
ORD0007772,apple_pay,refunded
ORD0007773,paypal,paid
ORD0007774,apple_pay,paid
ORD0007775,credit_card,paid
ORD0007776,credit_card,paid
ORD0007777,paypal,paid
ORD0007778,apple_pay,paid
ORD0007779,klarna,paid
ORD0007780,paypal,paid
ORD0007781,credit_card,paid
ORD0007782,apple_pay,paid
ORD0007783,apple_pay,refunded
ORD0007784,credit_card,paid
ORD0007785,paypal,paid
ORD0007786,paypal,refunded
ORD0007787,credit_card,paid
ORD0007788,credit_card,paid
ORD0007789,paypal,paid
ORD0007790,paypal,paid
ORD0007791,apple_pay,paid
ORD0007792,klarna,paid
ORD0007793,klarna,paid
ORD0007794,paypal,refunded
ORD0007795,credit_card,paid
ORD0007796,klarna,paid
ORD0007797,paypal,paid
ORD0007798,paypal,paid
ORD0007799,credit_card,paid
ORD0007800,apple_pay,paid
ORD0007801,klarna,paid
ORD0007802,paypal,refunded
ORD0007803,paypal,paid
ORD0007804,klarna,paid
ORD0007805,klarna,paid
ORD0007806,credit_card,paid
ORD0007807,bank_transfer,paid
ORD0007808,klarna,paid
ORD0007809,paypal,paid
ORD0007810,paypal,paid
ORD0007811,credit_card,paid
ORD0007812,credit_card,paid
ORD0007813,apple_pay,paid
ORD0007814,paypal,paid
ORD0007815,credit_card,refunded
ORD0007816,credit_card,paid
ORD0007817,paypal,paid
ORD0007818,paypal,paid
ORD0007819,credit_card,paid
ORD0007820,paypal,paid
ORD0007821,apple_pay,paid
ORD0007822,klarna,paid
ORD0007823,credit_card,paid
ORD0007824,bank_transfer,paid
ORD0007825,credit_card,refunded
ORD0007826,credit_card,paid
ORD0007827,credit_card,paid
ORD0007828,klarna,paid
ORD0007829,klarna,paid
ORD0007830,bank_transfer,paid
ORD0007831,credit_card,paid
ORD0007832,paypal,paid
ORD0007833,klarna,paid
ORD0007834,klarna,paid
ORD0007835,paypal,paid
ORD0007836,paypal,paid
ORD0007837,credit_card,paid
ORD0007838,klarna,paid
ORD0007839,paypal,paid
ORD0007840,apple_pay,refunded
ORD0007841,credit_card,paid
ORD0007842,paypal,paid
ORD0007843,paypal,paid
ORD0007844,credit_card,paid
ORD0007845,paypal,refunded
ORD0007846,apple_pay,paid
ORD0007847,credit_card,paid
ORD0007848,paypal,paid
ORD0007849,credit_card,paid
ORD0007850,klarna,paid
ORD0007851,paypal,refunded
ORD0007852,credit_card,paid
ORD0007853,paypal,paid
ORD0007854,credit_card,paid
ORD0007855,paypal,paid
ORD0007856,credit_card,paid
ORD0007857,credit_card,paid
ORD0007858,paypal,paid
ORD0007859,credit_card,paid
ORD0007860,apple_pay,paid
ORD0007861,credit_card,paid
ORD0007862,apple_pay,paid
ORD0007863,klarna,paid
ORD0007864,klarna,paid
ORD0007865,klarna,paid
ORD0007866,credit_card,paid
ORD0007867,paypal,paid
ORD0007868,credit_card,paid
ORD0007869,credit_card,paid
ORD0007870,paypal,paid
ORD0007871,klarna,paid
ORD0007872,credit_card,paid
ORD0007873,klarna,paid
ORD0007874,apple_pay,paid
ORD0007875,credit_card,paid
ORD0007876,paypal,paid
ORD0007877,credit_card,paid
ORD0007878,credit_card,paid
ORD0007879,paypal,paid
ORD0007880,credit_card,paid
ORD0007881,paypal,paid
ORD0007882,klarna,paid
ORD0007883,apple_pay,paid
ORD0007884,paypal,paid
ORD0007885,credit_card,paid
ORD0007886,klarna,paid
ORD0007887,apple_pay,paid
ORD0007888,paypal,paid
ORD0007889,paypal,paid
ORD0007890,credit_card,paid
ORD0007891,credit_card,refunded
ORD0007892,credit_card,refunded
ORD0007893,credit_card,paid
ORD0007894,credit_card,paid
ORD0007895,klarna,paid
ORD0007896,klarna,paid
ORD0007897,paypal,refunded
ORD0007898,klarna,paid
ORD0007899,paypal,paid
ORD0007900,apple_pay,paid
ORD0007901,credit_card,paid
ORD0007902,klarna,paid
ORD0007903,paypal,paid
ORD0007904,credit_card,paid
ORD0007905,credit_card,paid
ORD0007906,paypal,paid
ORD0007907,credit_card,paid
ORD0007908,bank_transfer,paid
ORD0007909,klarna,paid
ORD0007910,apple_pay,paid
ORD0007911,apple_pay,paid
ORD0007912,paypal,paid
ORD0007913,klarna,paid
ORD0007914,klarna,paid
ORD0007915,klarna,paid
ORD0007916,credit_card,paid
ORD0007917,credit_card,paid
ORD0007918,credit_card,paid
ORD0007919,credit_card,paid
ORD0007920,paypal,paid
ORD0007921,credit_card,paid
ORD0007922,credit_card,refunded
ORD0007923,klarna,paid
ORD0007924,klarna,paid
ORD0007925,credit_card,paid
ORD0007926,credit_card,paid
ORD0007927,credit_card,paid
ORD0007928,paypal,paid
ORD0007929,paypal,paid
ORD0007930,credit_card,paid
ORD0007931,credit_card,paid
ORD0007932,klarna,paid
ORD0007933,paypal,paid
ORD0007934,klarna,paid
ORD0007935,credit_card,paid
ORD0007936,apple_pay,paid
ORD0007937,credit_card,refunded
ORD0007938,credit_card,refunded
ORD0007939,paypal,paid
ORD0007940,klarna,paid
ORD0007941,apple_pay,paid
ORD0007942,bank_transfer,paid
ORD0007943,klarna,paid
ORD0007944,apple_pay,paid
ORD0007945,klarna,paid
ORD0007946,paypal,paid
ORD0007947,klarna,paid
ORD0007948,paypal,paid
ORD0007949,credit_card,paid
ORD0007950,credit_card,paid
ORD0007951,klarna,paid
ORD0007952,klarna,paid
ORD0007953,klarna,paid
ORD0007954,klarna,paid
ORD0007955,klarna,paid
ORD0007956,klarna,paid
ORD0007957,apple_pay,paid
ORD0007958,paypal,paid
ORD0007959,credit_card,paid
ORD0007960,apple_pay,paid
ORD0007961,apple_pay,paid
ORD0007962,paypal,refunded
ORD0007963,credit_card,paid
ORD0007964,klarna,paid
ORD0007965,credit_card,refunded
ORD0007966,apple_pay,paid
ORD0007967,paypal,paid
ORD0007968,credit_card,paid
ORD0007969,paypal,paid
ORD0007970,credit_card,paid
ORD0007971,apple_pay,paid
ORD0007972,paypal,paid
ORD0007973,credit_card,paid
ORD0007974,credit_card,paid
ORD0007975,paypal,paid
ORD0007976,credit_card,paid
ORD0007977,klarna,paid
ORD0007978,paypal,paid
ORD0007979,credit_card,paid
ORD0007980,apple_pay,paid
ORD0007981,credit_card,paid
ORD0007982,bank_transfer,refunded
ORD0007983,paypal,paid
ORD0007984,klarna,paid
ORD0007985,credit_card,paid
ORD0007986,apple_pay,paid
ORD0007987,paypal,paid
ORD0007988,klarna,paid
ORD0007989,bank_transfer,paid
ORD0007990,apple_pay,paid
ORD0007991,credit_card,paid
ORD0007992,credit_card,paid
ORD0007993,credit_card,refunded
ORD0007994,paypal,paid
ORD0007995,paypal,paid
ORD0007996,credit_card,paid
ORD0007997,credit_card,paid
ORD0007998,credit_card,paid
ORD0007999,klarna,paid
ORD0008000,credit_card,paid
ORD0008001,bank_transfer,paid
ORD0008002,credit_card,paid
ORD0008003,paypal,paid
ORD0008004,bank_transfer,paid
ORD0008005,credit_card,paid
ORD0008006,paypal,paid
ORD0008007,credit_card,paid
ORD0008008,paypal,paid
ORD0008009,paypal,paid
ORD0008010,klarna,paid
ORD0008011,klarna,paid
ORD0008012,credit_card,paid
ORD0008013,credit_card,paid
ORD0008014,credit_card,paid
ORD0008015,credit_card,paid
ORD0008016,paypal,paid
ORD0008017,klarna,paid
ORD0008018,paypal,paid
ORD0008019,paypal,paid
ORD0008020,credit_card,paid
ORD0008021,credit_card,paid
ORD0008022,klarna,paid
ORD0008023,paypal,paid
ORD0008024,credit_card,refunded
ORD0008025,paypal,paid
ORD0008026,bank_transfer,paid
ORD0008027,credit_card,paid
ORD0008028,apple_pay,paid
ORD0008029,paypal,paid
ORD0008030,apple_pay,paid
ORD0008031,apple_pay,paid
ORD0008032,klarna,paid
ORD0008033,klarna,paid
ORD0008034,credit_card,paid
ORD0008035,credit_card,paid
ORD0008036,paypal,paid
ORD0008037,paypal,paid
ORD0008038,credit_card,paid
ORD0008039,credit_card,paid
ORD0008040,credit_card,paid
ORD0008041,paypal,paid
ORD0008042,apple_pay,paid
ORD0008043,klarna,paid
ORD0008044,credit_card,paid
ORD0008045,credit_card,paid
ORD0008046,credit_card,paid
ORD0008047,apple_pay,paid
ORD0008048,paypal,paid
ORD0008049,credit_card,paid
ORD0008050,apple_pay,paid
ORD0008051,paypal,paid
ORD0008052,credit_card,refunded
ORD0008053,klarna,paid
ORD0008054,credit_card,paid
ORD0008055,apple_pay,paid
ORD0008056,apple_pay,paid
ORD0008057,credit_card,paid
ORD0008058,bank_transfer,paid
ORD0008059,apple_pay,paid
ORD0008060,paypal,paid
ORD0008061,credit_card,paid
ORD0008062,klarna,paid
ORD0008063,bank_transfer,paid
ORD0008064,paypal,paid
ORD0008065,credit_card,paid
ORD0008066,credit_card,paid
ORD0008067,credit_card,paid
ORD0008068,credit_card,paid
ORD0008069,credit_card,paid
ORD0008070,paypal,refunded
ORD0008071,paypal,paid
ORD0008072,bank_transfer,paid
ORD0008073,credit_card,paid
ORD0008074,credit_card,paid
ORD0008075,klarna,paid
ORD0008076,credit_card,paid
ORD0008077,credit_card,paid
ORD0008078,credit_card,paid
ORD0008079,bank_transfer,paid
ORD0008080,klarna,paid
ORD0008081,klarna,paid
ORD0008082,paypal,paid
ORD0008083,credit_card,paid
ORD0008084,credit_card,paid
ORD0008085,credit_card,paid
ORD0008086,apple_pay,paid
ORD0008087,klarna,paid
ORD0008088,paypal,paid
ORD0008089,apple_pay,paid
ORD0008090,klarna,paid
ORD0008091,credit_card,refunded
ORD0008092,apple_pay,paid
ORD0008093,paypal,paid
ORD0008094,bank_transfer,paid
ORD0008095,credit_card,paid
ORD0008096,credit_card,paid
ORD0008097,paypal,paid
ORD0008098,klarna,paid
ORD0008099,credit_card,paid
ORD0008100,credit_card,paid
ORD0008101,apple_pay,paid
ORD0008102,apple_pay,paid
ORD0008103,klarna,paid
ORD0008104,credit_card,paid
ORD0008105,paypal,paid
ORD0008106,apple_pay,paid
ORD0008107,credit_card,paid
ORD0008108,paypal,refunded
ORD0008109,paypal,paid
ORD0008110,bank_transfer,paid
ORD0008111,klarna,paid
ORD0008112,apple_pay,paid
ORD0008113,credit_card,paid
ORD0008114,paypal,paid
ORD0008115,klarna,paid
ORD0008116,paypal,paid
ORD0008117,paypal,paid
ORD0008118,bank_transfer,paid
ORD0008119,credit_card,paid
ORD0008120,credit_card,paid
ORD0008121,paypal,paid
ORD0008122,bank_transfer,paid
ORD0008123,paypal,paid
ORD0008124,paypal,paid
ORD0008125,apple_pay,paid
ORD0008126,credit_card,refunded
ORD0008127,credit_card,paid
ORD0008128,credit_card,paid
ORD0008129,paypal,paid
ORD0008130,paypal,paid
ORD0008131,klarna,paid
ORD0008132,credit_card,paid
ORD0008133,credit_card,paid
ORD0008134,paypal,paid
ORD0008135,credit_card,paid
ORD0008136,credit_card,paid
ORD0008137,paypal,paid
ORD0008138,credit_card,paid
ORD0008139,credit_card,paid
ORD0008140,paypal,paid
ORD0008141,paypal,paid
ORD0008142,credit_card,paid
ORD0008143,credit_card,paid
ORD0008144,klarna,paid
ORD0008145,credit_card,paid
ORD0008146,credit_card,paid
ORD0008147,credit_card,refunded
ORD0008148,credit_card,paid
ORD0008149,paypal,refunded
ORD0008150,klarna,paid
ORD0008151,credit_card,paid
ORD0008152,credit_card,paid
ORD0008153,klarna,paid
ORD0008154,klarna,paid
ORD0008155,paypal,paid
ORD0008156,credit_card,paid
ORD0008157,bank_transfer,paid
ORD0008158,credit_card,paid
ORD0008159,credit_card,paid
ORD0008160,klarna,paid
ORD0008161,credit_card,paid
ORD0008162,credit_card,paid
ORD0008163,credit_card,paid
ORD0008164,paypal,paid
ORD0008165,credit_card,paid
ORD0008166,apple_pay,paid
ORD0008167,klarna,paid
ORD0008168,credit_card,paid
ORD0008169,paypal,paid
ORD0008170,paypal,paid
ORD0008171,credit_card,paid
ORD0008172,paypal,paid
ORD0008173,credit_card,paid
ORD0008174,credit_card,refunded
ORD0008175,paypal,paid
ORD0008176,credit_card,paid
ORD0008177,credit_card,paid
ORD0008178,klarna,paid
ORD0008179,paypal,paid
ORD0008180,klarna,paid
ORD0008181,credit_card,paid
ORD0008182,apple_pay,paid
ORD0008183,klarna,paid
ORD0008184,klarna,paid
ORD0008185,credit_card,paid
ORD0008186,credit_card,paid
ORD0008187,credit_card,paid
ORD0008188,credit_card,paid
ORD0008189,klarna,paid
ORD0008190,bank_transfer,paid
ORD0008191,bank_transfer,paid
ORD0008192,credit_card,paid
ORD0008193,paypal,paid
ORD0008194,credit_card,paid
ORD0008195,bank_transfer,paid
ORD0008196,bank_transfer,paid
ORD0008197,paypal,paid
ORD0008198,credit_card,refunded
ORD0008199,apple_pay,paid
ORD0008200,credit_card,paid
ORD0008201,credit_card,paid
ORD0008202,credit_card,paid
ORD0008203,credit_card,paid
ORD0008204,paypal,paid
ORD0008205,paypal,paid
ORD0008206,paypal,paid
ORD0008207,credit_card,paid
ORD0008208,credit_card,paid
ORD0008209,credit_card,paid
ORD0008210,apple_pay,paid
ORD0008211,klarna,paid
ORD0008212,credit_card,paid
ORD0008213,credit_card,paid
ORD0008214,klarna,paid
ORD0008215,credit_card,paid
ORD0008216,bank_transfer,paid
ORD0008217,paypal,paid
ORD0008218,credit_card,paid
ORD0008219,apple_pay,paid
ORD0008220,paypal,paid
ORD0008221,credit_card,paid
ORD0008222,paypal,paid
ORD0008223,credit_card,paid
ORD0008224,klarna,paid
ORD0008225,credit_card,paid
ORD0008226,credit_card,paid
ORD0008227,paypal,paid
ORD0008228,credit_card,paid
ORD0008229,credit_card,paid
ORD0008230,credit_card,paid
ORD0008231,credit_card,paid
ORD0008232,klarna,paid
ORD0008233,credit_card,paid
ORD0008234,paypal,paid
ORD0008235,credit_card,paid
ORD0008236,bank_transfer,paid
ORD0008237,paypal,paid
ORD0008238,paypal,paid
ORD0008239,credit_card,paid
ORD0008240,credit_card,paid
ORD0008241,paypal,paid
ORD0008242,credit_card,paid
ORD0008243,paypal,paid
ORD0008244,klarna,paid
ORD0008245,paypal,paid
ORD0008246,credit_card,paid
ORD0008247,credit_card,paid
ORD0008248,bank_transfer,paid
ORD0008249,bank_transfer,paid
ORD0008250,apple_pay,paid
ORD0008251,paypal,paid
ORD0008252,credit_card,paid
ORD0008253,paypal,refunded
ORD0008254,paypal,paid
ORD0008255,credit_card,paid
ORD0008256,bank_transfer,paid
ORD0008257,paypal,paid
ORD0008258,credit_card,paid
ORD0008259,credit_card,paid
ORD0008260,paypal,paid
ORD0008261,credit_card,refunded
ORD0008262,bank_transfer,paid
ORD0008263,credit_card,paid
ORD0008264,bank_transfer,paid
ORD0008265,paypal,paid
ORD0008266,paypal,paid
ORD0008267,credit_card,paid
ORD0008268,apple_pay,paid
ORD0008269,bank_transfer,refunded
ORD0008270,credit_card,paid
ORD0008271,credit_card,paid
ORD0008272,klarna,paid
ORD0008273,credit_card,paid
ORD0008274,klarna,paid
ORD0008275,credit_card,paid
ORD0008276,credit_card,paid
ORD0008277,credit_card,paid
ORD0008278,klarna,paid
ORD0008279,credit_card,paid
ORD0008280,bank_transfer,paid
ORD0008281,credit_card,paid
ORD0008282,klarna,paid
ORD0008283,paypal,paid
ORD0008284,bank_transfer,paid
ORD0008285,klarna,paid
ORD0008286,credit_card,paid
ORD0008287,apple_pay,paid
ORD0008288,credit_card,paid
ORD0008289,klarna,paid
ORD0008290,credit_card,paid
ORD0008291,credit_card,paid
ORD0008292,paypal,paid
ORD0008293,credit_card,paid
ORD0008294,credit_card,paid
ORD0008295,credit_card,paid
ORD0008296,credit_card,paid
ORD0008297,klarna,paid
ORD0008298,paypal,paid
ORD0008299,credit_card,paid
ORD0008300,paypal,paid
ORD0008301,klarna,paid
ORD0008302,credit_card,paid
ORD0008303,bank_transfer,paid
ORD0008304,klarna,paid
ORD0008305,credit_card,paid
ORD0008306,paypal,paid
ORD0008307,credit_card,paid
ORD0008308,apple_pay,paid
ORD0008309,apple_pay,paid
ORD0008310,credit_card,paid
ORD0008311,paypal,paid
ORD0008312,apple_pay,refunded
ORD0008313,credit_card,paid
ORD0008314,credit_card,paid
ORD0008315,paypal,paid
ORD0008316,paypal,paid
ORD0008317,credit_card,paid
ORD0008318,credit_card,paid
ORD0008319,credit_card,paid
ORD0008320,credit_card,paid
ORD0008321,credit_card,paid
ORD0008322,credit_card,paid
ORD0008323,credit_card,paid
ORD0008324,klarna,paid
ORD0008325,bank_transfer,paid
ORD0008326,credit_card,paid
ORD0008327,klarna,paid
ORD0008328,bank_transfer,paid
ORD0008329,credit_card,paid
ORD0008330,paypal,paid
ORD0008331,paypal,paid
ORD0008332,credit_card,paid
ORD0008333,credit_card,paid
ORD0008334,credit_card,paid
ORD0008335,credit_card,paid
ORD0008336,credit_card,refunded
ORD0008337,paypal,paid
ORD0008338,bank_transfer,paid
ORD0008339,credit_card,paid
ORD0008340,klarna,paid
ORD0008341,credit_card,paid
ORD0008342,credit_card,paid
ORD0008343,paypal,paid
ORD0008344,credit_card,paid
ORD0008345,credit_card,paid
ORD0008346,paypal,paid
ORD0008347,credit_card,paid
ORD0008348,credit_card,paid
ORD0008349,credit_card,paid
ORD0008350,paypal,paid
ORD0008351,credit_card,paid
ORD0008352,credit_card,paid
ORD0008353,credit_card,paid
ORD0008354,klarna,paid
ORD0008355,credit_card,refunded
ORD0008356,klarna,paid
ORD0008357,apple_pay,paid
ORD0008358,paypal,paid
ORD0008359,credit_card,paid
ORD0008360,credit_card,paid
ORD0008361,apple_pay,refunded
ORD0008362,credit_card,paid
ORD0008363,credit_card,paid
ORD0008364,credit_card,paid
ORD0008365,klarna,paid
ORD0008366,klarna,paid
ORD0008367,credit_card,paid
ORD0008368,credit_card,refunded
ORD0008369,credit_card,paid
ORD0008370,paypal,paid
ORD0008371,paypal,paid
ORD0008372,klarna,paid
ORD0008373,credit_card,paid
ORD0008374,credit_card,paid
ORD0008375,apple_pay,paid
ORD0008376,paypal,paid
ORD0008377,bank_transfer,refunded
ORD0008378,credit_card,paid
ORD0008379,paypal,paid
ORD0008380,klarna,paid
ORD0008381,paypal,paid
ORD0008382,klarna,paid
ORD0008383,credit_card,paid
ORD0008384,credit_card,paid
ORD0008385,apple_pay,paid
ORD0008386,bank_transfer,paid
ORD0008387,paypal,refunded
ORD0008388,credit_card,paid
ORD0008389,klarna,paid
ORD0008390,klarna,paid
ORD0008391,apple_pay,paid
ORD0008392,bank_transfer,paid
ORD0008393,credit_card,paid
ORD0008394,credit_card,paid
ORD0008395,credit_card,paid
ORD0008396,paypal,paid
ORD0008397,credit_card,paid
ORD0008398,credit_card,paid
ORD0008399,credit_card,paid
ORD0008400,credit_card,paid
ORD0008401,paypal,paid
ORD0008402,credit_card,paid
ORD0008403,credit_card,refunded
ORD0008404,apple_pay,refunded
ORD0008405,paypal,refunded
ORD0008406,credit_card,paid
ORD0008407,bank_transfer,paid
ORD0008408,paypal,paid
ORD0008409,apple_pay,paid
ORD0008410,paypal,paid
ORD0008411,apple_pay,refunded
ORD0008412,credit_card,paid
ORD0008413,credit_card,paid
ORD0008414,credit_card,paid
ORD0008415,credit_card,paid
ORD0008416,klarna,paid
ORD0008417,credit_card,paid
ORD0008418,credit_card,paid
ORD0008419,paypal,paid
ORD0008420,klarna,paid
ORD0008421,credit_card,paid
ORD0008422,paypal,paid
ORD0008423,credit_card,paid
ORD0008424,apple_pay,paid
ORD0008425,apple_pay,refunded
ORD0008426,credit_card,paid
ORD0008427,apple_pay,paid
ORD0008428,credit_card,paid
ORD0008429,credit_card,paid
ORD0008430,credit_card,paid
ORD0008431,bank_transfer,paid
ORD0008432,bank_transfer,paid
ORD0008433,paypal,paid
ORD0008434,klarna,paid
ORD0008435,credit_card,paid
ORD0008436,credit_card,paid
ORD0008437,credit_card,paid
ORD0008438,paypal,paid
ORD0008439,credit_card,paid
ORD0008440,credit_card,refunded
ORD0008441,credit_card,paid
ORD0008442,credit_card,paid
ORD0008443,klarna,paid
ORD0008444,klarna,paid
ORD0008445,credit_card,paid
ORD0008446,credit_card,paid
ORD0008447,apple_pay,paid
ORD0008448,credit_card,paid
ORD0008449,apple_pay,paid
ORD0008450,bank_transfer,paid
ORD0008451,credit_card,paid
ORD0008452,paypal,paid
ORD0008453,paypal,paid
ORD0008454,klarna,paid
ORD0008455,credit_card,paid
ORD0008456,klarna,paid
ORD0008457,credit_card,refunded
ORD0008458,paypal,paid
ORD0008459,credit_card,paid
ORD0008460,apple_pay,paid
ORD0008461,credit_card,paid
ORD0008462,credit_card,paid
ORD0008463,credit_card,paid
ORD0008464,credit_card,paid
ORD0008465,credit_card,paid
ORD0008466,apple_pay,paid
ORD0008467,credit_card,paid
ORD0008468,paypal,paid
ORD0008469,klarna,paid
ORD0008470,credit_card,paid
ORD0008471,credit_card,paid
ORD0008472,credit_card,paid
ORD0008473,credit_card,refunded
ORD0008474,apple_pay,paid
ORD0008475,paypal,paid
ORD0008476,paypal,paid
ORD0008477,paypal,paid
ORD0008478,paypal,paid
ORD0008479,apple_pay,refunded
ORD0008480,credit_card,paid
ORD0008481,bank_transfer,paid
ORD0008482,credit_card,paid
ORD0008483,credit_card,paid
ORD0008484,klarna,paid
ORD0008485,credit_card,paid
ORD0008486,credit_card,paid
ORD0008487,paypal,paid
ORD0008488,apple_pay,paid
ORD0008489,klarna,paid
ORD0008490,credit_card,paid
ORD0008491,paypal,paid
ORD0008492,paypal,paid
ORD0008493,credit_card,paid
ORD0008494,paypal,paid
ORD0008495,credit_card,paid
ORD0008496,credit_card,paid
ORD0008497,bank_transfer,refunded
ORD0008498,credit_card,paid
ORD0008499,apple_pay,paid
ORD0008500,klarna,paid
ORD0008501,paypal,paid
ORD0008502,credit_card,paid
ORD0008503,klarna,paid
ORD0008504,paypal,paid
ORD0008505,paypal,paid
ORD0008506,apple_pay,paid
ORD0008507,credit_card,paid
ORD0008508,credit_card,refunded
ORD0008509,credit_card,paid
ORD0008510,credit_card,paid
ORD0008511,credit_card,refunded
ORD0008512,apple_pay,paid
ORD0008513,credit_card,paid
ORD0008514,paypal,paid
ORD0008515,credit_card,paid
ORD0008516,paypal,paid
ORD0008517,klarna,paid
ORD0008518,credit_card,paid
ORD0008519,paypal,paid
ORD0008520,credit_card,paid
ORD0008521,credit_card,paid
ORD0008522,klarna,paid
ORD0008523,credit_card,paid
ORD0008524,klarna,paid
ORD0008525,paypal,paid
ORD0008526,paypal,paid
ORD0008527,paypal,paid
ORD0008528,paypal,paid
ORD0008529,credit_card,paid
ORD0008530,credit_card,paid
ORD0008531,paypal,paid
ORD0008532,paypal,paid
ORD0008533,credit_card,paid
ORD0008534,paypal,paid
ORD0008535,paypal,paid
ORD0008536,credit_card,paid
ORD0008537,credit_card,paid
ORD0008538,credit_card,paid
ORD0008539,credit_card,paid
ORD0008540,apple_pay,paid
ORD0008541,credit_card,paid
ORD0008542,credit_card,paid
ORD0008543,klarna,paid
ORD0008544,apple_pay,paid
ORD0008545,klarna,paid
ORD0008546,paypal,paid
ORD0008547,apple_pay,paid
ORD0008548,credit_card,paid
ORD0008549,apple_pay,paid
ORD0008550,apple_pay,refunded
ORD0008551,credit_card,paid
ORD0008552,klarna,paid
ORD0008553,paypal,paid
ORD0008554,credit_card,paid
ORD0008555,paypal,paid
ORD0008556,paypal,paid
ORD0008557,paypal,paid
ORD0008558,paypal,paid
ORD0008559,paypal,paid
ORD0008560,credit_card,paid
ORD0008561,credit_card,paid
ORD0008562,credit_card,paid
ORD0008563,credit_card,paid
ORD0008564,credit_card,paid
ORD0008565,apple_pay,paid
ORD0008566,credit_card,paid
ORD0008567,klarna,refunded
ORD0008568,credit_card,paid
ORD0008569,credit_card,paid
ORD0008570,paypal,paid
ORD0008571,credit_card,paid
ORD0008572,apple_pay,paid
ORD0008573,credit_card,paid
ORD0008574,klarna,paid
ORD0008575,credit_card,paid
ORD0008576,paypal,paid
ORD0008577,klarna,paid
ORD0008578,klarna,paid
ORD0008579,credit_card,paid
ORD0008580,klarna,paid
ORD0008581,credit_card,paid
ORD0008582,credit_card,paid
ORD0008583,credit_card,paid
ORD0008584,paypal,paid
ORD0008585,credit_card,paid
ORD0008586,klarna,paid
ORD0008587,credit_card,paid
ORD0008588,paypal,paid
ORD0008589,credit_card,paid
ORD0008590,klarna,paid
ORD0008591,apple_pay,paid
ORD0008592,paypal,paid
ORD0008593,paypal,paid
ORD0008594,klarna,paid
ORD0008595,credit_card,paid
ORD0008596,paypal,paid
ORD0008597,paypal,paid
ORD0008598,klarna,paid
ORD0008599,bank_transfer,paid
ORD0008600,credit_card,paid
ORD0008601,paypal,paid
ORD0008602,paypal,refunded
ORD0008603,credit_card,paid
ORD0008604,credit_card,paid
ORD0008605,credit_card,paid
ORD0008606,credit_card,paid
ORD0008607,credit_card,paid
ORD0008608,paypal,paid
ORD0008609,credit_card,paid
ORD0008610,credit_card,paid
ORD0008611,credit_card,paid
ORD0008612,credit_card,paid
ORD0008613,credit_card,paid
ORD0008614,credit_card,paid
ORD0008615,credit_card,paid
ORD0008616,credit_card,paid
ORD0008617,credit_card,refunded
ORD0008618,bank_transfer,paid
ORD0008619,credit_card,refunded
ORD0008620,paypal,paid
ORD0008621,paypal,refunded
ORD0008622,credit_card,paid
ORD0008623,bank_transfer,paid
ORD0008624,credit_card,paid
ORD0008625,klarna,paid
ORD0008626,apple_pay,paid
ORD0008627,apple_pay,paid
ORD0008628,credit_card,paid
ORD0008629,apple_pay,paid
ORD0008630,apple_pay,paid
ORD0008631,credit_card,paid
ORD0008632,apple_pay,paid
ORD0008633,credit_card,refunded
ORD0008634,paypal,paid
ORD0008635,apple_pay,paid
ORD0008636,paypal,paid
ORD0008637,klarna,paid
ORD0008638,credit_card,paid
ORD0008639,paypal,paid
ORD0008640,paypal,paid
ORD0008641,credit_card,paid
ORD0008642,credit_card,paid
ORD0008643,paypal,paid
ORD0008644,klarna,paid
ORD0008645,credit_card,paid
ORD0008646,bank_transfer,paid
ORD0008647,apple_pay,paid
ORD0008648,paypal,paid
ORD0008649,credit_card,paid
ORD0008650,klarna,paid
ORD0008651,credit_card,refunded
ORD0008652,klarna,paid
ORD0008653,credit_card,paid
ORD0008654,credit_card,paid
ORD0008655,paypal,paid
ORD0008656,credit_card,paid
ORD0008657,apple_pay,paid
ORD0008658,klarna,paid
ORD0008659,credit_card,paid
ORD0008660,credit_card,paid
ORD0008661,credit_card,paid
ORD0008662,bank_transfer,paid
ORD0008663,credit_card,paid
ORD0008664,apple_pay,paid
ORD0008665,paypal,paid
ORD0008666,paypal,paid
ORD0008667,paypal,paid
ORD0008668,klarna,paid
ORD0008669,paypal,paid
ORD0008670,credit_card,paid
ORD0008671,credit_card,paid
ORD0008672,credit_card,paid
ORD0008673,paypal,paid
ORD0008674,paypal,refunded
ORD0008675,paypal,paid
ORD0008676,credit_card,paid
ORD0008677,bank_transfer,paid
ORD0008678,credit_card,paid
ORD0008679,klarna,paid
ORD0008680,paypal,paid
ORD0008681,apple_pay,refunded
ORD0008682,klarna,paid
ORD0008683,credit_card,refunded
ORD0008684,credit_card,paid
ORD0008685,credit_card,paid
ORD0008686,paypal,paid
ORD0008687,paypal,paid
ORD0008688,paypal,paid
ORD0008689,credit_card,paid
ORD0008690,apple_pay,paid
ORD0008691,paypal,paid
ORD0008692,klarna,paid
ORD0008693,credit_card,paid
ORD0008694,credit_card,paid
ORD0008695,credit_card,paid
ORD0008696,klarna,paid
ORD0008697,klarna,paid
ORD0008698,paypal,paid
ORD0008699,apple_pay,paid
ORD0008700,bank_transfer,paid
ORD0008701,paypal,paid
ORD0008702,klarna,paid
ORD0008703,credit_card,paid
ORD0008704,credit_card,paid
ORD0008705,credit_card,paid
ORD0008706,credit_card,paid
ORD0008707,credit_card,paid
ORD0008708,paypal,paid
ORD0008709,paypal,paid
ORD0008710,credit_card,paid
ORD0008711,paypal,paid
ORD0008712,klarna,paid
ORD0008713,credit_card,paid
ORD0008714,credit_card,paid
ORD0008715,paypal,paid
ORD0008716,credit_card,paid
ORD0008717,apple_pay,paid
ORD0008718,paypal,paid
ORD0008719,apple_pay,paid
ORD0008720,credit_card,paid
ORD0008721,klarna,paid
ORD0008722,klarna,refunded
ORD0008723,credit_card,paid
ORD0008724,klarna,refunded
ORD0008725,paypal,paid
ORD0008726,paypal,paid
ORD0008727,bank_transfer,paid
ORD0008728,apple_pay,paid
ORD0008729,paypal,refunded
ORD0008730,paypal,paid
ORD0008731,credit_card,paid
ORD0008732,credit_card,paid
ORD0008733,paypal,paid
ORD0008734,paypal,paid
ORD0008735,credit_card,paid
ORD0008736,credit_card,paid
ORD0008737,paypal,paid
ORD0008738,paypal,paid
ORD0008739,paypal,paid
ORD0008740,bank_transfer,paid
ORD0008741,klarna,paid
ORD0008742,credit_card,paid
ORD0008743,apple_pay,paid
ORD0008744,paypal,paid
ORD0008745,credit_card,refunded
ORD0008746,credit_card,paid
ORD0008747,credit_card,paid
ORD0008748,credit_card,paid
ORD0008749,credit_card,paid
ORD0008750,bank_transfer,paid
ORD0008751,credit_card,refunded
ORD0008752,apple_pay,paid
ORD0008753,credit_card,paid
ORD0008754,apple_pay,refunded
ORD0008755,klarna,paid
ORD0008756,paypal,paid
ORD0008757,bank_transfer,paid
ORD0008758,credit_card,refunded
ORD0008759,paypal,paid
ORD0008760,credit_card,paid
ORD0008761,credit_card,paid
ORD0008762,bank_transfer,paid
ORD0008763,credit_card,paid
ORD0008764,klarna,paid
ORD0008765,credit_card,paid
ORD0008766,apple_pay,paid
ORD0008767,credit_card,paid
ORD0008768,paypal,paid
ORD0008769,klarna,paid
ORD0008770,paypal,paid
ORD0008771,paypal,paid
ORD0008772,klarna,paid
ORD0008773,paypal,paid
ORD0008774,klarna,paid
ORD0008775,credit_card,paid
ORD0008776,credit_card,paid
ORD0008777,apple_pay,paid
ORD0008778,apple_pay,paid
ORD0008779,klarna,refunded
ORD0008780,credit_card,paid
ORD0008781,klarna,paid
ORD0008782,credit_card,paid
ORD0008783,paypal,paid
ORD0008784,klarna,paid
ORD0008785,paypal,paid
ORD0008786,credit_card,paid
ORD0008787,credit_card,paid
ORD0008788,credit_card,paid
ORD0008789,paypal,paid
ORD0008790,credit_card,paid
ORD0008791,paypal,paid
ORD0008792,bank_transfer,paid
ORD0008793,bank_transfer,paid
ORD0008794,credit_card,paid
ORD0008795,credit_card,paid
ORD0008796,credit_card,paid
ORD0008797,credit_card,paid
ORD0008798,credit_card,paid
ORD0008799,credit_card,paid
ORD0008800,credit_card,paid
ORD0008801,klarna,paid
ORD0008802,credit_card,paid
ORD0008803,klarna,paid
ORD0008804,credit_card,paid
ORD0008805,paypal,paid
ORD0008806,credit_card,paid
ORD0008807,klarna,paid
ORD0008808,klarna,paid
ORD0008809,paypal,paid
ORD0008810,credit_card,paid
ORD0008811,paypal,paid
ORD0008812,paypal,paid
ORD0008813,credit_card,paid
ORD0008814,paypal,paid
ORD0008815,klarna,paid
ORD0008816,paypal,paid
ORD0008817,bank_transfer,paid
ORD0008818,paypal,paid
ORD0008819,klarna,paid
ORD0008820,klarna,paid
ORD0008821,credit_card,paid
ORD0008822,paypal,paid
ORD0008823,credit_card,paid
ORD0008824,paypal,paid
ORD0008825,klarna,paid
ORD0008826,apple_pay,paid
ORD0008827,paypal,paid
ORD0008828,apple_pay,paid
ORD0008829,credit_card,paid
ORD0008830,klarna,paid
ORD0008831,klarna,paid
ORD0008832,credit_card,paid
ORD0008833,credit_card,paid
ORD0008834,credit_card,paid
ORD0008835,apple_pay,paid
ORD0008836,credit_card,paid
ORD0008837,credit_card,paid
ORD0008838,credit_card,paid
ORD0008839,bank_transfer,paid
ORD0008840,credit_card,paid
ORD0008841,credit_card,paid
ORD0008842,credit_card,paid
ORD0008843,apple_pay,paid
ORD0008844,klarna,paid
ORD0008845,paypal,paid
ORD0008846,klarna,refunded
ORD0008847,credit_card,paid
ORD0008848,apple_pay,paid
ORD0008849,paypal,paid
ORD0008850,paypal,paid
ORD0008851,apple_pay,paid
ORD0008852,credit_card,paid
ORD0008853,credit_card,paid
ORD0008854,klarna,paid
ORD0008855,credit_card,paid
ORD0008856,credit_card,paid
ORD0008857,credit_card,paid
ORD0008858,credit_card,paid
ORD0008859,credit_card,paid
ORD0008860,credit_card,paid
ORD0008861,credit_card,paid
ORD0008862,credit_card,paid
ORD0008863,paypal,paid
ORD0008864,klarna,paid
ORD0008865,credit_card,paid
ORD0008866,credit_card,paid
ORD0008867,klarna,paid
ORD0008868,credit_card,refunded
ORD0008869,credit_card,paid
ORD0008870,apple_pay,paid
ORD0008871,klarna,paid
ORD0008872,credit_card,paid
ORD0008873,credit_card,paid
ORD0008874,klarna,paid
ORD0008875,apple_pay,paid
ORD0008876,paypal,paid
ORD0008877,paypal,paid
ORD0008878,credit_card,refunded
ORD0008879,credit_card,paid
ORD0008880,paypal,paid
ORD0008881,credit_card,paid
ORD0008882,credit_card,paid
ORD0008883,paypal,paid
ORD0008884,apple_pay,paid
ORD0008885,credit_card,paid
ORD0008886,apple_pay,paid
ORD0008887,apple_pay,paid
ORD0008888,paypal,paid
ORD0008889,klarna,paid
ORD0008890,apple_pay,paid
ORD0008891,credit_card,paid
ORD0008892,paypal,refunded
ORD0008893,paypal,paid
ORD0008894,paypal,paid
ORD0008895,credit_card,paid
ORD0008896,credit_card,paid
ORD0008897,klarna,paid
ORD0008898,credit_card,paid
ORD0008899,credit_card,paid
ORD0008900,bank_transfer,paid
ORD0008901,paypal,paid
ORD0008902,klarna,paid
ORD0008903,paypal,paid
ORD0008904,credit_card,refunded
ORD0008905,credit_card,paid
ORD0008906,credit_card,paid
ORD0008907,klarna,paid
ORD0008908,paypal,paid
ORD0008909,credit_card,paid
ORD0008910,credit_card,paid
ORD0008911,klarna,paid
ORD0008912,apple_pay,refunded
ORD0008913,credit_card,paid
ORD0008914,credit_card,paid
ORD0008915,paypal,paid
ORD0008916,klarna,paid
ORD0008917,paypal,paid
ORD0008918,credit_card,paid
ORD0008919,credit_card,paid
ORD0008920,credit_card,paid
ORD0008921,klarna,refunded
ORD0008922,paypal,paid
ORD0008923,credit_card,paid
ORD0008924,apple_pay,paid
ORD0008925,apple_pay,paid
ORD0008926,credit_card,paid
ORD0008927,credit_card,paid
ORD0008928,paypal,paid
ORD0008929,credit_card,paid
ORD0008930,credit_card,paid
ORD0008931,apple_pay,paid
ORD0008932,credit_card,paid
ORD0008933,klarna,paid
ORD0008934,klarna,paid
ORD0008935,credit_card,paid
ORD0008936,paypal,paid
ORD0008937,credit_card,paid
ORD0008938,paypal,paid
ORD0008939,credit_card,paid
ORD0008940,credit_card,paid
ORD0008941,credit_card,paid
ORD0008942,credit_card,paid
ORD0008943,apple_pay,paid
ORD0008944,klarna,paid
ORD0008945,apple_pay,paid
ORD0008946,klarna,paid
ORD0008947,credit_card,paid
ORD0008948,klarna,paid
ORD0008949,credit_card,paid
ORD0008950,paypal,paid
ORD0008951,paypal,paid
ORD0008952,credit_card,paid
ORD0008953,credit_card,paid
ORD0008954,paypal,paid
ORD0008955,klarna,paid
ORD0008956,paypal,paid
ORD0008957,credit_card,paid
ORD0008958,paypal,paid
ORD0008959,credit_card,paid
ORD0008960,paypal,paid
ORD0008961,paypal,paid
ORD0008962,credit_card,paid
ORD0008963,credit_card,paid
ORD0008964,credit_card,paid
ORD0008965,klarna,paid
ORD0008966,apple_pay,paid
ORD0008967,klarna,paid
ORD0008968,credit_card,paid
ORD0008969,credit_card,paid
ORD0008970,credit_card,paid
ORD0008971,credit_card,paid
ORD0008972,klarna,paid
ORD0008973,credit_card,paid
ORD0008974,paypal,paid
ORD0008975,credit_card,paid
ORD0008976,paypal,paid
ORD0008977,paypal,refunded
ORD0008978,credit_card,paid
ORD0008979,credit_card,paid
ORD0008980,credit_card,paid
ORD0008981,credit_card,paid
ORD0008982,klarna,paid
ORD0008983,credit_card,paid
ORD0008984,credit_card,paid
ORD0008985,credit_card,paid
ORD0008986,credit_card,paid
ORD0008987,paypal,paid
ORD0008988,apple_pay,refunded
ORD0008989,credit_card,paid
ORD0008990,klarna,paid
ORD0008991,credit_card,paid
ORD0008992,credit_card,refunded
ORD0008993,credit_card,refunded
ORD0008994,klarna,paid
ORD0008995,credit_card,paid
ORD0008996,credit_card,paid
ORD0008997,credit_card,paid
ORD0008998,paypal,paid
ORD0008999,klarna,paid
ORD0009000,credit_card,paid
ORD0009001,paypal,paid
ORD0009002,paypal,paid
ORD0009003,paypal,paid
ORD0009004,credit_card,paid
ORD0009005,credit_card,refunded
ORD0009006,credit_card,paid
ORD0009007,apple_pay,paid
ORD0009008,credit_card,paid
ORD0009009,paypal,refunded
ORD0009010,klarna,paid
ORD0009011,klarna,paid
ORD0009012,paypal,paid
ORD0009013,paypal,paid
ORD0009014,credit_card,paid
ORD0009015,paypal,refunded
ORD0009016,credit_card,paid
ORD0009017,paypal,refunded
ORD0009018,credit_card,paid
ORD0009019,paypal,paid
ORD0009020,klarna,paid
ORD0009021,paypal,paid
ORD0009022,paypal,paid
ORD0009023,credit_card,paid
ORD0009024,credit_card,paid
ORD0009025,klarna,paid
ORD0009026,paypal,paid
ORD0009027,credit_card,paid
ORD0009028,paypal,paid
ORD0009029,credit_card,paid
ORD0009030,paypal,paid
ORD0009031,credit_card,paid
ORD0009032,credit_card,paid
ORD0009033,paypal,paid
ORD0009034,credit_card,paid
ORD0009035,klarna,paid
ORD0009036,bank_transfer,paid
ORD0009037,credit_card,paid
ORD0009038,credit_card,paid
ORD0009039,paypal,paid
ORD0009040,paypal,paid
ORD0009041,paypal,paid
ORD0009042,paypal,paid
ORD0009043,credit_card,paid
ORD0009044,credit_card,paid
ORD0009045,klarna,paid
ORD0009046,paypal,paid
ORD0009047,credit_card,paid
ORD0009048,paypal,paid
ORD0009049,apple_pay,paid
ORD0009050,paypal,paid
ORD0009051,paypal,paid
ORD0009052,credit_card,paid
ORD0009053,paypal,paid
ORD0009054,bank_transfer,paid
ORD0009055,credit_card,paid
ORD0009056,credit_card,paid
ORD0009057,paypal,paid
ORD0009058,credit_card,paid
ORD0009059,credit_card,paid
ORD0009060,credit_card,paid
ORD0009061,credit_card,paid
ORD0009062,credit_card,paid
ORD0009063,paypal,paid
ORD0009064,paypal,paid
ORD0009065,paypal,refunded
ORD0009066,credit_card,paid
ORD0009067,bank_transfer,refunded
ORD0009068,paypal,paid
ORD0009069,paypal,paid
ORD0009070,apple_pay,paid
ORD0009071,credit_card,paid
ORD0009072,klarna,paid
ORD0009073,klarna,paid
ORD0009074,apple_pay,paid
ORD0009075,credit_card,paid
ORD0009076,paypal,paid
ORD0009077,credit_card,refunded
ORD0009078,paypal,paid
ORD0009079,credit_card,paid
ORD0009080,klarna,paid
ORD0009081,klarna,paid
ORD0009082,credit_card,paid
ORD0009083,credit_card,paid
ORD0009084,klarna,paid
ORD0009085,credit_card,paid
ORD0009086,paypal,paid
ORD0009087,credit_card,paid
ORD0009088,bank_transfer,paid
ORD0009089,paypal,paid
ORD0009090,credit_card,paid
ORD0009091,apple_pay,paid
ORD0009092,paypal,paid
ORD0009093,credit_card,paid
ORD0009094,credit_card,refunded
ORD0009095,paypal,paid
ORD0009096,apple_pay,paid
ORD0009097,bank_transfer,paid
ORD0009098,credit_card,refunded
ORD0009099,credit_card,paid
ORD0009100,apple_pay,paid
ORD0009101,apple_pay,paid
ORD0009102,apple_pay,paid
ORD0009103,paypal,paid
ORD0009104,paypal,paid
ORD0009105,credit_card,refunded
ORD0009106,credit_card,paid
ORD0009107,paypal,paid
ORD0009108,credit_card,paid
ORD0009109,credit_card,refunded
ORD0009110,credit_card,paid
ORD0009111,paypal,paid
ORD0009112,klarna,paid
ORD0009113,credit_card,paid
ORD0009114,paypal,paid
ORD0009115,klarna,paid
ORD0009116,paypal,refunded
ORD0009117,klarna,paid
ORD0009118,klarna,paid
ORD0009119,credit_card,paid
ORD0009120,credit_card,paid
ORD0009121,credit_card,paid
ORD0009122,paypal,refunded
ORD0009123,paypal,paid
ORD0009124,credit_card,paid
ORD0009125,credit_card,paid
ORD0009126,paypal,paid
ORD0009127,credit_card,paid
ORD0009128,paypal,paid
ORD0009129,credit_card,paid
ORD0009130,apple_pay,paid
ORD0009131,paypal,paid
ORD0009132,credit_card,paid
ORD0009133,paypal,paid
ORD0009134,credit_card,paid
ORD0009135,klarna,paid
ORD0009136,credit_card,paid
ORD0009137,credit_card,paid
ORD0009138,apple_pay,paid
ORD0009139,klarna,paid
ORD0009140,paypal,paid
ORD0009141,credit_card,paid
ORD0009142,credit_card,paid
ORD0009143,paypal,paid
ORD0009144,credit_card,paid
ORD0009145,paypal,paid
ORD0009146,klarna,paid
ORD0009147,credit_card,paid
ORD0009148,credit_card,paid
ORD0009149,klarna,paid
ORD0009150,credit_card,paid
ORD0009151,credit_card,paid
ORD0009152,credit_card,paid
ORD0009153,credit_card,paid
ORD0009154,paypal,paid
ORD0009155,bank_transfer,paid
ORD0009156,credit_card,paid
ORD0009157,credit_card,paid
ORD0009158,credit_card,paid
ORD0009159,klarna,paid
ORD0009160,credit_card,paid
ORD0009161,credit_card,refunded
ORD0009162,paypal,paid
ORD0009163,credit_card,paid
ORD0009164,paypal,refunded
ORD0009165,klarna,paid
ORD0009166,apple_pay,paid
ORD0009167,credit_card,paid
ORD0009168,credit_card,paid
ORD0009169,paypal,paid
ORD0009170,paypal,paid
ORD0009171,apple_pay,paid
ORD0009172,klarna,paid
ORD0009173,credit_card,paid
ORD0009174,paypal,refunded
ORD0009175,klarna,paid
ORD0009176,paypal,paid
ORD0009177,klarna,paid
ORD0009178,paypal,paid
ORD0009179,paypal,paid
ORD0009180,klarna,paid
ORD0009181,paypal,paid
ORD0009182,klarna,paid
ORD0009183,apple_pay,paid
ORD0009184,credit_card,paid
ORD0009185,klarna,paid
ORD0009186,credit_card,paid
ORD0009187,klarna,paid
ORD0009188,klarna,paid
ORD0009189,paypal,paid
ORD0009190,paypal,paid
ORD0009191,credit_card,paid
ORD0009192,paypal,paid
ORD0009193,paypal,paid
ORD0009194,apple_pay,paid
ORD0009195,klarna,paid
ORD0009196,paypal,paid
ORD0009197,klarna,paid
ORD0009198,klarna,paid
ORD0009199,credit_card,paid
ORD0009200,credit_card,paid
ORD0009201,paypal,paid
ORD0009202,paypal,paid
ORD0009203,bank_transfer,paid
ORD0009204,klarna,paid
ORD0009205,paypal,paid
ORD0009206,paypal,paid
ORD0009207,credit_card,refunded
ORD0009208,paypal,paid
ORD0009209,klarna,paid
ORD0009210,apple_pay,paid
ORD0009211,klarna,paid
ORD0009212,apple_pay,refunded
ORD0009213,credit_card,paid
ORD0009214,apple_pay,paid
ORD0009215,paypal,paid
ORD0009216,credit_card,paid
ORD0009217,credit_card,refunded
ORD0009218,klarna,paid
ORD0009219,credit_card,paid
ORD0009220,paypal,paid
ORD0009221,bank_transfer,paid
ORD0009222,paypal,paid
ORD0009223,credit_card,paid
ORD0009224,klarna,paid
ORD0009225,credit_card,refunded
ORD0009226,credit_card,paid
ORD0009227,klarna,paid
ORD0009228,credit_card,paid
ORD0009229,credit_card,paid
ORD0009230,credit_card,refunded
ORD0009231,paypal,paid
ORD0009232,credit_card,paid
ORD0009233,paypal,paid
ORD0009234,bank_transfer,paid
ORD0009235,credit_card,paid
ORD0009236,credit_card,refunded
ORD0009237,credit_card,paid
ORD0009238,credit_card,refunded
ORD0009239,credit_card,paid
ORD0009240,paypal,paid
ORD0009241,credit_card,paid
ORD0009242,bank_transfer,paid
ORD0009243,bank_transfer,paid
ORD0009244,paypal,paid
ORD0009245,apple_pay,paid
ORD0009246,klarna,paid
ORD0009247,credit_card,paid
ORD0009248,credit_card,paid
ORD0009249,klarna,paid
ORD0009250,paypal,paid
ORD0009251,credit_card,paid
ORD0009252,credit_card,paid
ORD0009253,klarna,paid
ORD0009254,credit_card,paid
ORD0009255,klarna,paid
ORD0009256,credit_card,paid
ORD0009257,paypal,paid
ORD0009258,apple_pay,paid
ORD0009259,paypal,paid
ORD0009260,credit_card,paid
ORD0009261,credit_card,paid
ORD0009262,klarna,paid
ORD0009263,credit_card,paid
ORD0009264,credit_card,paid
ORD0009265,apple_pay,paid
ORD0009266,credit_card,paid
ORD0009267,paypal,paid
ORD0009268,klarna,paid
ORD0009269,klarna,paid
ORD0009270,paypal,paid
ORD0009271,klarna,paid
ORD0009272,paypal,paid
ORD0009273,credit_card,paid
ORD0009274,klarna,paid
ORD0009275,credit_card,paid
ORD0009276,credit_card,paid
ORD0009277,credit_card,paid
ORD0009278,apple_pay,paid
ORD0009279,apple_pay,paid
ORD0009280,credit_card,paid
ORD0009281,klarna,paid
ORD0009282,klarna,paid
ORD0009283,credit_card,paid
ORD0009284,klarna,paid
ORD0009285,credit_card,paid
ORD0009286,paypal,paid
ORD0009287,klarna,paid
ORD0009288,klarna,paid
ORD0009289,paypal,paid
ORD0009290,paypal,paid
ORD0009291,credit_card,paid
ORD0009292,credit_card,paid
ORD0009293,credit_card,paid
ORD0009294,apple_pay,refunded
ORD0009295,paypal,paid
ORD0009296,credit_card,paid
ORD0009297,paypal,paid
ORD0009298,paypal,paid
ORD0009299,apple_pay,paid
ORD0009300,paypal,paid
ORD0009301,credit_card,paid
ORD0009302,paypal,paid
ORD0009303,credit_card,paid
ORD0009304,credit_card,paid
ORD0009305,credit_card,paid
ORD0009306,credit_card,paid
ORD0009307,credit_card,paid
ORD0009308,klarna,paid
ORD0009309,credit_card,paid
ORD0009310,credit_card,paid
ORD0009311,credit_card,paid
ORD0009312,paypal,paid
ORD0009313,paypal,paid
ORD0009314,paypal,paid
ORD0009315,credit_card,paid
ORD0009316,credit_card,paid
ORD0009317,credit_card,paid
ORD0009318,bank_transfer,paid
ORD0009319,credit_card,paid
ORD0009320,credit_card,paid
ORD0009321,paypal,paid
ORD0009322,credit_card,paid
ORD0009323,klarna,refunded
ORD0009324,credit_card,paid
ORD0009325,klarna,paid
ORD0009326,apple_pay,paid
ORD0009327,klarna,paid
ORD0009328,credit_card,paid
ORD0009329,credit_card,paid
ORD0009330,paypal,paid
ORD0009331,paypal,paid
ORD0009332,klarna,paid
ORD0009333,klarna,refunded
ORD0009334,credit_card,paid
ORD0009335,paypal,paid
ORD0009336,klarna,paid
ORD0009337,credit_card,paid
ORD0009338,paypal,paid
ORD0009339,klarna,paid
ORD0009340,klarna,paid
ORD0009341,credit_card,paid
ORD0009342,credit_card,paid
ORD0009343,paypal,paid
ORD0009344,paypal,paid
ORD0009345,paypal,paid
ORD0009346,credit_card,paid
ORD0009347,credit_card,paid
ORD0009348,paypal,paid
ORD0009349,paypal,paid
ORD0009350,credit_card,paid
ORD0009351,paypal,paid
ORD0009352,credit_card,paid
ORD0009353,klarna,paid
ORD0009354,credit_card,paid
ORD0009355,klarna,paid
ORD0009356,paypal,paid
ORD0009357,bank_transfer,paid
ORD0009358,paypal,paid
ORD0009359,klarna,paid
ORD0009360,credit_card,paid
ORD0009361,klarna,paid
ORD0009362,credit_card,paid
ORD0009363,klarna,refunded
ORD0009364,credit_card,paid
ORD0009365,klarna,paid
ORD0009366,apple_pay,paid
ORD0009367,credit_card,paid
ORD0009368,klarna,paid
ORD0009369,paypal,paid
ORD0009370,credit_card,paid
ORD0009371,paypal,paid
ORD0009372,credit_card,paid
ORD0009373,paypal,paid
ORD0009374,paypal,paid
ORD0009375,bank_transfer,paid
ORD0009376,bank_transfer,paid
ORD0009377,klarna,paid
ORD0009378,klarna,paid
ORD0009379,paypal,paid
ORD0009380,credit_card,refunded
ORD0009381,apple_pay,paid
ORD0009382,credit_card,paid
ORD0009383,bank_transfer,paid
ORD0009384,credit_card,paid
ORD0009385,credit_card,paid
ORD0009386,credit_card,paid
ORD0009387,credit_card,paid
ORD0009388,klarna,paid
ORD0009389,klarna,paid
ORD0009390,klarna,paid
ORD0009391,paypal,paid
ORD0009392,bank_transfer,paid
ORD0009393,credit_card,paid
ORD0009394,bank_transfer,paid
ORD0009395,credit_card,paid
ORD0009396,klarna,paid
ORD0009397,bank_transfer,paid
ORD0009398,credit_card,refunded
ORD0009399,paypal,paid
ORD0009400,credit_card,paid
ORD0009401,credit_card,paid
ORD0009402,credit_card,paid
ORD0009403,credit_card,paid
ORD0009404,paypal,paid
ORD0009405,paypal,paid
ORD0009406,credit_card,paid
ORD0009407,credit_card,paid
ORD0009408,credit_card,paid
ORD0009409,klarna,paid
ORD0009410,paypal,paid
ORD0009411,bank_transfer,paid
ORD0009412,credit_card,refunded
ORD0009413,apple_pay,paid
ORD0009414,klarna,paid
ORD0009415,credit_card,paid
ORD0009416,paypal,paid
ORD0009417,apple_pay,paid
ORD0009418,klarna,paid
ORD0009419,credit_card,paid
ORD0009420,paypal,paid
ORD0009421,paypal,paid
ORD0009422,credit_card,paid
ORD0009423,credit_card,paid
ORD0009424,paypal,paid
ORD0009425,paypal,paid
ORD0009426,klarna,paid
ORD0009427,credit_card,paid
ORD0009428,credit_card,paid
ORD0009429,klarna,refunded
ORD0009430,apple_pay,paid
ORD0009431,paypal,refunded
ORD0009432,credit_card,paid
ORD0009433,credit_card,paid
ORD0009434,credit_card,paid
ORD0009435,klarna,paid
ORD0009436,paypal,paid
ORD0009437,paypal,paid
ORD0009438,credit_card,refunded
ORD0009439,paypal,paid
ORD0009440,credit_card,paid
ORD0009441,credit_card,paid
ORD0009442,apple_pay,paid
ORD0009443,paypal,paid
ORD0009444,bank_transfer,paid
ORD0009445,credit_card,paid
ORD0009446,paypal,paid
ORD0009447,paypal,paid
ORD0009448,klarna,paid
ORD0009449,klarna,paid
ORD0009450,credit_card,paid
ORD0009451,credit_card,paid
ORD0009452,credit_card,paid
ORD0009453,paypal,paid
ORD0009454,credit_card,paid
ORD0009455,credit_card,paid
ORD0009456,paypal,paid
ORD0009457,credit_card,paid
ORD0009458,credit_card,paid
ORD0009459,apple_pay,paid
ORD0009460,klarna,paid
ORD0009461,credit_card,paid
ORD0009462,paypal,paid
ORD0009463,paypal,paid
ORD0009464,klarna,paid
ORD0009465,paypal,paid
ORD0009466,paypal,paid
ORD0009467,credit_card,paid
ORD0009468,paypal,paid
ORD0009469,credit_card,paid
ORD0009470,credit_card,paid
ORD0009471,credit_card,paid
ORD0009472,credit_card,paid
ORD0009473,credit_card,paid
ORD0009474,apple_pay,paid
ORD0009475,klarna,paid
ORD0009476,paypal,refunded
ORD0009477,credit_card,paid
ORD0009478,klarna,paid
ORD0009479,credit_card,paid
ORD0009480,credit_card,paid
ORD0009481,credit_card,paid
ORD0009482,credit_card,paid
ORD0009483,credit_card,paid
ORD0009484,paypal,paid
ORD0009485,credit_card,paid
ORD0009486,paypal,paid
ORD0009487,paypal,paid
ORD0009488,credit_card,paid
ORD0009489,paypal,paid
ORD0009490,paypal,paid
ORD0009491,credit_card,paid
ORD0009492,apple_pay,paid
ORD0009493,paypal,paid
ORD0009494,credit_card,paid
ORD0009495,paypal,paid
ORD0009496,apple_pay,paid
ORD0009497,paypal,paid
ORD0009498,apple_pay,paid
ORD0009499,paypal,paid
ORD0009500,paypal,paid
ORD0009501,paypal,paid
ORD0009502,credit_card,paid
ORD0009503,credit_card,paid
ORD0009504,paypal,paid
ORD0009505,paypal,paid
ORD0009506,credit_card,paid
ORD0009507,paypal,paid
ORD0009508,paypal,paid
ORD0009509,apple_pay,paid
ORD0009510,klarna,paid
ORD0009511,apple_pay,paid
ORD0009512,apple_pay,paid
ORD0009513,paypal,paid
ORD0009514,klarna,paid
ORD0009515,credit_card,refunded
ORD0009516,credit_card,paid
ORD0009517,paypal,paid
ORD0009518,credit_card,paid
ORD0009519,klarna,paid
ORD0009520,credit_card,paid
ORD0009521,klarna,paid
ORD0009522,credit_card,paid
ORD0009523,paypal,paid
ORD0009524,klarna,paid
ORD0009525,paypal,paid
ORD0009526,klarna,paid
ORD0009527,credit_card,paid
ORD0009528,paypal,paid
ORD0009529,credit_card,paid
ORD0009530,paypal,paid
ORD0009531,paypal,paid
ORD0009532,credit_card,paid
ORD0009533,klarna,paid
ORD0009534,paypal,paid
ORD0009535,paypal,paid
ORD0009536,klarna,paid
ORD0009537,paypal,paid
ORD0009538,klarna,paid
ORD0009539,credit_card,paid
ORD0009540,paypal,paid
ORD0009541,bank_transfer,paid
ORD0009542,credit_card,paid
ORD0009543,credit_card,paid
ORD0009544,paypal,paid
ORD0009545,credit_card,paid
ORD0009546,paypal,paid
ORD0009547,paypal,paid
ORD0009548,credit_card,paid
ORD0009549,paypal,paid
ORD0009550,paypal,paid
ORD0009551,credit_card,paid
ORD0009552,credit_card,paid
ORD0009553,paypal,paid
ORD0009554,paypal,paid
ORD0009555,credit_card,paid
ORD0009556,credit_card,paid
ORD0009557,credit_card,paid
ORD0009558,credit_card,paid
ORD0009559,apple_pay,paid
ORD0009560,paypal,refunded
ORD0009561,paypal,paid
ORD0009562,credit_card,paid
ORD0009563,klarna,paid
ORD0009564,bank_transfer,paid
ORD0009565,credit_card,paid
ORD0009566,paypal,paid
ORD0009567,klarna,paid
ORD0009568,bank_transfer,refunded
ORD0009569,credit_card,paid
ORD0009570,klarna,paid
ORD0009571,credit_card,paid
ORD0009572,credit_card,paid
ORD0009573,klarna,paid
ORD0009574,credit_card,paid
ORD0009575,apple_pay,paid
ORD0009576,paypal,paid
ORD0009577,paypal,paid
ORD0009578,paypal,paid
ORD0009579,credit_card,paid
ORD0009580,paypal,paid
ORD0009581,bank_transfer,paid
ORD0009582,paypal,paid
ORD0009583,apple_pay,paid
ORD0009584,apple_pay,paid
ORD0009585,paypal,paid
ORD0009586,credit_card,paid
ORD0009587,bank_transfer,paid
ORD0009588,credit_card,paid
ORD0009589,credit_card,paid
ORD0009590,credit_card,paid
ORD0009591,credit_card,paid
ORD0009592,apple_pay,paid
ORD0009593,credit_card,refunded
ORD0009594,klarna,paid
ORD0009595,credit_card,paid
ORD0009596,bank_transfer,paid
ORD0009597,credit_card,paid
ORD0009598,credit_card,paid
ORD0009599,credit_card,paid
ORD0009600,paypal,paid
ORD0009601,credit_card,paid
ORD0009602,bank_transfer,paid
ORD0009603,credit_card,paid
ORD0009604,klarna,paid
ORD0009605,credit_card,refunded
ORD0009606,apple_pay,paid
ORD0009607,paypal,paid
ORD0009608,credit_card,paid
ORD0009609,klarna,paid
ORD0009610,credit_card,paid
ORD0009611,credit_card,paid
ORD0009612,bank_transfer,paid
ORD0009613,paypal,paid
ORD0009614,credit_card,paid
ORD0009615,klarna,paid
ORD0009616,paypal,paid
ORD0009617,paypal,paid
ORD0009618,paypal,paid
ORD0009619,credit_card,paid
ORD0009620,bank_transfer,paid
ORD0009621,apple_pay,paid
ORD0009622,apple_pay,paid
ORD0009623,credit_card,paid
ORD0009624,credit_card,paid
ORD0009625,credit_card,paid
ORD0009626,credit_card,paid
ORD0009627,credit_card,paid
ORD0009628,credit_card,paid
ORD0009629,paypal,paid
ORD0009630,paypal,paid
ORD0009631,credit_card,paid
ORD0009632,paypal,paid
ORD0009633,credit_card,refunded
ORD0009634,credit_card,paid
ORD0009635,credit_card,paid
ORD0009636,apple_pay,paid
ORD0009637,paypal,paid
ORD0009638,credit_card,paid
ORD0009639,credit_card,paid
ORD0009640,credit_card,paid
ORD0009641,paypal,paid
ORD0009642,credit_card,paid
ORD0009643,paypal,paid
ORD0009644,credit_card,paid
ORD0009645,credit_card,paid
ORD0009646,paypal,paid
ORD0009647,credit_card,paid
ORD0009648,paypal,paid
ORD0009649,credit_card,paid
ORD0009650,apple_pay,paid
ORD0009651,paypal,paid
ORD0009652,credit_card,refunded
ORD0009653,credit_card,paid
ORD0009654,credit_card,paid
ORD0009655,credit_card,paid
ORD0009656,credit_card,paid
ORD0009657,klarna,paid
ORD0009658,credit_card,paid
ORD0009659,credit_card,paid
ORD0009660,credit_card,paid
ORD0009661,credit_card,paid
ORD0009662,bank_transfer,paid
ORD0009663,credit_card,paid
ORD0009664,credit_card,paid
ORD0009665,klarna,paid
ORD0009666,paypal,paid
ORD0009667,apple_pay,paid
ORD0009668,credit_card,paid
ORD0009669,apple_pay,paid
ORD0009670,credit_card,paid
ORD0009671,credit_card,paid
ORD0009672,klarna,paid
ORD0009673,paypal,paid
ORD0009674,paypal,paid
ORD0009675,paypal,paid
ORD0009676,credit_card,paid
ORD0009677,paypal,paid
ORD0009678,paypal,paid
ORD0009679,paypal,paid
ORD0009680,credit_card,paid
ORD0009681,credit_card,paid
ORD0009682,bank_transfer,paid
ORD0009683,klarna,paid
ORD0009684,paypal,paid
ORD0009685,klarna,paid
ORD0009686,paypal,paid
ORD0009687,klarna,paid
ORD0009688,credit_card,refunded
ORD0009689,credit_card,paid
ORD0009690,credit_card,paid
ORD0009691,credit_card,paid
ORD0009692,credit_card,paid
ORD0009693,klarna,paid
ORD0009694,paypal,paid
ORD0009695,credit_card,paid
ORD0009696,credit_card,paid
ORD0009697,klarna,paid
ORD0009698,paypal,paid
ORD0009699,paypal,paid
ORD0009700,credit_card,paid
ORD0009701,credit_card,paid
ORD0009702,credit_card,paid
ORD0009703,credit_card,paid
ORD0009704,paypal,paid
ORD0009705,credit_card,paid
ORD0009706,paypal,paid
ORD0009707,klarna,paid
ORD0009708,credit_card,paid
ORD0009709,credit_card,paid
ORD0009710,apple_pay,paid
ORD0009711,paypal,paid
ORD0009712,credit_card,paid
ORD0009713,apple_pay,paid
ORD0009714,paypal,paid
ORD0009715,paypal,paid
ORD0009716,credit_card,paid
ORD0009717,paypal,paid
ORD0009718,klarna,paid
ORD0009719,credit_card,paid
ORD0009720,apple_pay,paid
ORD0009721,credit_card,paid
ORD0009722,paypal,paid
ORD0009723,paypal,paid
ORD0009724,credit_card,paid
ORD0009725,credit_card,paid
ORD0009726,credit_card,paid
ORD0009727,paypal,paid
ORD0009728,apple_pay,paid
ORD0009729,bank_transfer,paid
ORD0009730,paypal,paid
ORD0009731,credit_card,paid
ORD0009732,credit_card,paid
ORD0009733,bank_transfer,paid
ORD0009734,credit_card,paid
ORD0009735,paypal,paid
ORD0009736,klarna,paid
ORD0009737,credit_card,paid
ORD0009738,credit_card,paid
ORD0009739,paypal,paid
ORD0009740,paypal,paid
ORD0009741,paypal,paid
ORD0009742,credit_card,paid
ORD0009743,paypal,paid
ORD0009744,credit_card,paid
ORD0009745,credit_card,paid
ORD0009746,credit_card,paid
ORD0009747,klarna,paid
ORD0009748,credit_card,refunded
ORD0009749,bank_transfer,paid
ORD0009750,credit_card,paid
ORD0009751,credit_card,paid
ORD0009752,credit_card,paid
ORD0009753,apple_pay,paid
ORD0009754,credit_card,paid
ORD0009755,bank_transfer,paid
ORD0009756,credit_card,refunded
ORD0009757,credit_card,paid
ORD0009758,credit_card,paid
ORD0009759,paypal,paid
ORD0009760,bank_transfer,refunded
ORD0009761,klarna,paid
ORD0009762,credit_card,paid
ORD0009763,paypal,paid
ORD0009764,credit_card,paid
ORD0009765,paypal,paid
ORD0009766,credit_card,paid
ORD0009767,credit_card,refunded
ORD0009768,credit_card,paid
ORD0009769,credit_card,paid
ORD0009770,paypal,paid
ORD0009771,credit_card,paid
ORD0009772,apple_pay,paid
ORD0009773,credit_card,paid
ORD0009774,credit_card,paid
ORD0009775,credit_card,paid
ORD0009776,paypal,paid
ORD0009777,credit_card,paid
ORD0009778,paypal,paid
ORD0009779,klarna,paid
ORD0009780,klarna,paid
ORD0009781,credit_card,paid
ORD0009782,klarna,paid
ORD0009783,paypal,paid
ORD0009784,paypal,paid
ORD0009785,paypal,paid
ORD0009786,credit_card,paid
ORD0009787,paypal,paid
ORD0009788,credit_card,paid
ORD0009789,bank_transfer,refunded
ORD0009790,credit_card,paid
ORD0009791,credit_card,paid
ORD0009792,paypal,paid
ORD0009793,credit_card,paid
ORD0009794,paypal,paid
ORD0009795,paypal,paid
ORD0009796,credit_card,paid
ORD0009797,credit_card,paid
ORD0009798,klarna,paid
ORD0009799,klarna,paid
ORD0009800,paypal,paid
ORD0009801,klarna,paid
ORD0009802,paypal,paid
ORD0009803,paypal,paid
ORD0009804,credit_card,paid
ORD0009805,paypal,paid
ORD0009806,paypal,paid
ORD0009807,paypal,paid
ORD0009808,paypal,paid
ORD0009809,paypal,paid
ORD0009810,paypal,paid
ORD0009811,klarna,paid
ORD0009812,credit_card,paid
ORD0009813,klarna,paid
ORD0009814,paypal,paid
ORD0009815,paypal,paid
ORD0009816,paypal,paid
ORD0009817,credit_card,paid
ORD0009818,credit_card,paid
ORD0009819,credit_card,paid
ORD0009820,apple_pay,paid
ORD0009821,klarna,paid
ORD0009822,credit_card,paid
ORD0009823,credit_card,paid
ORD0009824,credit_card,paid
ORD0009825,credit_card,paid
ORD0009826,apple_pay,paid
ORD0009827,credit_card,paid
ORD0009828,credit_card,paid
ORD0009829,credit_card,paid
ORD0009830,credit_card,paid
ORD0009831,credit_card,paid
ORD0009832,paypal,paid
ORD0009833,klarna,paid
ORD0009834,klarna,paid
ORD0009835,credit_card,refunded
ORD0009836,paypal,refunded
ORD0009837,credit_card,paid
ORD0009838,credit_card,paid
ORD0009839,paypal,paid
ORD0009840,credit_card,paid
ORD0009841,apple_pay,paid
ORD0009842,klarna,paid
ORD0009843,paypal,paid
ORD0009844,paypal,paid
ORD0009845,klarna,paid
ORD0009846,credit_card,paid
ORD0009847,paypal,paid
ORD0009848,klarna,paid
ORD0009849,credit_card,paid
ORD0009850,klarna,paid
ORD0009851,paypal,refunded
ORD0009852,paypal,paid
ORD0009853,klarna,paid
ORD0009854,klarna,refunded
ORD0009855,klarna,paid
ORD0009856,klarna,paid
ORD0009857,paypal,paid
ORD0009858,apple_pay,paid
ORD0009859,klarna,paid
ORD0009860,credit_card,paid
ORD0009861,klarna,paid
ORD0009862,credit_card,paid
ORD0009863,paypal,paid
ORD0009864,credit_card,paid
ORD0009865,credit_card,paid
ORD0009866,credit_card,paid
ORD0009867,credit_card,paid
ORD0009868,paypal,paid
ORD0009869,paypal,paid
ORD0009870,klarna,paid
ORD0009871,credit_card,paid
ORD0009872,credit_card,paid
ORD0009873,apple_pay,paid
ORD0009874,klarna,paid
ORD0009875,apple_pay,paid
ORD0009876,paypal,paid
ORD0009877,credit_card,paid
ORD0009878,apple_pay,paid
ORD0009879,klarna,paid
ORD0009880,credit_card,paid
ORD0009881,klarna,paid
ORD0009882,klarna,paid
ORD0009883,klarna,paid
ORD0009884,klarna,paid
ORD0009885,paypal,paid
ORD0009886,credit_card,paid
ORD0009887,bank_transfer,paid
ORD0009888,klarna,refunded
ORD0009889,apple_pay,paid
ORD0009890,bank_transfer,paid
ORD0009891,paypal,paid
ORD0009892,credit_card,paid
ORD0009893,credit_card,paid
ORD0009894,paypal,paid
ORD0009895,paypal,paid
ORD0009896,klarna,paid
ORD0009897,bank_transfer,paid
ORD0009898,credit_card,refunded
ORD0009899,credit_card,paid
ORD0009900,credit_card,paid
ORD0009901,klarna,paid
ORD0009902,credit_card,paid
ORD0009903,credit_card,paid
ORD0009904,credit_card,paid
ORD0009905,paypal,paid
ORD0009906,paypal,paid
ORD0009907,credit_card,refunded
ORD0009908,paypal,paid
ORD0009909,bank_transfer,paid
ORD0009910,credit_card,paid
ORD0009911,credit_card,paid
ORD0009912,credit_card,paid
ORD0009913,klarna,paid
ORD0009914,credit_card,paid
ORD0009915,credit_card,paid
ORD0009916,apple_pay,paid
ORD0009917,credit_card,refunded
ORD0009918,apple_pay,paid
ORD0009919,credit_card,paid
ORD0009920,credit_card,paid
ORD0009921,apple_pay,paid
ORD0009922,paypal,paid
ORD0009923,paypal,paid
ORD0009924,credit_card,paid
ORD0009925,credit_card,paid
ORD0009926,credit_card,paid
ORD0009927,klarna,paid
ORD0009928,paypal,paid
ORD0009929,klarna,paid
ORD0009930,apple_pay,paid
ORD0009931,klarna,refunded
ORD0009932,apple_pay,paid
ORD0009933,klarna,paid
ORD0009934,credit_card,paid
ORD0009935,credit_card,paid
ORD0009936,klarna,paid
ORD0009937,apple_pay,paid
ORD0009938,credit_card,paid
ORD0009939,credit_card,paid
ORD0009940,paypal,paid
ORD0009941,apple_pay,paid
ORD0009942,klarna,paid
ORD0009943,credit_card,paid
ORD0009944,credit_card,paid
ORD0009945,paypal,paid
ORD0009946,credit_card,paid
ORD0009947,paypal,paid
ORD0009948,paypal,paid
ORD0009949,apple_pay,paid
ORD0009950,bank_transfer,paid
ORD0009951,bank_transfer,paid
ORD0009952,klarna,paid
ORD0009953,klarna,paid
ORD0009954,credit_card,paid
ORD0009955,credit_card,paid
ORD0009956,klarna,paid
ORD0009957,klarna,paid
ORD0009958,credit_card,paid
ORD0009959,credit_card,paid
ORD0009960,paypal,paid
ORD0009961,apple_pay,paid
ORD0009962,bank_transfer,paid
ORD0009963,credit_card,paid
ORD0009964,credit_card,paid
ORD0009965,apple_pay,paid
ORD0009966,klarna,paid
ORD0009967,credit_card,paid
ORD0009968,apple_pay,paid
ORD0009969,credit_card,paid
ORD0009970,apple_pay,paid
ORD0009971,credit_card,paid
ORD0009972,paypal,paid
ORD0009973,paypal,paid
ORD0009974,paypal,paid
ORD0009975,klarna,paid
ORD0009976,credit_card,paid
ORD0009977,credit_card,paid
ORD0009978,credit_card,paid
ORD0009979,credit_card,paid
ORD0009980,credit_card,paid
ORD0009981,paypal,paid
ORD0009982,paypal,paid
ORD0009983,bank_transfer,refunded
ORD0009984,paypal,paid
ORD0009985,apple_pay,paid
ORD0009986,credit_card,paid
ORD0009987,credit_card,paid
ORD0009988,credit_card,paid
ORD0009989,credit_card,paid
ORD0009990,credit_card,paid
ORD0009991,klarna,paid
ORD0009992,credit_card,paid
ORD0009993,credit_card,paid
ORD0009994,klarna,paid
ORD0009995,paypal,paid
ORD0009996,paypal,paid
ORD0009997,paypal,paid
ORD0009998,credit_card,paid
ORD0009999,credit_card,paid
ORD0010000,credit_card,paid
ORD0010001,credit_card,paid
ORD0010002,paypal,paid
ORD0010003,credit_card,paid
ORD0010004,klarna,paid
ORD0010005,credit_card,paid
ORD0010006,klarna,paid
ORD0010007,klarna,paid
ORD0010008,credit_card,paid
ORD0010009,credit_card,paid
ORD0010010,credit_card,paid
ORD0010011,credit_card,paid
ORD0010012,paypal,paid
ORD0010013,credit_card,paid
ORD0010014,klarna,paid
ORD0010015,bank_transfer,paid
ORD0010016,credit_card,paid
ORD0010017,credit_card,paid
ORD0010018,apple_pay,paid
ORD0010019,paypal,paid
ORD0010020,paypal,paid
ORD0010021,credit_card,paid
ORD0010022,klarna,refunded
ORD0010023,paypal,paid
ORD0010024,credit_card,paid
ORD0010025,credit_card,paid
ORD0010026,credit_card,paid
ORD0010027,credit_card,paid
ORD0010028,credit_card,paid
ORD0010029,credit_card,paid
ORD0010030,credit_card,paid
ORD0010031,credit_card,paid
ORD0010032,paypal,paid
ORD0010033,credit_card,paid
ORD0010034,credit_card,paid
ORD0010035,apple_pay,paid
ORD0010036,paypal,paid
ORD0010037,credit_card,paid
ORD0010038,credit_card,paid
ORD0010039,credit_card,paid
ORD0010040,paypal,paid
ORD0010041,paypal,refunded
ORD0010042,credit_card,paid
ORD0010043,apple_pay,paid
ORD0010044,paypal,paid
ORD0010045,klarna,paid
ORD0010046,credit_card,paid
ORD0010047,credit_card,paid
ORD0010048,paypal,paid
ORD0010049,credit_card,paid
ORD0010050,apple_pay,paid
ORD0010051,paypal,paid
ORD0010052,credit_card,paid
ORD0010053,klarna,paid
ORD0010054,paypal,paid
ORD0010055,paypal,paid
ORD0010056,paypal,paid
ORD0010057,credit_card,paid
ORD0010058,paypal,paid
ORD0010059,credit_card,paid
ORD0010060,paypal,paid
ORD0010061,paypal,paid
ORD0010062,paypal,paid
ORD0010063,paypal,paid
ORD0010064,bank_transfer,paid
ORD0010065,paypal,refunded
ORD0010066,klarna,paid
ORD0010067,klarna,paid
ORD0010068,credit_card,paid
ORD0010069,credit_card,paid
ORD0010070,klarna,paid
ORD0010071,apple_pay,paid
ORD0010072,credit_card,paid
ORD0010073,apple_pay,paid
ORD0010074,paypal,paid
ORD0010075,apple_pay,paid
ORD0010076,credit_card,paid
ORD0010077,klarna,paid
ORD0010078,apple_pay,paid
ORD0010079,bank_transfer,paid
ORD0010080,paypal,paid
ORD0010081,klarna,paid
ORD0010082,bank_transfer,paid
ORD0010083,credit_card,paid
ORD0010084,apple_pay,paid
ORD0010085,klarna,refunded
ORD0010086,apple_pay,paid
ORD0010087,apple_pay,paid
ORD0010088,credit_card,paid
ORD0010089,bank_transfer,paid
ORD0010090,paypal,paid
ORD0010091,credit_card,paid
ORD0010092,paypal,paid
ORD0010093,paypal,paid
ORD0010094,credit_card,paid
ORD0010095,credit_card,paid
ORD0010096,paypal,paid
ORD0010097,klarna,paid
ORD0010098,credit_card,paid
ORD0010099,paypal,paid
ORD0010100,klarna,paid
ORD0010101,credit_card,paid
ORD0010102,paypal,paid
ORD0010103,bank_transfer,paid
ORD0010104,credit_card,paid
ORD0010105,bank_transfer,paid
ORD0010106,apple_pay,refunded
ORD0010107,klarna,paid
ORD0010108,klarna,paid
ORD0010109,credit_card,paid
ORD0010110,apple_pay,paid
ORD0010111,paypal,paid
ORD0010112,klarna,paid
ORD0010113,credit_card,paid
ORD0010114,apple_pay,paid
ORD0010115,klarna,paid
ORD0010116,credit_card,paid
ORD0010117,credit_card,paid
ORD0010118,credit_card,paid
ORD0010119,credit_card,paid
ORD0010120,credit_card,paid
ORD0010121,paypal,paid
ORD0010122,credit_card,paid
ORD0010123,klarna,paid
ORD0010124,apple_pay,paid
ORD0010125,paypal,paid
ORD0010126,paypal,paid
ORD0010127,paypal,paid
ORD0010128,credit_card,paid
ORD0010129,paypal,paid
ORD0010130,credit_card,paid
ORD0010131,credit_card,paid
ORD0010132,bank_transfer,paid
ORD0010133,klarna,paid
ORD0010134,apple_pay,paid
ORD0010135,paypal,paid
ORD0010136,credit_card,paid
ORD0010137,paypal,paid
ORD0010138,paypal,paid
ORD0010139,credit_card,paid
ORD0010140,paypal,paid
ORD0010141,bank_transfer,paid
ORD0010142,credit_card,paid
ORD0010143,paypal,paid
ORD0010144,klarna,paid
ORD0010145,credit_card,paid
ORD0010146,klarna,paid
ORD0010147,klarna,paid
ORD0010148,credit_card,paid
ORD0010149,credit_card,paid
ORD0010150,paypal,paid
ORD0010151,credit_card,paid
ORD0010152,credit_card,paid
ORD0010153,klarna,paid
ORD0010154,apple_pay,paid
ORD0010155,credit_card,paid
ORD0010156,apple_pay,paid
ORD0010157,credit_card,paid
ORD0010158,apple_pay,paid
ORD0010159,credit_card,refunded
ORD0010160,apple_pay,paid
ORD0010161,klarna,paid
ORD0010162,credit_card,paid
ORD0010163,credit_card,paid
ORD0010164,klarna,paid
ORD0010165,credit_card,paid
ORD0010166,bank_transfer,paid
ORD0010167,apple_pay,paid
ORD0010168,paypal,paid
ORD0010169,apple_pay,paid
ORD0010170,credit_card,paid
ORD0010171,paypal,paid
ORD0010172,credit_card,paid
ORD0010173,bank_transfer,paid
ORD0010174,credit_card,paid
ORD0010175,credit_card,paid
ORD0010176,klarna,paid
ORD0010177,paypal,paid
ORD0010178,credit_card,refunded
ORD0010179,paypal,paid
ORD0010180,credit_card,paid
ORD0010181,klarna,paid
ORD0010182,credit_card,paid
ORD0010183,credit_card,paid
ORD0010184,apple_pay,paid
ORD0010185,klarna,paid
ORD0010186,credit_card,paid
ORD0010187,paypal,paid
ORD0010188,paypal,paid
ORD0010189,credit_card,paid
ORD0010190,credit_card,paid
ORD0010191,credit_card,paid
ORD0010192,klarna,paid
ORD0010193,paypal,refunded
ORD0010194,paypal,paid
ORD0010195,paypal,paid
ORD0010196,klarna,paid
ORD0010197,klarna,paid
ORD0010198,klarna,paid
ORD0010199,credit_card,paid
ORD0010200,apple_pay,paid
ORD0010201,bank_transfer,paid
ORD0010202,klarna,paid
ORD0010203,credit_card,paid
ORD0010204,credit_card,paid
ORD0010205,klarna,paid
ORD0010206,bank_transfer,paid
ORD0010207,credit_card,refunded
ORD0010208,credit_card,paid
ORD0010209,klarna,paid
ORD0010210,credit_card,paid
ORD0010211,apple_pay,paid
ORD0010212,klarna,paid
ORD0010213,credit_card,paid
ORD0010214,credit_card,paid
ORD0010215,credit_card,paid
ORD0010216,credit_card,paid
ORD0010217,credit_card,paid
ORD0010218,credit_card,paid
ORD0010219,apple_pay,paid
ORD0010220,paypal,paid
ORD0010221,credit_card,paid
ORD0010222,credit_card,paid
ORD0010223,klarna,paid
ORD0010224,apple_pay,paid
ORD0010225,credit_card,paid
ORD0010226,paypal,paid
ORD0010227,credit_card,paid
ORD0010228,credit_card,refunded
ORD0010229,klarna,paid
ORD0010230,credit_card,paid
ORD0010231,klarna,paid
ORD0010232,credit_card,paid
ORD0010233,credit_card,paid
ORD0010234,paypal,paid
ORD0010235,klarna,paid
ORD0010236,apple_pay,paid
ORD0010237,paypal,paid
ORD0010238,apple_pay,paid
ORD0010239,paypal,paid
ORD0010240,paypal,paid
ORD0010241,credit_card,paid
ORD0010242,paypal,paid
ORD0010243,paypal,paid
ORD0010244,klarna,paid
ORD0010245,klarna,paid
ORD0010246,paypal,paid
ORD0010247,credit_card,paid
ORD0010248,klarna,paid
ORD0010249,paypal,paid
ORD0010250,klarna,paid
ORD0010251,paypal,paid
ORD0010252,paypal,paid
ORD0010253,credit_card,paid
ORD0010254,credit_card,paid
ORD0010255,apple_pay,paid
ORD0010256,paypal,paid
ORD0010257,paypal,paid
ORD0010258,credit_card,paid
ORD0010259,paypal,paid
ORD0010260,credit_card,paid
ORD0010261,credit_card,paid
ORD0010262,credit_card,paid
ORD0010263,credit_card,paid
ORD0010264,paypal,paid
ORD0010265,credit_card,paid
ORD0010266,paypal,paid
ORD0010267,credit_card,paid
ORD0010268,apple_pay,paid
ORD0010269,paypal,paid
ORD0010270,credit_card,paid
ORD0010271,klarna,paid
ORD0010272,paypal,paid
ORD0010273,paypal,paid
ORD0010274,paypal,paid
ORD0010275,paypal,paid
ORD0010276,apple_pay,refunded
ORD0010277,paypal,paid
ORD0010278,klarna,paid
ORD0010279,credit_card,paid
ORD0010280,klarna,paid
ORD0010281,credit_card,paid
ORD0010282,paypal,paid
ORD0010283,credit_card,paid
ORD0010284,credit_card,paid
ORD0010285,credit_card,paid
ORD0010286,credit_card,paid
ORD0010287,credit_card,paid
ORD0010288,credit_card,paid
ORD0010289,credit_card,paid
ORD0010290,credit_card,paid
ORD0010291,credit_card,paid
ORD0010292,apple_pay,paid
ORD0010293,paypal,paid
ORD0010294,credit_card,paid
ORD0010295,credit_card,paid
ORD0010296,credit_card,paid
ORD0010297,klarna,paid
ORD0010298,klarna,paid
ORD0010299,credit_card,paid
ORD0010300,paypal,paid
ORD0010301,bank_transfer,paid
ORD0010302,bank_transfer,paid
ORD0010303,klarna,paid
ORD0010304,credit_card,paid
ORD0010305,credit_card,paid
ORD0010306,klarna,paid
ORD0010307,klarna,paid
ORD0010308,credit_card,paid
ORD0010309,credit_card,paid
ORD0010310,credit_card,paid
ORD0010311,credit_card,paid
ORD0010312,credit_card,paid
ORD0010313,apple_pay,paid
ORD0010314,credit_card,paid
ORD0010315,klarna,paid
ORD0010316,credit_card,paid
ORD0010317,credit_card,paid
ORD0010318,credit_card,paid
ORD0010319,paypal,paid
ORD0010320,credit_card,paid
ORD0010321,credit_card,paid
ORD0010322,paypal,paid
ORD0010323,paypal,paid
ORD0010324,klarna,paid
ORD0010325,paypal,paid
ORD0010326,paypal,paid
ORD0010327,apple_pay,refunded
ORD0010328,credit_card,paid
ORD0010329,credit_card,paid
ORD0010330,apple_pay,paid
ORD0010331,apple_pay,paid
ORD0010332,credit_card,paid
ORD0010333,klarna,paid
ORD0010334,credit_card,paid
ORD0010335,credit_card,paid
ORD0010336,klarna,paid
ORD0010337,paypal,paid
ORD0010338,credit_card,refunded
ORD0010339,paypal,paid
ORD0010340,paypal,paid
ORD0010341,apple_pay,paid
ORD0010342,bank_transfer,paid
ORD0010343,credit_card,paid
ORD0010344,paypal,paid
ORD0010345,credit_card,paid
ORD0010346,bank_transfer,paid
ORD0010347,credit_card,paid
ORD0010348,credit_card,paid
ORD0010349,credit_card,paid
ORD0010350,klarna,paid
ORD0010351,apple_pay,paid
ORD0010352,apple_pay,paid
ORD0010353,paypal,paid
ORD0010354,paypal,paid
ORD0010355,credit_card,paid
ORD0010356,credit_card,paid
ORD0010357,credit_card,paid
ORD0010358,bank_transfer,paid
ORD0010359,paypal,paid
ORD0010360,credit_card,paid
ORD0010361,paypal,paid
ORD0010362,credit_card,paid
ORD0010363,klarna,paid
ORD0010364,credit_card,paid
ORD0010365,apple_pay,paid
ORD0010366,klarna,paid
ORD0010367,paypal,paid
ORD0010368,credit_card,paid
ORD0010369,klarna,paid
ORD0010370,paypal,paid
ORD0010371,credit_card,paid
ORD0010372,credit_card,paid
ORD0010373,klarna,paid
ORD0010374,credit_card,paid
ORD0010375,klarna,paid
ORD0010376,credit_card,paid
ORD0010377,credit_card,paid
ORD0010378,credit_card,paid
ORD0010379,klarna,paid
ORD0010380,paypal,paid
ORD0010381,paypal,paid
ORD0010382,bank_transfer,paid
ORD0010383,klarna,refunded
ORD0010384,paypal,paid
ORD0010385,credit_card,paid
ORD0010386,paypal,paid
ORD0010387,paypal,paid
ORD0010388,bank_transfer,paid
ORD0010389,credit_card,paid
ORD0010390,credit_card,paid
ORD0010391,credit_card,paid
ORD0010392,paypal,paid
ORD0010393,klarna,paid
ORD0010394,paypal,paid
ORD0010395,credit_card,paid
ORD0010396,paypal,paid
ORD0010397,credit_card,paid
ORD0010398,credit_card,paid
ORD0010399,credit_card,paid
ORD0010400,bank_transfer,paid
ORD0010401,credit_card,paid
ORD0010402,credit_card,paid
ORD0010403,apple_pay,paid
ORD0010404,paypal,refunded
ORD0010405,paypal,paid
ORD0010406,paypal,paid
ORD0010407,paypal,paid
ORD0010408,apple_pay,paid
ORD0010409,apple_pay,paid
ORD0010410,apple_pay,paid
ORD0010411,klarna,paid
ORD0010412,credit_card,paid
ORD0010413,paypal,paid
ORD0010414,credit_card,paid
ORD0010415,credit_card,paid
ORD0010416,klarna,paid
ORD0010417,credit_card,paid
ORD0010418,paypal,paid
ORD0010419,credit_card,paid
ORD0010420,apple_pay,paid
ORD0010421,credit_card,paid
ORD0010422,credit_card,paid
ORD0010423,paypal,paid
ORD0010424,bank_transfer,paid
ORD0010425,credit_card,paid
ORD0010426,paypal,paid
ORD0010427,apple_pay,paid
ORD0010428,apple_pay,paid
ORD0010429,credit_card,paid
ORD0010430,credit_card,paid
ORD0010431,apple_pay,paid
ORD0010432,paypal,paid
ORD0010433,paypal,paid
ORD0010434,credit_card,paid
ORD0010435,credit_card,paid
ORD0010436,credit_card,paid
ORD0010437,paypal,paid
ORD0010438,credit_card,paid
ORD0010439,klarna,paid
ORD0010440,credit_card,paid
ORD0010441,apple_pay,paid
ORD0010442,credit_card,paid
ORD0010443,apple_pay,paid
ORD0010444,credit_card,paid
ORD0010445,paypal,paid
ORD0010446,credit_card,paid
ORD0010447,credit_card,paid
ORD0010448,credit_card,paid
ORD0010449,paypal,paid
ORD0010450,paypal,paid
ORD0010451,bank_transfer,paid
ORD0010452,credit_card,paid
ORD0010453,credit_card,paid
ORD0010454,klarna,paid
ORD0010455,paypal,paid
ORD0010456,paypal,paid
ORD0010457,credit_card,paid
ORD0010458,paypal,paid
ORD0010459,klarna,paid
ORD0010460,credit_card,paid
ORD0010461,paypal,paid
ORD0010462,credit_card,paid
ORD0010463,paypal,paid
ORD0010464,credit_card,paid
ORD0010465,credit_card,paid
ORD0010466,paypal,paid
ORD0010467,credit_card,paid
ORD0010468,apple_pay,paid
ORD0010469,paypal,paid
ORD0010470,bank_transfer,paid
ORD0010471,paypal,paid
ORD0010472,credit_card,paid
ORD0010473,klarna,paid
ORD0010474,klarna,paid
ORD0010475,credit_card,paid
ORD0010476,credit_card,paid
ORD0010477,credit_card,paid
ORD0010478,credit_card,paid
ORD0010479,credit_card,paid
ORD0010480,klarna,paid
ORD0010481,klarna,paid
ORD0010482,credit_card,paid
ORD0010483,credit_card,paid
ORD0010484,paypal,paid
ORD0010485,apple_pay,refunded
ORD0010486,credit_card,paid
ORD0010487,credit_card,paid
ORD0010488,credit_card,paid
ORD0010489,credit_card,paid
ORD0010490,credit_card,paid
ORD0010491,apple_pay,paid
ORD0010492,paypal,paid
ORD0010493,credit_card,paid
ORD0010494,apple_pay,paid
ORD0010495,credit_card,paid
ORD0010496,credit_card,paid
ORD0010497,klarna,paid
ORD0010498,credit_card,paid
ORD0010499,paypal,paid
ORD0010500,credit_card,paid
ORD0010501,credit_card,paid
ORD0010502,paypal,paid
ORD0010503,bank_transfer,paid
ORD0010504,credit_card,paid
ORD0010505,apple_pay,paid
ORD0010506,paypal,paid
ORD0010507,paypal,paid
ORD0010508,paypal,paid
ORD0010509,credit_card,paid
ORD0010510,credit_card,paid
ORD0010511,paypal,paid
ORD0010512,credit_card,paid
ORD0010513,klarna,paid
ORD0010514,klarna,paid
ORD0010515,klarna,paid
ORD0010516,credit_card,paid
ORD0010517,apple_pay,paid
ORD0010518,klarna,paid
ORD0010519,credit_card,refunded
ORD0010520,klarna,paid
ORD0010521,klarna,paid
ORD0010522,credit_card,paid
ORD0010523,credit_card,paid
ORD0010524,credit_card,paid
ORD0010525,credit_card,refunded
ORD0010526,apple_pay,paid
ORD0010527,credit_card,paid
ORD0010528,credit_card,paid
ORD0010529,bank_transfer,paid
ORD0010530,paypal,paid
ORD0010531,credit_card,paid
ORD0010532,apple_pay,paid
ORD0010533,klarna,paid
ORD0010534,credit_card,paid
ORD0010535,credit_card,paid
ORD0010536,credit_card,paid
ORD0010537,credit_card,refunded
ORD0010538,credit_card,paid
ORD0010539,credit_card,paid
ORD0010540,credit_card,paid
ORD0010541,paypal,paid
ORD0010542,credit_card,paid
ORD0010543,paypal,paid
ORD0010544,apple_pay,refunded
ORD0010545,credit_card,paid
ORD0010546,credit_card,paid
ORD0010547,paypal,refunded
ORD0010548,paypal,paid
ORD0010549,paypal,refunded
ORD0010550,apple_pay,refunded
ORD0010551,credit_card,paid
ORD0010552,apple_pay,paid
ORD0010553,klarna,paid
ORD0010554,paypal,paid
ORD0010555,klarna,paid
ORD0010556,credit_card,paid
ORD0010557,paypal,paid
ORD0010558,paypal,paid
ORD0010559,credit_card,paid
ORD0010560,credit_card,paid
ORD0010561,klarna,paid
ORD0010562,credit_card,paid
ORD0010563,apple_pay,paid
ORD0010564,klarna,paid
ORD0010565,klarna,paid
ORD0010566,paypal,paid
ORD0010567,apple_pay,paid
ORD0010568,klarna,paid
ORD0010569,paypal,paid
ORD0010570,credit_card,paid
ORD0010571,paypal,paid
ORD0010572,apple_pay,paid
ORD0010573,bank_transfer,paid
ORD0010574,credit_card,paid
ORD0010575,credit_card,paid
ORD0010576,credit_card,paid
ORD0010577,credit_card,paid
ORD0010578,paypal,paid
ORD0010579,klarna,paid
ORD0010580,apple_pay,paid
ORD0010581,klarna,paid
ORD0010582,credit_card,paid
ORD0010583,paypal,paid
ORD0010584,credit_card,refunded
ORD0010585,credit_card,paid
ORD0010586,credit_card,paid
ORD0010587,paypal,paid
ORD0010588,credit_card,paid
ORD0010589,apple_pay,paid
ORD0010590,paypal,paid
ORD0010591,paypal,paid
ORD0010592,apple_pay,paid
ORD0010593,paypal,paid
ORD0010594,paypal,paid
ORD0010595,apple_pay,paid
ORD0010596,paypal,paid
ORD0010597,credit_card,refunded
ORD0010598,credit_card,paid
ORD0010599,paypal,paid
ORD0010600,credit_card,paid
ORD0010601,paypal,paid
ORD0010602,apple_pay,paid
ORD0010603,credit_card,paid
ORD0010604,klarna,paid
ORD0010605,credit_card,paid
ORD0010606,apple_pay,paid
ORD0010607,klarna,paid
ORD0010608,credit_card,refunded
ORD0010609,credit_card,paid
ORD0010610,credit_card,paid
ORD0010611,credit_card,paid
ORD0010612,paypal,paid
ORD0010613,credit_card,paid
ORD0010614,paypal,refunded
ORD0010615,credit_card,paid
ORD0010616,klarna,paid
ORD0010617,paypal,paid
ORD0010618,credit_card,paid
ORD0010619,paypal,paid
ORD0010620,klarna,paid
ORD0010621,klarna,paid
ORD0010622,apple_pay,paid
ORD0010623,credit_card,paid
ORD0010624,credit_card,paid
ORD0010625,klarna,paid
ORD0010626,credit_card,paid
ORD0010627,apple_pay,paid
ORD0010628,credit_card,paid
ORD0010629,credit_card,paid
ORD0010630,credit_card,paid
ORD0010631,credit_card,paid
ORD0010632,credit_card,paid
ORD0010633,paypal,paid
ORD0010634,apple_pay,refunded
ORD0010635,paypal,paid
ORD0010636,credit_card,paid
ORD0010637,credit_card,paid
ORD0010638,paypal,paid
ORD0010639,credit_card,paid
ORD0010640,klarna,paid
ORD0010641,credit_card,paid
ORD0010642,credit_card,paid
ORD0010643,credit_card,paid
ORD0010644,klarna,paid
ORD0010645,paypal,paid
ORD0010646,paypal,paid
ORD0010647,bank_transfer,paid
ORD0010648,apple_pay,paid
ORD0010649,credit_card,paid
ORD0010650,credit_card,paid
ORD0010651,credit_card,paid
ORD0010652,paypal,paid
ORD0010653,klarna,paid
ORD0010654,paypal,paid
ORD0010655,paypal,paid
ORD0010656,paypal,paid
ORD0010657,paypal,refunded
ORD0010658,credit_card,paid
ORD0010659,credit_card,paid
ORD0010660,klarna,paid
ORD0010661,klarna,paid
ORD0010662,credit_card,refunded
ORD0010663,credit_card,paid
ORD0010664,credit_card,paid
ORD0010665,credit_card,paid
ORD0010666,credit_card,paid
ORD0010667,paypal,paid
ORD0010668,credit_card,paid
ORD0010669,apple_pay,refunded
ORD0010670,paypal,paid
ORD0010671,credit_card,paid
ORD0010672,credit_card,paid
ORD0010673,apple_pay,paid
ORD0010674,paypal,paid
ORD0010675,apple_pay,paid
ORD0010676,apple_pay,paid
ORD0010677,credit_card,paid
ORD0010678,credit_card,paid
ORD0010679,credit_card,paid
ORD0010680,credit_card,paid
ORD0010681,bank_transfer,paid
ORD0010682,credit_card,paid
ORD0010683,paypal,paid
ORD0010684,credit_card,refunded
ORD0010685,credit_card,paid
ORD0010686,credit_card,paid
ORD0010687,paypal,paid
ORD0010688,credit_card,paid
ORD0010689,paypal,paid
ORD0010690,paypal,refunded
ORD0010691,paypal,refunded
ORD0010692,credit_card,paid
ORD0010693,apple_pay,paid
ORD0010694,credit_card,paid
ORD0010695,credit_card,paid
ORD0010696,apple_pay,paid
ORD0010697,credit_card,paid
ORD0010698,klarna,paid
ORD0010699,apple_pay,paid
ORD0010700,credit_card,paid
ORD0010701,paypal,paid
ORD0010702,credit_card,paid
ORD0010703,bank_transfer,paid
ORD0010704,paypal,paid
ORD0010705,klarna,paid
ORD0010706,credit_card,paid
ORD0010707,credit_card,paid
ORD0010708,apple_pay,paid
ORD0010709,paypal,refunded
ORD0010710,paypal,paid
ORD0010711,credit_card,paid
ORD0010712,paypal,paid
ORD0010713,credit_card,paid
ORD0010714,apple_pay,paid
ORD0010715,paypal,paid
ORD0010716,credit_card,paid
ORD0010717,paypal,paid
ORD0010718,paypal,refunded
ORD0010719,apple_pay,refunded
ORD0010720,apple_pay,paid
ORD0010721,paypal,paid
ORD0010722,credit_card,paid
ORD0010723,credit_card,paid
ORD0010724,paypal,paid
ORD0010725,credit_card,refunded
ORD0010726,credit_card,paid
ORD0010727,klarna,paid
ORD0010728,paypal,paid
ORD0010729,credit_card,paid
ORD0010730,credit_card,paid
ORD0010731,apple_pay,paid
ORD0010732,klarna,paid
ORD0010733,credit_card,refunded
ORD0010734,klarna,paid
ORD0010735,klarna,paid
ORD0010736,apple_pay,paid
ORD0010737,credit_card,paid
ORD0010738,klarna,paid
ORD0010739,credit_card,paid
ORD0010740,bank_transfer,paid
ORD0010741,klarna,paid
ORD0010742,apple_pay,paid
ORD0010743,paypal,paid
ORD0010744,credit_card,paid
ORD0010745,credit_card,paid
ORD0010746,bank_transfer,paid
ORD0010747,paypal,paid
ORD0010748,apple_pay,paid
ORD0010749,paypal,paid
ORD0010750,credit_card,paid
ORD0010751,credit_card,paid
ORD0010752,klarna,paid
ORD0010753,klarna,paid
ORD0010754,credit_card,paid
ORD0010755,apple_pay,paid
ORD0010756,paypal,paid
ORD0010757,credit_card,paid
ORD0010758,credit_card,paid
ORD0010759,klarna,paid
ORD0010760,klarna,paid
ORD0010761,klarna,paid
ORD0010762,apple_pay,paid
ORD0010763,credit_card,paid
ORD0010764,credit_card,refunded
ORD0010765,credit_card,paid
ORD0010766,credit_card,paid
ORD0010767,apple_pay,paid
ORD0010768,klarna,paid
ORD0010769,credit_card,paid
ORD0010770,credit_card,paid
ORD0010771,klarna,paid
ORD0010772,credit_card,paid
ORD0010773,paypal,paid
ORD0010774,klarna,paid
ORD0010775,paypal,refunded
ORD0010776,klarna,paid
ORD0010777,credit_card,paid
ORD0010778,paypal,paid
ORD0010779,credit_card,paid
ORD0010780,credit_card,paid
ORD0010781,apple_pay,paid
ORD0010782,paypal,paid
ORD0010783,credit_card,paid
ORD0010784,credit_card,paid
ORD0010785,credit_card,paid
ORD0010786,credit_card,paid
ORD0010787,credit_card,paid
ORD0010788,credit_card,paid
ORD0010789,credit_card,paid
ORD0010790,paypal,paid
ORD0010791,credit_card,paid
ORD0010792,paypal,paid
ORD0010793,paypal,refunded
ORD0010794,credit_card,paid
ORD0010795,klarna,paid
ORD0010796,paypal,paid
ORD0010797,bank_transfer,paid
ORD0010798,klarna,paid
ORD0010799,paypal,paid
ORD0010800,paypal,paid
ORD0010801,paypal,paid
ORD0010802,bank_transfer,paid
ORD0010803,credit_card,paid
ORD0010804,paypal,paid
ORD0010805,credit_card,paid
ORD0010806,paypal,paid
ORD0010807,credit_card,paid
ORD0010808,apple_pay,paid
ORD0010809,paypal,paid
ORD0010810,bank_transfer,paid
ORD0010811,credit_card,paid
ORD0010812,klarna,paid
ORD0010813,credit_card,paid
ORD0010814,klarna,paid
ORD0010815,credit_card,paid
ORD0010816,bank_transfer,paid
ORD0010817,paypal,paid
ORD0010818,credit_card,paid
ORD0010819,paypal,paid
ORD0010820,bank_transfer,paid
ORD0010821,paypal,paid
ORD0010822,paypal,paid
ORD0010823,credit_card,paid
ORD0010824,paypal,paid
ORD0010825,paypal,paid
ORD0010826,klarna,paid
ORD0010827,credit_card,refunded
ORD0010828,apple_pay,paid
ORD0010829,klarna,paid
ORD0010830,paypal,paid
ORD0010831,credit_card,paid
ORD0010832,credit_card,paid
ORD0010833,credit_card,paid
ORD0010834,paypal,paid
ORD0010835,klarna,paid
ORD0010836,credit_card,paid
ORD0010837,credit_card,paid
ORD0010838,paypal,refunded
ORD0010839,credit_card,paid
ORD0010840,credit_card,paid
ORD0010841,apple_pay,paid
ORD0010842,klarna,paid
ORD0010843,credit_card,paid
ORD0010844,paypal,paid
ORD0010845,paypal,paid
ORD0010846,credit_card,paid
ORD0010847,credit_card,paid
ORD0010848,paypal,paid
ORD0010849,apple_pay,paid
ORD0010850,credit_card,paid
ORD0010851,credit_card,paid
ORD0010852,credit_card,paid
ORD0010853,klarna,paid
ORD0010854,apple_pay,paid
ORD0010855,credit_card,paid
ORD0010856,paypal,refunded
ORD0010857,apple_pay,paid
ORD0010858,klarna,refunded
ORD0010859,credit_card,paid
ORD0010860,paypal,paid
ORD0010861,paypal,paid
ORD0010862,paypal,paid
ORD0010863,credit_card,paid
ORD0010864,paypal,paid
ORD0010865,paypal,paid
ORD0010866,apple_pay,paid
ORD0010867,credit_card,paid
ORD0010868,paypal,paid
ORD0010869,bank_transfer,paid
ORD0010870,klarna,paid
ORD0010871,credit_card,paid
ORD0010872,credit_card,paid
ORD0010873,credit_card,paid
ORD0010874,credit_card,paid
ORD0010875,klarna,paid
ORD0010876,paypal,paid
ORD0010877,bank_transfer,paid
ORD0010878,credit_card,paid
ORD0010879,klarna,paid
ORD0010880,klarna,refunded
ORD0010881,credit_card,paid
ORD0010882,credit_card,paid
ORD0010883,credit_card,paid
ORD0010884,credit_card,paid
ORD0010885,paypal,paid
ORD0010886,credit_card,paid
ORD0010887,apple_pay,paid
ORD0010888,paypal,paid
ORD0010889,paypal,paid
ORD0010890,paypal,paid
ORD0010891,credit_card,paid
ORD0010892,credit_card,paid
ORD0010893,credit_card,paid
ORD0010894,apple_pay,paid
ORD0010895,credit_card,paid
ORD0010896,credit_card,paid
ORD0010897,paypal,paid
ORD0010898,credit_card,refunded
ORD0010899,paypal,paid
ORD0010900,credit_card,paid
ORD0010901,apple_pay,paid
ORD0010902,credit_card,paid
ORD0010903,credit_card,paid
ORD0010904,paypal,paid
ORD0010905,klarna,paid
ORD0010906,credit_card,paid
ORD0010907,credit_card,paid
ORD0010908,credit_card,paid
ORD0010909,paypal,paid
ORD0010910,paypal,paid
ORD0010911,paypal,paid
ORD0010912,credit_card,paid
ORD0010913,paypal,paid
ORD0010914,credit_card,paid
ORD0010915,credit_card,refunded
ORD0010916,apple_pay,paid
ORD0010917,credit_card,paid
ORD0010918,paypal,paid
ORD0010919,klarna,paid
ORD0010920,credit_card,paid
ORD0010921,paypal,paid
ORD0010922,paypal,paid
ORD0010923,apple_pay,paid
ORD0010924,apple_pay,paid
ORD0010925,apple_pay,paid
ORD0010926,credit_card,paid
ORD0010927,credit_card,paid
ORD0010928,klarna,paid
ORD0010929,bank_transfer,paid
ORD0010930,apple_pay,paid
ORD0010931,paypal,paid
ORD0010932,credit_card,paid
ORD0010933,paypal,paid
ORD0010934,paypal,paid
ORD0010935,bank_transfer,paid
ORD0010936,klarna,paid
ORD0010937,credit_card,paid
ORD0010938,credit_card,paid
ORD0010939,klarna,paid
ORD0010940,apple_pay,paid
ORD0010941,credit_card,paid
ORD0010942,apple_pay,paid
ORD0010943,klarna,paid
ORD0010944,apple_pay,paid
ORD0010945,paypal,paid
ORD0010946,credit_card,paid
ORD0010947,paypal,paid
ORD0010948,credit_card,paid
ORD0010949,credit_card,paid
ORD0010950,paypal,paid
ORD0010951,credit_card,paid
ORD0010952,apple_pay,refunded
ORD0010953,paypal,paid
ORD0010954,bank_transfer,paid
ORD0010955,klarna,paid
ORD0010956,klarna,paid
ORD0010957,credit_card,paid
ORD0010958,klarna,paid
ORD0010959,klarna,paid
ORD0010960,paypal,paid
ORD0010961,klarna,paid
ORD0010962,credit_card,paid
ORD0010963,klarna,paid
ORD0010964,paypal,paid
ORD0010965,bank_transfer,paid
ORD0010966,credit_card,paid
ORD0010967,credit_card,paid
ORD0010968,klarna,paid
ORD0010969,apple_pay,paid
ORD0010970,paypal,paid
ORD0010971,paypal,paid
ORD0010972,credit_card,paid
ORD0010973,paypal,paid
ORD0010974,paypal,paid
ORD0010975,paypal,paid
ORD0010976,credit_card,paid
ORD0010977,credit_card,paid
ORD0010978,apple_pay,paid
ORD0010979,klarna,paid
ORD0010980,credit_card,paid
ORD0010981,credit_card,paid
ORD0010982,credit_card,paid
ORD0010983,credit_card,refunded
ORD0010984,paypal,paid
ORD0010985,credit_card,refunded
ORD0010986,paypal,paid
ORD0010987,credit_card,paid
ORD0010988,klarna,paid
ORD0010989,paypal,paid
ORD0010990,klarna,paid
ORD0010991,paypal,paid
ORD0010992,credit_card,paid
ORD0010993,credit_card,paid
ORD0010994,paypal,paid
ORD0010995,paypal,paid
ORD0010996,credit_card,paid
ORD0010997,credit_card,paid
ORD0010998,credit_card,paid
ORD0010999,paypal,paid
ORD0011000,credit_card,paid
ORD0011001,paypal,paid
ORD0011002,credit_card,paid
ORD0011003,bank_transfer,paid
ORD0011004,credit_card,paid
ORD0011005,credit_card,paid
ORD0011006,credit_card,paid
ORD0011007,credit_card,paid
ORD0011008,klarna,paid
ORD0011009,credit_card,paid
ORD0011010,paypal,paid
ORD0011011,credit_card,paid
ORD0011012,paypal,paid
ORD0011013,credit_card,paid
ORD0011014,credit_card,paid
ORD0011015,paypal,paid
ORD0011016,credit_card,paid
ORD0011017,credit_card,paid
ORD0011018,paypal,paid
ORD0011019,klarna,paid
ORD0011020,paypal,refunded
ORD0011021,credit_card,paid
ORD0011022,apple_pay,paid
ORD0011023,credit_card,paid
ORD0011024,credit_card,paid
ORD0011025,bank_transfer,paid
ORD0011026,paypal,paid
ORD0011027,bank_transfer,paid
ORD0011028,klarna,paid
ORD0011029,paypal,paid
ORD0011030,klarna,paid
ORD0011031,credit_card,paid
ORD0011032,paypal,paid
ORD0011033,klarna,refunded
ORD0011034,credit_card,paid
ORD0011035,paypal,paid
ORD0011036,paypal,paid
ORD0011037,paypal,paid
ORD0011038,klarna,paid
ORD0011039,klarna,paid
ORD0011040,bank_transfer,refunded
ORD0011041,klarna,refunded
ORD0011042,paypal,paid
ORD0011043,paypal,paid
ORD0011044,apple_pay,paid
ORD0011045,credit_card,paid
ORD0011046,credit_card,paid
ORD0011047,credit_card,paid
ORD0011048,credit_card,paid
ORD0011049,credit_card,paid
ORD0011050,credit_card,paid
ORD0011051,credit_card,paid
ORD0011052,klarna,paid
ORD0011053,credit_card,paid
ORD0011054,paypal,paid
ORD0011055,credit_card,refunded
ORD0011056,credit_card,paid
ORD0011057,credit_card,paid
ORD0011058,klarna,paid
ORD0011059,credit_card,paid
ORD0011060,credit_card,paid
ORD0011061,klarna,paid
ORD0011062,credit_card,paid
ORD0011063,credit_card,paid
ORD0011064,credit_card,paid
ORD0011065,credit_card,paid
ORD0011066,apple_pay,paid
ORD0011067,paypal,paid
ORD0011068,credit_card,paid
ORD0011069,paypal,paid
ORD0011070,paypal,paid
ORD0011071,credit_card,paid
ORD0011072,paypal,paid
ORD0011073,credit_card,paid
ORD0011074,apple_pay,paid
ORD0011075,credit_card,paid
ORD0011076,paypal,paid
ORD0011077,paypal,paid
ORD0011078,apple_pay,paid
ORD0011079,credit_card,paid
ORD0011080,credit_card,paid
ORD0011081,credit_card,paid
ORD0011082,credit_card,paid
ORD0011083,credit_card,paid
ORD0011084,apple_pay,paid
ORD0011085,klarna,paid
ORD0011086,klarna,refunded
ORD0011087,credit_card,paid
ORD0011088,credit_card,paid
ORD0011089,credit_card,paid
ORD0011090,klarna,refunded
ORD0011091,klarna,paid
ORD0011092,credit_card,paid
ORD0011093,klarna,paid
ORD0011094,paypal,paid
ORD0011095,credit_card,paid
ORD0011096,credit_card,paid
ORD0011097,credit_card,paid
ORD0011098,credit_card,paid
ORD0011099,credit_card,paid
ORD0011100,credit_card,refunded
ORD0011101,paypal,paid
ORD0011102,paypal,paid
ORD0011103,paypal,paid
ORD0011104,credit_card,paid
ORD0011105,paypal,paid
ORD0011106,paypal,paid
ORD0011107,paypal,paid
ORD0011108,credit_card,paid
ORD0011109,bank_transfer,paid
ORD0011110,klarna,paid
ORD0011111,credit_card,paid
ORD0011112,credit_card,paid
ORD0011113,paypal,paid
ORD0011114,credit_card,paid
ORD0011115,credit_card,paid
ORD0011116,apple_pay,paid
ORD0011117,paypal,paid
ORD0011118,klarna,paid
ORD0011119,klarna,paid
ORD0011120,paypal,paid
ORD0011121,credit_card,paid
ORD0011122,apple_pay,paid
ORD0011123,paypal,paid
ORD0011124,credit_card,refunded
ORD0011125,bank_transfer,refunded
ORD0011126,paypal,paid
ORD0011127,credit_card,paid
ORD0011128,apple_pay,paid
ORD0011129,credit_card,paid
ORD0011130,credit_card,paid
ORD0011131,bank_transfer,paid
ORD0011132,apple_pay,refunded
ORD0011133,credit_card,paid
ORD0011134,apple_pay,paid
ORD0011135,credit_card,paid
ORD0011136,credit_card,paid
ORD0011137,credit_card,paid
ORD0011138,klarna,paid
ORD0011139,credit_card,paid
ORD0011140,apple_pay,paid
ORD0011141,klarna,paid
ORD0011142,apple_pay,paid
ORD0011143,credit_card,paid
ORD0011144,klarna,paid
ORD0011145,credit_card,paid
ORD0011146,klarna,paid
ORD0011147,paypal,paid
ORD0011148,klarna,paid
ORD0011149,paypal,paid
ORD0011150,credit_card,paid
ORD0011151,paypal,refunded
ORD0011152,paypal,paid
ORD0011153,credit_card,paid
ORD0011154,bank_transfer,paid
ORD0011155,credit_card,paid
ORD0011156,credit_card,paid
ORD0011157,credit_card,paid
ORD0011158,credit_card,paid
ORD0011159,paypal,paid
ORD0011160,credit_card,paid
ORD0011161,credit_card,paid
ORD0011162,apple_pay,paid
ORD0011163,credit_card,paid
ORD0011164,credit_card,paid
ORD0011165,credit_card,paid
ORD0011166,credit_card,paid
ORD0011167,klarna,paid
ORD0011168,credit_card,paid
ORD0011169,paypal,paid
ORD0011170,credit_card,paid
ORD0011171,apple_pay,paid
ORD0011172,apple_pay,paid
ORD0011173,credit_card,paid
ORD0011174,paypal,paid
ORD0011175,klarna,paid
ORD0011176,credit_card,paid
ORD0011177,paypal,paid
ORD0011178,credit_card,paid
ORD0011179,paypal,paid
ORD0011180,credit_card,paid
ORD0011181,credit_card,paid
ORD0011182,credit_card,paid
ORD0011183,credit_card,paid
ORD0011184,paypal,refunded
ORD0011185,apple_pay,paid
ORD0011186,credit_card,paid
ORD0011187,credit_card,paid
ORD0011188,apple_pay,paid
ORD0011189,credit_card,refunded
ORD0011190,credit_card,paid
ORD0011191,paypal,paid
ORD0011192,bank_transfer,paid
ORD0011193,bank_transfer,paid
ORD0011194,credit_card,paid
ORD0011195,apple_pay,paid
ORD0011196,klarna,paid
ORD0011197,credit_card,paid
ORD0011198,klarna,paid
ORD0011199,credit_card,paid
ORD0011200,bank_transfer,paid
ORD0011201,paypal,paid
ORD0011202,paypal,paid
ORD0011203,klarna,paid
ORD0011204,credit_card,paid
ORD0011205,klarna,paid
ORD0011206,credit_card,paid
ORD0011207,paypal,paid
ORD0011208,klarna,paid
ORD0011209,paypal,paid
ORD0011210,credit_card,paid
ORD0011211,credit_card,paid
ORD0011212,credit_card,paid
ORD0011213,credit_card,paid
ORD0011214,klarna,paid
ORD0011215,paypal,paid
ORD0011216,credit_card,paid
ORD0011217,paypal,paid
ORD0011218,klarna,paid
ORD0011219,paypal,paid
ORD0011220,paypal,paid
ORD0011221,credit_card,paid
ORD0011222,klarna,paid
ORD0011223,credit_card,paid
ORD0011224,klarna,paid
ORD0011225,credit_card,paid
ORD0011226,klarna,paid
ORD0011227,credit_card,paid
ORD0011228,credit_card,paid
ORD0011229,credit_card,paid
ORD0011230,credit_card,paid
ORD0011231,paypal,paid
ORD0011232,paypal,paid
ORD0011233,credit_card,paid
ORD0011234,credit_card,paid
ORD0011235,credit_card,paid
ORD0011236,credit_card,paid
ORD0011237,paypal,paid
ORD0011238,klarna,paid
ORD0011239,paypal,paid
ORD0011240,credit_card,paid
ORD0011241,credit_card,paid
ORD0011242,klarna,paid
ORD0011243,paypal,paid
ORD0011244,klarna,paid
ORD0011245,credit_card,paid
ORD0011246,credit_card,paid
ORD0011247,paypal,paid
ORD0011248,paypal,paid
ORD0011249,klarna,paid
ORD0011250,klarna,paid
ORD0011251,apple_pay,paid
ORD0011252,bank_transfer,paid
ORD0011253,apple_pay,paid
ORD0011254,apple_pay,paid
ORD0011255,paypal,paid
ORD0011256,klarna,paid
ORD0011257,credit_card,paid
ORD0011258,credit_card,paid
ORD0011259,paypal,paid
ORD0011260,apple_pay,refunded
ORD0011261,credit_card,paid
ORD0011262,credit_card,paid
ORD0011263,apple_pay,refunded
ORD0011264,credit_card,paid
ORD0011265,credit_card,paid
ORD0011266,credit_card,paid
ORD0011267,klarna,paid
ORD0011268,klarna,paid
ORD0011269,credit_card,paid
ORD0011270,credit_card,paid
ORD0011271,klarna,paid
ORD0011272,paypal,paid
ORD0011273,credit_card,paid
ORD0011274,credit_card,refunded
ORD0011275,paypal,paid
ORD0011276,apple_pay,refunded
ORD0011277,paypal,paid
ORD0011278,paypal,paid
ORD0011279,apple_pay,paid
ORD0011280,bank_transfer,paid
ORD0011281,paypal,paid
ORD0011282,klarna,paid
ORD0011283,klarna,paid
ORD0011284,paypal,paid
ORD0011285,klarna,paid
ORD0011286,credit_card,paid
ORD0011287,credit_card,paid
ORD0011288,klarna,paid
ORD0011289,credit_card,paid
ORD0011290,credit_card,paid
ORD0011291,paypal,paid
ORD0011292,credit_card,paid
ORD0011293,bank_transfer,paid
ORD0011294,bank_transfer,paid
ORD0011295,bank_transfer,paid
ORD0011296,klarna,paid
ORD0011297,paypal,paid
ORD0011298,credit_card,paid
ORD0011299,klarna,paid
ORD0011300,klarna,paid
ORD0011301,bank_transfer,paid
ORD0011302,klarna,paid
ORD0011303,credit_card,paid
ORD0011304,apple_pay,paid
ORD0011305,klarna,paid
ORD0011306,credit_card,paid
ORD0011307,paypal,paid
ORD0011308,apple_pay,paid
ORD0011309,credit_card,paid
ORD0011310,credit_card,paid
ORD0011311,paypal,paid
ORD0011312,klarna,paid
ORD0011313,klarna,paid
ORD0011314,apple_pay,paid
ORD0011315,credit_card,paid
ORD0011316,credit_card,paid
ORD0011317,credit_card,paid
ORD0011318,credit_card,paid
ORD0011319,credit_card,paid
ORD0011320,credit_card,refunded
ORD0011321,credit_card,paid
ORD0011322,klarna,refunded
ORD0011323,credit_card,paid
ORD0011324,klarna,paid
ORD0011325,klarna,paid
ORD0011326,paypal,paid
ORD0011327,klarna,paid
ORD0011328,apple_pay,paid
ORD0011329,klarna,paid
ORD0011330,credit_card,paid
ORD0011331,credit_card,paid
ORD0011332,paypal,paid
ORD0011333,paypal,paid
ORD0011334,credit_card,paid
ORD0011335,paypal,paid
ORD0011336,klarna,paid
ORD0011337,paypal,paid
ORD0011338,bank_transfer,paid
ORD0011339,paypal,paid
ORD0011340,credit_card,paid
ORD0011341,credit_card,paid
ORD0011342,paypal,paid
ORD0011343,klarna,paid
ORD0011344,paypal,paid
ORD0011345,paypal,paid
ORD0011346,credit_card,paid
ORD0011347,credit_card,paid
ORD0011348,paypal,paid
ORD0011349,paypal,paid
ORD0011350,klarna,paid
ORD0011351,credit_card,refunded
ORD0011352,credit_card,paid
ORD0011353,credit_card,paid
ORD0011354,apple_pay,paid
ORD0011355,credit_card,paid
ORD0011356,paypal,paid
ORD0011357,klarna,paid
ORD0011358,paypal,paid
ORD0011359,apple_pay,paid
ORD0011360,credit_card,paid
ORD0011361,klarna,paid
ORD0011362,credit_card,paid
ORD0011363,credit_card,paid
ORD0011364,paypal,paid
ORD0011365,credit_card,paid
ORD0011366,credit_card,paid
ORD0011367,apple_pay,paid
ORD0011368,klarna,paid
ORD0011369,credit_card,paid
ORD0011370,credit_card,refunded
ORD0011371,credit_card,paid
ORD0011372,paypal,paid
ORD0011373,credit_card,refunded
ORD0011374,credit_card,paid
ORD0011375,credit_card,refunded
ORD0011376,credit_card,paid
ORD0011377,credit_card,paid
ORD0011378,credit_card,paid
ORD0011379,credit_card,paid
ORD0011380,credit_card,paid
ORD0011381,paypal,refunded
ORD0011382,paypal,paid
ORD0011383,credit_card,paid
ORD0011384,credit_card,paid
ORD0011385,credit_card,paid
ORD0011386,paypal,paid
ORD0011387,paypal,paid
ORD0011388,paypal,paid
ORD0011389,credit_card,paid
ORD0011390,credit_card,paid
ORD0011391,credit_card,paid
ORD0011392,paypal,paid
ORD0011393,paypal,paid
ORD0011394,credit_card,paid
ORD0011395,klarna,paid
ORD0011396,credit_card,paid
ORD0011397,credit_card,paid
ORD0011398,credit_card,paid
ORD0011399,credit_card,paid
ORD0011400,credit_card,paid
ORD0011401,credit_card,paid
ORD0011402,credit_card,paid
ORD0011403,credit_card,paid
ORD0011404,credit_card,paid
ORD0011405,credit_card,paid
ORD0011406,paypal,paid
ORD0011407,credit_card,paid
ORD0011408,paypal,paid
ORD0011409,credit_card,paid
ORD0011410,klarna,paid
ORD0011411,credit_card,refunded
ORD0011412,paypal,paid
ORD0011413,klarna,paid
ORD0011414,paypal,refunded
ORD0011415,credit_card,refunded
ORD0011416,klarna,paid
ORD0011417,paypal,paid
ORD0011418,klarna,paid
ORD0011419,paypal,paid
ORD0011420,klarna,paid
ORD0011421,credit_card,paid
ORD0011422,credit_card,paid
ORD0011423,credit_card,paid
ORD0011424,klarna,paid
ORD0011425,apple_pay,paid
ORD0011426,apple_pay,paid
ORD0011427,paypal,paid
ORD0011428,klarna,paid
ORD0011429,paypal,paid
ORD0011430,credit_card,paid
ORD0011431,credit_card,paid
ORD0011432,paypal,paid
ORD0011433,paypal,paid
ORD0011434,klarna,paid
ORD0011435,credit_card,paid
ORD0011436,credit_card,paid
ORD0011437,paypal,paid
ORD0011438,credit_card,paid
ORD0011439,paypal,paid
ORD0011440,credit_card,paid
ORD0011441,paypal,paid
ORD0011442,paypal,paid
ORD0011443,credit_card,refunded
ORD0011444,apple_pay,paid
ORD0011445,apple_pay,paid
ORD0011446,paypal,paid
ORD0011447,credit_card,paid
ORD0011448,paypal,paid
ORD0011449,credit_card,paid
ORD0011450,paypal,refunded
ORD0011451,credit_card,paid
ORD0011452,klarna,paid
ORD0011453,klarna,paid
ORD0011454,apple_pay,paid
ORD0011455,credit_card,paid
ORD0011456,credit_card,paid
ORD0011457,credit_card,paid
ORD0011458,paypal,paid
ORD0011459,bank_transfer,paid
ORD0011460,paypal,paid
ORD0011461,paypal,paid
ORD0011462,paypal,paid
ORD0011463,klarna,paid
ORD0011464,credit_card,paid
ORD0011465,credit_card,paid
ORD0011466,apple_pay,paid
ORD0011467,bank_transfer,paid
ORD0011468,klarna,paid
ORD0011469,credit_card,paid
ORD0011470,klarna,paid
ORD0011471,credit_card,paid
ORD0011472,credit_card,paid
ORD0011473,credit_card,paid
ORD0011474,klarna,paid
ORD0011475,credit_card,paid
ORD0011476,apple_pay,refunded
ORD0011477,credit_card,paid
ORD0011478,credit_card,paid
ORD0011479,credit_card,paid
ORD0011480,credit_card,paid
ORD0011481,paypal,paid
ORD0011482,paypal,paid
ORD0011483,klarna,paid
ORD0011484,paypal,paid
ORD0011485,apple_pay,paid
ORD0011486,paypal,paid
ORD0011487,credit_card,paid
ORD0011488,credit_card,paid
ORD0011489,bank_transfer,paid
ORD0011490,klarna,paid
ORD0011491,credit_card,paid
ORD0011492,credit_card,paid
ORD0011493,credit_card,paid
ORD0011494,paypal,paid
ORD0011495,bank_transfer,paid
ORD0011496,credit_card,paid
ORD0011497,klarna,refunded
ORD0011498,credit_card,paid
ORD0011499,klarna,paid
ORD0011500,paypal,paid
ORD0011501,klarna,paid
ORD0011502,paypal,paid
ORD0011503,credit_card,paid
ORD0011504,credit_card,paid
ORD0011505,paypal,paid
ORD0011506,credit_card,paid
ORD0011507,credit_card,paid
ORD0011508,credit_card,paid
ORD0011509,paypal,paid
ORD0011510,credit_card,paid
ORD0011511,credit_card,paid
ORD0011512,bank_transfer,paid
ORD0011513,credit_card,paid
ORD0011514,credit_card,paid
ORD0011515,paypal,paid
ORD0011516,credit_card,paid
ORD0011517,paypal,paid
ORD0011518,credit_card,paid
ORD0011519,credit_card,paid
ORD0011520,klarna,paid
ORD0011521,credit_card,paid
ORD0011522,credit_card,paid
ORD0011523,credit_card,paid
ORD0011524,credit_card,paid
ORD0011525,paypal,paid
ORD0011526,credit_card,refunded
ORD0011527,credit_card,paid
ORD0011528,klarna,paid
ORD0011529,credit_card,paid
ORD0011530,credit_card,paid
ORD0011531,klarna,paid
ORD0011532,paypal,paid
ORD0011533,klarna,paid
ORD0011534,credit_card,paid
ORD0011535,paypal,paid
ORD0011536,paypal,paid
ORD0011537,credit_card,paid
ORD0011538,credit_card,paid
ORD0011539,paypal,paid
ORD0011540,paypal,paid
ORD0011541,credit_card,paid
ORD0011542,credit_card,paid
ORD0011543,klarna,paid
ORD0011544,klarna,paid
ORD0011545,credit_card,paid
ORD0011546,credit_card,paid
ORD0011547,credit_card,paid
ORD0011548,bank_transfer,refunded
ORD0011549,paypal,paid
ORD0011550,credit_card,paid
ORD0011551,credit_card,refunded
ORD0011552,credit_card,paid
ORD0011553,credit_card,paid
ORD0011554,klarna,paid
ORD0011555,paypal,paid
ORD0011556,credit_card,paid
ORD0011557,apple_pay,paid
ORD0011558,credit_card,paid
ORD0011559,bank_transfer,paid
ORD0011560,paypal,paid
ORD0011561,apple_pay,paid
ORD0011562,credit_card,paid
ORD0011563,bank_transfer,paid
ORD0011564,credit_card,paid
ORD0011565,credit_card,paid
ORD0011566,credit_card,paid
ORD0011567,klarna,paid
ORD0011568,credit_card,paid
ORD0011569,klarna,paid
ORD0011570,paypal,paid
ORD0011571,paypal,paid
ORD0011572,credit_card,paid
ORD0011573,credit_card,paid
ORD0011574,credit_card,paid
ORD0011575,paypal,paid
ORD0011576,paypal,paid
ORD0011577,credit_card,paid
ORD0011578,credit_card,paid
ORD0011579,credit_card,paid
ORD0011580,credit_card,paid
ORD0011581,apple_pay,paid
ORD0011582,credit_card,paid
ORD0011583,paypal,paid
ORD0011584,paypal,paid
ORD0011585,paypal,paid
ORD0011586,credit_card,paid
ORD0011587,credit_card,paid
ORD0011588,credit_card,paid
ORD0011589,apple_pay,paid
ORD0011590,paypal,paid
ORD0011591,credit_card,refunded
ORD0011592,apple_pay,refunded
ORD0011593,bank_transfer,paid
ORD0011594,klarna,paid
ORD0011595,klarna,paid
ORD0011596,paypal,paid
ORD0011597,klarna,paid
ORD0011598,credit_card,refunded
ORD0011599,paypal,paid
ORD0011600,credit_card,paid
ORD0011601,credit_card,paid
ORD0011602,apple_pay,paid
ORD0011603,paypal,paid
ORD0011604,credit_card,paid
ORD0011605,klarna,paid
ORD0011606,credit_card,paid
ORD0011607,credit_card,refunded
ORD0011608,paypal,paid
ORD0011609,klarna,paid
ORD0011610,credit_card,paid
ORD0011611,klarna,paid
ORD0011612,credit_card,paid
ORD0011613,credit_card,paid
ORD0011614,credit_card,paid
ORD0011615,paypal,paid
ORD0011616,klarna,paid
ORD0011617,bank_transfer,paid
ORD0011618,apple_pay,paid
ORD0011619,paypal,paid
ORD0011620,credit_card,refunded
ORD0011621,credit_card,paid
ORD0011622,paypal,refunded
ORD0011623,credit_card,paid
ORD0011624,klarna,paid
ORD0011625,klarna,paid
ORD0011626,klarna,paid
ORD0011627,paypal,paid
ORD0011628,credit_card,paid
ORD0011629,credit_card,paid
ORD0011630,klarna,paid
ORD0011631,credit_card,paid
ORD0011632,paypal,paid
ORD0011633,apple_pay,paid
ORD0011634,credit_card,paid
ORD0011635,credit_card,paid
ORD0011636,klarna,paid
ORD0011637,apple_pay,paid
ORD0011638,paypal,refunded
ORD0011639,credit_card,paid
ORD0011640,paypal,paid
ORD0011641,klarna,paid
ORD0011642,credit_card,paid
ORD0011643,credit_card,paid
ORD0011644,credit_card,paid
ORD0011645,credit_card,paid
ORD0011646,credit_card,paid
ORD0011647,klarna,paid
ORD0011648,apple_pay,paid
ORD0011649,credit_card,paid
ORD0011650,credit_card,paid
ORD0011651,klarna,paid
ORD0011652,credit_card,paid
ORD0011653,credit_card,paid
ORD0011654,credit_card,paid
ORD0011655,klarna,paid
ORD0011656,paypal,paid
ORD0011657,bank_transfer,paid
ORD0011658,klarna,paid
ORD0011659,bank_transfer,paid
ORD0011660,paypal,paid
ORD0011661,credit_card,paid
ORD0011662,paypal,paid
ORD0011663,paypal,paid
ORD0011664,credit_card,paid
ORD0011665,credit_card,paid
ORD0011666,apple_pay,paid
ORD0011667,credit_card,paid
ORD0011668,credit_card,paid
ORD0011669,apple_pay,paid
ORD0011670,apple_pay,paid
ORD0011671,bank_transfer,paid
ORD0011672,bank_transfer,paid
ORD0011673,credit_card,refunded
ORD0011674,klarna,paid
ORD0011675,credit_card,paid
ORD0011676,credit_card,paid
ORD0011677,credit_card,paid
ORD0011678,bank_transfer,paid
ORD0011679,paypal,paid
ORD0011680,credit_card,paid
ORD0011681,paypal,paid
ORD0011682,paypal,paid
ORD0011683,credit_card,paid
ORD0011684,paypal,paid
ORD0011685,klarna,paid
ORD0011686,credit_card,paid
ORD0011687,paypal,paid
ORD0011688,credit_card,refunded
ORD0011689,paypal,paid
ORD0011690,klarna,paid
ORD0011691,credit_card,paid
ORD0011692,apple_pay,paid
ORD0011693,paypal,paid
ORD0011694,bank_transfer,paid
ORD0011695,paypal,paid
ORD0011696,klarna,paid
ORD0011697,bank_transfer,paid
ORD0011698,paypal,paid
ORD0011699,credit_card,paid
ORD0011700,apple_pay,paid
ORD0011701,credit_card,paid
ORD0011702,paypal,refunded
ORD0011703,credit_card,paid
ORD0011704,paypal,paid
ORD0011705,credit_card,paid
ORD0011706,klarna,paid
ORD0011707,credit_card,paid
ORD0011708,credit_card,paid
ORD0011709,credit_card,paid
ORD0011710,credit_card,paid
ORD0011711,credit_card,paid
ORD0011712,paypal,paid
ORD0011713,bank_transfer,paid
ORD0011714,credit_card,paid
ORD0011715,paypal,paid
ORD0011716,paypal,paid
ORD0011717,paypal,paid
ORD0011718,credit_card,paid
ORD0011719,paypal,paid
ORD0011720,credit_card,paid
ORD0011721,paypal,paid
ORD0011722,paypal,paid
ORD0011723,credit_card,paid
ORD0011724,apple_pay,paid
ORD0011725,credit_card,paid
ORD0011726,credit_card,paid
ORD0011727,klarna,paid
ORD0011728,paypal,paid
ORD0011729,apple_pay,paid
ORD0011730,apple_pay,paid
ORD0011731,klarna,paid
ORD0011732,apple_pay,paid
ORD0011733,paypal,paid
ORD0011734,klarna,paid
ORD0011735,apple_pay,paid
ORD0011736,credit_card,paid
ORD0011737,klarna,paid
ORD0011738,paypal,paid
ORD0011739,credit_card,paid
ORD0011740,credit_card,paid
ORD0011741,credit_card,paid
ORD0011742,credit_card,paid
ORD0011743,apple_pay,paid
ORD0011744,paypal,paid
ORD0011745,klarna,paid
ORD0011746,bank_transfer,paid
ORD0011747,paypal,paid
ORD0011748,apple_pay,paid
ORD0011749,credit_card,paid
ORD0011750,apple_pay,paid
ORD0011751,credit_card,paid
ORD0011752,paypal,paid
ORD0011753,credit_card,paid
ORD0011754,credit_card,paid
ORD0011755,credit_card,paid
ORD0011756,credit_card,paid
ORD0011757,credit_card,paid
ORD0011758,apple_pay,paid
ORD0011759,credit_card,paid
ORD0011760,credit_card,paid
ORD0011761,apple_pay,paid
ORD0011762,apple_pay,paid
ORD0011763,paypal,paid
ORD0011764,credit_card,paid
ORD0011765,paypal,paid
ORD0011766,credit_card,paid
ORD0011767,klarna,paid
ORD0011768,credit_card,paid
ORD0011769,paypal,paid
ORD0011770,paypal,paid
ORD0011771,klarna,paid
ORD0011772,klarna,paid
ORD0011773,credit_card,paid
ORD0011774,credit_card,refunded
ORD0011775,credit_card,paid
ORD0011776,klarna,paid
ORD0011777,credit_card,paid
ORD0011778,credit_card,paid
ORD0011779,paypal,paid
ORD0011780,credit_card,paid
ORD0011781,klarna,paid
ORD0011782,klarna,paid
ORD0011783,credit_card,paid
ORD0011784,paypal,paid
ORD0011785,credit_card,paid
ORD0011786,apple_pay,paid
ORD0011787,bank_transfer,paid
ORD0011788,credit_card,paid
ORD0011789,paypal,paid
ORD0011790,klarna,paid
ORD0011791,klarna,paid
ORD0011792,bank_transfer,paid
ORD0011793,bank_transfer,paid
ORD0011794,apple_pay,paid
ORD0011795,klarna,paid
ORD0011796,apple_pay,paid
ORD0011797,credit_card,paid
ORD0011798,credit_card,paid
ORD0011799,credit_card,paid
ORD0011800,klarna,paid
ORD0011801,credit_card,paid
ORD0011802,klarna,refunded
ORD0011803,apple_pay,paid
ORD0011804,klarna,refunded
ORD0011805,paypal,paid
ORD0011806,paypal,paid
ORD0011807,credit_card,paid
ORD0011808,credit_card,paid
ORD0011809,credit_card,paid
ORD0011810,credit_card,paid
ORD0011811,credit_card,paid
ORD0011812,credit_card,paid
ORD0011813,credit_card,paid
ORD0011814,credit_card,paid
ORD0011815,paypal,refunded
ORD0011816,credit_card,paid
ORD0011817,credit_card,paid
ORD0011818,credit_card,paid
ORD0011819,paypal,paid
ORD0011820,credit_card,paid
ORD0011821,paypal,paid
ORD0011822,paypal,paid
ORD0011823,credit_card,paid
ORD0011824,klarna,paid
ORD0011825,credit_card,paid
ORD0011826,paypal,paid
ORD0011827,paypal,paid
ORD0011828,paypal,paid
ORD0011829,paypal,paid
ORD0011830,credit_card,paid
ORD0011831,credit_card,paid
ORD0011832,apple_pay,refunded
ORD0011833,klarna,paid
ORD0011834,credit_card,paid
ORD0011835,bank_transfer,paid
ORD0011836,klarna,refunded
ORD0011837,paypal,paid
ORD0011838,credit_card,paid
ORD0011839,credit_card,paid
ORD0011840,credit_card,paid
ORD0011841,credit_card,paid
ORD0011842,klarna,paid
ORD0011843,credit_card,paid
ORD0011844,credit_card,paid
ORD0011845,paypal,paid
ORD0011846,apple_pay,paid
ORD0011847,bank_transfer,paid
ORD0011848,credit_card,paid
ORD0011849,credit_card,paid
ORD0011850,credit_card,paid
ORD0011851,apple_pay,paid
ORD0011852,bank_transfer,paid
ORD0011853,credit_card,paid
ORD0011854,credit_card,paid
ORD0011855,credit_card,paid
ORD0011856,bank_transfer,paid
ORD0011857,credit_card,paid
ORD0011858,klarna,refunded
ORD0011859,credit_card,paid
ORD0011860,credit_card,paid
ORD0011861,paypal,paid
ORD0011862,bank_transfer,paid
ORD0011863,credit_card,refunded
ORD0011864,apple_pay,paid
ORD0011865,klarna,paid
ORD0011866,paypal,refunded
ORD0011867,paypal,paid
ORD0011868,klarna,paid
ORD0011869,credit_card,paid
ORD0011870,credit_card,paid
ORD0011871,apple_pay,paid
ORD0011872,credit_card,paid
ORD0011873,klarna,paid
ORD0011874,paypal,paid
ORD0011875,apple_pay,paid
ORD0011876,klarna,paid
ORD0011877,klarna,paid
ORD0011878,apple_pay,paid
ORD0011879,paypal,paid
ORD0011880,credit_card,paid
ORD0011881,credit_card,paid
ORD0011882,credit_card,paid
ORD0011883,paypal,refunded
ORD0011884,credit_card,paid
ORD0011885,credit_card,paid
ORD0011886,credit_card,paid
ORD0011887,credit_card,paid
ORD0011888,credit_card,paid
ORD0011889,paypal,refunded
ORD0011890,credit_card,paid
ORD0011891,apple_pay,paid
ORD0011892,apple_pay,paid
ORD0011893,apple_pay,paid
ORD0011894,bank_transfer,paid
ORD0011895,credit_card,paid
ORD0011896,credit_card,paid
ORD0011897,credit_card,paid
ORD0011898,paypal,paid
ORD0011899,credit_card,paid
ORD0011900,paypal,paid
ORD0011901,paypal,paid
ORD0011902,credit_card,paid
ORD0011903,klarna,paid
ORD0011904,credit_card,paid
ORD0011905,credit_card,paid
ORD0011906,apple_pay,paid
ORD0011907,klarna,paid
ORD0011908,paypal,paid
ORD0011909,credit_card,paid
ORD0011910,klarna,paid
ORD0011911,paypal,paid
ORD0011912,credit_card,paid
ORD0011913,paypal,paid
ORD0011914,credit_card,paid
ORD0011915,apple_pay,paid
ORD0011916,paypal,paid
ORD0011917,credit_card,paid
ORD0011918,credit_card,paid
ORD0011919,credit_card,paid
ORD0011920,paypal,paid
ORD0011921,paypal,paid
ORD0011922,credit_card,paid
ORD0011923,paypal,paid
ORD0011924,credit_card,paid
ORD0011925,paypal,paid
ORD0011926,apple_pay,paid
ORD0011927,credit_card,paid
ORD0011928,klarna,paid
ORD0011929,paypal,paid
ORD0011930,klarna,paid
ORD0011931,klarna,paid
ORD0011932,credit_card,paid
ORD0011933,paypal,paid
ORD0011934,klarna,paid
ORD0011935,credit_card,paid
ORD0011936,credit_card,paid
ORD0011937,credit_card,paid
ORD0011938,credit_card,paid
ORD0011939,klarna,paid
ORD0011940,credit_card,paid
ORD0011941,credit_card,paid
ORD0011942,credit_card,refunded
ORD0011943,paypal,paid
ORD0011944,credit_card,paid
ORD0011945,paypal,paid
ORD0011946,klarna,paid
ORD0011947,credit_card,paid
ORD0011948,credit_card,paid
ORD0011949,apple_pay,paid
ORD0011950,paypal,paid
ORD0011951,paypal,paid
ORD0011952,klarna,paid
ORD0011953,credit_card,paid
ORD0011954,credit_card,paid
ORD0011955,klarna,paid
ORD0011956,paypal,paid
ORD0011957,credit_card,paid
ORD0011958,klarna,paid
ORD0011959,credit_card,paid
ORD0011960,klarna,paid
ORD0011961,paypal,paid
ORD0011962,credit_card,paid
ORD0011963,paypal,paid
ORD0011964,klarna,paid
ORD0011965,paypal,refunded
ORD0011966,credit_card,paid
ORD0011967,credit_card,paid
ORD0011968,credit_card,paid
ORD0011969,paypal,paid
ORD0011970,paypal,refunded
ORD0011971,klarna,paid
ORD0011972,apple_pay,paid
ORD0011973,bank_transfer,paid
ORD0011974,apple_pay,paid
ORD0011975,klarna,paid
ORD0011976,credit_card,paid
ORD0011977,credit_card,paid
ORD0011978,bank_transfer,paid
ORD0011979,credit_card,paid
ORD0011980,credit_card,paid
ORD0011981,paypal,paid
ORD0011982,klarna,paid
ORD0011983,paypal,paid
ORD0011984,paypal,refunded
ORD0011985,credit_card,paid
ORD0011986,paypal,paid
ORD0011987,paypal,paid
ORD0011988,credit_card,paid
ORD0011989,paypal,paid
ORD0011990,credit_card,paid
ORD0011991,credit_card,paid
ORD0011992,paypal,paid
ORD0011993,klarna,paid
ORD0011994,paypal,paid
ORD0011995,paypal,paid
ORD0011996,credit_card,refunded
ORD0011997,credit_card,paid
ORD0011998,credit_card,paid
ORD0011999,credit_card,paid
ORD0012000,klarna,paid
ORD0012001,paypal,paid
ORD0012002,credit_card,paid
ORD0012003,credit_card,paid
ORD0012004,credit_card,paid
ORD0012005,credit_card,paid
ORD0012006,credit_card,paid
ORD0012007,credit_card,paid
ORD0012008,apple_pay,paid
ORD0012009,credit_card,paid
ORD0012010,apple_pay,paid
ORD0012011,paypal,paid
ORD0012012,paypal,paid
ORD0012013,paypal,paid
ORD0012014,klarna,paid
ORD0012015,paypal,paid
ORD0012016,credit_card,paid
ORD0012017,credit_card,paid
ORD0012018,paypal,paid
ORD0012019,credit_card,paid
ORD0012020,credit_card,paid
ORD0012021,credit_card,paid
ORD0012022,credit_card,paid
ORD0012023,paypal,paid
ORD0012024,paypal,paid
ORD0012025,klarna,paid
ORD0012026,credit_card,paid
ORD0012027,credit_card,paid
ORD0012028,credit_card,paid
ORD0012029,credit_card,paid
ORD0012030,klarna,paid
ORD0012031,credit_card,paid
ORD0012032,paypal,paid
ORD0012033,credit_card,paid
ORD0012034,bank_transfer,paid
ORD0012035,apple_pay,paid
ORD0012036,apple_pay,paid
ORD0012037,apple_pay,paid
ORD0012038,credit_card,paid
ORD0012039,bank_transfer,refunded
ORD0012040,paypal,paid
ORD0012041,bank_transfer,paid
ORD0012042,paypal,paid
ORD0012043,credit_card,refunded
ORD0012044,paypal,refunded
ORD0012045,credit_card,paid
ORD0012046,paypal,paid
ORD0012047,apple_pay,paid
ORD0012048,paypal,paid
ORD0012049,paypal,paid
ORD0012050,credit_card,paid
ORD0012051,bank_transfer,paid
ORD0012052,credit_card,paid
ORD0012053,apple_pay,paid
ORD0012054,credit_card,paid
ORD0012055,paypal,paid
ORD0012056,credit_card,paid
ORD0012057,klarna,paid
ORD0012058,credit_card,paid
ORD0012059,paypal,paid
ORD0012060,credit_card,paid
ORD0012061,paypal,paid
ORD0012062,paypal,paid
ORD0012063,credit_card,refunded
ORD0012064,credit_card,paid
ORD0012065,paypal,paid
ORD0012066,credit_card,paid
ORD0012067,credit_card,paid
ORD0012068,credit_card,refunded
ORD0012069,paypal,paid
ORD0012070,credit_card,paid
ORD0012071,paypal,paid
ORD0012072,bank_transfer,paid
ORD0012073,credit_card,paid
ORD0012074,credit_card,paid
ORD0012075,klarna,paid
ORD0012076,credit_card,paid
ORD0012077,paypal,paid
ORD0012078,credit_card,paid
ORD0012079,credit_card,refunded
ORD0012080,apple_pay,refunded
ORD0012081,paypal,paid
ORD0012082,paypal,paid
ORD0012083,credit_card,paid
ORD0012084,klarna,paid
ORD0012085,apple_pay,paid
ORD0012086,klarna,paid
ORD0012087,credit_card,paid
ORD0012088,bank_transfer,paid
ORD0012089,apple_pay,paid
ORD0012090,bank_transfer,paid
ORD0012091,credit_card,paid
ORD0012092,credit_card,paid
ORD0012093,credit_card,paid
ORD0012094,paypal,paid
ORD0012095,credit_card,paid
ORD0012096,credit_card,paid
ORD0012097,credit_card,paid
ORD0012098,paypal,paid
ORD0012099,apple_pay,paid
ORD0012100,klarna,paid
ORD0012101,credit_card,paid
ORD0012102,apple_pay,refunded
ORD0012103,paypal,paid
ORD0012104,paypal,paid
ORD0012105,apple_pay,paid
ORD0012106,paypal,paid
ORD0012107,credit_card,paid
ORD0012108,credit_card,paid
ORD0012109,paypal,paid
ORD0012110,klarna,paid
ORD0012111,klarna,paid
ORD0012112,klarna,paid
ORD0012113,credit_card,paid
ORD0012114,credit_card,paid
ORD0012115,credit_card,paid
ORD0012116,bank_transfer,paid
ORD0012117,credit_card,paid
ORD0012118,apple_pay,paid
ORD0012119,klarna,paid
ORD0012120,credit_card,refunded
ORD0012121,paypal,paid
ORD0012122,credit_card,paid
ORD0012123,apple_pay,paid
ORD0012124,credit_card,paid
ORD0012125,apple_pay,paid
ORD0012126,credit_card,paid
ORD0012127,paypal,paid
ORD0012128,paypal,paid
ORD0012129,paypal,paid
ORD0012130,credit_card,paid
ORD0012131,paypal,paid
ORD0012132,credit_card,paid
ORD0012133,klarna,paid
ORD0012134,bank_transfer,paid
ORD0012135,klarna,paid
ORD0012136,credit_card,paid
ORD0012137,credit_card,paid
ORD0012138,klarna,paid
ORD0012139,paypal,paid
ORD0012140,apple_pay,paid
ORD0012141,bank_transfer,paid
ORD0012142,credit_card,paid
ORD0012143,apple_pay,paid
ORD0012144,credit_card,paid
ORD0012145,klarna,paid
ORD0012146,credit_card,paid
ORD0012147,paypal,paid
ORD0012148,credit_card,paid
ORD0012149,klarna,paid
ORD0012150,credit_card,paid
ORD0012151,credit_card,paid
ORD0012152,paypal,paid
ORD0012153,bank_transfer,paid
ORD0012154,paypal,paid
ORD0012155,credit_card,paid
ORD0012156,paypal,paid
ORD0012157,credit_card,refunded
ORD0012158,apple_pay,paid
ORD0012159,credit_card,paid
ORD0012160,credit_card,paid
ORD0012161,credit_card,paid
ORD0012162,apple_pay,paid
ORD0012163,credit_card,paid
ORD0012164,apple_pay,paid
ORD0012165,credit_card,paid
ORD0012166,paypal,paid
ORD0012167,klarna,paid
ORD0012168,paypal,paid
ORD0012169,credit_card,paid
ORD0012170,credit_card,paid
ORD0012171,credit_card,paid
ORD0012172,apple_pay,paid
ORD0012173,paypal,paid
ORD0012174,klarna,paid
ORD0012175,credit_card,paid
ORD0012176,credit_card,paid
ORD0012177,credit_card,paid
ORD0012178,credit_card,paid
ORD0012179,credit_card,paid
ORD0012180,credit_card,paid
ORD0012181,apple_pay,paid
ORD0012182,apple_pay,paid
ORD0012183,paypal,paid
ORD0012184,credit_card,paid
ORD0012185,paypal,refunded
ORD0012186,paypal,paid
ORD0012187,klarna,paid
ORD0012188,klarna,paid
ORD0012189,paypal,paid
ORD0012190,klarna,paid
ORD0012191,klarna,paid
ORD0012192,klarna,paid
ORD0012193,credit_card,paid
ORD0012194,klarna,paid
ORD0012195,paypal,paid
ORD0012196,credit_card,paid
ORD0012197,apple_pay,paid
ORD0012198,klarna,paid
ORD0012199,klarna,paid
ORD0012200,apple_pay,paid
ORD0012201,credit_card,paid
ORD0012202,paypal,paid
ORD0012203,paypal,paid
ORD0012204,bank_transfer,paid
ORD0012205,credit_card,paid
ORD0012206,credit_card,paid
ORD0012207,klarna,paid
ORD0012208,credit_card,paid
ORD0012209,credit_card,refunded
ORD0012210,klarna,refunded
ORD0012211,paypal,paid
ORD0012212,credit_card,paid
ORD0012213,paypal,refunded
ORD0012214,klarna,paid
ORD0012215,klarna,paid
ORD0012216,credit_card,paid
ORD0012217,klarna,paid
ORD0012218,credit_card,paid
ORD0012219,paypal,paid
ORD0012220,klarna,paid
ORD0012221,apple_pay,paid
ORD0012222,credit_card,paid
ORD0012223,credit_card,paid
ORD0012224,paypal,paid
ORD0012225,klarna,paid
ORD0012226,apple_pay,paid
ORD0012227,credit_card,paid
ORD0012228,paypal,paid
ORD0012229,apple_pay,paid
ORD0012230,credit_card,paid
ORD0012231,credit_card,paid
ORD0012232,apple_pay,paid
ORD0012233,credit_card,paid
ORD0012234,apple_pay,paid
ORD0012235,apple_pay,paid
ORD0012236,credit_card,paid
ORD0012237,credit_card,paid
ORD0012238,credit_card,paid
ORD0012239,credit_card,paid
ORD0012240,klarna,paid
ORD0012241,klarna,paid
ORD0012242,bank_transfer,paid
ORD0012243,paypal,paid
ORD0012244,klarna,paid
ORD0012245,klarna,paid
ORD0012246,bank_transfer,paid
ORD0012247,paypal,refunded
ORD0012248,klarna,paid
ORD0012249,credit_card,refunded
ORD0012250,paypal,paid
ORD0012251,credit_card,paid
ORD0012252,credit_card,paid
ORD0012253,credit_card,paid
ORD0012254,credit_card,paid
ORD0012255,paypal,paid
ORD0012256,apple_pay,refunded
ORD0012257,credit_card,paid
ORD0012258,credit_card,paid
ORD0012259,bank_transfer,paid
ORD0012260,credit_card,refunded
ORD0012261,credit_card,paid
ORD0012262,credit_card,paid
ORD0012263,credit_card,paid
ORD0012264,apple_pay,paid
ORD0012265,credit_card,refunded
ORD0012266,credit_card,paid
ORD0012267,apple_pay,paid
ORD0012268,bank_transfer,paid
ORD0012269,paypal,paid
ORD0012270,credit_card,paid
ORD0012271,credit_card,paid
ORD0012272,credit_card,paid
ORD0012273,credit_card,paid
ORD0012274,credit_card,refunded
ORD0012275,paypal,refunded
ORD0012276,bank_transfer,paid
ORD0012277,credit_card,paid
ORD0012278,credit_card,paid
ORD0012279,paypal,paid
ORD0012280,apple_pay,paid
ORD0012281,credit_card,paid
ORD0012282,credit_card,paid
ORD0012283,apple_pay,paid
ORD0012284,klarna,paid
ORD0012285,klarna,paid
ORD0012286,klarna,paid
ORD0012287,apple_pay,paid
ORD0012288,credit_card,paid
ORD0012289,credit_card,paid
ORD0012290,apple_pay,paid
ORD0012291,paypal,paid
ORD0012292,apple_pay,paid
ORD0012293,paypal,refunded
ORD0012294,paypal,paid
ORD0012295,credit_card,paid
ORD0012296,paypal,paid
ORD0012297,credit_card,paid
ORD0012298,credit_card,paid
ORD0012299,credit_card,paid
ORD0012300,paypal,paid
ORD0012301,apple_pay,paid
ORD0012302,credit_card,paid
ORD0012303,credit_card,paid
ORD0012304,bank_transfer,paid
ORD0012305,credit_card,paid
ORD0012306,credit_card,paid
ORD0012307,paypal,paid
ORD0012308,paypal,paid
ORD0012309,credit_card,paid
ORD0012310,paypal,paid
ORD0012311,bank_transfer,paid
ORD0012312,credit_card,paid
ORD0012313,paypal,paid
ORD0012314,paypal,paid
ORD0012315,apple_pay,paid
ORD0012316,paypal,paid
ORD0012317,paypal,paid
ORD0012318,bank_transfer,paid
ORD0012319,credit_card,paid
ORD0012320,credit_card,paid
ORD0012321,paypal,paid
ORD0012322,credit_card,refunded
ORD0012323,credit_card,paid
ORD0012324,credit_card,paid
ORD0012325,paypal,paid
ORD0012326,klarna,paid
ORD0012327,paypal,paid
ORD0012328,bank_transfer,paid
ORD0012329,paypal,paid
ORD0012330,bank_transfer,paid
ORD0012331,paypal,paid
ORD0012332,credit_card,paid
ORD0012333,apple_pay,paid
ORD0012334,credit_card,paid
ORD0012335,paypal,paid
ORD0012336,klarna,paid
ORD0012337,klarna,refunded
ORD0012338,credit_card,paid
ORD0012339,paypal,paid
ORD0012340,klarna,paid
ORD0012341,klarna,paid
ORD0012342,credit_card,paid
ORD0012343,credit_card,paid
ORD0012344,apple_pay,paid
ORD0012345,credit_card,paid
ORD0012346,credit_card,paid
ORD0012347,credit_card,paid
ORD0012348,credit_card,paid
ORD0012349,paypal,paid
ORD0012350,credit_card,paid
ORD0012351,paypal,paid
ORD0012352,credit_card,paid
ORD0012353,klarna,paid
ORD0012354,credit_card,paid
ORD0012355,credit_card,paid
ORD0012356,paypal,refunded
ORD0012357,credit_card,paid
ORD0012358,credit_card,paid
ORD0012359,credit_card,paid
ORD0012360,paypal,paid
ORD0012361,paypal,paid
ORD0012362,paypal,paid
ORD0012363,credit_card,paid
ORD0012364,credit_card,paid
ORD0012365,paypal,paid
ORD0012366,credit_card,paid
ORD0012367,klarna,paid
ORD0012368,credit_card,paid
ORD0012369,paypal,paid
ORD0012370,apple_pay,paid
ORD0012371,klarna,paid
ORD0012372,apple_pay,paid
ORD0012373,paypal,paid
ORD0012374,credit_card,paid
ORD0012375,credit_card,paid
ORD0012376,klarna,paid
ORD0012377,credit_card,paid
ORD0012378,credit_card,paid
ORD0012379,klarna,paid
ORD0012380,bank_transfer,paid
ORD0012381,paypal,paid
ORD0012382,apple_pay,paid
ORD0012383,apple_pay,paid
ORD0012384,credit_card,paid
ORD0012385,credit_card,paid
ORD0012386,credit_card,paid
ORD0012387,credit_card,paid
ORD0012388,credit_card,paid
ORD0012389,credit_card,paid
ORD0012390,paypal,paid
ORD0012391,credit_card,paid
ORD0012392,credit_card,paid
ORD0012393,klarna,paid
ORD0012394,credit_card,paid
ORD0012395,credit_card,paid
ORD0012396,paypal,paid
ORD0012397,credit_card,paid
ORD0012398,bank_transfer,paid
ORD0012399,paypal,paid
ORD0012400,credit_card,paid
ORD0012401,credit_card,paid
ORD0012402,credit_card,paid
ORD0012403,paypal,paid
ORD0012404,paypal,paid
ORD0012405,klarna,paid
ORD0012406,credit_card,refunded
ORD0012407,apple_pay,paid
ORD0012408,credit_card,paid
ORD0012409,paypal,paid
ORD0012410,credit_card,paid
ORD0012411,klarna,paid
ORD0012412,bank_transfer,paid
ORD0012413,klarna,paid
ORD0012414,credit_card,paid
ORD0012415,credit_card,paid
ORD0012416,bank_transfer,refunded
ORD0012417,credit_card,paid
ORD0012418,paypal,paid
ORD0012419,credit_card,paid
ORD0012420,bank_transfer,paid
ORD0012421,credit_card,paid
ORD0012422,klarna,paid
ORD0012423,credit_card,paid
ORD0012424,bank_transfer,paid
ORD0012425,credit_card,paid
ORD0012426,credit_card,paid
ORD0012427,bank_transfer,paid
ORD0012428,credit_card,refunded
ORD0012429,paypal,paid
ORD0012430,credit_card,paid
ORD0012431,bank_transfer,paid
ORD0012432,credit_card,paid
ORD0012433,credit_card,paid
ORD0012434,bank_transfer,paid
ORD0012435,credit_card,paid
ORD0012436,credit_card,paid
ORD0012437,apple_pay,paid
ORD0012438,klarna,paid
ORD0012439,credit_card,paid
ORD0012440,klarna,paid
ORD0012441,klarna,paid
ORD0012442,apple_pay,paid
ORD0012443,credit_card,paid
ORD0012444,paypal,paid
ORD0012445,klarna,paid
ORD0012446,credit_card,paid
ORD0012447,credit_card,paid
ORD0012448,paypal,paid
ORD0012449,klarna,paid
ORD0012450,paypal,paid
ORD0012451,credit_card,paid
ORD0012452,klarna,paid
ORD0012453,credit_card,paid
ORD0012454,klarna,refunded
ORD0012455,apple_pay,paid
ORD0012456,bank_transfer,paid
ORD0012457,credit_card,paid
ORD0012458,klarna,paid
ORD0012459,paypal,paid
ORD0012460,credit_card,paid
ORD0012461,paypal,paid
ORD0012462,klarna,paid
ORD0012463,credit_card,paid
ORD0012464,credit_card,paid
ORD0012465,credit_card,paid
ORD0012466,credit_card,paid
ORD0012467,credit_card,paid
ORD0012468,paypal,paid
ORD0012469,apple_pay,paid
ORD0012470,credit_card,paid
ORD0012471,bank_transfer,paid
ORD0012472,credit_card,paid
ORD0012473,credit_card,paid
ORD0012474,credit_card,paid
ORD0012475,apple_pay,paid
ORD0012476,paypal,paid
ORD0012477,credit_card,paid
ORD0012478,apple_pay,paid
ORD0012479,apple_pay,refunded
ORD0012480,bank_transfer,paid
ORD0012481,paypal,paid
ORD0012482,credit_card,paid
ORD0012483,klarna,paid
ORD0012484,apple_pay,paid
ORD0012485,apple_pay,paid
ORD0012486,paypal,refunded
ORD0012487,paypal,paid
ORD0012488,klarna,paid
ORD0012489,paypal,paid
ORD0012490,klarna,paid
ORD0012491,paypal,paid
ORD0012492,paypal,paid
ORD0012493,paypal,paid
ORD0012494,klarna,paid
ORD0012495,paypal,paid
ORD0012496,paypal,paid
ORD0012497,apple_pay,paid
ORD0012498,credit_card,paid
ORD0012499,credit_card,paid
ORD0012500,credit_card,paid
ORD0012501,paypal,paid
ORD0012502,credit_card,paid
ORD0012503,credit_card,paid
ORD0012504,bank_transfer,paid
ORD0012505,klarna,paid
ORD0012506,credit_card,paid
ORD0012507,paypal,paid
ORD0012508,klarna,paid
ORD0012509,apple_pay,paid
ORD0012510,credit_card,paid
ORD0012511,paypal,paid
ORD0012512,paypal,refunded
ORD0012513,klarna,paid
ORD0012514,apple_pay,paid
ORD0012515,paypal,paid
ORD0012516,credit_card,paid
ORD0012517,credit_card,paid
ORD0012518,credit_card,paid
ORD0012519,credit_card,paid
ORD0012520,paypal,paid
ORD0012521,paypal,paid
ORD0012522,paypal,paid
ORD0012523,credit_card,paid
ORD0012524,klarna,paid
ORD0012525,credit_card,paid
ORD0012526,credit_card,paid
ORD0012527,credit_card,paid
ORD0012528,credit_card,paid
ORD0012529,credit_card,paid
ORD0012530,klarna,paid
ORD0012531,credit_card,paid
ORD0012532,bank_transfer,paid
ORD0012533,klarna,paid
ORD0012534,paypal,paid
ORD0012535,paypal,paid
ORD0012536,credit_card,paid
ORD0012537,paypal,paid
ORD0012538,paypal,paid
ORD0012539,credit_card,paid
ORD0012540,credit_card,paid
ORD0012541,credit_card,paid
ORD0012542,credit_card,paid
ORD0012543,paypal,paid
ORD0012544,apple_pay,paid
ORD0012545,apple_pay,paid
ORD0012546,paypal,paid
ORD0012547,credit_card,refunded
ORD0012548,klarna,paid
ORD0012549,paypal,paid
ORD0012550,credit_card,paid
ORD0012551,credit_card,paid
ORD0012552,klarna,paid
ORD0012553,paypal,paid
ORD0012554,apple_pay,paid
ORD0012555,credit_card,paid
ORD0012556,credit_card,paid
ORD0012557,paypal,paid
ORD0012558,credit_card,paid
ORD0012559,credit_card,paid
ORD0012560,credit_card,paid
ORD0012561,credit_card,paid
ORD0012562,credit_card,paid
ORD0012563,paypal,paid
ORD0012564,bank_transfer,paid
ORD0012565,klarna,paid
ORD0012566,credit_card,paid
ORD0012567,bank_transfer,paid
ORD0012568,credit_card,paid
ORD0012569,klarna,paid
ORD0012570,credit_card,paid
ORD0012571,paypal,paid
ORD0012572,klarna,paid
ORD0012573,klarna,paid
ORD0012574,paypal,paid
ORD0012575,credit_card,paid
ORD0012576,paypal,paid
ORD0012577,credit_card,paid
ORD0012578,apple_pay,paid
ORD0012579,credit_card,paid
ORD0012580,klarna,paid
ORD0012581,credit_card,refunded
ORD0012582,paypal,paid
ORD0012583,paypal,paid
ORD0012584,apple_pay,paid
ORD0012585,apple_pay,paid
ORD0012586,paypal,paid
ORD0012587,apple_pay,paid
ORD0012588,bank_transfer,paid
ORD0012589,klarna,paid
ORD0012590,apple_pay,paid
ORD0012591,apple_pay,paid
ORD0012592,paypal,paid
ORD0012593,paypal,paid
ORD0012594,paypal,paid
ORD0012595,apple_pay,paid
ORD0012596,credit_card,paid
ORD0012597,klarna,paid
ORD0012598,apple_pay,paid
ORD0012599,credit_card,paid
ORD0012600,credit_card,paid
ORD0012601,paypal,paid
ORD0012602,apple_pay,paid
ORD0012603,paypal,paid
ORD0012604,credit_card,paid
ORD0012605,paypal,paid
ORD0012606,bank_transfer,paid
ORD0012607,credit_card,paid
ORD0012608,klarna,paid
ORD0012609,paypal,paid
ORD0012610,credit_card,paid
ORD0012611,credit_card,paid
ORD0012612,apple_pay,paid
ORD0012613,credit_card,paid
ORD0012614,credit_card,paid
ORD0012615,paypal,paid
ORD0012616,credit_card,paid
ORD0012617,paypal,paid
ORD0012618,apple_pay,paid
ORD0012619,klarna,paid
ORD0012620,apple_pay,paid
ORD0012621,bank_transfer,paid
ORD0012622,credit_card,paid
ORD0012623,apple_pay,paid
ORD0012624,credit_card,paid
ORD0012625,klarna,paid
ORD0012626,credit_card,paid
ORD0012627,credit_card,paid
ORD0012628,credit_card,paid
ORD0012629,paypal,paid
ORD0012630,paypal,paid
ORD0012631,credit_card,paid
ORD0012632,bank_transfer,paid
ORD0012633,paypal,paid
ORD0012634,klarna,paid
ORD0012635,paypal,paid
ORD0012636,apple_pay,paid
ORD0012637,credit_card,paid
ORD0012638,credit_card,paid
ORD0012639,credit_card,paid
ORD0012640,credit_card,paid
ORD0012641,credit_card,paid
ORD0012642,paypal,paid
ORD0012643,paypal,paid
ORD0012644,paypal,paid
ORD0012645,klarna,paid
ORD0012646,credit_card,paid
ORD0012647,klarna,paid
ORD0012648,klarna,paid
ORD0012649,credit_card,paid
ORD0012650,credit_card,paid
ORD0012651,klarna,paid
ORD0012652,paypal,paid
ORD0012653,credit_card,paid
ORD0012654,credit_card,paid
ORD0012655,credit_card,refunded
ORD0012656,credit_card,paid
ORD0012657,credit_card,paid
ORD0012658,credit_card,paid
ORD0012659,klarna,paid
ORD0012660,paypal,paid
ORD0012661,paypal,paid
ORD0012662,apple_pay,refunded
ORD0012663,credit_card,paid
ORD0012664,paypal,paid
ORD0012665,apple_pay,paid
ORD0012666,credit_card,paid
ORD0012667,credit_card,paid
ORD0012668,credit_card,refunded
ORD0012669,credit_card,paid
ORD0012670,apple_pay,paid
ORD0012671,paypal,paid
ORD0012672,paypal,paid
ORD0012673,credit_card,paid
ORD0012674,bank_transfer,paid
ORD0012675,klarna,paid
ORD0012676,credit_card,paid
ORD0012677,paypal,paid
ORD0012678,credit_card,paid
ORD0012679,klarna,paid
ORD0012680,credit_card,paid
ORD0012681,apple_pay,paid
ORD0012682,credit_card,paid
ORD0012683,klarna,paid
ORD0012684,credit_card,paid
ORD0012685,paypal,paid
ORD0012686,apple_pay,paid
ORD0012687,credit_card,paid
ORD0012688,paypal,refunded
ORD0012689,klarna,paid
ORD0012690,klarna,paid
ORD0012691,credit_card,paid
ORD0012692,credit_card,paid
ORD0012693,bank_transfer,paid
ORD0012694,apple_pay,paid
ORD0012695,credit_card,paid
ORD0012696,apple_pay,paid
ORD0012697,credit_card,paid
ORD0012698,credit_card,paid
ORD0012699,credit_card,paid
ORD0012700,credit_card,paid
ORD0012701,apple_pay,paid
ORD0012702,apple_pay,paid
ORD0012703,apple_pay,paid
ORD0012704,klarna,refunded
ORD0012705,credit_card,paid
ORD0012706,credit_card,paid
ORD0012707,credit_card,paid
ORD0012708,paypal,paid
ORD0012709,paypal,paid
ORD0012710,credit_card,paid
ORD0012711,credit_card,paid
ORD0012712,credit_card,paid
ORD0012713,paypal,paid
ORD0012714,klarna,paid
ORD0012715,credit_card,paid
ORD0012716,credit_card,paid
ORD0012717,paypal,paid
ORD0012718,paypal,paid
ORD0012719,credit_card,paid
ORD0012720,credit_card,paid
ORD0012721,klarna,paid
ORD0012722,credit_card,paid
ORD0012723,paypal,paid
ORD0012724,apple_pay,paid
ORD0012725,credit_card,paid
ORD0012726,klarna,paid
ORD0012727,credit_card,paid
ORD0012728,apple_pay,paid
ORD0012729,paypal,paid
ORD0012730,credit_card,paid
ORD0012731,apple_pay,refunded
ORD0012732,credit_card,paid
ORD0012733,credit_card,paid
ORD0012734,paypal,paid
ORD0012735,paypal,paid
ORD0012736,bank_transfer,paid
ORD0012737,paypal,paid
ORD0012738,apple_pay,refunded
ORD0012739,paypal,paid
ORD0012740,paypal,refunded
ORD0012741,credit_card,paid
ORD0012742,klarna,paid
ORD0012743,bank_transfer,paid
ORD0012744,paypal,paid
ORD0012745,apple_pay,refunded
ORD0012746,credit_card,paid
ORD0012747,credit_card,paid
ORD0012748,klarna,paid
ORD0012749,paypal,paid
ORD0012750,klarna,paid
ORD0012751,credit_card,paid
ORD0012752,paypal,paid
ORD0012753,apple_pay,paid
ORD0012754,credit_card,refunded
ORD0012755,credit_card,paid
ORD0012756,credit_card,paid
ORD0012757,apple_pay,paid
ORD0012758,credit_card,paid
ORD0012759,credit_card,paid
ORD0012760,credit_card,paid
ORD0012761,credit_card,paid
ORD0012762,credit_card,paid
ORD0012763,klarna,paid
ORD0012764,apple_pay,paid
ORD0012765,paypal,refunded
ORD0012766,bank_transfer,paid
ORD0012767,credit_card,paid
ORD0012768,credit_card,paid
ORD0012769,apple_pay,paid
ORD0012770,klarna,paid
ORD0012771,credit_card,paid
ORD0012772,paypal,paid
ORD0012773,credit_card,paid
ORD0012774,paypal,paid
ORD0012775,paypal,paid
ORD0012776,credit_card,paid
ORD0012777,credit_card,paid
ORD0012778,credit_card,paid
ORD0012779,credit_card,paid
ORD0012780,paypal,paid
ORD0012781,credit_card,refunded
ORD0012782,credit_card,paid
ORD0012783,credit_card,paid
ORD0012784,bank_transfer,paid
ORD0012785,bank_transfer,paid
ORD0012786,credit_card,paid
ORD0012787,klarna,paid
ORD0012788,credit_card,paid
ORD0012789,credit_card,paid
ORD0012790,paypal,paid
ORD0012791,credit_card,paid
ORD0012792,paypal,paid
ORD0012793,credit_card,refunded
ORD0012794,paypal,paid
ORD0012795,credit_card,paid
ORD0012796,credit_card,paid
ORD0012797,credit_card,paid
ORD0012798,credit_card,paid
ORD0012799,credit_card,paid
ORD0012800,credit_card,paid
ORD0012801,paypal,paid
ORD0012802,credit_card,paid
ORD0012803,credit_card,paid
ORD0012804,klarna,paid
ORD0012805,apple_pay,paid
ORD0012806,klarna,paid
ORD0012807,credit_card,paid
ORD0012808,paypal,paid
ORD0012809,credit_card,paid
ORD0012810,paypal,paid
ORD0012811,bank_transfer,paid
ORD0012812,paypal,paid
ORD0012813,credit_card,paid
ORD0012814,klarna,paid
ORD0012815,credit_card,paid
ORD0012816,klarna,paid
ORD0012817,credit_card,paid
ORD0012818,klarna,paid
ORD0012819,credit_card,paid
ORD0012820,apple_pay,paid
ORD0012821,paypal,paid
ORD0012822,credit_card,paid
ORD0012823,credit_card,paid
ORD0012824,paypal,paid
ORD0012825,credit_card,paid
ORD0012826,paypal,paid
ORD0012827,paypal,paid
ORD0012828,bank_transfer,refunded
ORD0012829,credit_card,paid
ORD0012830,credit_card,paid
ORD0012831,paypal,paid
ORD0012832,credit_card,paid
ORD0012833,apple_pay,paid
ORD0012834,credit_card,paid
ORD0012835,credit_card,paid
ORD0012836,paypal,paid
ORD0012837,paypal,paid
ORD0012838,credit_card,paid
ORD0012839,apple_pay,paid
ORD0012840,credit_card,paid
ORD0012841,credit_card,paid
ORD0012842,paypal,paid
ORD0012843,paypal,refunded
ORD0012844,klarna,paid
ORD0012845,klarna,paid
ORD0012846,credit_card,paid
ORD0012847,apple_pay,paid
ORD0012848,bank_transfer,paid
ORD0012849,credit_card,paid
ORD0012850,credit_card,paid
ORD0012851,credit_card,paid
ORD0012852,credit_card,paid
ORD0012853,paypal,paid
ORD0012854,klarna,paid
ORD0012855,paypal,paid
ORD0012856,credit_card,paid
ORD0012857,klarna,paid
ORD0012858,klarna,paid
ORD0012859,credit_card,paid
ORD0012860,credit_card,paid
ORD0012861,credit_card,paid
ORD0012862,klarna,paid
ORD0012863,credit_card,paid
ORD0012864,bank_transfer,paid
ORD0012865,credit_card,paid
ORD0012866,klarna,paid
ORD0012867,klarna,paid
ORD0012868,credit_card,refunded
ORD0012869,klarna,paid
ORD0012870,credit_card,paid
ORD0012871,paypal,paid
ORD0012872,credit_card,paid
ORD0012873,apple_pay,paid
ORD0012874,credit_card,paid
ORD0012875,credit_card,paid
ORD0012876,credit_card,paid
ORD0012877,credit_card,paid
ORD0012878,credit_card,paid
ORD0012879,klarna,paid
ORD0012880,klarna,paid
ORD0012881,paypal,paid
ORD0012882,bank_transfer,paid
ORD0012883,apple_pay,paid
ORD0012884,credit_card,refunded
ORD0012885,bank_transfer,paid
ORD0012886,klarna,paid
ORD0012887,credit_card,paid
ORD0012888,credit_card,paid
ORD0012889,paypal,paid
ORD0012890,credit_card,paid
ORD0012891,credit_card,paid
ORD0012892,credit_card,paid
ORD0012893,paypal,paid
ORD0012894,paypal,paid
ORD0012895,credit_card,paid
ORD0012896,apple_pay,paid
ORD0012897,credit_card,paid
ORD0012898,credit_card,refunded
ORD0012899,credit_card,paid
ORD0012900,klarna,paid
ORD0012901,credit_card,paid
ORD0012902,klarna,paid
ORD0012903,credit_card,paid
ORD0012904,paypal,paid
ORD0012905,paypal,paid
ORD0012906,credit_card,paid
ORD0012907,paypal,paid
ORD0012908,apple_pay,paid
ORD0012909,credit_card,paid
ORD0012910,apple_pay,paid
ORD0012911,credit_card,paid
ORD0012912,credit_card,paid
ORD0012913,klarna,paid
ORD0012914,credit_card,paid
ORD0012915,paypal,paid
ORD0012916,paypal,paid
ORD0012917,paypal,paid
ORD0012918,klarna,paid
ORD0012919,apple_pay,paid
ORD0012920,paypal,paid
ORD0012921,klarna,paid
ORD0012922,bank_transfer,paid
ORD0012923,credit_card,paid
ORD0012924,credit_card,paid
ORD0012925,paypal,paid
ORD0012926,klarna,paid
ORD0012927,credit_card,paid
ORD0012928,klarna,paid
ORD0012929,klarna,paid
ORD0012930,credit_card,paid
ORD0012931,credit_card,paid
ORD0012932,credit_card,paid
ORD0012933,credit_card,paid
ORD0012934,credit_card,paid
ORD0012935,credit_card,paid
ORD0012936,credit_card,paid
ORD0012937,klarna,paid
ORD0012938,apple_pay,paid
ORD0012939,credit_card,paid
ORD0012940,apple_pay,paid
ORD0012941,bank_transfer,paid
ORD0012942,credit_card,paid
ORD0012943,klarna,paid
ORD0012944,credit_card,paid
ORD0012945,credit_card,paid
ORD0012946,credit_card,paid
ORD0012947,paypal,paid
ORD0012948,apple_pay,paid
ORD0012949,klarna,paid
ORD0012950,credit_card,paid
ORD0012951,paypal,paid
ORD0012952,klarna,paid
ORD0012953,paypal,paid
ORD0012954,credit_card,paid
ORD0012955,bank_transfer,paid
ORD0012956,paypal,paid
ORD0012957,credit_card,paid
ORD0012958,credit_card,paid
ORD0012959,credit_card,paid
ORD0012960,credit_card,paid
ORD0012961,paypal,paid
ORD0012962,credit_card,paid
ORD0012963,credit_card,refunded
ORD0012964,klarna,paid
ORD0012965,apple_pay,paid
ORD0012966,paypal,paid
ORD0012967,apple_pay,refunded
ORD0012968,paypal,paid
ORD0012969,apple_pay,paid
ORD0012970,paypal,paid
ORD0012971,credit_card,paid
ORD0012972,credit_card,paid
ORD0012973,apple_pay,paid
ORD0012974,credit_card,paid
ORD0012975,credit_card,paid
ORD0012976,klarna,paid
ORD0012977,bank_transfer,paid
ORD0012978,paypal,paid
ORD0012979,paypal,paid
ORD0012980,paypal,paid
ORD0012981,credit_card,paid
ORD0012982,paypal,paid
ORD0012983,apple_pay,paid
ORD0012984,credit_card,paid
ORD0012985,apple_pay,paid
ORD0012986,credit_card,paid
ORD0012987,paypal,paid
ORD0012988,credit_card,paid
ORD0012989,credit_card,refunded
ORD0012990,klarna,paid
ORD0012991,klarna,paid
ORD0012992,paypal,paid
ORD0012993,paypal,paid
ORD0012994,bank_transfer,paid
ORD0012995,paypal,paid
ORD0012996,credit_card,refunded
ORD0012997,credit_card,paid
ORD0012998,klarna,paid
ORD0012999,credit_card,paid
ORD0013000,credit_card,refunded
ORD0013001,credit_card,refunded
ORD0013002,credit_card,refunded
ORD0013003,credit_card,paid
ORD0013004,credit_card,refunded
ORD0013005,paypal,paid
ORD0013006,credit_card,paid
ORD0013007,credit_card,paid
ORD0013008,credit_card,paid
ORD0013009,apple_pay,refunded
ORD0013010,credit_card,refunded
ORD0013011,klarna,paid
ORD0013012,credit_card,paid
ORD0013013,credit_card,paid
ORD0013014,bank_transfer,paid
ORD0013015,credit_card,paid
ORD0013016,klarna,paid
ORD0013017,credit_card,paid
ORD0013018,klarna,paid
ORD0013019,credit_card,paid
ORD0013020,credit_card,paid
ORD0013021,paypal,paid
ORD0013022,paypal,paid
ORD0013023,credit_card,paid
ORD0013024,credit_card,paid
ORD0013025,klarna,paid
ORD0013026,credit_card,paid
ORD0013027,credit_card,paid
ORD0013028,paypal,paid
ORD0013029,paypal,paid
ORD0013030,paypal,paid
ORD0013031,paypal,paid
ORD0013032,credit_card,paid
ORD0013033,paypal,paid
ORD0013034,credit_card,paid
ORD0013035,paypal,paid
ORD0013036,paypal,paid
ORD0013037,credit_card,paid
ORD0013038,credit_card,paid
ORD0013039,credit_card,refunded
ORD0013040,paypal,paid
ORD0013041,paypal,paid
ORD0013042,paypal,paid
ORD0013043,paypal,refunded
ORD0013044,paypal,paid
ORD0013045,paypal,paid
ORD0013046,credit_card,paid
ORD0013047,credit_card,paid
ORD0013048,klarna,paid
ORD0013049,credit_card,paid
ORD0013050,credit_card,paid
ORD0013051,credit_card,paid
ORD0013052,credit_card,paid
ORD0013053,paypal,paid
ORD0013054,paypal,paid
ORD0013055,paypal,paid
ORD0013056,apple_pay,paid
ORD0013057,paypal,paid
ORD0013058,credit_card,paid
ORD0013059,paypal,paid
ORD0013060,klarna,paid
ORD0013061,apple_pay,paid
ORD0013062,klarna,paid
ORD0013063,klarna,paid
ORD0013064,credit_card,refunded
ORD0013065,credit_card,paid
ORD0013066,paypal,paid
ORD0013067,credit_card,paid
ORD0013068,bank_transfer,paid
ORD0013069,paypal,paid
ORD0013070,credit_card,paid
ORD0013071,paypal,paid
ORD0013072,apple_pay,paid
ORD0013073,paypal,paid
ORD0013074,bank_transfer,paid
ORD0013075,klarna,paid
ORD0013076,paypal,paid
ORD0013077,credit_card,paid
ORD0013078,paypal,paid
ORD0013079,credit_card,paid
ORD0013080,apple_pay,paid
ORD0013081,paypal,paid
ORD0013082,bank_transfer,paid
ORD0013083,credit_card,paid
ORD0013084,credit_card,paid
ORD0013085,credit_card,paid
ORD0013086,paypal,paid
ORD0013087,klarna,paid
ORD0013088,credit_card,paid
ORD0013089,paypal,paid
ORD0013090,apple_pay,paid
ORD0013091,credit_card,paid
ORD0013092,credit_card,paid
ORD0013093,credit_card,paid
ORD0013094,apple_pay,paid
ORD0013095,credit_card,paid
ORD0013096,credit_card,paid
ORD0013097,credit_card,paid
ORD0013098,credit_card,paid
ORD0013099,paypal,paid
ORD0013100,apple_pay,paid
ORD0013101,credit_card,paid
ORD0013102,apple_pay,paid
ORD0013103,credit_card,paid
ORD0013104,credit_card,paid
ORD0013105,klarna,paid
ORD0013106,apple_pay,paid
ORD0013107,credit_card,refunded
ORD0013108,paypal,paid
ORD0013109,bank_transfer,paid
ORD0013110,paypal,paid
ORD0013111,paypal,paid
ORD0013112,credit_card,refunded
ORD0013113,credit_card,paid
ORD0013114,credit_card,paid
ORD0013115,paypal,paid
ORD0013116,credit_card,paid
ORD0013117,paypal,paid
ORD0013118,credit_card,refunded
ORD0013119,credit_card,paid
ORD0013120,klarna,paid
ORD0013121,klarna,paid
ORD0013122,apple_pay,paid
ORD0013123,credit_card,paid
ORD0013124,klarna,paid
ORD0013125,credit_card,refunded
ORD0013126,apple_pay,paid
ORD0013127,credit_card,paid
ORD0013128,paypal,paid
ORD0013129,apple_pay,paid
ORD0013130,credit_card,refunded
ORD0013131,paypal,paid
ORD0013132,klarna,paid
ORD0013133,klarna,paid
ORD0013134,paypal,paid
ORD0013135,credit_card,paid
ORD0013136,credit_card,paid
ORD0013137,credit_card,refunded
ORD0013138,klarna,paid
ORD0013139,klarna,paid
ORD0013140,paypal,paid
ORD0013141,apple_pay,paid
ORD0013142,credit_card,paid
ORD0013143,apple_pay,paid
ORD0013144,klarna,paid
ORD0013145,paypal,paid
ORD0013146,bank_transfer,paid
ORD0013147,paypal,paid
ORD0013148,klarna,paid
ORD0013149,klarna,paid
ORD0013150,apple_pay,paid
ORD0013151,credit_card,paid
ORD0013152,credit_card,paid
ORD0013153,credit_card,paid
ORD0013154,credit_card,paid
ORD0013155,credit_card,refunded
ORD0013156,credit_card,paid
ORD0013157,credit_card,refunded
ORD0013158,credit_card,refunded
ORD0013159,credit_card,paid
ORD0013160,credit_card,paid
ORD0013161,klarna,paid
ORD0013162,credit_card,paid
ORD0013163,credit_card,refunded
ORD0013164,credit_card,paid
ORD0013165,klarna,refunded
ORD0013166,credit_card,paid
ORD0013167,klarna,paid
ORD0013168,paypal,paid
ORD0013169,paypal,paid
ORD0013170,paypal,paid
ORD0013171,apple_pay,paid
ORD0013172,credit_card,refunded
ORD0013173,apple_pay,paid
ORD0013174,credit_card,paid
ORD0013175,paypal,paid
ORD0013176,credit_card,paid
ORD0013177,credit_card,paid
ORD0013178,klarna,paid
ORD0013179,credit_card,paid
ORD0013180,paypal,paid
ORD0013181,paypal,paid
ORD0013182,bank_transfer,paid
ORD0013183,paypal,paid
ORD0013184,credit_card,paid
ORD0013185,bank_transfer,paid
ORD0013186,apple_pay,paid
ORD0013187,credit_card,paid
ORD0013188,credit_card,paid
ORD0013189,credit_card,paid
ORD0013190,credit_card,refunded
ORD0013191,credit_card,paid
ORD0013192,klarna,paid
ORD0013193,credit_card,paid
ORD0013194,credit_card,paid
ORD0013195,klarna,paid
ORD0013196,credit_card,paid
ORD0013197,paypal,paid
ORD0013198,paypal,paid
ORD0013199,credit_card,paid
ORD0013200,paypal,paid
ORD0013201,paypal,refunded
ORD0013202,paypal,paid
ORD0013203,klarna,paid
ORD0013204,credit_card,paid
ORD0013205,klarna,paid
ORD0013206,klarna,paid
ORD0013207,credit_card,paid
ORD0013208,apple_pay,paid
ORD0013209,paypal,paid
ORD0013210,credit_card,paid
ORD0013211,paypal,paid
ORD0013212,credit_card,paid
ORD0013213,credit_card,paid
ORD0013214,paypal,paid
ORD0013215,paypal,paid
ORD0013216,klarna,paid
ORD0013217,apple_pay,paid
ORD0013218,credit_card,paid
ORD0013219,klarna,paid
ORD0013220,credit_card,paid
ORD0013221,paypal,paid
ORD0013222,paypal,paid
ORD0013223,klarna,refunded
ORD0013224,credit_card,paid
ORD0013225,paypal,paid
ORD0013226,klarna,paid
ORD0013227,apple_pay,paid
ORD0013228,credit_card,paid
ORD0013229,credit_card,paid
ORD0013230,paypal,refunded
ORD0013231,credit_card,paid
ORD0013232,klarna,paid
ORD0013233,paypal,paid
ORD0013234,credit_card,paid
ORD0013235,credit_card,paid
ORD0013236,credit_card,paid
ORD0013237,klarna,paid
ORD0013238,klarna,paid
ORD0013239,klarna,paid
ORD0013240,apple_pay,paid
ORD0013241,credit_card,paid
ORD0013242,klarna,paid
ORD0013243,paypal,paid
ORD0013244,credit_card,paid
ORD0013245,paypal,paid
ORD0013246,credit_card,paid
ORD0013247,apple_pay,paid
ORD0013248,credit_card,paid
ORD0013249,paypal,paid
ORD0013250,klarna,paid
ORD0013251,paypal,paid
ORD0013252,credit_card,refunded
ORD0013253,bank_transfer,paid
ORD0013254,apple_pay,refunded
ORD0013255,paypal,paid
ORD0013256,credit_card,paid
ORD0013257,credit_card,paid
ORD0013258,apple_pay,paid
ORD0013259,paypal,paid
ORD0013260,credit_card,paid
ORD0013261,paypal,paid
ORD0013262,credit_card,paid
ORD0013263,apple_pay,paid
ORD0013264,paypal,paid
ORD0013265,klarna,paid
ORD0013266,credit_card,paid
ORD0013267,credit_card,paid
ORD0013268,paypal,paid
ORD0013269,credit_card,paid
ORD0013270,credit_card,paid
ORD0013271,paypal,paid
ORD0013272,credit_card,paid
ORD0013273,credit_card,paid
ORD0013274,credit_card,paid
ORD0013275,credit_card,paid
ORD0013276,apple_pay,paid
ORD0013277,apple_pay,paid
ORD0013278,bank_transfer,paid
ORD0013279,credit_card,paid
ORD0013280,paypal,paid
ORD0013281,credit_card,paid
ORD0013282,credit_card,paid
ORD0013283,bank_transfer,paid
ORD0013284,klarna,paid
ORD0013285,paypal,paid
ORD0013286,bank_transfer,paid
ORD0013287,apple_pay,paid
ORD0013288,paypal,paid
ORD0013289,paypal,paid
ORD0013290,credit_card,paid
ORD0013291,credit_card,paid
ORD0013292,credit_card,paid
ORD0013293,credit_card,paid
ORD0013294,bank_transfer,paid
ORD0013295,paypal,paid
ORD0013296,paypal,paid
ORD0013297,klarna,paid
ORD0013298,credit_card,paid
ORD0013299,paypal,paid
ORD0013300,apple_pay,paid
ORD0013301,paypal,paid
ORD0013302,credit_card,paid
ORD0013303,credit_card,paid
ORD0013304,credit_card,paid
ORD0013305,credit_card,paid
ORD0013306,credit_card,paid
ORD0013307,credit_card,paid
ORD0013308,credit_card,paid
ORD0013309,credit_card,paid
ORD0013310,bank_transfer,paid
ORD0013311,credit_card,paid
ORD0013312,credit_card,paid
ORD0013313,credit_card,paid
ORD0013314,paypal,paid
ORD0013315,bank_transfer,paid
ORD0013316,paypal,paid
ORD0013317,credit_card,paid
ORD0013318,credit_card,paid
ORD0013319,apple_pay,paid
ORD0013320,credit_card,paid
ORD0013321,credit_card,paid
ORD0013322,credit_card,paid
ORD0013323,credit_card,paid
ORD0013324,paypal,paid
ORD0013325,credit_card,paid
ORD0013326,credit_card,paid
ORD0013327,paypal,paid
ORD0013328,apple_pay,paid
ORD0013329,apple_pay,paid
ORD0013330,credit_card,paid
ORD0013331,klarna,paid
ORD0013332,credit_card,paid
ORD0013333,paypal,paid
ORD0013334,credit_card,paid
ORD0013335,credit_card,paid
ORD0013336,paypal,paid
ORD0013337,paypal,paid
ORD0013338,paypal,paid
ORD0013339,credit_card,paid
ORD0013340,bank_transfer,paid
ORD0013341,paypal,paid
ORD0013342,bank_transfer,paid
ORD0013343,credit_card,paid
ORD0013344,paypal,paid
ORD0013345,klarna,paid
ORD0013346,credit_card,paid
ORD0013347,apple_pay,refunded
ORD0013348,paypal,refunded
ORD0013349,klarna,paid
ORD0013350,klarna,refunded
ORD0013351,paypal,paid
ORD0013352,credit_card,paid
ORD0013353,credit_card,paid
ORD0013354,apple_pay,paid
ORD0013355,klarna,paid
ORD0013356,credit_card,paid
ORD0013357,credit_card,paid
ORD0013358,credit_card,paid
ORD0013359,paypal,paid
ORD0013360,paypal,paid
ORD0013361,credit_card,paid
ORD0013362,credit_card,paid
ORD0013363,bank_transfer,paid
ORD0013364,paypal,paid
ORD0013365,credit_card,paid
ORD0013366,paypal,paid
ORD0013367,credit_card,paid
ORD0013368,credit_card,paid
ORD0013369,paypal,paid
ORD0013370,klarna,paid
ORD0013371,klarna,paid
ORD0013372,credit_card,paid
ORD0013373,credit_card,paid
ORD0013374,credit_card,paid
ORD0013375,klarna,paid
ORD0013376,paypal,paid
ORD0013377,klarna,paid
ORD0013378,paypal,paid
ORD0013379,paypal,paid
ORD0013380,klarna,paid
ORD0013381,bank_transfer,paid
ORD0013382,credit_card,paid
ORD0013383,klarna,paid
ORD0013384,credit_card,paid
ORD0013385,credit_card,paid
ORD0013386,apple_pay,paid
ORD0013387,paypal,paid
ORD0013388,paypal,paid
ORD0013389,bank_transfer,paid
ORD0013390,credit_card,paid
ORD0013391,apple_pay,paid
ORD0013392,credit_card,paid
ORD0013393,paypal,paid
ORD0013394,credit_card,paid
ORD0013395,paypal,paid
ORD0013396,paypal,paid
ORD0013397,credit_card,paid
ORD0013398,apple_pay,paid
ORD0013399,paypal,refunded
ORD0013400,klarna,paid
ORD0013401,paypal,paid
ORD0013402,apple_pay,paid
ORD0013403,bank_transfer,paid
ORD0013404,klarna,paid
ORD0013405,klarna,paid
ORD0013406,credit_card,paid
ORD0013407,apple_pay,paid
ORD0013408,paypal,paid
ORD0013409,credit_card,paid
ORD0013410,paypal,paid
ORD0013411,klarna,paid
ORD0013412,credit_card,paid
ORD0013413,paypal,paid
ORD0013414,credit_card,refunded
ORD0013415,credit_card,paid
ORD0013416,credit_card,paid
ORD0013417,credit_card,paid
ORD0013418,klarna,paid
ORD0013419,credit_card,refunded
ORD0013420,credit_card,paid
ORD0013421,klarna,paid
ORD0013422,credit_card,paid
ORD0013423,klarna,paid
ORD0013424,credit_card,paid
ORD0013425,klarna,paid
ORD0013426,credit_card,paid
ORD0013427,credit_card,paid
ORD0013428,credit_card,paid
ORD0013429,paypal,refunded
ORD0013430,paypal,paid
ORD0013431,paypal,paid
ORD0013432,paypal,paid
ORD0013433,credit_card,paid
ORD0013434,klarna,paid
ORD0013435,bank_transfer,paid
ORD0013436,credit_card,paid
ORD0013437,credit_card,paid
ORD0013438,paypal,paid
ORD0013439,credit_card,paid
ORD0013440,paypal,paid
ORD0013441,credit_card,paid
ORD0013442,apple_pay,paid
ORD0013443,credit_card,refunded
ORD0013444,klarna,paid
ORD0013445,credit_card,paid
ORD0013446,paypal,paid
ORD0013447,credit_card,paid
ORD0013448,bank_transfer,paid
ORD0013449,paypal,paid
ORD0013450,credit_card,paid
ORD0013451,paypal,paid
ORD0013452,paypal,paid
ORD0013453,paypal,paid
ORD0013454,credit_card,paid
ORD0013455,klarna,paid
ORD0013456,credit_card,paid
ORD0013457,credit_card,paid
ORD0013458,klarna,paid
ORD0013459,paypal,paid
ORD0013460,credit_card,paid
ORD0013461,credit_card,paid
ORD0013462,paypal,refunded
ORD0013463,credit_card,paid
ORD0013464,klarna,paid
ORD0013465,klarna,paid
ORD0013466,credit_card,paid
ORD0013467,paypal,paid
ORD0013468,apple_pay,paid
ORD0013469,credit_card,paid
ORD0013470,klarna,refunded
ORD0013471,klarna,paid
ORD0013472,credit_card,paid
ORD0013473,klarna,paid
ORD0013474,credit_card,refunded
ORD0013475,credit_card,paid
ORD0013476,klarna,paid
ORD0013477,apple_pay,paid
ORD0013478,paypal,paid
ORD0013479,credit_card,paid
ORD0013480,klarna,paid
ORD0013481,paypal,paid
ORD0013482,paypal,paid
ORD0013483,klarna,refunded
ORD0013484,klarna,refunded
ORD0013485,credit_card,paid
ORD0013486,klarna,refunded
ORD0013487,paypal,paid
ORD0013488,credit_card,paid
ORD0013489,paypal,paid
ORD0013490,credit_card,paid
ORD0013491,klarna,paid
ORD0013492,apple_pay,paid
ORD0013493,apple_pay,paid
ORD0013494,credit_card,paid
ORD0013495,apple_pay,paid
ORD0013496,apple_pay,paid
ORD0013497,apple_pay,paid
ORD0013498,credit_card,refunded
ORD0013499,klarna,paid
ORD0013500,paypal,refunded
ORD0013501,credit_card,paid
ORD0013502,paypal,paid
ORD0013503,paypal,paid
ORD0013504,klarna,paid
ORD0013505,credit_card,paid
ORD0013506,paypal,paid
ORD0013507,paypal,paid
ORD0013508,credit_card,paid
ORD0013509,paypal,paid
ORD0013510,paypal,paid
ORD0013511,credit_card,paid
ORD0013512,paypal,paid
ORD0013513,bank_transfer,paid
ORD0013514,paypal,paid
ORD0013515,credit_card,paid
ORD0013516,klarna,paid
ORD0013517,credit_card,paid
ORD0013518,paypal,paid
ORD0013519,apple_pay,paid
ORD0013520,credit_card,paid
ORD0013521,credit_card,refunded
ORD0013522,klarna,paid
ORD0013523,paypal,paid
ORD0013524,paypal,paid
ORD0013525,klarna,paid
ORD0013526,credit_card,paid
ORD0013527,credit_card,paid
ORD0013528,credit_card,paid
ORD0013529,credit_card,paid
ORD0013530,paypal,paid
ORD0013531,bank_transfer,paid
ORD0013532,credit_card,paid
ORD0013533,apple_pay,paid
ORD0013534,credit_card,refunded
ORD0013535,klarna,paid
ORD0013536,paypal,paid
ORD0013537,credit_card,paid
ORD0013538,credit_card,paid
ORD0013539,credit_card,paid
ORD0013540,paypal,paid
ORD0013541,bank_transfer,paid
ORD0013542,klarna,paid
ORD0013543,paypal,paid
ORD0013544,credit_card,refunded
ORD0013545,apple_pay,paid
ORD0013546,credit_card,paid
ORD0013547,paypal,paid
ORD0013548,paypal,paid
ORD0013549,paypal,paid
ORD0013550,credit_card,paid
ORD0013551,klarna,paid
ORD0013552,paypal,paid
ORD0013553,credit_card,paid
ORD0013554,credit_card,refunded
ORD0013555,credit_card,paid
ORD0013556,klarna,paid
ORD0013557,credit_card,paid
ORD0013558,credit_card,paid
ORD0013559,klarna,paid
ORD0013560,klarna,paid
ORD0013561,paypal,paid
ORD0013562,bank_transfer,refunded
ORD0013563,credit_card,paid
ORD0013564,paypal,paid
ORD0013565,apple_pay,refunded
ORD0013566,paypal,paid
ORD0013567,credit_card,paid
ORD0013568,klarna,paid
ORD0013569,paypal,paid
ORD0013570,credit_card,paid
ORD0013571,credit_card,paid
ORD0013572,paypal,paid
ORD0013573,paypal,refunded
ORD0013574,klarna,paid
ORD0013575,paypal,paid
ORD0013576,klarna,paid
ORD0013577,credit_card,paid
ORD0013578,paypal,paid
ORD0013579,paypal,paid
ORD0013580,bank_transfer,paid
ORD0013581,credit_card,paid
ORD0013582,paypal,paid
ORD0013583,apple_pay,paid
ORD0013584,klarna,refunded
ORD0013585,paypal,paid
ORD0013586,credit_card,refunded
ORD0013587,paypal,refunded
ORD0013588,credit_card,refunded
ORD0013589,credit_card,paid
ORD0013590,credit_card,refunded
ORD0013591,paypal,paid
ORD0013592,apple_pay,paid
ORD0013593,credit_card,paid
ORD0013594,klarna,refunded
ORD0013595,paypal,paid
ORD0013596,apple_pay,paid
ORD0013597,credit_card,paid
ORD0013598,credit_card,paid
ORD0013599,credit_card,paid
ORD0013600,credit_card,paid
ORD0013601,credit_card,paid
ORD0013602,credit_card,paid
ORD0013603,klarna,paid
ORD0013604,paypal,refunded
ORD0013605,klarna,paid
ORD0013606,credit_card,paid
ORD0013607,credit_card,paid
ORD0013608,credit_card,paid
ORD0013609,credit_card,paid
ORD0013610,credit_card,paid
ORD0013611,paypal,paid
ORD0013612,credit_card,paid
ORD0013613,credit_card,paid
ORD0013614,credit_card,paid
ORD0013615,credit_card,paid
ORD0013616,paypal,refunded
ORD0013617,credit_card,paid
ORD0013618,credit_card,paid
ORD0013619,credit_card,paid
ORD0013620,credit_card,paid
ORD0013621,credit_card,paid
ORD0013622,klarna,paid
ORD0013623,credit_card,paid
ORD0013624,credit_card,paid
ORD0013625,credit_card,paid
ORD0013626,credit_card,paid
ORD0013627,credit_card,paid
ORD0013628,paypal,paid
ORD0013629,paypal,paid
ORD0013630,credit_card,paid
ORD0013631,klarna,paid
ORD0013632,paypal,paid
ORD0013633,paypal,refunded
ORD0013634,credit_card,paid
ORD0013635,credit_card,paid
ORD0013636,credit_card,paid
ORD0013637,credit_card,paid
ORD0013638,credit_card,paid
ORD0013639,bank_transfer,paid
ORD0013640,credit_card,paid
ORD0013641,apple_pay,paid
ORD0013642,klarna,paid
ORD0013643,klarna,paid
ORD0013644,credit_card,paid
ORD0013645,klarna,paid
ORD0013646,klarna,paid
ORD0013647,paypal,paid
ORD0013648,paypal,paid
ORD0013649,paypal,paid
ORD0013650,paypal,paid
ORD0013651,credit_card,paid
ORD0013652,paypal,paid
ORD0013653,credit_card,paid
ORD0013654,credit_card,paid
ORD0013655,bank_transfer,paid
ORD0013656,credit_card,paid
ORD0013657,paypal,paid
ORD0013658,credit_card,paid
ORD0013659,credit_card,refunded
ORD0013660,paypal,paid
ORD0013661,apple_pay,paid
ORD0013662,credit_card,paid
ORD0013663,apple_pay,paid
ORD0013664,paypal,paid
ORD0013665,paypal,paid
ORD0013666,apple_pay,paid
ORD0013667,credit_card,paid
ORD0013668,credit_card,paid
ORD0013669,paypal,paid
ORD0013670,credit_card,paid
ORD0013671,klarna,paid
ORD0013672,credit_card,paid
ORD0013673,paypal,paid
ORD0013674,paypal,paid
ORD0013675,credit_card,paid
ORD0013676,credit_card,paid
ORD0013677,credit_card,paid
ORD0013678,credit_card,paid
ORD0013679,bank_transfer,paid
ORD0013680,credit_card,paid
ORD0013681,bank_transfer,paid
ORD0013682,credit_card,paid
ORD0013683,credit_card,paid
ORD0013684,apple_pay,paid
ORD0013685,bank_transfer,paid
ORD0013686,credit_card,paid
ORD0013687,apple_pay,paid
ORD0013688,paypal,paid
ORD0013689,credit_card,paid
ORD0013690,klarna,paid
ORD0013691,klarna,paid
ORD0013692,klarna,paid
ORD0013693,klarna,paid
ORD0013694,klarna,paid
ORD0013695,apple_pay,paid
ORD0013696,credit_card,paid
ORD0013697,paypal,paid
ORD0013698,klarna,paid
ORD0013699,paypal,paid
ORD0013700,credit_card,paid
ORD0013701,bank_transfer,paid
ORD0013702,apple_pay,paid
ORD0013703,credit_card,paid
ORD0013704,credit_card,paid
ORD0013705,credit_card,paid
ORD0013706,credit_card,paid
ORD0013707,credit_card,paid
ORD0013708,bank_transfer,paid
ORD0013709,paypal,paid
ORD0013710,paypal,paid
ORD0013711,klarna,paid
ORD0013712,paypal,paid
ORD0013713,paypal,paid
ORD0013714,paypal,paid
ORD0013715,credit_card,paid
ORD0013716,apple_pay,paid
ORD0013717,klarna,paid
ORD0013718,paypal,paid
ORD0013719,apple_pay,paid
ORD0013720,credit_card,paid
ORD0013721,credit_card,paid
ORD0013722,credit_card,paid
ORD0013723,klarna,paid
ORD0013724,paypal,paid
ORD0013725,bank_transfer,paid
ORD0013726,credit_card,paid
ORD0013727,credit_card,paid
ORD0013728,apple_pay,paid
ORD0013729,paypal,paid
ORD0013730,klarna,paid
ORD0013731,credit_card,paid
ORD0013732,paypal,refunded
ORD0013733,credit_card,paid
ORD0013734,klarna,paid
ORD0013735,credit_card,paid
ORD0013736,credit_card,paid
ORD0013737,apple_pay,paid
ORD0013738,credit_card,paid
ORD0013739,credit_card,paid
ORD0013740,credit_card,paid
ORD0013741,apple_pay,paid
ORD0013742,credit_card,paid
ORD0013743,credit_card,paid
ORD0013744,credit_card,refunded
ORD0013745,credit_card,paid
ORD0013746,credit_card,paid
ORD0013747,paypal,refunded
ORD0013748,paypal,paid
ORD0013749,paypal,paid
ORD0013750,paypal,paid
ORD0013751,klarna,paid
ORD0013752,paypal,paid
ORD0013753,credit_card,paid
ORD0013754,klarna,paid
ORD0013755,credit_card,paid
ORD0013756,paypal,paid
ORD0013757,paypal,paid
ORD0013758,credit_card,paid
ORD0013759,paypal,paid
ORD0013760,paypal,paid
ORD0013761,credit_card,paid
ORD0013762,paypal,paid
ORD0013763,credit_card,paid
ORD0013764,credit_card,paid
ORD0013765,klarna,refunded
ORD0013766,credit_card,paid
ORD0013767,apple_pay,paid
ORD0013768,klarna,paid
ORD0013769,klarna,refunded
ORD0013770,credit_card,paid
ORD0013771,paypal,paid
ORD0013772,credit_card,paid
ORD0013773,paypal,paid
ORD0013774,klarna,paid
ORD0013775,paypal,paid
ORD0013776,paypal,paid
ORD0013777,klarna,paid
ORD0013778,paypal,paid
ORD0013779,klarna,paid
ORD0013780,credit_card,paid
ORD0013781,paypal,paid
ORD0013782,credit_card,paid
ORD0013783,apple_pay,paid
ORD0013784,klarna,paid
ORD0013785,paypal,paid
ORD0013786,paypal,paid
ORD0013787,credit_card,paid
ORD0013788,credit_card,paid
ORD0013789,paypal,paid
ORD0013790,apple_pay,paid
ORD0013791,credit_card,paid
ORD0013792,credit_card,paid
ORD0013793,credit_card,paid
ORD0013794,paypal,paid
ORD0013795,paypal,paid
ORD0013796,apple_pay,paid
ORD0013797,credit_card,paid
ORD0013798,credit_card,paid
ORD0013799,credit_card,refunded
ORD0013800,bank_transfer,paid
ORD0013801,paypal,paid
ORD0013802,credit_card,paid
ORD0013803,credit_card,paid
ORD0013804,paypal,paid
ORD0013805,credit_card,paid
ORD0013806,paypal,paid
ORD0013807,credit_card,paid
ORD0013808,paypal,paid
ORD0013809,credit_card,paid
ORD0013810,paypal,paid
ORD0013811,klarna,paid
ORD0013812,credit_card,paid
ORD0013813,credit_card,paid
ORD0013814,credit_card,paid
ORD0013815,klarna,paid
ORD0013816,paypal,paid
ORD0013817,credit_card,paid
ORD0013818,credit_card,paid
ORD0013819,paypal,paid
ORD0013820,klarna,paid
ORD0013821,paypal,paid
ORD0013822,klarna,refunded
ORD0013823,paypal,paid
ORD0013824,credit_card,paid
ORD0013825,apple_pay,paid
ORD0013826,credit_card,paid
ORD0013827,credit_card,paid
ORD0013828,apple_pay,paid
ORD0013829,paypal,paid
ORD0013830,paypal,paid
ORD0013831,credit_card,paid
ORD0013832,paypal,paid
ORD0013833,paypal,paid
ORD0013834,credit_card,paid
ORD0013835,klarna,paid
ORD0013836,paypal,paid
ORD0013837,apple_pay,paid
ORD0013838,bank_transfer,paid
ORD0013839,credit_card,paid
ORD0013840,credit_card,paid
ORD0013841,paypal,paid
ORD0013842,klarna,paid
ORD0013843,credit_card,paid
ORD0013844,klarna,paid
ORD0013845,klarna,refunded
ORD0013846,credit_card,paid
ORD0013847,paypal,paid
ORD0013848,credit_card,paid
ORD0013849,klarna,paid
ORD0013850,credit_card,paid
ORD0013851,paypal,paid
ORD0013852,credit_card,paid
ORD0013853,credit_card,refunded
ORD0013854,klarna,paid
ORD0013855,paypal,paid
ORD0013856,klarna,paid
ORD0013857,paypal,paid
ORD0013858,klarna,paid
ORD0013859,paypal,paid
ORD0013860,klarna,paid
ORD0013861,credit_card,paid
ORD0013862,klarna,paid
ORD0013863,credit_card,paid
ORD0013864,paypal,paid
ORD0013865,credit_card,paid
ORD0013866,paypal,paid
ORD0013867,klarna,paid
ORD0013868,credit_card,paid
ORD0013869,paypal,paid
ORD0013870,credit_card,paid
ORD0013871,credit_card,paid
ORD0013872,credit_card,paid
ORD0013873,credit_card,paid
ORD0013874,credit_card,paid
ORD0013875,paypal,paid
ORD0013876,klarna,paid
ORD0013877,klarna,paid
ORD0013878,klarna,paid
ORD0013879,paypal,paid
ORD0013880,credit_card,paid
ORD0013881,bank_transfer,paid
ORD0013882,paypal,paid
ORD0013883,credit_card,paid
ORD0013884,credit_card,paid
ORD0013885,credit_card,paid
ORD0013886,credit_card,paid
ORD0013887,paypal,paid
ORD0013888,credit_card,paid
ORD0013889,credit_card,paid
ORD0013890,credit_card,paid
ORD0013891,credit_card,paid
ORD0013892,apple_pay,refunded
ORD0013893,credit_card,paid
ORD0013894,credit_card,paid
ORD0013895,paypal,paid
ORD0013896,credit_card,paid
ORD0013897,klarna,paid
ORD0013898,credit_card,paid
ORD0013899,credit_card,paid
ORD0013900,apple_pay,paid
ORD0013901,credit_card,paid
ORD0013902,credit_card,paid
ORD0013903,klarna,paid
ORD0013904,paypal,paid
ORD0013905,credit_card,refunded
ORD0013906,apple_pay,paid
ORD0013907,paypal,paid
ORD0013908,klarna,paid
ORD0013909,credit_card,paid
ORD0013910,credit_card,paid
ORD0013911,klarna,paid
ORD0013912,klarna,paid
ORD0013913,credit_card,paid
ORD0013914,klarna,paid
ORD0013915,apple_pay,paid
ORD0013916,apple_pay,paid
ORD0013917,credit_card,paid
ORD0013918,credit_card,paid
ORD0013919,credit_card,paid
ORD0013920,klarna,paid
ORD0013921,paypal,paid
ORD0013922,apple_pay,paid
ORD0013923,credit_card,paid
ORD0013924,credit_card,refunded
ORD0013925,credit_card,paid
ORD0013926,paypal,paid
ORD0013927,klarna,paid
ORD0013928,credit_card,paid
ORD0013929,apple_pay,paid
ORD0013930,credit_card,paid
ORD0013931,paypal,paid
ORD0013932,paypal,paid
ORD0013933,paypal,paid
ORD0013934,klarna,paid
ORD0013935,klarna,paid
ORD0013936,credit_card,paid
ORD0013937,credit_card,paid
ORD0013938,paypal,paid
ORD0013939,credit_card,paid
ORD0013940,paypal,paid
ORD0013941,credit_card,paid
ORD0013942,credit_card,paid
ORD0013943,paypal,paid
ORD0013944,paypal,paid
ORD0013945,credit_card,paid
ORD0013946,credit_card,paid
ORD0013947,paypal,refunded
ORD0013948,paypal,paid
ORD0013949,credit_card,paid
ORD0013950,apple_pay,paid
ORD0013951,paypal,paid
ORD0013952,paypal,paid
ORD0013953,klarna,paid
ORD0013954,apple_pay,paid
ORD0013955,credit_card,paid
ORD0013956,credit_card,paid
ORD0013957,credit_card,paid
ORD0013958,klarna,paid
ORD0013959,klarna,paid
ORD0013960,paypal,paid
ORD0013961,klarna,paid
ORD0013962,credit_card,paid
ORD0013963,paypal,paid
ORD0013964,klarna,paid
ORD0013965,credit_card,paid
ORD0013966,klarna,paid
ORD0013967,credit_card,paid
ORD0013968,credit_card,paid
ORD0013969,paypal,paid
ORD0013970,credit_card,paid
ORD0013971,klarna,paid
ORD0013972,credit_card,paid
ORD0013973,credit_card,paid
ORD0013974,credit_card,paid
ORD0013975,paypal,paid
ORD0013976,paypal,paid
ORD0013977,credit_card,paid
ORD0013978,credit_card,paid
ORD0013979,apple_pay,paid
ORD0013980,apple_pay,paid
ORD0013981,credit_card,paid
ORD0013982,paypal,paid
ORD0013983,apple_pay,paid
ORD0013984,credit_card,paid
ORD0013985,credit_card,paid
ORD0013986,paypal,paid
ORD0013987,klarna,paid
ORD0013988,klarna,paid
ORD0013989,credit_card,refunded
ORD0013990,credit_card,paid
ORD0013991,credit_card,refunded
ORD0013992,paypal,paid
ORD0013993,apple_pay,refunded
ORD0013994,credit_card,paid
ORD0013995,credit_card,paid
ORD0013996,paypal,paid
ORD0013997,credit_card,paid
ORD0013998,paypal,paid
ORD0013999,paypal,paid
ORD0014000,klarna,refunded
ORD0014001,paypal,paid
ORD0014002,apple_pay,paid
ORD0014003,apple_pay,paid
ORD0014004,apple_pay,paid
ORD0014005,credit_card,paid
ORD0014006,apple_pay,paid
ORD0014007,apple_pay,paid
ORD0014008,paypal,paid
ORD0014009,paypal,paid
ORD0014010,paypal,paid
ORD0014011,paypal,paid
ORD0014012,credit_card,refunded
ORD0014013,credit_card,paid
ORD0014014,klarna,paid
ORD0014015,bank_transfer,paid
ORD0014016,credit_card,paid
ORD0014017,klarna,paid
ORD0014018,paypal,paid
ORD0014019,klarna,paid
ORD0014020,paypal,paid
ORD0014021,paypal,paid
ORD0014022,paypal,paid
ORD0014023,credit_card,paid
ORD0014024,credit_card,paid
ORD0014025,apple_pay,paid
ORD0014026,apple_pay,paid
ORD0014027,apple_pay,paid
ORD0014028,paypal,paid
ORD0014029,credit_card,paid
ORD0014030,credit_card,paid
ORD0014031,credit_card,paid
ORD0014032,paypal,paid
ORD0014033,paypal,paid
ORD0014034,credit_card,paid
ORD0014035,credit_card,paid
ORD0014036,paypal,paid
ORD0014037,paypal,refunded
ORD0014038,klarna,paid
ORD0014039,credit_card,paid
ORD0014040,credit_card,paid
ORD0014041,credit_card,paid
ORD0014042,paypal,paid
ORD0014043,credit_card,paid
ORD0014044,credit_card,refunded
ORD0014045,credit_card,paid
ORD0014046,credit_card,paid
ORD0014047,apple_pay,paid
ORD0014048,credit_card,paid
ORD0014049,bank_transfer,paid
ORD0014050,bank_transfer,paid
ORD0014051,bank_transfer,paid
ORD0014052,credit_card,paid
ORD0014053,credit_card,paid
ORD0014054,credit_card,paid
ORD0014055,paypal,paid
ORD0014056,paypal,paid
ORD0014057,paypal,paid
ORD0014058,credit_card,paid
ORD0014059,paypal,paid
ORD0014060,apple_pay,paid
ORD0014061,bank_transfer,paid
ORD0014062,apple_pay,paid
ORD0014063,klarna,paid
ORD0014064,credit_card,paid
ORD0014065,credit_card,paid
ORD0014066,paypal,refunded
ORD0014067,paypal,paid
ORD0014068,credit_card,paid
ORD0014069,klarna,paid
ORD0014070,credit_card,paid
ORD0014071,credit_card,paid
ORD0014072,paypal,paid
ORD0014073,credit_card,paid
ORD0014074,paypal,paid
ORD0014075,paypal,paid
ORD0014076,credit_card,paid
ORD0014077,credit_card,paid
ORD0014078,klarna,paid
ORD0014079,paypal,paid
ORD0014080,paypal,paid
ORD0014081,credit_card,paid
ORD0014082,paypal,paid
ORD0014083,paypal,refunded
ORD0014084,klarna,paid
ORD0014085,credit_card,paid
ORD0014086,bank_transfer,paid
ORD0014087,bank_transfer,paid
ORD0014088,credit_card,refunded
ORD0014089,paypal,paid
ORD0014090,bank_transfer,paid
ORD0014091,apple_pay,paid
ORD0014092,credit_card,paid
ORD0014093,bank_transfer,paid
ORD0014094,klarna,paid
ORD0014095,credit_card,paid
ORD0014096,credit_card,paid
ORD0014097,credit_card,paid
ORD0014098,credit_card,paid
ORD0014099,credit_card,paid
ORD0014100,apple_pay,paid
ORD0014101,paypal,paid
ORD0014102,apple_pay,paid
ORD0014103,paypal,refunded
ORD0014104,bank_transfer,paid
ORD0014105,paypal,paid
ORD0014106,klarna,paid
ORD0014107,bank_transfer,paid
ORD0014108,credit_card,paid
ORD0014109,credit_card,refunded
ORD0014110,credit_card,paid
ORD0014111,klarna,paid
ORD0014112,apple_pay,paid
ORD0014113,credit_card,paid
ORD0014114,credit_card,paid
ORD0014115,paypal,paid
ORD0014116,credit_card,paid
ORD0014117,klarna,paid
ORD0014118,credit_card,paid
ORD0014119,credit_card,paid
ORD0014120,credit_card,paid
ORD0014121,credit_card,paid
ORD0014122,apple_pay,paid
ORD0014123,credit_card,paid
ORD0014124,paypal,paid
ORD0014125,paypal,paid
ORD0014126,credit_card,paid
ORD0014127,klarna,paid
ORD0014128,credit_card,paid
ORD0014129,paypal,paid
ORD0014130,credit_card,paid
ORD0014131,klarna,paid
ORD0014132,credit_card,paid
ORD0014133,credit_card,paid
ORD0014134,apple_pay,paid
ORD0014135,credit_card,paid
ORD0014136,credit_card,paid
ORD0014137,apple_pay,paid
ORD0014138,credit_card,paid
ORD0014139,paypal,paid
ORD0014140,bank_transfer,paid
ORD0014141,apple_pay,paid
ORD0014142,credit_card,paid
ORD0014143,klarna,paid
ORD0014144,bank_transfer,paid
ORD0014145,apple_pay,paid
ORD0014146,credit_card,paid
ORD0014147,credit_card,refunded
ORD0014148,credit_card,paid
ORD0014149,paypal,paid
ORD0014150,klarna,refunded
ORD0014151,paypal,paid
ORD0014152,klarna,paid
ORD0014153,paypal,paid
ORD0014154,paypal,paid
ORD0014155,bank_transfer,paid
ORD0014156,credit_card,paid
ORD0014157,klarna,paid
ORD0014158,apple_pay,paid
ORD0014159,credit_card,paid
ORD0014160,klarna,paid
ORD0014161,klarna,paid
ORD0014162,klarna,paid
ORD0014163,credit_card,refunded
ORD0014164,credit_card,paid
ORD0014165,paypal,paid
ORD0014166,klarna,paid
ORD0014167,apple_pay,paid
ORD0014168,apple_pay,paid
ORD0014169,credit_card,paid
ORD0014170,paypal,refunded
ORD0014171,paypal,paid
ORD0014172,paypal,paid
ORD0014173,credit_card,paid
ORD0014174,credit_card,refunded
ORD0014175,credit_card,paid
ORD0014176,paypal,paid
ORD0014177,credit_card,paid
ORD0014178,apple_pay,paid
ORD0014179,klarna,paid
ORD0014180,apple_pay,paid
ORD0014181,paypal,paid
ORD0014182,credit_card,paid
ORD0014183,apple_pay,paid
ORD0014184,credit_card,paid
ORD0014185,credit_card,paid
ORD0014186,credit_card,paid
ORD0014187,apple_pay,paid
ORD0014188,paypal,paid
ORD0014189,credit_card,paid
ORD0014190,credit_card,paid
ORD0014191,bank_transfer,paid
ORD0014192,credit_card,paid
ORD0014193,credit_card,paid
ORD0014194,klarna,paid
ORD0014195,credit_card,paid
ORD0014196,credit_card,paid
ORD0014197,credit_card,paid
ORD0014198,paypal,paid
ORD0014199,klarna,paid
ORD0014200,credit_card,paid
ORD0014201,klarna,paid
ORD0014202,klarna,paid
ORD0014203,apple_pay,paid
ORD0014204,credit_card,paid
ORD0014205,klarna,paid
ORD0014206,klarna,refunded
ORD0014207,credit_card,paid
ORD0014208,credit_card,paid
ORD0014209,apple_pay,paid
ORD0014210,credit_card,paid
ORD0014211,paypal,paid
ORD0014212,credit_card,paid
ORD0014213,credit_card,paid
ORD0014214,paypal,paid
ORD0014215,credit_card,paid
ORD0014216,paypal,paid
ORD0014217,paypal,paid
ORD0014218,klarna,paid
ORD0014219,credit_card,paid
ORD0014220,paypal,paid
ORD0014221,paypal,refunded
ORD0014222,klarna,paid
ORD0014223,klarna,paid
ORD0014224,klarna,paid
ORD0014225,apple_pay,paid
ORD0014226,paypal,paid
ORD0014227,paypal,paid
ORD0014228,credit_card,paid
ORD0014229,credit_card,paid
ORD0014230,credit_card,paid
ORD0014231,credit_card,paid
ORD0014232,klarna,refunded
ORD0014233,klarna,paid
ORD0014234,credit_card,paid
ORD0014235,paypal,paid
ORD0014236,paypal,paid
ORD0014237,apple_pay,paid
ORD0014238,bank_transfer,paid
ORD0014239,credit_card,paid
ORD0014240,paypal,paid
ORD0014241,credit_card,paid
ORD0014242,credit_card,paid
ORD0014243,credit_card,paid
ORD0014244,credit_card,paid
ORD0014245,paypal,paid
ORD0014246,credit_card,paid
ORD0014247,paypal,paid
ORD0014248,paypal,paid
ORD0014249,credit_card,paid
ORD0014250,paypal,paid
ORD0014251,paypal,paid
ORD0014252,credit_card,paid
ORD0014253,credit_card,paid
ORD0014254,credit_card,paid
ORD0014255,credit_card,paid
ORD0014256,credit_card,paid
ORD0014257,credit_card,paid
ORD0014258,credit_card,paid
ORD0014259,paypal,paid
ORD0014260,paypal,paid
ORD0014261,klarna,paid
ORD0014262,klarna,paid
ORD0014263,credit_card,paid
ORD0014264,paypal,paid
ORD0014265,paypal,paid
ORD0014266,paypal,refunded
ORD0014267,klarna,paid
ORD0014268,credit_card,paid
ORD0014269,credit_card,paid
ORD0014270,credit_card,paid
ORD0014271,bank_transfer,paid
ORD0014272,credit_card,paid
ORD0014273,paypal,paid
ORD0014274,paypal,paid
ORD0014275,bank_transfer,paid
ORD0014276,paypal,paid
ORD0014277,apple_pay,paid
ORD0014278,klarna,paid
ORD0014279,paypal,paid
ORD0014280,paypal,paid
ORD0014281,credit_card,paid
ORD0014282,credit_card,paid
ORD0014283,apple_pay,paid
ORD0014284,paypal,paid
ORD0014285,credit_card,paid
ORD0014286,apple_pay,paid
ORD0014287,credit_card,paid
ORD0014288,paypal,paid
ORD0014289,credit_card,paid
ORD0014290,paypal,paid
ORD0014291,paypal,paid
ORD0014292,klarna,paid
ORD0014293,credit_card,paid
ORD0014294,paypal,paid
ORD0014295,paypal,paid
ORD0014296,paypal,paid
ORD0014297,credit_card,paid
ORD0014298,paypal,paid
ORD0014299,paypal,paid
ORD0014300,paypal,paid
ORD0014301,bank_transfer,paid
ORD0014302,credit_card,paid
ORD0014303,credit_card,paid
ORD0014304,klarna,paid
ORD0014305,klarna,paid
ORD0014306,klarna,paid
ORD0014307,credit_card,refunded
ORD0014308,paypal,paid
ORD0014309,credit_card,paid
ORD0014310,credit_card,paid
ORD0014311,credit_card,paid
ORD0014312,paypal,paid
ORD0014313,credit_card,paid
ORD0014314,paypal,paid
ORD0014315,apple_pay,paid
ORD0014316,credit_card,paid
ORD0014317,apple_pay,paid
ORD0014318,klarna,paid
ORD0014319,apple_pay,paid
ORD0014320,paypal,paid
ORD0014321,credit_card,paid
ORD0014322,credit_card,paid
ORD0014323,apple_pay,paid
ORD0014324,klarna,paid
ORD0014325,credit_card,paid
ORD0014326,apple_pay,paid
ORD0014327,credit_card,paid
ORD0014328,credit_card,paid
ORD0014329,paypal,paid
ORD0014330,apple_pay,paid
ORD0014331,paypal,paid
ORD0014332,credit_card,paid
ORD0014333,credit_card,paid
ORD0014334,credit_card,paid
ORD0014335,klarna,paid
ORD0014336,credit_card,paid
ORD0014337,apple_pay,paid
ORD0014338,credit_card,paid
ORD0014339,apple_pay,paid
ORD0014340,credit_card,paid
ORD0014341,klarna,paid
ORD0014342,klarna,paid
ORD0014343,apple_pay,paid
ORD0014344,apple_pay,paid
ORD0014345,credit_card,paid
ORD0014346,klarna,paid
ORD0014347,credit_card,paid
ORD0014348,credit_card,paid
ORD0014349,credit_card,paid
ORD0014350,apple_pay,paid
ORD0014351,credit_card,paid
ORD0014352,apple_pay,paid
ORD0014353,apple_pay,paid
ORD0014354,credit_card,paid
ORD0014355,credit_card,paid
ORD0014356,apple_pay,paid
ORD0014357,paypal,paid
ORD0014358,paypal,paid
ORD0014359,credit_card,paid
ORD0014360,paypal,paid
ORD0014361,credit_card,paid
ORD0014362,credit_card,paid
ORD0014363,paypal,paid
ORD0014364,credit_card,refunded
ORD0014365,bank_transfer,paid
ORD0014366,bank_transfer,paid
ORD0014367,credit_card,paid
ORD0014368,klarna,paid
ORD0014369,klarna,paid
ORD0014370,apple_pay,paid
ORD0014371,klarna,paid
ORD0014372,paypal,paid
ORD0014373,bank_transfer,refunded
ORD0014374,paypal,paid
ORD0014375,klarna,paid
ORD0014376,apple_pay,paid
ORD0014377,klarna,paid
ORD0014378,apple_pay,paid
ORD0014379,credit_card,paid
ORD0014380,apple_pay,paid
ORD0014381,credit_card,paid
ORD0014382,bank_transfer,paid
ORD0014383,paypal,paid
ORD0014384,credit_card,paid
ORD0014385,paypal,paid
ORD0014386,credit_card,refunded
ORD0014387,credit_card,paid
ORD0014388,apple_pay,paid
ORD0014389,paypal,paid
ORD0014390,paypal,paid
ORD0014391,paypal,paid
ORD0014392,credit_card,paid
ORD0014393,paypal,paid
ORD0014394,credit_card,paid
ORD0014395,klarna,paid
ORD0014396,paypal,paid
ORD0014397,klarna,paid
ORD0014398,credit_card,paid
ORD0014399,paypal,paid
ORD0014400,credit_card,refunded
ORD0014401,credit_card,paid
ORD0014402,paypal,paid
ORD0014403,credit_card,paid
ORD0014404,paypal,paid
ORD0014405,paypal,paid
ORD0014406,apple_pay,paid
ORD0014407,paypal,paid
ORD0014408,credit_card,paid
ORD0014409,credit_card,paid
ORD0014410,credit_card,paid
ORD0014411,paypal,paid
ORD0014412,credit_card,paid
ORD0014413,paypal,paid
ORD0014414,bank_transfer,paid
ORD0014415,klarna,paid
ORD0014416,klarna,paid
ORD0014417,paypal,paid
ORD0014418,paypal,refunded
ORD0014419,credit_card,paid
ORD0014420,credit_card,paid
ORD0014421,paypal,paid
ORD0014422,apple_pay,paid
ORD0014423,paypal,paid
ORD0014424,credit_card,paid
ORD0014425,credit_card,paid
ORD0014426,credit_card,paid
ORD0014427,credit_card,paid
ORD0014428,credit_card,refunded
ORD0014429,bank_transfer,paid
ORD0014430,paypal,paid
ORD0014431,credit_card,paid
ORD0014432,credit_card,paid
ORD0014433,bank_transfer,paid
ORD0014434,credit_card,paid
ORD0014435,credit_card,paid
ORD0014436,credit_card,paid
ORD0014437,paypal,paid
ORD0014438,credit_card,paid
ORD0014439,credit_card,paid
ORD0014440,paypal,paid
ORD0014441,credit_card,paid
ORD0014442,paypal,paid
ORD0014443,apple_pay,paid
ORD0014444,paypal,paid
ORD0014445,paypal,paid
ORD0014446,credit_card,paid
ORD0014447,klarna,paid
ORD0014448,apple_pay,paid
ORD0014449,apple_pay,paid
ORD0014450,credit_card,refunded
ORD0014451,paypal,paid
ORD0014452,paypal,paid
ORD0014453,paypal,paid
ORD0014454,klarna,paid
ORD0014455,klarna,paid
ORD0014456,credit_card,paid
ORD0014457,klarna,paid
ORD0014458,bank_transfer,paid
ORD0014459,credit_card,paid
ORD0014460,paypal,paid
ORD0014461,apple_pay,paid
ORD0014462,klarna,paid
ORD0014463,credit_card,paid
ORD0014464,credit_card,refunded
ORD0014465,paypal,paid
ORD0014466,credit_card,paid
ORD0014467,credit_card,paid
ORD0014468,paypal,paid
ORD0014469,klarna,paid
ORD0014470,credit_card,paid
ORD0014471,credit_card,paid
ORD0014472,credit_card,paid
ORD0014473,apple_pay,paid
ORD0014474,credit_card,paid
ORD0014475,klarna,paid
ORD0014476,paypal,paid
ORD0014477,credit_card,paid
ORD0014478,credit_card,paid
ORD0014479,apple_pay,paid
ORD0014480,paypal,paid
ORD0014481,bank_transfer,paid
ORD0014482,paypal,paid
ORD0014483,credit_card,paid
ORD0014484,paypal,paid
ORD0014485,klarna,paid
ORD0014486,apple_pay,paid
ORD0014487,credit_card,paid
ORD0014488,credit_card,paid
ORD0014489,paypal,paid
ORD0014490,bank_transfer,paid
ORD0014491,credit_card,paid
ORD0014492,credit_card,paid
ORD0014493,credit_card,paid
ORD0014494,paypal,paid
ORD0014495,credit_card,paid
ORD0014496,credit_card,paid
ORD0014497,credit_card,paid
ORD0014498,credit_card,paid
ORD0014499,credit_card,paid
ORD0014500,credit_card,paid
ORD0014501,bank_transfer,paid
ORD0014502,paypal,refunded
ORD0014503,paypal,paid
ORD0014504,credit_card,paid
ORD0014505,klarna,paid
ORD0014506,credit_card,paid
ORD0014507,paypal,paid
ORD0014508,credit_card,paid
ORD0014509,credit_card,paid
ORD0014510,paypal,paid
ORD0014511,credit_card,paid
ORD0014512,credit_card,paid
ORD0014513,credit_card,paid
ORD0014514,klarna,paid
ORD0014515,credit_card,paid
ORD0014516,credit_card,paid
ORD0014517,credit_card,paid
ORD0014518,apple_pay,paid
ORD0014519,bank_transfer,paid
ORD0014520,credit_card,paid
ORD0014521,paypal,paid
ORD0014522,credit_card,paid
ORD0014523,paypal,paid
ORD0014524,credit_card,refunded
ORD0014525,credit_card,refunded
ORD0014526,paypal,paid
ORD0014527,paypal,paid
ORD0014528,apple_pay,paid
ORD0014529,paypal,paid
ORD0014530,credit_card,paid
ORD0014531,paypal,paid
ORD0014532,credit_card,paid
ORD0014533,credit_card,refunded
ORD0014534,credit_card,paid
ORD0014535,klarna,paid
ORD0014536,credit_card,paid
ORD0014537,credit_card,paid
ORD0014538,credit_card,paid
ORD0014539,paypal,paid
ORD0014540,paypal,paid
ORD0014541,paypal,paid
ORD0014542,apple_pay,paid
ORD0014543,paypal,refunded
ORD0014544,paypal,paid
ORD0014545,apple_pay,paid
ORD0014546,credit_card,refunded
ORD0014547,klarna,paid
ORD0014548,klarna,paid
ORD0014549,klarna,paid
ORD0014550,credit_card,paid
ORD0014551,credit_card,paid
ORD0014552,credit_card,paid
ORD0014553,paypal,paid
ORD0014554,paypal,paid
ORD0014555,paypal,paid
ORD0014556,paypal,paid
ORD0014557,paypal,paid
ORD0014558,klarna,paid
ORD0014559,klarna,paid
ORD0014560,credit_card,paid
ORD0014561,klarna,paid
ORD0014562,apple_pay,paid
ORD0014563,credit_card,paid
ORD0014564,credit_card,paid
ORD0014565,credit_card,paid
ORD0014566,credit_card,paid
ORD0014567,credit_card,paid
ORD0014568,klarna,paid
ORD0014569,apple_pay,paid
ORD0014570,credit_card,paid
ORD0014571,klarna,paid
ORD0014572,credit_card,paid
ORD0014573,paypal,paid
ORD0014574,credit_card,paid
ORD0014575,paypal,paid
ORD0014576,credit_card,paid
ORD0014577,paypal,paid
ORD0014578,credit_card,paid
ORD0014579,apple_pay,paid
ORD0014580,paypal,paid
ORD0014581,credit_card,paid
ORD0014582,credit_card,paid
ORD0014583,klarna,refunded
ORD0014584,credit_card,paid
ORD0014585,credit_card,paid
ORD0014586,klarna,paid
ORD0014587,credit_card,paid
ORD0014588,paypal,paid
ORD0014589,credit_card,paid
ORD0014590,credit_card,paid
ORD0014591,credit_card,paid
ORD0014592,credit_card,paid
ORD0014593,apple_pay,paid
ORD0014594,credit_card,paid
ORD0014595,paypal,paid
ORD0014596,klarna,paid
ORD0014597,klarna,paid
ORD0014598,credit_card,refunded
ORD0014599,paypal,paid
ORD0014600,credit_card,paid
ORD0014601,klarna,paid
ORD0014602,klarna,paid
ORD0014603,klarna,paid
ORD0014604,paypal,paid
ORD0014605,paypal,paid
ORD0014606,paypal,paid
ORD0014607,paypal,paid
ORD0014608,paypal,paid
ORD0014609,credit_card,paid
ORD0014610,credit_card,paid
ORD0014611,credit_card,paid
ORD0014612,credit_card,paid
ORD0014613,klarna,paid
ORD0014614,klarna,paid
ORD0014615,credit_card,paid
ORD0014616,paypal,paid
ORD0014617,credit_card,paid
ORD0014618,credit_card,paid
ORD0014619,credit_card,paid
ORD0014620,credit_card,paid
ORD0014621,apple_pay,paid
ORD0014622,credit_card,paid
ORD0014623,credit_card,paid
ORD0014624,credit_card,paid
ORD0014625,bank_transfer,paid
ORD0014626,bank_transfer,paid
ORD0014627,paypal,paid
ORD0014628,credit_card,paid
ORD0014629,paypal,paid
ORD0014630,bank_transfer,refunded
ORD0014631,credit_card,paid
ORD0014632,paypal,paid
ORD0014633,bank_transfer,paid
ORD0014634,credit_card,paid
ORD0014635,apple_pay,paid
ORD0014636,klarna,paid
ORD0014637,credit_card,paid
ORD0014638,paypal,paid
ORD0014639,credit_card,paid
ORD0014640,klarna,paid
ORD0014641,klarna,paid
ORD0014642,bank_transfer,paid
ORD0014643,apple_pay,refunded
ORD0014644,klarna,paid
ORD0014645,klarna,paid
ORD0014646,credit_card,paid
ORD0014647,bank_transfer,paid
ORD0014648,paypal,paid
ORD0014649,paypal,paid
ORD0014650,credit_card,paid
ORD0014651,paypal,paid
ORD0014652,paypal,paid
ORD0014653,credit_card,paid
ORD0014654,paypal,paid
ORD0014655,klarna,paid
ORD0014656,paypal,paid
ORD0014657,paypal,paid
ORD0014658,apple_pay,paid
ORD0014659,credit_card,paid
ORD0014660,credit_card,paid
ORD0014661,klarna,paid
ORD0014662,credit_card,paid
ORD0014663,credit_card,paid
ORD0014664,credit_card,paid
ORD0014665,paypal,paid
ORD0014666,credit_card,paid
ORD0014667,credit_card,refunded
ORD0014668,credit_card,paid
ORD0014669,credit_card,paid
ORD0014670,credit_card,refunded
ORD0014671,apple_pay,paid
ORD0014672,apple_pay,paid
ORD0014673,credit_card,paid
ORD0014674,credit_card,paid
ORD0014675,credit_card,paid
ORD0014676,paypal,paid
ORD0014677,apple_pay,paid
ORD0014678,apple_pay,paid
ORD0014679,credit_card,paid
ORD0014680,klarna,paid
ORD0014681,credit_card,paid
ORD0014682,credit_card,paid
ORD0014683,klarna,paid
ORD0014684,credit_card,paid
ORD0014685,credit_card,paid
ORD0014686,paypal,paid
ORD0014687,credit_card,paid
ORD0014688,paypal,paid
ORD0014689,klarna,refunded
ORD0014690,credit_card,paid
ORD0014691,credit_card,paid
ORD0014692,credit_card,paid
ORD0014693,klarna,paid
ORD0014694,credit_card,paid
ORD0014695,klarna,paid
ORD0014696,paypal,paid
ORD0014697,credit_card,refunded
ORD0014698,klarna,refunded
ORD0014699,klarna,paid
ORD0014700,paypal,paid
ORD0014701,credit_card,paid
ORD0014702,credit_card,paid
ORD0014703,credit_card,paid
ORD0014704,paypal,paid
ORD0014705,bank_transfer,paid
ORD0014706,credit_card,paid
ORD0014707,paypal,paid
ORD0014708,paypal,paid
ORD0014709,paypal,paid
ORD0014710,credit_card,paid
ORD0014711,credit_card,paid
ORD0014712,paypal,paid
ORD0014713,bank_transfer,refunded
ORD0014714,klarna,paid
ORD0014715,paypal,paid
ORD0014716,credit_card,paid
ORD0014717,paypal,paid
ORD0014718,paypal,paid
ORD0014719,credit_card,paid
ORD0014720,klarna,paid
ORD0014721,credit_card,paid
ORD0014722,credit_card,paid
ORD0014723,paypal,paid
ORD0014724,credit_card,paid
ORD0014725,apple_pay,paid
ORD0014726,paypal,paid
ORD0014727,klarna,paid
ORD0014728,paypal,paid
ORD0014729,paypal,paid
ORD0014730,apple_pay,paid
ORD0014731,credit_card,paid
ORD0014732,credit_card,paid
ORD0014733,credit_card,paid
ORD0014734,credit_card,paid
ORD0014735,credit_card,paid
ORD0014736,credit_card,paid
ORD0014737,paypal,paid
ORD0014738,credit_card,paid
ORD0014739,paypal,paid
ORD0014740,klarna,paid
ORD0014741,credit_card,paid
ORD0014742,credit_card,paid
ORD0014743,apple_pay,refunded
ORD0014744,paypal,paid
ORD0014745,paypal,paid
ORD0014746,apple_pay,paid
ORD0014747,credit_card,paid
ORD0014748,paypal,paid
ORD0014749,credit_card,paid
ORD0014750,credit_card,paid
ORD0014751,credit_card,paid
ORD0014752,klarna,paid
ORD0014753,credit_card,paid
ORD0014754,bank_transfer,paid
ORD0014755,credit_card,paid
ORD0014756,credit_card,paid
ORD0014757,paypal,paid
ORD0014758,paypal,paid
ORD0014759,credit_card,paid
ORD0014760,klarna,paid
ORD0014761,klarna,paid
ORD0014762,bank_transfer,paid
ORD0014763,credit_card,paid
ORD0014764,credit_card,paid
ORD0014765,bank_transfer,refunded
ORD0014766,klarna,refunded
ORD0014767,credit_card,paid
ORD0014768,credit_card,paid
ORD0014769,paypal,refunded
ORD0014770,paypal,paid
ORD0014771,paypal,paid
ORD0014772,credit_card,paid
ORD0014773,credit_card,paid
ORD0014774,klarna,paid
ORD0014775,credit_card,paid
ORD0014776,klarna,paid
ORD0014777,apple_pay,paid
ORD0014778,credit_card,paid
ORD0014779,apple_pay,paid
ORD0014780,credit_card,paid
ORD0014781,credit_card,paid
ORD0014782,credit_card,refunded
ORD0014783,credit_card,paid
ORD0014784,credit_card,paid
ORD0014785,credit_card,paid
ORD0014786,paypal,paid
ORD0014787,bank_transfer,paid
ORD0014788,paypal,paid
ORD0014789,klarna,paid
ORD0014790,credit_card,paid
ORD0014791,paypal,paid
ORD0014792,paypal,refunded
ORD0014793,credit_card,refunded
ORD0014794,credit_card,refunded
ORD0014795,paypal,paid
ORD0014796,credit_card,paid
ORD0014797,credit_card,paid
ORD0014798,credit_card,paid
ORD0014799,credit_card,paid
ORD0014800,paypal,paid
ORD0014801,credit_card,refunded
ORD0014802,bank_transfer,paid
ORD0014803,paypal,paid
ORD0014804,paypal,paid
ORD0014805,credit_card,paid
ORD0014806,paypal,paid
ORD0014807,credit_card,paid
ORD0014808,klarna,paid
ORD0014809,paypal,paid
ORD0014810,paypal,paid
ORD0014811,credit_card,paid
ORD0014812,credit_card,paid
ORD0014813,paypal,paid
ORD0014814,credit_card,paid
ORD0014815,credit_card,paid
ORD0014816,apple_pay,paid
ORD0014817,paypal,paid
ORD0014818,credit_card,paid
ORD0014819,credit_card,paid
ORD0014820,credit_card,paid
ORD0014821,credit_card,paid
ORD0014822,klarna,paid
ORD0014823,klarna,paid
ORD0014824,klarna,paid
ORD0014825,klarna,paid
ORD0014826,credit_card,paid
ORD0014827,paypal,refunded
ORD0014828,credit_card,paid
ORD0014829,paypal,paid
ORD0014830,credit_card,paid
ORD0014831,apple_pay,paid
ORD0014832,credit_card,paid
ORD0014833,apple_pay,paid
ORD0014834,apple_pay,paid
ORD0014835,credit_card,paid
ORD0014836,paypal,paid
ORD0014837,credit_card,paid
ORD0014838,credit_card,paid
ORD0014839,credit_card,paid
ORD0014840,apple_pay,paid
ORD0014841,credit_card,paid
ORD0014842,credit_card,paid
ORD0014843,paypal,paid
ORD0014844,klarna,paid
ORD0014845,credit_card,paid
ORD0014846,credit_card,paid
ORD0014847,paypal,paid
ORD0014848,credit_card,paid
ORD0014849,paypal,paid
ORD0014850,paypal,paid
ORD0014851,paypal,paid
ORD0014852,credit_card,refunded
ORD0014853,credit_card,paid
ORD0014854,credit_card,refunded
ORD0014855,credit_card,paid
ORD0014856,credit_card,paid
ORD0014857,bank_transfer,paid
ORD0014858,paypal,paid
ORD0014859,paypal,refunded
ORD0014860,paypal,paid
ORD0014861,bank_transfer,paid
ORD0014862,klarna,paid
ORD0014863,paypal,paid
ORD0014864,klarna,paid
ORD0014865,paypal,paid
ORD0014866,credit_card,refunded
ORD0014867,paypal,paid
ORD0014868,paypal,paid
ORD0014869,credit_card,paid
ORD0014870,paypal,paid
ORD0014871,apple_pay,paid
ORD0014872,bank_transfer,paid
ORD0014873,paypal,paid
ORD0014874,paypal,paid
ORD0014875,paypal,paid
ORD0014876,paypal,paid
ORD0014877,paypal,paid
ORD0014878,apple_pay,paid
ORD0014879,paypal,paid
ORD0014880,paypal,paid
ORD0014881,apple_pay,refunded
ORD0014882,bank_transfer,paid
ORD0014883,credit_card,paid
ORD0014884,apple_pay,paid
ORD0014885,paypal,paid
ORD0014886,bank_transfer,paid
ORD0014887,paypal,refunded
ORD0014888,credit_card,paid
ORD0014889,paypal,refunded
ORD0014890,credit_card,paid
ORD0014891,credit_card,paid
ORD0014892,paypal,paid
ORD0014893,credit_card,paid
ORD0014894,credit_card,paid
ORD0014895,credit_card,paid
ORD0014896,credit_card,paid
ORD0014897,credit_card,paid
ORD0014898,paypal,paid
ORD0014899,credit_card,paid
ORD0014900,klarna,paid
ORD0014901,paypal,paid
ORD0014902,credit_card,refunded
ORD0014903,apple_pay,paid
ORD0014904,bank_transfer,refunded
ORD0014905,apple_pay,paid
ORD0014906,credit_card,paid
ORD0014907,paypal,paid
ORD0014908,credit_card,paid
ORD0014909,klarna,paid
ORD0014910,klarna,paid
ORD0014911,credit_card,paid
ORD0014912,credit_card,paid
ORD0014913,paypal,paid
ORD0014914,paypal,paid
ORD0014915,credit_card,paid
ORD0014916,credit_card,paid
ORD0014917,klarna,paid
ORD0014918,credit_card,paid
ORD0014919,credit_card,paid
ORD0014920,paypal,paid
ORD0014921,paypal,paid
ORD0014922,credit_card,paid
ORD0014923,credit_card,paid
ORD0014924,paypal,paid
ORD0014925,paypal,paid
ORD0014926,credit_card,paid
ORD0014927,credit_card,paid
ORD0014928,credit_card,paid
ORD0014929,credit_card,paid
ORD0014930,paypal,paid
ORD0014931,credit_card,paid
ORD0014932,credit_card,refunded
ORD0014933,klarna,paid
ORD0014934,klarna,paid
ORD0014935,bank_transfer,paid
ORD0014936,paypal,paid
ORD0014937,paypal,paid
ORD0014938,paypal,paid
ORD0014939,paypal,paid
ORD0014940,credit_card,paid
ORD0014941,credit_card,paid
ORD0014942,klarna,paid
ORD0014943,credit_card,paid
ORD0014944,credit_card,paid
ORD0014945,paypal,paid
ORD0014946,bank_transfer,paid
ORD0014947,credit_card,paid
ORD0014948,credit_card,paid
ORD0014949,paypal,paid
ORD0014950,credit_card,paid
ORD0014951,paypal,paid
ORD0014952,credit_card,paid
ORD0014953,paypal,paid
ORD0014954,klarna,paid
ORD0014955,klarna,paid
ORD0014956,paypal,paid
ORD0014957,paypal,paid
ORD0014958,klarna,paid
ORD0014959,paypal,paid
ORD0014960,credit_card,paid
ORD0014961,bank_transfer,paid
ORD0014962,apple_pay,paid
ORD0014963,credit_card,paid
ORD0014964,credit_card,paid
ORD0014965,credit_card,paid
ORD0014966,credit_card,paid
ORD0014967,credit_card,paid
ORD0014968,paypal,paid
ORD0014969,bank_transfer,paid
ORD0014970,credit_card,paid
ORD0014971,credit_card,paid
ORD0014972,paypal,paid
ORD0014973,klarna,paid
ORD0014974,credit_card,paid
ORD0014975,credit_card,paid
ORD0014976,klarna,paid
ORD0014977,apple_pay,refunded
ORD0014978,apple_pay,paid
ORD0014979,credit_card,paid
ORD0014980,credit_card,refunded
ORD0014981,credit_card,paid
ORD0014982,credit_card,paid
ORD0014983,credit_card,refunded
ORD0014984,apple_pay,paid
ORD0014985,credit_card,paid
ORD0014986,credit_card,paid
ORD0014987,apple_pay,paid
ORD0014988,credit_card,paid
ORD0014989,paypal,paid
ORD0014990,klarna,paid
ORD0014991,apple_pay,paid
ORD0014992,credit_card,refunded
ORD0014993,apple_pay,refunded
ORD0014994,bank_transfer,refunded
ORD0014995,credit_card,paid
ORD0014996,paypal,paid
ORD0014997,klarna,paid
ORD0014998,credit_card,paid
ORD0014999,klarna,paid
ORD0015000,credit_card,paid
ORD0015001,credit_card,paid
ORD0015002,paypal,refunded
ORD0015003,klarna,paid
ORD0015004,paypal,paid
ORD0015005,apple_pay,paid
ORD0015006,paypal,paid
ORD0015007,credit_card,paid
ORD0015008,credit_card,paid
ORD0015009,bank_transfer,paid
ORD0015010,credit_card,refunded
ORD0015011,credit_card,paid
ORD0015012,credit_card,paid
ORD0015013,credit_card,paid
ORD0015014,paypal,paid
ORD0015015,paypal,paid
ORD0015016,credit_card,paid
ORD0015017,paypal,paid
ORD0015018,paypal,paid
ORD0015019,credit_card,paid
ORD0015020,paypal,paid
ORD0015021,paypal,paid
ORD0015022,paypal,paid
ORD0015023,credit_card,paid
ORD0015024,klarna,paid
ORD0015025,credit_card,paid
ORD0015026,klarna,paid
ORD0015027,credit_card,paid
ORD0015028,credit_card,paid
ORD0015029,paypal,paid
ORD0015030,apple_pay,paid
ORD0015031,paypal,paid
ORD0015032,paypal,paid
ORD0015033,klarna,paid
ORD0015034,credit_card,paid
ORD0015035,credit_card,paid
ORD0015036,apple_pay,paid
ORD0015037,klarna,paid
ORD0015038,credit_card,paid
ORD0015039,credit_card,paid
ORD0015040,credit_card,paid
ORD0015041,paypal,paid
ORD0015042,credit_card,paid
ORD0015043,credit_card,paid
ORD0015044,apple_pay,paid
ORD0015045,klarna,paid
ORD0015046,klarna,paid
ORD0015047,credit_card,paid
ORD0015048,paypal,paid
ORD0015049,credit_card,paid
ORD0015050,paypal,paid
ORD0015051,apple_pay,paid
ORD0015052,credit_card,paid
ORD0015053,paypal,paid
ORD0015054,klarna,paid
ORD0015055,credit_card,paid
ORD0015056,credit_card,paid
ORD0015057,klarna,refunded
ORD0015058,klarna,paid
ORD0015059,credit_card,paid
ORD0015060,credit_card,paid
ORD0015061,bank_transfer,paid
ORD0015062,paypal,paid
ORD0015063,paypal,paid
ORD0015064,apple_pay,paid
ORD0015065,credit_card,paid
ORD0015066,klarna,paid
ORD0015067,credit_card,paid
ORD0015068,credit_card,paid
ORD0015069,credit_card,paid
ORD0015070,paypal,paid
ORD0015071,credit_card,paid
ORD0015072,paypal,paid
ORD0015073,paypal,paid
ORD0015074,paypal,paid
ORD0015075,credit_card,paid
ORD0015076,credit_card,paid
ORD0015077,paypal,paid
ORD0015078,credit_card,paid
ORD0015079,paypal,paid
ORD0015080,paypal,paid
ORD0015081,credit_card,refunded
ORD0015082,paypal,paid
ORD0015083,paypal,paid
ORD0015084,paypal,paid
ORD0015085,paypal,refunded
ORD0015086,klarna,refunded
ORD0015087,paypal,paid
ORD0015088,klarna,paid
ORD0015089,credit_card,paid
ORD0015090,credit_card,refunded
ORD0015091,credit_card,paid
ORD0015092,paypal,refunded
ORD0015093,paypal,paid
ORD0015094,bank_transfer,paid
ORD0015095,credit_card,paid
ORD0015096,paypal,paid
ORD0015097,credit_card,refunded
ORD0015098,credit_card,paid
ORD0015099,credit_card,paid
ORD0015100,credit_card,paid
ORD0015101,credit_card,paid
ORD0015102,credit_card,paid
ORD0015103,apple_pay,paid
ORD0015104,paypal,paid
ORD0015105,paypal,refunded
ORD0015106,credit_card,paid
ORD0015107,credit_card,paid
ORD0015108,klarna,paid
ORD0015109,paypal,paid
ORD0015110,klarna,paid
ORD0015111,credit_card,paid
ORD0015112,credit_card,paid
ORD0015113,paypal,paid
ORD0015114,klarna,paid
ORD0015115,paypal,paid
ORD0015116,klarna,paid
ORD0015117,paypal,paid
ORD0015118,paypal,paid
ORD0015119,apple_pay,paid
ORD0015120,credit_card,paid
ORD0015121,paypal,paid
ORD0015122,klarna,paid
ORD0015123,credit_card,paid
ORD0015124,apple_pay,paid
ORD0015125,apple_pay,paid
ORD0015126,credit_card,paid
ORD0015127,klarna,paid
ORD0015128,klarna,paid
ORD0015129,credit_card,paid
ORD0015130,credit_card,paid
ORD0015131,klarna,paid
ORD0015132,apple_pay,paid
ORD0015133,credit_card,paid
ORD0015134,apple_pay,paid
ORD0015135,credit_card,refunded
ORD0015136,klarna,paid
ORD0015137,credit_card,paid
ORD0015138,credit_card,paid
ORD0015139,credit_card,paid
ORD0015140,credit_card,paid
ORD0015141,klarna,paid
ORD0015142,paypal,paid
ORD0015143,klarna,paid
ORD0015144,credit_card,paid
ORD0015145,credit_card,paid
ORD0015146,credit_card,paid
ORD0015147,credit_card,paid
ORD0015148,klarna,refunded
ORD0015149,credit_card,paid
ORD0015150,credit_card,paid
ORD0015151,credit_card,paid
ORD0015152,klarna,paid
ORD0015153,credit_card,paid
ORD0015154,credit_card,paid
ORD0015155,paypal,paid
ORD0015156,klarna,paid
ORD0015157,credit_card,paid
ORD0015158,paypal,paid
ORD0015159,paypal,paid
ORD0015160,credit_card,paid
ORD0015161,klarna,paid
ORD0015162,credit_card,paid
ORD0015163,paypal,paid
ORD0015164,credit_card,paid
ORD0015165,credit_card,paid
ORD0015166,credit_card,paid
ORD0015167,klarna,paid
ORD0015168,klarna,paid
ORD0015169,klarna,refunded
ORD0015170,klarna,paid
ORD0015171,paypal,paid
ORD0015172,credit_card,paid
ORD0015173,credit_card,paid
ORD0015174,credit_card,paid
ORD0015175,credit_card,paid
ORD0015176,credit_card,paid
ORD0015177,bank_transfer,refunded
ORD0015178,apple_pay,paid
ORD0015179,apple_pay,paid
ORD0015180,credit_card,paid
ORD0015181,apple_pay,paid
ORD0015182,credit_card,paid
ORD0015183,credit_card,paid
ORD0015184,credit_card,paid
ORD0015185,credit_card,paid
ORD0015186,klarna,paid
ORD0015187,paypal,paid
ORD0015188,paypal,paid
ORD0015189,klarna,paid
ORD0015190,credit_card,paid
ORD0015191,paypal,paid
ORD0015192,apple_pay,paid
ORD0015193,bank_transfer,paid
ORD0015194,credit_card,paid
ORD0015195,paypal,paid
ORD0015196,credit_card,paid
ORD0015197,credit_card,paid
ORD0015198,credit_card,paid
ORD0015199,paypal,paid
ORD0015200,paypal,paid
ORD0015201,paypal,paid
ORD0015202,bank_transfer,paid
ORD0015203,klarna,refunded
ORD0015204,bank_transfer,paid
ORD0015205,credit_card,paid
ORD0015206,credit_card,paid
ORD0015207,credit_card,paid
ORD0015208,klarna,paid
ORD0015209,credit_card,paid
ORD0015210,credit_card,paid
ORD0015211,credit_card,paid
ORD0015212,paypal,paid
ORD0015213,apple_pay,paid
ORD0015214,bank_transfer,paid
ORD0015215,credit_card,paid
ORD0015216,paypal,paid
ORD0015217,paypal,paid
ORD0015218,credit_card,paid
ORD0015219,paypal,paid
ORD0015220,apple_pay,paid
ORD0015221,klarna,paid
ORD0015222,paypal,paid
ORD0015223,credit_card,paid
ORD0015224,credit_card,paid
ORD0015225,paypal,paid
ORD0015226,credit_card,paid
ORD0015227,credit_card,paid
ORD0015228,credit_card,paid
ORD0015229,credit_card,paid
ORD0015230,apple_pay,paid
ORD0015231,paypal,paid
ORD0015232,credit_card,paid
ORD0015233,credit_card,paid
ORD0015234,credit_card,paid
ORD0015235,klarna,paid
ORD0015236,credit_card,paid
ORD0015237,credit_card,paid
ORD0015238,credit_card,paid
ORD0015239,paypal,paid
ORD0015240,credit_card,paid
ORD0015241,credit_card,paid
ORD0015242,klarna,paid
ORD0015243,apple_pay,refunded
ORD0015244,paypal,paid
ORD0015245,apple_pay,paid
ORD0015246,paypal,paid
ORD0015247,credit_card,paid
ORD0015248,klarna,paid
ORD0015249,credit_card,refunded
ORD0015250,klarna,paid
ORD0015251,klarna,paid
ORD0015252,bank_transfer,paid
ORD0015253,credit_card,paid
ORD0015254,credit_card,paid
ORD0015255,credit_card,paid
ORD0015256,klarna,paid
ORD0015257,apple_pay,paid
ORD0015258,paypal,paid
ORD0015259,paypal,paid
ORD0015260,credit_card,paid
ORD0015261,klarna,refunded
ORD0015262,klarna,paid
ORD0015263,credit_card,paid
ORD0015264,apple_pay,paid
ORD0015265,credit_card,paid
ORD0015266,paypal,paid
ORD0015267,credit_card,paid
ORD0015268,paypal,paid
ORD0015269,credit_card,refunded
ORD0015270,credit_card,paid
ORD0015271,credit_card,paid
ORD0015272,credit_card,paid
ORD0015273,credit_card,paid
ORD0015274,credit_card,paid
ORD0015275,credit_card,paid
ORD0015276,klarna,paid
ORD0015277,credit_card,paid
ORD0015278,paypal,paid
ORD0015279,paypal,paid
ORD0015280,bank_transfer,paid
ORD0015281,credit_card,refunded
ORD0015282,credit_card,paid
ORD0015283,credit_card,paid
ORD0015284,credit_card,paid
ORD0015285,apple_pay,refunded
ORD0015286,credit_card,paid
ORD0015287,apple_pay,paid
ORD0015288,credit_card,paid
ORD0015289,klarna,paid
ORD0015290,paypal,paid
ORD0015291,credit_card,paid
ORD0015292,apple_pay,paid
ORD0015293,credit_card,paid
ORD0015294,paypal,paid
ORD0015295,apple_pay,paid
ORD0015296,paypal,paid
ORD0015297,paypal,paid
ORD0015298,credit_card,paid
ORD0015299,credit_card,paid
ORD0015300,klarna,paid
ORD0015301,credit_card,paid
ORD0015302,paypal,paid
ORD0015303,apple_pay,paid
ORD0015304,paypal,paid
ORD0015305,klarna,paid
ORD0015306,credit_card,paid
ORD0015307,credit_card,paid
ORD0015308,bank_transfer,paid
ORD0015309,apple_pay,paid
ORD0015310,apple_pay,paid
ORD0015311,klarna,paid
ORD0015312,credit_card,paid
ORD0015313,apple_pay,paid
ORD0015314,credit_card,paid
ORD0015315,apple_pay,paid
ORD0015316,paypal,paid
ORD0015317,credit_card,paid
ORD0015318,credit_card,paid
ORD0015319,credit_card,paid
ORD0015320,credit_card,paid
ORD0015321,paypal,paid
ORD0015322,credit_card,paid
ORD0015323,credit_card,paid
ORD0015324,credit_card,refunded
ORD0015325,bank_transfer,paid
ORD0015326,credit_card,paid
ORD0015327,paypal,paid
ORD0015328,paypal,paid
ORD0015329,credit_card,paid
ORD0015330,klarna,paid
ORD0015331,paypal,paid
ORD0015332,paypal,paid
ORD0015333,paypal,paid
ORD0015334,credit_card,paid
ORD0015335,klarna,paid
ORD0015336,klarna,paid
ORD0015337,apple_pay,paid
ORD0015338,credit_card,paid
ORD0015339,klarna,paid
ORD0015340,credit_card,paid
ORD0015341,credit_card,paid
ORD0015342,bank_transfer,paid
ORD0015343,bank_transfer,paid
ORD0015344,bank_transfer,paid
ORD0015345,credit_card,paid
ORD0015346,credit_card,paid
ORD0015347,paypal,paid
ORD0015348,paypal,paid
ORD0015349,credit_card,paid
ORD0015350,credit_card,refunded
ORD0015351,credit_card,refunded
ORD0015352,bank_transfer,paid
ORD0015353,paypal,paid
ORD0015354,apple_pay,paid
ORD0015355,bank_transfer,paid
ORD0015356,klarna,paid
ORD0015357,credit_card,paid
ORD0015358,credit_card,paid
ORD0015359,credit_card,paid
ORD0015360,paypal,paid
ORD0015361,credit_card,paid
ORD0015362,credit_card,paid
ORD0015363,credit_card,paid
ORD0015364,klarna,paid
ORD0015365,paypal,paid
ORD0015366,credit_card,paid
ORD0015367,klarna,paid
ORD0015368,credit_card,paid
ORD0015369,credit_card,refunded
ORD0015370,paypal,paid
ORD0015371,bank_transfer,paid
ORD0015372,credit_card,paid
ORD0015373,credit_card,paid
ORD0015374,credit_card,paid
ORD0015375,klarna,paid
ORD0015376,bank_transfer,paid
ORD0015377,credit_card,paid
ORD0015378,credit_card,paid
ORD0015379,apple_pay,paid
ORD0015380,paypal,paid
ORD0015381,paypal,paid
ORD0015382,credit_card,paid
ORD0015383,bank_transfer,paid
ORD0015384,apple_pay,paid
ORD0015385,bank_transfer,paid
ORD0015386,bank_transfer,paid
ORD0015387,credit_card,paid
ORD0015388,klarna,paid
ORD0015389,paypal,refunded
ORD0015390,paypal,paid
ORD0015391,apple_pay,paid
ORD0015392,paypal,paid
ORD0015393,paypal,paid
ORD0015394,credit_card,paid
ORD0015395,paypal,paid
ORD0015396,klarna,paid
ORD0015397,credit_card,paid
ORD0015398,credit_card,paid
ORD0015399,apple_pay,paid
ORD0015400,apple_pay,paid
ORD0015401,paypal,paid
ORD0015402,apple_pay,paid
ORD0015403,credit_card,paid
ORD0015404,apple_pay,paid
ORD0015405,paypal,paid
ORD0015406,credit_card,paid
ORD0015407,klarna,refunded
ORD0015408,credit_card,paid
ORD0015409,credit_card,paid
ORD0015410,credit_card,paid
ORD0015411,bank_transfer,paid
ORD0015412,apple_pay,paid
ORD0015413,paypal,paid
ORD0015414,paypal,paid
ORD0015415,credit_card,paid
ORD0015416,credit_card,paid
ORD0015417,paypal,paid
ORD0015418,klarna,refunded
ORD0015419,credit_card,paid
ORD0015420,paypal,paid
ORD0015421,paypal,refunded
ORD0015422,paypal,paid
ORD0015423,credit_card,paid
ORD0015424,paypal,paid
ORD0015425,klarna,paid
ORD0015426,credit_card,paid
ORD0015427,credit_card,paid
ORD0015428,credit_card,paid
ORD0015429,paypal,paid
ORD0015430,credit_card,paid
ORD0015431,credit_card,paid
ORD0015432,credit_card,paid
ORD0015433,klarna,paid
ORD0015434,credit_card,paid
ORD0015435,credit_card,paid
ORD0015436,bank_transfer,paid
ORD0015437,credit_card,paid
ORD0015438,paypal,paid
ORD0015439,credit_card,paid
ORD0015440,credit_card,refunded
ORD0015441,credit_card,paid
ORD0015442,paypal,paid
ORD0015443,credit_card,paid
ORD0015444,credit_card,paid
ORD0015445,credit_card,paid
ORD0015446,apple_pay,paid
ORD0015447,paypal,paid
ORD0015448,credit_card,paid
ORD0015449,credit_card,paid
ORD0015450,paypal,paid
ORD0015451,klarna,paid
ORD0015452,paypal,paid
ORD0015453,klarna,paid
ORD0015454,klarna,paid
ORD0015455,credit_card,paid
ORD0015456,credit_card,paid
ORD0015457,credit_card,paid
ORD0015458,credit_card,paid
ORD0015459,credit_card,paid
ORD0015460,credit_card,paid
ORD0015461,credit_card,paid
ORD0015462,paypal,paid
ORD0015463,credit_card,paid
ORD0015464,apple_pay,paid
ORD0015465,paypal,paid
ORD0015466,credit_card,paid
ORD0015467,credit_card,paid
ORD0015468,credit_card,paid
ORD0015469,credit_card,paid
ORD0015470,klarna,paid
ORD0015471,paypal,paid
ORD0015472,paypal,paid
ORD0015473,credit_card,paid
ORD0015474,credit_card,paid
ORD0015475,credit_card,paid
ORD0015476,paypal,paid
ORD0015477,paypal,paid
ORD0015478,credit_card,paid
ORD0015479,credit_card,paid
ORD0015480,credit_card,paid
ORD0015481,credit_card,paid
ORD0015482,credit_card,paid
ORD0015483,apple_pay,paid
ORD0015484,apple_pay,paid
ORD0015485,credit_card,paid
ORD0015486,klarna,paid
ORD0015487,paypal,paid
ORD0015488,credit_card,paid
ORD0015489,credit_card,paid
ORD0015490,credit_card,paid
ORD0015491,klarna,paid
ORD0015492,credit_card,paid
ORD0015493,paypal,paid
ORD0015494,klarna,refunded
ORD0015495,credit_card,paid
ORD0015496,klarna,paid
ORD0015497,credit_card,paid
ORD0015498,credit_card,paid
ORD0015499,credit_card,paid
ORD0015500,paypal,paid
ORD0015501,paypal,paid
ORD0015502,bank_transfer,paid
ORD0015503,credit_card,paid
ORD0015504,credit_card,paid
ORD0015505,klarna,paid
ORD0015506,credit_card,paid
ORD0015507,bank_transfer,paid
ORD0015508,apple_pay,paid
ORD0015509,credit_card,paid
ORD0015510,bank_transfer,paid
ORD0015511,bank_transfer,paid
ORD0015512,credit_card,paid
ORD0015513,credit_card,paid
ORD0015514,credit_card,paid
ORD0015515,credit_card,paid
ORD0015516,paypal,paid
ORD0015517,bank_transfer,paid
ORD0015518,klarna,paid
ORD0015519,credit_card,paid
ORD0015520,credit_card,paid
ORD0015521,paypal,paid
ORD0015522,credit_card,paid
ORD0015523,paypal,paid
ORD0015524,klarna,paid
ORD0015525,apple_pay,paid
ORD0015526,credit_card,paid
ORD0015527,klarna,paid
ORD0015528,credit_card,paid
ORD0015529,apple_pay,paid
ORD0015530,credit_card,paid
ORD0015531,bank_transfer,paid
ORD0015532,bank_transfer,paid
ORD0015533,credit_card,paid
ORD0015534,bank_transfer,paid
ORD0015535,apple_pay,paid
ORD0015536,bank_transfer,paid
ORD0015537,paypal,paid
ORD0015538,klarna,paid
ORD0015539,paypal,paid
ORD0015540,apple_pay,paid
ORD0015541,credit_card,paid
ORD0015542,klarna,paid
ORD0015543,paypal,paid
ORD0015544,credit_card,paid
ORD0015545,credit_card,paid
ORD0015546,credit_card,paid
ORD0015547,credit_card,paid
ORD0015548,apple_pay,paid
ORD0015549,klarna,paid
ORD0015550,credit_card,paid
ORD0015551,paypal,paid
ORD0015552,credit_card,refunded
ORD0015553,apple_pay,paid
ORD0015554,paypal,paid
ORD0015555,credit_card,paid
ORD0015556,klarna,paid
ORD0015557,credit_card,paid
ORD0015558,paypal,paid
ORD0015559,credit_card,paid
ORD0015560,paypal,paid
ORD0015561,klarna,paid
ORD0015562,paypal,paid
ORD0015563,apple_pay,paid
ORD0015564,apple_pay,paid
ORD0015565,credit_card,paid
ORD0015566,klarna,paid
ORD0015567,credit_card,paid
ORD0015568,paypal,paid
ORD0015569,credit_card,paid
ORD0015570,credit_card,paid
ORD0015571,apple_pay,paid
ORD0015572,credit_card,refunded
ORD0015573,klarna,paid
ORD0015574,paypal,paid
ORD0015575,klarna,paid
ORD0015576,credit_card,paid
ORD0015577,paypal,paid
ORD0015578,credit_card,paid
ORD0015579,apple_pay,paid
ORD0015580,paypal,paid
ORD0015581,paypal,paid
ORD0015582,credit_card,paid
ORD0015583,klarna,paid
ORD0015584,klarna,paid
ORD0015585,credit_card,paid
ORD0015586,klarna,paid
ORD0015587,paypal,paid
ORD0015588,klarna,paid
ORD0015589,credit_card,paid
ORD0015590,paypal,paid
ORD0015591,credit_card,paid
ORD0015592,credit_card,paid
ORD0015593,klarna,paid
ORD0015594,klarna,paid
ORD0015595,apple_pay,paid
ORD0015596,credit_card,paid
ORD0015597,apple_pay,paid
ORD0015598,paypal,refunded
ORD0015599,klarna,paid
ORD0015600,credit_card,paid
ORD0015601,paypal,paid
ORD0015602,credit_card,paid
ORD0015603,credit_card,paid
ORD0015604,apple_pay,paid
ORD0015605,paypal,paid
ORD0015606,paypal,paid
ORD0015607,klarna,paid
ORD0015608,paypal,paid
ORD0015609,credit_card,paid
ORD0015610,paypal,paid
ORD0015611,credit_card,paid
ORD0015612,paypal,paid
ORD0015613,apple_pay,paid
ORD0015614,paypal,paid
ORD0015615,bank_transfer,paid
ORD0015616,paypal,paid
ORD0015617,paypal,paid
ORD0015618,klarna,paid
ORD0015619,credit_card,paid
ORD0015620,credit_card,paid
ORD0015621,klarna,paid
ORD0015622,credit_card,paid
ORD0015623,credit_card,paid
ORD0015624,credit_card,paid
ORD0015625,credit_card,paid
ORD0015626,credit_card,paid
ORD0015627,paypal,paid
ORD0015628,klarna,paid
ORD0015629,apple_pay,paid
ORD0015630,paypal,paid
ORD0015631,credit_card,paid
ORD0015632,credit_card,paid
ORD0015633,credit_card,paid
ORD0015634,bank_transfer,paid
ORD0015635,paypal,paid
ORD0015636,klarna,paid
ORD0015637,paypal,paid
ORD0015638,paypal,paid
ORD0015639,paypal,paid
ORD0015640,credit_card,paid
ORD0015641,credit_card,paid
ORD0015642,credit_card,paid
ORD0015643,bank_transfer,paid
ORD0015644,credit_card,paid
ORD0015645,credit_card,refunded
ORD0015646,paypal,paid
ORD0015647,apple_pay,paid
ORD0015648,paypal,paid
ORD0015649,credit_card,paid
ORD0015650,credit_card,paid
ORD0015651,credit_card,paid
ORD0015652,paypal,paid
ORD0015653,paypal,paid
ORD0015654,paypal,paid
ORD0015655,credit_card,paid
ORD0015656,paypal,paid
ORD0015657,paypal,paid
ORD0015658,klarna,paid
ORD0015659,credit_card,paid
ORD0015660,credit_card,paid
ORD0015661,credit_card,paid
ORD0015662,klarna,paid
ORD0015663,credit_card,paid
ORD0015664,credit_card,paid
ORD0015665,klarna,paid
ORD0015666,paypal,refunded
ORD0015667,bank_transfer,refunded
ORD0015668,credit_card,paid
ORD0015669,paypal,refunded
ORD0015670,credit_card,paid
ORD0015671,credit_card,paid
ORD0015672,klarna,paid
ORD0015673,credit_card,paid
ORD0015674,credit_card,paid
ORD0015675,paypal,paid
ORD0015676,credit_card,paid
ORD0015677,paypal,paid
ORD0015678,credit_card,paid
ORD0015679,credit_card,paid
ORD0015680,apple_pay,paid
ORD0015681,apple_pay,paid
ORD0015682,bank_transfer,paid
ORD0015683,credit_card,paid
ORD0015684,credit_card,paid
ORD0015685,credit_card,paid
ORD0015686,paypal,paid
ORD0015687,klarna,paid
ORD0015688,credit_card,paid
ORD0015689,bank_transfer,paid
ORD0015690,klarna,paid
ORD0015691,paypal,paid
ORD0015692,credit_card,paid
ORD0015693,credit_card,paid
ORD0015694,credit_card,paid
ORD0015695,klarna,paid
ORD0015696,klarna,paid
ORD0015697,klarna,paid
ORD0015698,credit_card,paid
ORD0015699,apple_pay,paid
ORD0015700,paypal,paid
ORD0015701,credit_card,paid
ORD0015702,paypal,paid
ORD0015703,credit_card,paid
ORD0015704,klarna,paid
ORD0015705,credit_card,refunded
ORD0015706,credit_card,paid
ORD0015707,apple_pay,paid
ORD0015708,credit_card,paid
ORD0015709,credit_card,paid
ORD0015710,credit_card,refunded
ORD0015711,credit_card,paid
ORD0015712,paypal,paid
ORD0015713,credit_card,refunded
ORD0015714,credit_card,paid
ORD0015715,credit_card,paid
ORD0015716,paypal,paid
ORD0015717,credit_card,paid
ORD0015718,credit_card,paid
ORD0015719,klarna,paid
ORD0015720,credit_card,paid
ORD0015721,credit_card,refunded
ORD0015722,credit_card,paid
ORD0015723,apple_pay,paid
ORD0015724,apple_pay,paid
ORD0015725,credit_card,paid
ORD0015726,paypal,paid
ORD0015727,paypal,paid
ORD0015728,klarna,paid
ORD0015729,credit_card,refunded
ORD0015730,klarna,paid
ORD0015731,paypal,paid
ORD0015732,credit_card,paid
ORD0015733,klarna,paid
ORD0015734,klarna,paid
ORD0015735,klarna,paid
ORD0015736,credit_card,paid
ORD0015737,paypal,paid
ORD0015738,bank_transfer,paid
ORD0015739,klarna,paid
ORD0015740,credit_card,paid
ORD0015741,credit_card,paid
ORD0015742,paypal,paid
ORD0015743,apple_pay,paid
ORD0015744,paypal,paid
ORD0015745,credit_card,paid
ORD0015746,paypal,paid
ORD0015747,credit_card,paid
ORD0015748,klarna,refunded
ORD0015749,credit_card,paid
ORD0015750,credit_card,paid
ORD0015751,credit_card,paid
ORD0015752,credit_card,paid
ORD0015753,paypal,paid
ORD0015754,apple_pay,paid
ORD0015755,credit_card,paid
ORD0015756,paypal,refunded
ORD0015757,apple_pay,paid
ORD0015758,klarna,paid
ORD0015759,credit_card,paid
ORD0015760,credit_card,paid
ORD0015761,klarna,paid
ORD0015762,apple_pay,refunded
ORD0015763,bank_transfer,paid
ORD0015764,apple_pay,paid
ORD0015765,credit_card,paid
ORD0015766,paypal,paid
ORD0015767,klarna,paid
ORD0015768,credit_card,paid
ORD0015769,credit_card,paid
ORD0015770,credit_card,paid
ORD0015771,credit_card,paid
ORD0015772,credit_card,paid
ORD0015773,credit_card,paid
ORD0015774,apple_pay,paid
ORD0015775,credit_card,paid
ORD0015776,credit_card,paid
ORD0015777,paypal,paid
ORD0015778,klarna,paid
ORD0015779,klarna,paid
ORD0015780,klarna,paid
ORD0015781,klarna,paid
ORD0015782,paypal,paid
ORD0015783,paypal,paid
ORD0015784,credit_card,paid
ORD0015785,apple_pay,paid
ORD0015786,apple_pay,paid
ORD0015787,apple_pay,paid
ORD0015788,paypal,paid
ORD0015789,credit_card,paid
ORD0015790,apple_pay,refunded
ORD0015791,credit_card,paid
ORD0015792,paypal,refunded
ORD0015793,klarna,paid
ORD0015794,credit_card,paid
ORD0015795,klarna,paid
ORD0015796,credit_card,paid
ORD0015797,credit_card,paid
ORD0015798,apple_pay,paid
ORD0015799,klarna,paid
ORD0015800,paypal,paid
ORD0015801,credit_card,paid
ORD0015802,klarna,refunded
ORD0015803,klarna,paid
ORD0015804,paypal,paid
ORD0015805,credit_card,paid
ORD0015806,paypal,paid
ORD0015807,apple_pay,paid
ORD0015808,credit_card,paid
ORD0015809,credit_card,paid
ORD0015810,paypal,paid
ORD0015811,paypal,paid
ORD0015812,apple_pay,paid
ORD0015813,credit_card,paid
ORD0015814,credit_card,paid
ORD0015815,paypal,paid
ORD0015816,bank_transfer,paid
ORD0015817,credit_card,paid
ORD0015818,credit_card,paid
ORD0015819,klarna,paid
ORD0015820,apple_pay,refunded
ORD0015821,credit_card,refunded
ORD0015822,paypal,paid
ORD0015823,paypal,paid
ORD0015824,credit_card,paid
ORD0015825,credit_card,paid
ORD0015826,klarna,refunded
ORD0015827,paypal,paid
ORD0015828,paypal,paid
ORD0015829,paypal,paid
ORD0015830,klarna,paid
ORD0015831,credit_card,refunded
ORD0015832,credit_card,paid
ORD0015833,klarna,paid
ORD0015834,klarna,paid
ORD0015835,credit_card,paid
ORD0015836,apple_pay,paid
ORD0015837,credit_card,paid
ORD0015838,paypal,paid
ORD0015839,credit_card,paid
ORD0015840,paypal,paid
ORD0015841,credit_card,paid
ORD0015842,paypal,paid
ORD0015843,credit_card,paid
ORD0015844,paypal,paid
ORD0015845,klarna,paid
ORD0015846,apple_pay,paid
ORD0015847,credit_card,paid
ORD0015848,credit_card,paid
ORD0015849,klarna,paid
ORD0015850,credit_card,paid
ORD0015851,credit_card,paid
ORD0015852,paypal,paid
ORD0015853,credit_card,paid
ORD0015854,apple_pay,paid
ORD0015855,credit_card,paid
ORD0015856,bank_transfer,paid
ORD0015857,klarna,paid
ORD0015858,credit_card,paid
ORD0015859,credit_card,paid
ORD0015860,credit_card,paid
ORD0015861,paypal,paid
ORD0015862,klarna,paid
ORD0015863,credit_card,paid
ORD0015864,klarna,paid
ORD0015865,credit_card,paid
ORD0015866,klarna,paid
ORD0015867,credit_card,refunded
ORD0015868,klarna,refunded
ORD0015869,paypal,paid
ORD0015870,credit_card,paid
ORD0015871,credit_card,paid
ORD0015872,paypal,paid
ORD0015873,bank_transfer,paid
ORD0015874,credit_card,paid
ORD0015875,apple_pay,paid
ORD0015876,credit_card,paid
ORD0015877,credit_card,paid
ORD0015878,paypal,paid
ORD0015879,credit_card,paid
ORD0015880,credit_card,paid
ORD0015881,bank_transfer,paid
ORD0015882,credit_card,refunded
ORD0015883,credit_card,paid
ORD0015884,credit_card,paid
ORD0015885,apple_pay,paid
ORD0015886,credit_card,paid
ORD0015887,paypal,paid
ORD0015888,credit_card,paid
ORD0015889,credit_card,paid
ORD0015890,bank_transfer,paid
ORD0015891,bank_transfer,paid
ORD0015892,paypal,paid
ORD0015893,paypal,paid
ORD0015894,credit_card,paid
ORD0015895,klarna,paid
ORD0015896,credit_card,paid
ORD0015897,credit_card,paid
ORD0015898,klarna,paid
ORD0015899,credit_card,paid
ORD0015900,paypal,paid
ORD0015901,credit_card,paid
ORD0015902,klarna,paid
ORD0015903,paypal,paid
ORD0015904,credit_card,paid
ORD0015905,klarna,paid
ORD0015906,credit_card,paid
ORD0015907,credit_card,paid
ORD0015908,credit_card,paid
ORD0015909,credit_card,paid
ORD0015910,paypal,refunded
ORD0015911,credit_card,paid
ORD0015912,paypal,paid
ORD0015913,credit_card,paid
ORD0015914,credit_card,paid
ORD0015915,credit_card,paid
ORD0015916,credit_card,paid
ORD0015917,credit_card,paid
ORD0015918,credit_card,paid
ORD0015919,paypal,paid
ORD0015920,paypal,paid
ORD0015921,paypal,refunded
ORD0015922,klarna,paid
ORD0015923,apple_pay,paid
ORD0015924,paypal,paid
ORD0015925,credit_card,paid
ORD0015926,apple_pay,paid
ORD0015927,paypal,paid
ORD0015928,credit_card,paid
ORD0015929,credit_card,paid
ORD0015930,credit_card,paid
ORD0015931,credit_card,paid
ORD0015932,klarna,paid
ORD0015933,bank_transfer,refunded
ORD0015934,paypal,paid
ORD0015935,paypal,refunded
ORD0015936,klarna,paid
ORD0015937,credit_card,paid
ORD0015938,apple_pay,paid
ORD0015939,credit_card,paid
ORD0015940,credit_card,paid
ORD0015941,credit_card,paid
ORD0015942,paypal,paid
ORD0015943,paypal,paid
ORD0015944,apple_pay,paid
ORD0015945,credit_card,paid
ORD0015946,paypal,paid
ORD0015947,bank_transfer,paid
ORD0015948,credit_card,paid
ORD0015949,apple_pay,paid
ORD0015950,bank_transfer,paid
ORD0015951,bank_transfer,paid
ORD0015952,paypal,paid
ORD0015953,credit_card,paid
ORD0015954,klarna,paid
ORD0015955,paypal,paid
ORD0015956,klarna,paid
ORD0015957,paypal,paid
ORD0015958,bank_transfer,paid
ORD0015959,paypal,paid
ORD0015960,credit_card,paid
ORD0015961,paypal,paid
ORD0015962,paypal,paid
ORD0015963,klarna,paid
ORD0015964,klarna,paid
ORD0015965,credit_card,paid
ORD0015966,paypal,paid
ORD0015967,credit_card,paid
ORD0015968,paypal,paid
ORD0015969,paypal,paid
ORD0015970,klarna,paid
ORD0015971,credit_card,paid
ORD0015972,credit_card,paid
ORD0015973,paypal,paid
ORD0015974,apple_pay,paid
ORD0015975,paypal,paid
ORD0015976,paypal,paid
ORD0015977,apple_pay,paid
ORD0015978,klarna,paid
ORD0015979,bank_transfer,paid
ORD0015980,credit_card,paid
ORD0015981,paypal,paid
ORD0015982,credit_card,paid
ORD0015983,paypal,paid
ORD0015984,klarna,paid
ORD0015985,credit_card,paid
ORD0015986,paypal,paid
ORD0015987,credit_card,paid
ORD0015988,bank_transfer,paid
ORD0015989,credit_card,paid
ORD0015990,klarna,paid
ORD0015991,paypal,paid
ORD0015992,paypal,paid
ORD0015993,paypal,paid
ORD0015994,credit_card,paid
ORD0015995,credit_card,paid
ORD0015996,credit_card,refunded
ORD0015997,credit_card,paid
ORD0015998,credit_card,paid
ORD0015999,klarna,paid
ORD0016000,paypal,refunded
ORD0016001,credit_card,paid
ORD0016002,klarna,paid
ORD0016003,credit_card,paid
ORD0016004,credit_card,paid
ORD0016005,paypal,paid
ORD0016006,paypal,paid
ORD0016007,paypal,refunded
ORD0016008,bank_transfer,refunded
ORD0016009,paypal,paid
ORD0016010,paypal,paid
ORD0016011,klarna,paid
ORD0016012,apple_pay,paid
ORD0016013,credit_card,refunded
ORD0016014,paypal,paid
ORD0016015,credit_card,paid
ORD0016016,credit_card,paid
ORD0016017,paypal,paid
ORD0016018,credit_card,paid
ORD0016019,credit_card,paid
ORD0016020,credit_card,paid
ORD0016021,credit_card,paid
ORD0016022,credit_card,paid
ORD0016023,credit_card,paid
ORD0016024,credit_card,paid
ORD0016025,paypal,paid
ORD0016026,credit_card,paid
ORD0016027,credit_card,paid
ORD0016028,apple_pay,paid
ORD0016029,klarna,paid
ORD0016030,klarna,paid
ORD0016031,credit_card,paid
ORD0016032,credit_card,paid
ORD0016033,credit_card,paid
ORD0016034,credit_card,paid
ORD0016035,credit_card,paid
ORD0016036,apple_pay,paid
ORD0016037,paypal,paid
ORD0016038,paypal,paid
ORD0016039,credit_card,paid
ORD0016040,paypal,paid
ORD0016041,paypal,paid
ORD0016042,paypal,paid
ORD0016043,klarna,paid
ORD0016044,credit_card,paid
ORD0016045,credit_card,refunded
ORD0016046,credit_card,paid
ORD0016047,credit_card,paid
ORD0016048,klarna,paid
ORD0016049,credit_card,paid
ORD0016050,apple_pay,paid
ORD0016051,paypal,paid
ORD0016052,credit_card,paid
ORD0016053,bank_transfer,paid
ORD0016054,bank_transfer,paid
ORD0016055,apple_pay,paid
ORD0016056,klarna,refunded
ORD0016057,bank_transfer,paid
ORD0016058,credit_card,paid
ORD0016059,credit_card,paid
ORD0016060,paypal,refunded
ORD0016061,credit_card,refunded
ORD0016062,credit_card,paid
ORD0016063,credit_card,paid
ORD0016064,apple_pay,paid
ORD0016065,paypal,paid
ORD0016066,apple_pay,paid
ORD0016067,credit_card,paid
ORD0016068,paypal,paid
ORD0016069,klarna,paid
ORD0016070,credit_card,paid
ORD0016071,klarna,paid
ORD0016072,credit_card,paid
ORD0016073,klarna,paid
ORD0016074,klarna,paid
ORD0016075,apple_pay,paid
ORD0016076,bank_transfer,paid
ORD0016077,apple_pay,paid
ORD0016078,bank_transfer,paid
ORD0016079,credit_card,paid
ORD0016080,credit_card,paid
ORD0016081,klarna,paid
ORD0016082,credit_card,paid
ORD0016083,apple_pay,paid
ORD0016084,credit_card,paid
ORD0016085,apple_pay,paid
ORD0016086,apple_pay,paid
ORD0016087,credit_card,paid
ORD0016088,credit_card,paid
ORD0016089,apple_pay,paid
ORD0016090,paypal,paid
ORD0016091,credit_card,paid
ORD0016092,klarna,paid
ORD0016093,paypal,paid
ORD0016094,credit_card,paid
ORD0016095,paypal,paid
ORD0016096,bank_transfer,paid
ORD0016097,credit_card,paid
ORD0016098,paypal,paid
ORD0016099,apple_pay,paid
ORD0016100,credit_card,paid
ORD0016101,credit_card,paid
ORD0016102,credit_card,paid
ORD0016103,credit_card,paid
ORD0016104,paypal,paid
ORD0016105,paypal,paid
ORD0016106,credit_card,paid
ORD0016107,paypal,paid
ORD0016108,credit_card,paid
ORD0016109,credit_card,paid
ORD0016110,credit_card,paid
ORD0016111,paypal,paid
ORD0016112,credit_card,paid
ORD0016113,credit_card,paid
ORD0016114,paypal,paid
ORD0016115,klarna,paid
ORD0016116,apple_pay,paid
ORD0016117,credit_card,paid
ORD0016118,credit_card,paid
ORD0016119,klarna,paid
ORD0016120,credit_card,paid
ORD0016121,apple_pay,paid
ORD0016122,credit_card,paid
ORD0016123,paypal,paid
ORD0016124,apple_pay,paid
ORD0016125,credit_card,paid
ORD0016126,credit_card,paid
ORD0016127,paypal,paid
ORD0016128,paypal,paid
ORD0016129,bank_transfer,paid
ORD0016130,paypal,paid
ORD0016131,paypal,paid
ORD0016132,klarna,paid
ORD0016133,credit_card,paid
ORD0016134,credit_card,paid
ORD0016135,bank_transfer,paid
ORD0016136,paypal,refunded
ORD0016137,klarna,paid
ORD0016138,klarna,paid
ORD0016139,bank_transfer,refunded
ORD0016140,credit_card,paid
ORD0016141,credit_card,paid
ORD0016142,credit_card,paid
ORD0016143,apple_pay,refunded
ORD0016144,paypal,paid
ORD0016145,apple_pay,paid
ORD0016146,bank_transfer,refunded
ORD0016147,paypal,paid
ORD0016148,klarna,paid
ORD0016149,paypal,paid
ORD0016150,credit_card,paid
ORD0016151,klarna,paid
ORD0016152,paypal,paid
ORD0016153,credit_card,paid
ORD0016154,paypal,paid
ORD0016155,paypal,paid
ORD0016156,klarna,paid
ORD0016157,apple_pay,paid
ORD0016158,apple_pay,paid
ORD0016159,klarna,paid
ORD0016160,paypal,paid
ORD0016161,klarna,paid
ORD0016162,credit_card,paid
ORD0016163,paypal,refunded
ORD0016164,klarna,paid
ORD0016165,paypal,paid
ORD0016166,credit_card,paid
ORD0016167,credit_card,paid
ORD0016168,paypal,paid
ORD0016169,credit_card,paid
ORD0016170,paypal,paid
ORD0016171,paypal,refunded
ORD0016172,credit_card,paid
ORD0016173,credit_card,paid
ORD0016174,credit_card,paid
ORD0016175,credit_card,paid
ORD0016176,paypal,paid
ORD0016177,klarna,paid
ORD0016178,credit_card,paid
ORD0016179,paypal,paid
ORD0016180,klarna,paid
ORD0016181,paypal,paid
ORD0016182,credit_card,paid
ORD0016183,apple_pay,paid
ORD0016184,paypal,paid
ORD0016185,paypal,paid
ORD0016186,klarna,paid
ORD0016187,klarna,paid
ORD0016188,credit_card,paid
ORD0016189,klarna,paid
ORD0016190,credit_card,paid
ORD0016191,bank_transfer,paid
ORD0016192,credit_card,paid
ORD0016193,apple_pay,paid
ORD0016194,credit_card,paid
ORD0016195,credit_card,paid
ORD0016196,credit_card,paid
ORD0016197,credit_card,paid
ORD0016198,credit_card,paid
ORD0016199,klarna,paid
ORD0016200,credit_card,paid
ORD0016201,klarna,paid
ORD0016202,credit_card,paid
ORD0016203,klarna,paid
ORD0016204,credit_card,paid
ORD0016205,klarna,paid
ORD0016206,apple_pay,paid
ORD0016207,credit_card,paid
ORD0016208,klarna,paid
ORD0016209,credit_card,paid
ORD0016210,paypal,paid
ORD0016211,credit_card,paid
ORD0016212,credit_card,paid
ORD0016213,paypal,paid
ORD0016214,paypal,paid
ORD0016215,bank_transfer,paid
ORD0016216,paypal,paid
ORD0016217,klarna,paid
ORD0016218,paypal,paid
ORD0016219,credit_card,paid
ORD0016220,apple_pay,paid
ORD0016221,credit_card,paid
ORD0016222,credit_card,paid
ORD0016223,credit_card,paid
ORD0016224,paypal,paid
ORD0016225,paypal,paid
ORD0016226,paypal,paid
ORD0016227,credit_card,paid
ORD0016228,credit_card,paid
ORD0016229,credit_card,paid
ORD0016230,credit_card,refunded
ORD0016231,paypal,paid
ORD0016232,paypal,refunded
ORD0016233,paypal,paid
ORD0016234,klarna,paid
ORD0016235,credit_card,paid
ORD0016236,credit_card,paid
ORD0016237,credit_card,paid
ORD0016238,apple_pay,paid
ORD0016239,paypal,paid
ORD0016240,credit_card,paid
ORD0016241,paypal,paid
ORD0016242,bank_transfer,paid
ORD0016243,credit_card,paid
ORD0016244,klarna,paid
ORD0016245,klarna,paid
ORD0016246,bank_transfer,paid
ORD0016247,credit_card,paid
ORD0016248,credit_card,paid
ORD0016249,paypal,paid
ORD0016250,credit_card,paid
ORD0016251,paypal,paid
ORD0016252,klarna,paid
ORD0016253,paypal,paid
ORD0016254,apple_pay,paid
ORD0016255,credit_card,paid
ORD0016256,credit_card,paid
ORD0016257,paypal,paid
ORD0016258,credit_card,paid
ORD0016259,apple_pay,paid
ORD0016260,apple_pay,paid
ORD0016261,paypal,paid
ORD0016262,paypal,paid
ORD0016263,credit_card,paid
ORD0016264,credit_card,paid
ORD0016265,credit_card,paid
ORD0016266,bank_transfer,paid
ORD0016267,credit_card,paid
ORD0016268,credit_card,paid
ORD0016269,klarna,paid
ORD0016270,klarna,paid
ORD0016271,paypal,paid
ORD0016272,apple_pay,paid
ORD0016273,credit_card,paid
ORD0016274,paypal,paid
ORD0016275,credit_card,paid
ORD0016276,credit_card,paid
ORD0016277,credit_card,paid
ORD0016278,credit_card,paid
ORD0016279,credit_card,paid
ORD0016280,bank_transfer,paid
ORD0016281,paypal,paid
ORD0016282,credit_card,paid
ORD0016283,apple_pay,paid
ORD0016284,bank_transfer,paid
ORD0016285,credit_card,paid
ORD0016286,credit_card,paid
ORD0016287,credit_card,paid
ORD0016288,credit_card,refunded
ORD0016289,credit_card,paid
ORD0016290,credit_card,paid
ORD0016291,credit_card,paid
ORD0016292,klarna,paid
ORD0016293,credit_card,paid
ORD0016294,credit_card,paid
ORD0016295,paypal,paid
ORD0016296,credit_card,paid
ORD0016297,paypal,paid
ORD0016298,klarna,paid
ORD0016299,credit_card,paid
ORD0016300,credit_card,paid
ORD0016301,klarna,paid
ORD0016302,klarna,paid
ORD0016303,credit_card,paid
ORD0016304,apple_pay,paid
ORD0016305,credit_card,paid
ORD0016306,paypal,paid
ORD0016307,apple_pay,paid
ORD0016308,paypal,paid
ORD0016309,credit_card,paid
ORD0016310,credit_card,paid
ORD0016311,apple_pay,paid
ORD0016312,credit_card,paid
ORD0016313,credit_card,paid
ORD0016314,klarna,paid
ORD0016315,klarna,refunded
ORD0016316,paypal,paid
ORD0016317,paypal,paid
ORD0016318,credit_card,paid
ORD0016319,credit_card,paid
ORD0016320,credit_card,paid
ORD0016321,credit_card,refunded
ORD0016322,klarna,paid
ORD0016323,credit_card,paid
ORD0016324,apple_pay,paid
ORD0016325,paypal,paid
ORD0016326,apple_pay,refunded
ORD0016327,credit_card,paid
ORD0016328,klarna,paid
ORD0016329,apple_pay,paid
ORD0016330,paypal,paid
ORD0016331,bank_transfer,paid
ORD0016332,paypal,paid
ORD0016333,apple_pay,paid
ORD0016334,credit_card,paid
ORD0016335,klarna,paid
ORD0016336,apple_pay,paid
ORD0016337,credit_card,paid
ORD0016338,bank_transfer,paid
ORD0016339,paypal,refunded
ORD0016340,credit_card,refunded
ORD0016341,credit_card,paid
ORD0016342,paypal,paid
ORD0016343,apple_pay,paid
ORD0016344,credit_card,paid
ORD0016345,apple_pay,paid
ORD0016346,paypal,paid
ORD0016347,credit_card,paid
ORD0016348,credit_card,paid
ORD0016349,credit_card,paid
ORD0016350,paypal,paid
ORD0016351,paypal,paid
ORD0016352,credit_card,paid
ORD0016353,credit_card,paid
ORD0016354,credit_card,paid
ORD0016355,bank_transfer,paid
ORD0016356,paypal,paid
ORD0016357,credit_card,paid
ORD0016358,klarna,paid
ORD0016359,klarna,paid
ORD0016360,credit_card,paid
ORD0016361,apple_pay,refunded
ORD0016362,paypal,paid
ORD0016363,klarna,paid
ORD0016364,bank_transfer,paid
ORD0016365,apple_pay,paid
ORD0016366,credit_card,paid
ORD0016367,credit_card,paid
ORD0016368,credit_card,paid
ORD0016369,credit_card,paid
ORD0016370,credit_card,paid
ORD0016371,credit_card,paid
ORD0016372,credit_card,paid
ORD0016373,credit_card,paid
ORD0016374,paypal,paid
ORD0016375,credit_card,paid
ORD0016376,credit_card,paid
ORD0016377,paypal,paid
ORD0016378,credit_card,paid
ORD0016379,paypal,paid
ORD0016380,credit_card,paid
ORD0016381,apple_pay,paid
ORD0016382,klarna,paid
ORD0016383,paypal,paid
ORD0016384,credit_card,refunded
ORD0016385,klarna,paid
ORD0016386,klarna,paid
ORD0016387,paypal,paid
ORD0016388,credit_card,paid
ORD0016389,paypal,paid
ORD0016390,paypal,paid
ORD0016391,credit_card,paid
ORD0016392,credit_card,paid
ORD0016393,credit_card,paid
ORD0016394,paypal,paid
ORD0016395,credit_card,paid
ORD0016396,paypal,paid
ORD0016397,credit_card,refunded
ORD0016398,paypal,paid
ORD0016399,credit_card,paid
ORD0016400,credit_card,paid
ORD0016401,credit_card,paid
ORD0016402,apple_pay,paid
ORD0016403,credit_card,paid
ORD0016404,apple_pay,paid
ORD0016405,klarna,paid
ORD0016406,paypal,paid
ORD0016407,credit_card,paid
ORD0016408,credit_card,paid
ORD0016409,paypal,paid
ORD0016410,credit_card,paid
ORD0016411,paypal,paid
ORD0016412,paypal,paid
ORD0016413,apple_pay,refunded
ORD0016414,paypal,paid
ORD0016415,paypal,paid
ORD0016416,credit_card,paid
ORD0016417,credit_card,paid
ORD0016418,credit_card,paid
ORD0016419,credit_card,paid
ORD0016420,klarna,paid
ORD0016421,credit_card,paid
ORD0016422,credit_card,paid
ORD0016423,credit_card,paid
ORD0016424,klarna,paid
ORD0016425,credit_card,paid
ORD0016426,credit_card,paid
ORD0016427,credit_card,paid
ORD0016428,apple_pay,paid
ORD0016429,credit_card,paid
ORD0016430,credit_card,paid
ORD0016431,klarna,paid
ORD0016432,klarna,refunded
ORD0016433,credit_card,paid
ORD0016434,credit_card,paid
ORD0016435,credit_card,paid
ORD0016436,credit_card,paid
ORD0016437,klarna,paid
ORD0016438,klarna,paid
ORD0016439,apple_pay,paid
ORD0016440,credit_card,paid
ORD0016441,credit_card,paid
ORD0016442,bank_transfer,paid
ORD0016443,paypal,refunded
ORD0016444,paypal,paid
ORD0016445,paypal,paid
ORD0016446,paypal,paid
ORD0016447,paypal,paid
ORD0016448,credit_card,paid
ORD0016449,paypal,paid
ORD0016450,paypal,paid
ORD0016451,paypal,paid
ORD0016452,credit_card,refunded
ORD0016453,apple_pay,paid
ORD0016454,paypal,paid
ORD0016455,credit_card,paid
ORD0016456,credit_card,paid
ORD0016457,paypal,refunded
ORD0016458,credit_card,paid
ORD0016459,paypal,paid
ORD0016460,klarna,refunded
ORD0016461,klarna,paid
ORD0016462,credit_card,paid
ORD0016463,credit_card,paid
ORD0016464,klarna,paid
ORD0016465,credit_card,paid
ORD0016466,credit_card,paid
ORD0016467,credit_card,paid
ORD0016468,credit_card,paid
ORD0016469,paypal,paid
ORD0016470,paypal,paid
ORD0016471,credit_card,paid
ORD0016472,credit_card,paid
ORD0016473,paypal,paid
ORD0016474,paypal,paid
ORD0016475,credit_card,paid
ORD0016476,paypal,paid
ORD0016477,credit_card,paid
ORD0016478,credit_card,paid
ORD0016479,apple_pay,paid
ORD0016480,paypal,paid
ORD0016481,credit_card,paid
ORD0016482,credit_card,paid
ORD0016483,credit_card,paid
ORD0016484,paypal,refunded
ORD0016485,bank_transfer,refunded
ORD0016486,credit_card,paid
ORD0016487,credit_card,paid
ORD0016488,credit_card,paid
ORD0016489,credit_card,paid
ORD0016490,klarna,paid
ORD0016491,klarna,paid
ORD0016492,credit_card,paid
ORD0016493,bank_transfer,paid
ORD0016494,klarna,paid
ORD0016495,paypal,paid
ORD0016496,klarna,paid
ORD0016497,credit_card,paid
ORD0016498,klarna,paid
ORD0016499,klarna,refunded
ORD0016500,klarna,paid
ORD0016501,apple_pay,paid
ORD0016502,credit_card,paid
ORD0016503,credit_card,paid
ORD0016504,credit_card,paid
ORD0016505,bank_transfer,paid
ORD0016506,credit_card,paid
ORD0016507,credit_card,paid
ORD0016508,credit_card,paid
ORD0016509,credit_card,paid
ORD0016510,paypal,paid
ORD0016511,apple_pay,paid
ORD0016512,paypal,paid
ORD0016513,credit_card,paid
ORD0016514,apple_pay,paid
ORD0016515,credit_card,paid
ORD0016516,credit_card,paid
ORD0016517,apple_pay,refunded
ORD0016518,klarna,paid
ORD0016519,paypal,paid
ORD0016520,credit_card,paid
ORD0016521,paypal,paid
ORD0016522,credit_card,paid
ORD0016523,bank_transfer,paid
ORD0016524,klarna,paid
ORD0016525,klarna,paid
ORD0016526,credit_card,paid
ORD0016527,apple_pay,paid
ORD0016528,credit_card,paid
ORD0016529,paypal,paid
ORD0016530,paypal,paid
ORD0016531,credit_card,paid
ORD0016532,apple_pay,paid
ORD0016533,bank_transfer,paid
ORD0016534,credit_card,paid
ORD0016535,apple_pay,paid
ORD0016536,klarna,paid
ORD0016537,credit_card,paid
ORD0016538,bank_transfer,paid
ORD0016539,paypal,paid
ORD0016540,apple_pay,paid
ORD0016541,klarna,paid
ORD0016542,klarna,paid
ORD0016543,apple_pay,paid
ORD0016544,credit_card,paid
ORD0016545,credit_card,paid
ORD0016546,credit_card,paid
ORD0016547,credit_card,paid
ORD0016548,klarna,paid
ORD0016549,credit_card,paid
ORD0016550,bank_transfer,paid
ORD0016551,credit_card,paid
ORD0016552,credit_card,refunded
ORD0016553,paypal,paid
ORD0016554,klarna,paid
ORD0016555,paypal,paid
ORD0016556,credit_card,paid
ORD0016557,bank_transfer,paid
ORD0016558,credit_card,paid
ORD0016559,apple_pay,paid
ORD0016560,bank_transfer,paid
ORD0016561,credit_card,paid
ORD0016562,apple_pay,paid
ORD0016563,credit_card,paid
ORD0016564,credit_card,paid
ORD0016565,credit_card,paid
ORD0016566,paypal,paid
ORD0016567,paypal,paid
ORD0016568,apple_pay,refunded
ORD0016569,klarna,paid
ORD0016570,credit_card,refunded
ORD0016571,paypal,paid
ORD0016572,credit_card,paid
ORD0016573,credit_card,paid
ORD0016574,klarna,paid
ORD0016575,credit_card,paid
ORD0016576,credit_card,paid
ORD0016577,paypal,paid
ORD0016578,credit_card,paid
ORD0016579,paypal,paid
ORD0016580,credit_card,refunded
ORD0016581,credit_card,paid
ORD0016582,bank_transfer,paid
ORD0016583,credit_card,paid
ORD0016584,credit_card,refunded
ORD0016585,credit_card,paid
ORD0016586,credit_card,refunded
ORD0016587,apple_pay,paid
ORD0016588,apple_pay,paid
ORD0016589,paypal,paid
ORD0016590,klarna,paid
ORD0016591,credit_card,paid
ORD0016592,paypal,paid
ORD0016593,apple_pay,paid
ORD0016594,klarna,paid
ORD0016595,klarna,paid
ORD0016596,credit_card,paid
ORD0016597,credit_card,paid
ORD0016598,credit_card,refunded
ORD0016599,credit_card,paid
ORD0016600,klarna,paid
ORD0016601,klarna,paid
ORD0016602,paypal,paid
ORD0016603,klarna,paid
ORD0016604,credit_card,paid
ORD0016605,paypal,paid
ORD0016606,apple_pay,paid
ORD0016607,apple_pay,paid
ORD0016608,credit_card,paid
ORD0016609,paypal,refunded
ORD0016610,klarna,paid
ORD0016611,klarna,paid
ORD0016612,paypal,paid
ORD0016613,bank_transfer,paid
ORD0016614,klarna,paid
ORD0016615,apple_pay,paid
ORD0016616,credit_card,paid
ORD0016617,credit_card,paid
ORD0016618,credit_card,paid
ORD0016619,klarna,paid
ORD0016620,paypal,paid
ORD0016621,credit_card,paid
ORD0016622,credit_card,paid
ORD0016623,credit_card,refunded
ORD0016624,credit_card,paid
ORD0016625,credit_card,paid
ORD0016626,credit_card,paid
ORD0016627,credit_card,paid
ORD0016628,apple_pay,paid
ORD0016629,credit_card,paid
ORD0016630,credit_card,paid
ORD0016631,klarna,paid
ORD0016632,klarna,paid
ORD0016633,paypal,paid
ORD0016634,credit_card,paid
ORD0016635,credit_card,refunded
ORD0016636,klarna,paid
ORD0016637,credit_card,paid
ORD0016638,credit_card,paid
ORD0016639,paypal,paid
ORD0016640,credit_card,paid
ORD0016641,credit_card,paid
ORD0016642,klarna,paid
ORD0016643,credit_card,paid
ORD0016644,credit_card,paid
ORD0016645,paypal,refunded
ORD0016646,credit_card,paid
ORD0016647,credit_card,paid
ORD0016648,credit_card,paid
ORD0016649,paypal,paid
ORD0016650,credit_card,paid
ORD0016651,credit_card,paid
ORD0016652,credit_card,paid
ORD0016653,credit_card,paid
ORD0016654,credit_card,paid
ORD0016655,klarna,paid
ORD0016656,credit_card,paid
ORD0016657,apple_pay,paid
ORD0016658,credit_card,paid
ORD0016659,apple_pay,paid
ORD0016660,credit_card,paid
ORD0016661,paypal,paid
ORD0016662,paypal,paid
ORD0016663,credit_card,paid
ORD0016664,paypal,paid
ORD0016665,paypal,paid
ORD0016666,credit_card,refunded
ORD0016667,paypal,paid
ORD0016668,klarna,paid
ORD0016669,bank_transfer,paid
ORD0016670,credit_card,paid
ORD0016671,credit_card,paid
ORD0016672,credit_card,paid
ORD0016673,klarna,paid
ORD0016674,credit_card,paid
ORD0016675,paypal,paid
ORD0016676,paypal,refunded
ORD0016677,klarna,paid
ORD0016678,paypal,paid
ORD0016679,paypal,paid
ORD0016680,credit_card,paid
ORD0016681,credit_card,paid
ORD0016682,credit_card,paid
ORD0016683,credit_card,paid
ORD0016684,credit_card,paid
ORD0016685,credit_card,paid
ORD0016686,credit_card,paid
ORD0016687,credit_card,paid
ORD0016688,credit_card,paid
ORD0016689,klarna,paid
ORD0016690,credit_card,paid
ORD0016691,credit_card,paid
ORD0016692,credit_card,paid
ORD0016693,credit_card,paid
ORD0016694,credit_card,paid
ORD0016695,credit_card,paid
ORD0016696,credit_card,paid
ORD0016697,credit_card,paid
ORD0016698,paypal,paid
ORD0016699,paypal,paid
ORD0016700,credit_card,paid
ORD0016701,credit_card,paid
ORD0016702,paypal,paid
ORD0016703,paypal,paid
ORD0016704,credit_card,paid
ORD0016705,credit_card,paid
ORD0016706,credit_card,paid
ORD0016707,klarna,paid
ORD0016708,credit_card,paid
ORD0016709,credit_card,paid
ORD0016710,paypal,paid
ORD0016711,paypal,paid
ORD0016712,bank_transfer,paid
ORD0016713,bank_transfer,paid
ORD0016714,apple_pay,paid
ORD0016715,apple_pay,paid
ORD0016716,klarna,paid
ORD0016717,paypal,paid
ORD0016718,klarna,paid
ORD0016719,paypal,paid
ORD0016720,credit_card,paid
ORD0016721,credit_card,paid
ORD0016722,paypal,paid
ORD0016723,paypal,paid
ORD0016724,credit_card,paid
ORD0016725,credit_card,refunded
ORD0016726,paypal,paid
ORD0016727,paypal,paid
ORD0016728,paypal,refunded
ORD0016729,credit_card,paid
ORD0016730,credit_card,paid
ORD0016731,apple_pay,paid
ORD0016732,paypal,paid
ORD0016733,klarna,paid
ORD0016734,klarna,paid
ORD0016735,paypal,refunded
ORD0016736,credit_card,paid
ORD0016737,credit_card,paid
ORD0016738,paypal,paid
ORD0016739,paypal,paid
ORD0016740,klarna,paid
ORD0016741,credit_card,paid
ORD0016742,credit_card,paid
ORD0016743,paypal,paid
ORD0016744,credit_card,paid
ORD0016745,apple_pay,paid
ORD0016746,credit_card,paid
ORD0016747,credit_card,paid
ORD0016748,paypal,paid
ORD0016749,credit_card,paid
ORD0016750,klarna,paid
ORD0016751,klarna,paid
ORD0016752,credit_card,paid
ORD0016753,paypal,paid
ORD0016754,apple_pay,refunded
ORD0016755,credit_card,paid
ORD0016756,credit_card,paid
ORD0016757,paypal,paid
ORD0016758,paypal,paid
ORD0016759,apple_pay,paid
ORD0016760,klarna,paid
ORD0016761,paypal,paid
ORD0016762,paypal,paid
ORD0016763,paypal,paid
ORD0016764,klarna,paid
ORD0016765,credit_card,paid
ORD0016766,apple_pay,paid
ORD0016767,credit_card,paid
ORD0016768,klarna,paid
ORD0016769,paypal,paid
ORD0016770,credit_card,paid
ORD0016771,klarna,paid
ORD0016772,paypal,paid
ORD0016773,credit_card,paid
ORD0016774,bank_transfer,paid
ORD0016775,bank_transfer,paid
ORD0016776,apple_pay,paid
ORD0016777,credit_card,paid
ORD0016778,credit_card,paid
ORD0016779,credit_card,paid
ORD0016780,credit_card,paid
ORD0016781,klarna,paid
ORD0016782,klarna,paid
ORD0016783,paypal,paid
ORD0016784,credit_card,paid
ORD0016785,klarna,paid
ORD0016786,bank_transfer,paid
ORD0016787,credit_card,paid
ORD0016788,credit_card,paid
ORD0016789,credit_card,paid
ORD0016790,apple_pay,refunded
ORD0016791,credit_card,paid
ORD0016792,credit_card,paid
ORD0016793,bank_transfer,paid
ORD0016794,paypal,paid
ORD0016795,paypal,paid
ORD0016796,paypal,paid
ORD0016797,credit_card,paid
ORD0016798,paypal,paid
ORD0016799,klarna,paid
ORD0016800,credit_card,paid
ORD0016801,paypal,paid
ORD0016802,credit_card,paid
ORD0016803,credit_card,refunded
ORD0016804,paypal,paid
ORD0016805,credit_card,paid
ORD0016806,credit_card,paid
ORD0016807,apple_pay,paid
ORD0016808,apple_pay,paid
ORD0016809,credit_card,paid
ORD0016810,credit_card,paid
ORD0016811,credit_card,paid
ORD0016812,bank_transfer,paid
ORD0016813,credit_card,paid
ORD0016814,credit_card,paid
ORD0016815,paypal,paid
ORD0016816,paypal,paid
ORD0016817,credit_card,paid
ORD0016818,credit_card,paid
ORD0016819,bank_transfer,paid
ORD0016820,credit_card,paid
ORD0016821,apple_pay,paid
ORD0016822,credit_card,paid
ORD0016823,paypal,paid
ORD0016824,paypal,paid
ORD0016825,klarna,paid
ORD0016826,klarna,paid
ORD0016827,credit_card,paid
ORD0016828,apple_pay,paid
ORD0016829,apple_pay,paid
ORD0016830,paypal,paid
ORD0016831,paypal,paid
ORD0016832,credit_card,paid
ORD0016833,klarna,paid
ORD0016834,bank_transfer,paid
ORD0016835,credit_card,paid
ORD0016836,paypal,paid
ORD0016837,credit_card,paid
ORD0016838,klarna,paid
ORD0016839,credit_card,paid
ORD0016840,paypal,refunded
ORD0016841,credit_card,paid
ORD0016842,apple_pay,paid
ORD0016843,paypal,paid
ORD0016844,credit_card,paid
ORD0016845,paypal,refunded
ORD0016846,klarna,paid
ORD0016847,paypal,paid
ORD0016848,credit_card,paid
ORD0016849,credit_card,paid
ORD0016850,paypal,paid
ORD0016851,klarna,paid
ORD0016852,credit_card,paid
ORD0016853,apple_pay,paid
ORD0016854,paypal,paid
ORD0016855,klarna,paid
ORD0016856,apple_pay,paid
ORD0016857,credit_card,paid
ORD0016858,credit_card,paid
ORD0016859,apple_pay,paid
ORD0016860,credit_card,paid
ORD0016861,credit_card,paid
ORD0016862,credit_card,refunded
ORD0016863,credit_card,paid
ORD0016864,klarna,paid
ORD0016865,credit_card,paid
ORD0016866,credit_card,paid
ORD0016867,paypal,paid
ORD0016868,paypal,paid
ORD0016869,credit_card,paid
ORD0016870,paypal,paid
ORD0016871,paypal,paid
ORD0016872,apple_pay,paid
ORD0016873,credit_card,paid
ORD0016874,klarna,paid
ORD0016875,apple_pay,refunded
ORD0016876,paypal,paid
ORD0016877,credit_card,paid
ORD0016878,credit_card,paid
ORD0016879,paypal,paid
ORD0016880,apple_pay,paid
ORD0016881,credit_card,paid
ORD0016882,credit_card,paid
ORD0016883,apple_pay,paid
ORD0016884,bank_transfer,paid
ORD0016885,apple_pay,paid
ORD0016886,credit_card,paid
ORD0016887,credit_card,paid
ORD0016888,credit_card,paid
ORD0016889,klarna,paid
ORD0016890,credit_card,paid
ORD0016891,apple_pay,paid
ORD0016892,paypal,paid
ORD0016893,paypal,paid
ORD0016894,klarna,paid
ORD0016895,apple_pay,paid
ORD0016896,klarna,paid
ORD0016897,credit_card,paid
ORD0016898,paypal,paid
ORD0016899,credit_card,paid
ORD0016900,apple_pay,paid
ORD0016901,klarna,paid
ORD0016902,credit_card,paid
ORD0016903,credit_card,paid
ORD0016904,klarna,paid
ORD0016905,paypal,paid
ORD0016906,credit_card,paid
ORD0016907,credit_card,paid
ORD0016908,paypal,paid
ORD0016909,paypal,paid
ORD0016910,credit_card,paid
ORD0016911,credit_card,paid
ORD0016912,apple_pay,paid
ORD0016913,paypal,paid
ORD0016914,klarna,paid
ORD0016915,credit_card,paid
ORD0016916,apple_pay,paid
ORD0016917,apple_pay,paid
ORD0016918,credit_card,refunded
ORD0016919,bank_transfer,paid
ORD0016920,credit_card,paid
ORD0016921,bank_transfer,paid
ORD0016922,credit_card,paid
ORD0016923,credit_card,paid
ORD0016924,apple_pay,paid
ORD0016925,credit_card,paid
ORD0016926,apple_pay,paid
ORD0016927,apple_pay,paid
ORD0016928,credit_card,paid
ORD0016929,credit_card,paid
ORD0016930,credit_card,refunded
ORD0016931,apple_pay,paid
ORD0016932,credit_card,paid
ORD0016933,credit_card,paid
ORD0016934,apple_pay,paid
ORD0016935,apple_pay,paid
ORD0016936,paypal,paid
ORD0016937,credit_card,paid
ORD0016938,klarna,paid
ORD0016939,paypal,paid
ORD0016940,credit_card,paid
ORD0016941,klarna,paid
ORD0016942,credit_card,paid
ORD0016943,credit_card,paid
ORD0016944,credit_card,paid
ORD0016945,apple_pay,paid
ORD0016946,apple_pay,paid
ORD0016947,credit_card,paid
ORD0016948,paypal,paid
ORD0016949,credit_card,paid
ORD0016950,paypal,paid
ORD0016951,apple_pay,paid
ORD0016952,credit_card,paid
ORD0016953,credit_card,paid
ORD0016954,paypal,paid
ORD0016955,klarna,paid
ORD0016956,paypal,paid
ORD0016957,klarna,paid
ORD0016958,credit_card,paid
ORD0016959,credit_card,paid
ORD0016960,klarna,paid
ORD0016961,credit_card,paid
ORD0016962,klarna,paid
ORD0016963,klarna,refunded
ORD0016964,paypal,paid
ORD0016965,credit_card,paid
ORD0016966,credit_card,paid
ORD0016967,credit_card,paid
ORD0016968,apple_pay,paid
ORD0016969,credit_card,paid
ORD0016970,klarna,paid
ORD0016971,credit_card,paid
ORD0016972,bank_transfer,paid
ORD0016973,apple_pay,paid
ORD0016974,apple_pay,paid
ORD0016975,klarna,paid
ORD0016976,credit_card,paid
ORD0016977,credit_card,paid
ORD0016978,credit_card,paid
ORD0016979,apple_pay,paid
ORD0016980,paypal,paid
ORD0016981,apple_pay,paid
ORD0016982,klarna,paid
ORD0016983,paypal,paid
ORD0016984,apple_pay,paid
ORD0016985,bank_transfer,paid
ORD0016986,klarna,paid
ORD0016987,credit_card,paid
ORD0016988,paypal,paid
ORD0016989,apple_pay,paid
ORD0016990,klarna,paid
ORD0016991,credit_card,refunded
ORD0016992,credit_card,paid
ORD0016993,paypal,paid
ORD0016994,credit_card,paid
ORD0016995,credit_card,paid
ORD0016996,apple_pay,paid
ORD0016997,paypal,paid
ORD0016998,credit_card,paid
ORD0016999,credit_card,paid
ORD0017000,paypal,paid
ORD0017001,bank_transfer,paid
ORD0017002,klarna,paid
ORD0017003,paypal,paid
ORD0017004,credit_card,paid
ORD0017005,paypal,paid
ORD0017006,credit_card,paid
ORD0017007,credit_card,paid
ORD0017008,credit_card,paid
ORD0017009,credit_card,paid
ORD0017010,bank_transfer,paid
ORD0017011,apple_pay,paid
ORD0017012,credit_card,paid
ORD0017013,paypal,paid
ORD0017014,paypal,paid
ORD0017015,paypal,paid
ORD0017016,apple_pay,paid
ORD0017017,apple_pay,paid
ORD0017018,credit_card,paid
ORD0017019,credit_card,paid
ORD0017020,credit_card,paid
ORD0017021,paypal,paid
ORD0017022,credit_card,paid
ORD0017023,credit_card,paid
ORD0017024,paypal,paid
ORD0017025,paypal,paid
ORD0017026,credit_card,paid
ORD0017027,credit_card,paid
ORD0017028,paypal,paid
ORD0017029,credit_card,refunded
ORD0017030,klarna,paid
ORD0017031,apple_pay,paid
ORD0017032,apple_pay,paid
ORD0017033,paypal,paid
ORD0017034,apple_pay,paid
ORD0017035,credit_card,paid
ORD0017036,apple_pay,paid
ORD0017037,credit_card,paid
ORD0017038,credit_card,paid
ORD0017039,apple_pay,paid
ORD0017040,credit_card,paid
ORD0017041,apple_pay,paid
ORD0017042,paypal,paid
ORD0017043,klarna,paid
ORD0017044,paypal,paid
ORD0017045,credit_card,paid
ORD0017046,bank_transfer,paid
ORD0017047,credit_card,paid
ORD0017048,paypal,paid
ORD0017049,paypal,paid
ORD0017050,credit_card,paid
ORD0017051,credit_card,paid
ORD0017052,credit_card,paid
ORD0017053,klarna,paid
ORD0017054,credit_card,paid
ORD0017055,bank_transfer,paid
ORD0017056,paypal,paid
ORD0017057,credit_card,paid
ORD0017058,paypal,paid
ORD0017059,credit_card,paid
ORD0017060,klarna,paid
ORD0017061,klarna,paid
ORD0017062,paypal,paid
ORD0017063,bank_transfer,paid
ORD0017064,credit_card,paid
ORD0017065,apple_pay,paid
ORD0017066,bank_transfer,paid
ORD0017067,credit_card,paid
ORD0017068,credit_card,paid
ORD0017069,klarna,paid
ORD0017070,credit_card,paid
ORD0017071,klarna,paid
ORD0017072,paypal,paid
ORD0017073,bank_transfer,paid
ORD0017074,credit_card,paid
ORD0017075,paypal,paid
ORD0017076,credit_card,paid
ORD0017077,credit_card,refunded
ORD0017078,paypal,paid
ORD0017079,paypal,paid
ORD0017080,klarna,paid
ORD0017081,credit_card,paid
ORD0017082,credit_card,paid
ORD0017083,apple_pay,paid
ORD0017084,bank_transfer,paid
ORD0017085,klarna,paid
ORD0017086,paypal,paid
ORD0017087,bank_transfer,paid
ORD0017088,credit_card,paid
ORD0017089,paypal,refunded
ORD0017090,paypal,paid
ORD0017091,credit_card,paid
ORD0017092,credit_card,paid
ORD0017093,apple_pay,paid
ORD0017094,apple_pay,paid
ORD0017095,credit_card,paid
ORD0017096,bank_transfer,paid
ORD0017097,paypal,paid
ORD0017098,apple_pay,paid
ORD0017099,apple_pay,paid
ORD0017100,credit_card,paid
ORD0017101,klarna,paid
ORD0017102,klarna,paid
ORD0017103,credit_card,paid
ORD0017104,credit_card,paid
ORD0017105,klarna,paid
ORD0017106,credit_card,paid
ORD0017107,klarna,paid
ORD0017108,apple_pay,paid
ORD0017109,credit_card,paid
ORD0017110,credit_card,paid
ORD0017111,credit_card,paid
ORD0017112,credit_card,paid
ORD0017113,credit_card,paid
ORD0017114,bank_transfer,paid
ORD0017115,credit_card,paid
ORD0017116,credit_card,paid
ORD0017117,credit_card,paid
ORD0017118,credit_card,paid
ORD0017119,credit_card,paid
ORD0017120,paypal,paid
ORD0017121,klarna,paid
ORD0017122,bank_transfer,paid
ORD0017123,paypal,paid
ORD0017124,credit_card,paid
ORD0017125,credit_card,paid
ORD0017126,klarna,paid
ORD0017127,apple_pay,paid
ORD0017128,apple_pay,paid
ORD0017129,credit_card,paid
ORD0017130,apple_pay,paid
ORD0017131,klarna,paid
ORD0017132,paypal,paid
ORD0017133,klarna,paid
ORD0017134,apple_pay,paid
ORD0017135,klarna,paid
ORD0017136,credit_card,paid
ORD0017137,paypal,paid
ORD0017138,credit_card,paid
ORD0017139,credit_card,paid
ORD0017140,paypal,paid
ORD0017141,credit_card,paid
ORD0017142,credit_card,paid
ORD0017143,credit_card,paid
ORD0017144,paypal,paid
ORD0017145,paypal,paid
ORD0017146,klarna,paid
ORD0017147,credit_card,paid
ORD0017148,paypal,paid
ORD0017149,credit_card,paid
ORD0017150,paypal,paid
ORD0017151,paypal,paid
ORD0017152,credit_card,paid
ORD0017153,paypal,paid
ORD0017154,credit_card,paid
ORD0017155,credit_card,paid
ORD0017156,credit_card,paid
ORD0017157,paypal,paid
ORD0017158,paypal,paid
ORD0017159,klarna,paid
ORD0017160,paypal,paid
ORD0017161,klarna,paid
ORD0017162,credit_card,paid
ORD0017163,credit_card,paid
ORD0017164,apple_pay,paid
ORD0017165,bank_transfer,paid
ORD0017166,klarna,paid
ORD0017167,paypal,paid
ORD0017168,credit_card,paid
ORD0017169,paypal,paid
ORD0017170,credit_card,paid
ORD0017171,apple_pay,paid
ORD0017172,credit_card,paid
ORD0017173,paypal,paid
ORD0017174,credit_card,paid
ORD0017175,paypal,paid
ORD0017176,paypal,paid
ORD0017177,apple_pay,paid
ORD0017178,credit_card,refunded
ORD0017179,credit_card,paid
ORD0017180,bank_transfer,paid
ORD0017181,klarna,paid
ORD0017182,credit_card,paid
ORD0017183,credit_card,paid
ORD0017184,paypal,paid
ORD0017185,paypal,refunded
ORD0017186,apple_pay,paid
ORD0017187,credit_card,paid
ORD0017188,paypal,paid
ORD0017189,paypal,paid
ORD0017190,paypal,paid
ORD0017191,credit_card,paid
ORD0017192,credit_card,paid
ORD0017193,klarna,paid
ORD0017194,klarna,paid
ORD0017195,paypal,refunded
ORD0017196,apple_pay,paid
ORD0017197,apple_pay,paid
ORD0017198,credit_card,paid
ORD0017199,credit_card,paid
ORD0017200,apple_pay,paid
ORD0017201,paypal,paid
ORD0017202,credit_card,paid
ORD0017203,paypal,paid
ORD0017204,klarna,paid
ORD0017205,paypal,paid
ORD0017206,credit_card,paid
ORD0017207,klarna,paid
ORD0017208,credit_card,paid
ORD0017209,credit_card,paid
ORD0017210,apple_pay,paid
ORD0017211,klarna,paid
ORD0017212,credit_card,paid
ORD0017213,credit_card,paid
ORD0017214,paypal,paid
ORD0017215,apple_pay,refunded
ORD0017216,paypal,paid
ORD0017217,credit_card,paid
ORD0017218,paypal,paid
ORD0017219,credit_card,paid
ORD0017220,credit_card,paid
ORD0017221,klarna,refunded
ORD0017222,credit_card,paid
ORD0017223,credit_card,paid
ORD0017224,paypal,paid
ORD0017225,credit_card,paid
ORD0017226,klarna,paid
ORD0017227,klarna,paid
ORD0017228,paypal,paid
ORD0017229,credit_card,paid
ORD0017230,apple_pay,paid
ORD0017231,paypal,paid
ORD0017232,paypal,paid
ORD0017233,paypal,paid
ORD0017234,paypal,refunded
ORD0017235,credit_card,paid
ORD0017236,credit_card,paid
ORD0017237,credit_card,refunded
ORD0017238,paypal,paid
ORD0017239,klarna,paid
ORD0017240,credit_card,paid
ORD0017241,apple_pay,paid
ORD0017242,credit_card,paid
ORD0017243,paypal,paid
ORD0017244,credit_card,paid
ORD0017245,credit_card,paid
ORD0017246,credit_card,paid
ORD0017247,credit_card,paid
ORD0017248,credit_card,paid
ORD0017249,credit_card,paid
ORD0017250,credit_card,paid
ORD0017251,klarna,paid
ORD0017252,credit_card,paid
ORD0017253,credit_card,paid
ORD0017254,apple_pay,paid
ORD0017255,klarna,paid
ORD0017256,credit_card,paid
ORD0017257,credit_card,paid
ORD0017258,credit_card,paid
ORD0017259,credit_card,paid
ORD0017260,paypal,paid
ORD0017261,paypal,paid
ORD0017262,paypal,paid
ORD0017263,credit_card,refunded
ORD0017264,credit_card,refunded
ORD0017265,paypal,paid
ORD0017266,credit_card,paid
ORD0017267,paypal,paid
ORD0017268,credit_card,paid
ORD0017269,credit_card,paid
ORD0017270,credit_card,paid
ORD0017271,credit_card,paid
ORD0017272,credit_card,paid
ORD0017273,credit_card,paid
ORD0017274,klarna,paid
ORD0017275,credit_card,paid
ORD0017276,klarna,paid
ORD0017277,credit_card,paid
ORD0017278,credit_card,paid
ORD0017279,paypal,paid
ORD0017280,klarna,paid
ORD0017281,credit_card,paid
ORD0017282,paypal,paid
ORD0017283,credit_card,paid
ORD0017284,paypal,paid
ORD0017285,credit_card,paid
ORD0017286,credit_card,paid
ORD0017287,apple_pay,paid
ORD0017288,credit_card,refunded
ORD0017289,paypal,paid
ORD0017290,credit_card,paid
ORD0017291,apple_pay,paid
ORD0017292,credit_card,refunded
ORD0017293,credit_card,paid
ORD0017294,credit_card,paid
ORD0017295,bank_transfer,paid
ORD0017296,klarna,refunded
ORD0017297,credit_card,paid
ORD0017298,credit_card,paid
ORD0017299,paypal,paid
ORD0017300,credit_card,paid
ORD0017301,paypal,paid
ORD0017302,credit_card,paid
ORD0017303,apple_pay,paid
ORD0017304,bank_transfer,paid
ORD0017305,credit_card,paid
ORD0017306,credit_card,paid
ORD0017307,apple_pay,paid
ORD0017308,klarna,paid
ORD0017309,paypal,paid
ORD0017310,paypal,paid
ORD0017311,apple_pay,paid
ORD0017312,credit_card,refunded
ORD0017313,credit_card,paid
ORD0017314,credit_card,paid
ORD0017315,credit_card,paid
ORD0017316,credit_card,paid
ORD0017317,paypal,paid
ORD0017318,credit_card,paid
ORD0017319,credit_card,paid
ORD0017320,credit_card,paid
ORD0017321,apple_pay,paid
ORD0017322,credit_card,paid
ORD0017323,credit_card,paid
ORD0017324,paypal,paid
ORD0017325,credit_card,paid
ORD0017326,klarna,paid
ORD0017327,klarna,paid
ORD0017328,paypal,paid
ORD0017329,credit_card,paid
ORD0017330,credit_card,paid
ORD0017331,credit_card,paid
ORD0017332,paypal,paid
ORD0017333,paypal,paid
ORD0017334,paypal,paid
ORD0017335,credit_card,paid
ORD0017336,klarna,paid
ORD0017337,apple_pay,paid
ORD0017338,klarna,paid
ORD0017339,credit_card,paid
ORD0017340,credit_card,refunded
ORD0017341,paypal,paid
ORD0017342,apple_pay,paid
ORD0017343,credit_card,paid
ORD0017344,credit_card,paid
ORD0017345,credit_card,paid
ORD0017346,credit_card,paid
ORD0017347,paypal,paid
ORD0017348,apple_pay,paid
ORD0017349,paypal,paid
ORD0017350,klarna,paid
ORD0017351,credit_card,paid
ORD0017352,credit_card,paid
ORD0017353,apple_pay,paid
ORD0017354,credit_card,paid
ORD0017355,klarna,paid
ORD0017356,klarna,paid
ORD0017357,paypal,paid
ORD0017358,credit_card,paid
ORD0017359,credit_card,paid
ORD0017360,credit_card,paid
ORD0017361,paypal,refunded
ORD0017362,credit_card,paid
ORD0017363,apple_pay,refunded
ORD0017364,paypal,paid
ORD0017365,klarna,paid
ORD0017366,paypal,paid
ORD0017367,paypal,paid
ORD0017368,credit_card,paid
ORD0017369,credit_card,paid
ORD0017370,credit_card,paid
ORD0017371,klarna,paid
ORD0017372,credit_card,refunded
ORD0017373,bank_transfer,paid
ORD0017374,credit_card,refunded
ORD0017375,paypal,paid
ORD0017376,klarna,paid
ORD0017377,paypal,paid
ORD0017378,credit_card,paid
ORD0017379,apple_pay,paid
ORD0017380,apple_pay,paid
ORD0017381,credit_card,paid
ORD0017382,klarna,paid
ORD0017383,bank_transfer,paid
ORD0017384,credit_card,paid
ORD0017385,klarna,paid
ORD0017386,apple_pay,paid
ORD0017387,paypal,paid
ORD0017388,paypal,paid
ORD0017389,credit_card,paid
ORD0017390,klarna,paid
ORD0017391,credit_card,paid
ORD0017392,apple_pay,paid
ORD0017393,bank_transfer,paid
ORD0017394,apple_pay,paid
ORD0017395,bank_transfer,paid
ORD0017396,klarna,paid
ORD0017397,paypal,paid
ORD0017398,credit_card,paid
ORD0017399,credit_card,paid
ORD0017400,credit_card,paid
ORD0017401,bank_transfer,paid
ORD0017402,credit_card,paid
ORD0017403,credit_card,paid
ORD0017404,credit_card,paid
ORD0017405,credit_card,paid
ORD0017406,paypal,paid
ORD0017407,apple_pay,paid
ORD0017408,paypal,paid
ORD0017409,credit_card,paid
ORD0017410,credit_card,paid
ORD0017411,bank_transfer,paid
ORD0017412,credit_card,paid
ORD0017413,credit_card,refunded
ORD0017414,credit_card,paid
ORD0017415,credit_card,paid
ORD0017416,apple_pay,paid
ORD0017417,paypal,paid
ORD0017418,credit_card,paid
ORD0017419,credit_card,paid
ORD0017420,paypal,paid
ORD0017421,apple_pay,paid
ORD0017422,klarna,paid
ORD0017423,credit_card,refunded
ORD0017424,apple_pay,paid
ORD0017425,credit_card,paid
ORD0017426,credit_card,paid
ORD0017427,apple_pay,paid
ORD0017428,credit_card,paid
ORD0017429,paypal,paid
ORD0017430,paypal,paid
ORD0017431,credit_card,paid
ORD0017432,credit_card,paid
ORD0017433,klarna,paid
ORD0017434,credit_card,paid
ORD0017435,credit_card,paid
ORD0017436,paypal,paid
ORD0017437,credit_card,paid
ORD0017438,credit_card,paid
ORD0017439,credit_card,paid
ORD0017440,credit_card,paid
ORD0017441,bank_transfer,paid
ORD0017442,credit_card,paid
ORD0017443,klarna,paid
ORD0017444,klarna,paid
ORD0017445,credit_card,paid
ORD0017446,paypal,paid
ORD0017447,paypal,paid
ORD0017448,credit_card,paid
ORD0017449,klarna,paid
ORD0017450,paypal,paid
ORD0017451,credit_card,paid
ORD0017452,credit_card,refunded
ORD0017453,credit_card,paid
ORD0017454,credit_card,paid
ORD0017455,klarna,paid
ORD0017456,credit_card,paid
ORD0017457,paypal,paid
ORD0017458,paypal,refunded
ORD0017459,apple_pay,paid
ORD0017460,apple_pay,paid
ORD0017461,paypal,paid
ORD0017462,klarna,refunded
ORD0017463,credit_card,refunded
ORD0017464,paypal,paid
ORD0017465,credit_card,paid
ORD0017466,klarna,paid
ORD0017467,apple_pay,paid
ORD0017468,credit_card,paid
ORD0017469,paypal,paid
ORD0017470,credit_card,paid
ORD0017471,paypal,paid
ORD0017472,paypal,paid
ORD0017473,klarna,paid
ORD0017474,credit_card,paid
ORD0017475,credit_card,refunded
ORD0017476,credit_card,paid
ORD0017477,apple_pay,paid
ORD0017478,paypal,paid
ORD0017479,paypal,paid
ORD0017480,credit_card,paid
ORD0017481,klarna,refunded
ORD0017482,credit_card,paid
ORD0017483,klarna,paid
ORD0017484,credit_card,paid
ORD0017485,paypal,paid
ORD0017486,klarna,paid
ORD0017487,klarna,refunded
ORD0017488,klarna,paid
ORD0017489,credit_card,paid
ORD0017490,credit_card,paid
ORD0017491,credit_card,paid
ORD0017492,credit_card,paid
ORD0017493,credit_card,paid
ORD0017494,paypal,refunded
ORD0017495,credit_card,paid
ORD0017496,credit_card,paid
ORD0017497,bank_transfer,paid
ORD0017498,klarna,paid
ORD0017499,apple_pay,paid
ORD0017500,bank_transfer,paid
ORD0017501,bank_transfer,paid
ORD0017502,paypal,paid
ORD0017503,credit_card,paid
ORD0017504,credit_card,paid
ORD0017505,paypal,paid
ORD0017506,paypal,paid
ORD0017507,credit_card,paid
ORD0017508,credit_card,paid
ORD0017509,credit_card,paid
ORD0017510,credit_card,paid
ORD0017511,credit_card,paid
ORD0017512,bank_transfer,paid
ORD0017513,paypal,paid
ORD0017514,klarna,paid
ORD0017515,paypal,paid
ORD0017516,credit_card,paid
ORD0017517,credit_card,paid
ORD0017518,credit_card,paid
ORD0017519,credit_card,refunded
ORD0017520,credit_card,paid
ORD0017521,klarna,paid
ORD0017522,apple_pay,paid
ORD0017523,credit_card,paid
ORD0017524,paypal,paid
ORD0017525,apple_pay,paid
ORD0017526,klarna,paid
ORD0017527,bank_transfer,paid
ORD0017528,paypal,paid
ORD0017529,credit_card,paid
ORD0017530,apple_pay,paid
ORD0017531,credit_card,paid
ORD0017532,credit_card,paid
ORD0017533,paypal,paid
ORD0017534,paypal,paid
ORD0017535,klarna,paid
ORD0017536,paypal,paid
ORD0017537,paypal,paid
ORD0017538,apple_pay,refunded
ORD0017539,apple_pay,paid
ORD0017540,klarna,paid
ORD0017541,credit_card,paid
ORD0017542,klarna,paid
ORD0017543,credit_card,paid
ORD0017544,bank_transfer,paid
ORD0017545,credit_card,refunded
ORD0017546,apple_pay,paid
ORD0017547,paypal,refunded
ORD0017548,credit_card,paid
ORD0017549,credit_card,paid
ORD0017550,apple_pay,paid
ORD0017551,klarna,paid
ORD0017552,credit_card,paid
ORD0017553,credit_card,paid
ORD0017554,paypal,paid
ORD0017555,paypal,refunded
ORD0017556,paypal,paid
ORD0017557,credit_card,paid
ORD0017558,apple_pay,paid
ORD0017559,apple_pay,paid
ORD0017560,klarna,paid
ORD0017561,paypal,paid
ORD0017562,credit_card,paid
ORD0017563,credit_card,paid
ORD0017564,credit_card,paid
ORD0017565,credit_card,paid
ORD0017566,credit_card,paid
ORD0017567,apple_pay,paid
ORD0017568,credit_card,paid
ORD0017569,credit_card,paid
ORD0017570,credit_card,paid
ORD0017571,credit_card,paid
ORD0017572,apple_pay,refunded
ORD0017573,paypal,paid
ORD0017574,credit_card,paid
ORD0017575,paypal,paid
ORD0017576,credit_card,paid
ORD0017577,paypal,paid
ORD0017578,credit_card,paid
ORD0017579,paypal,paid
ORD0017580,paypal,paid
ORD0017581,apple_pay,paid
ORD0017582,paypal,refunded
ORD0017583,klarna,paid
ORD0017584,paypal,paid
ORD0017585,credit_card,paid
ORD0017586,paypal,paid
ORD0017587,apple_pay,paid
ORD0017588,paypal,paid
ORD0017589,paypal,refunded
ORD0017590,klarna,refunded
ORD0017591,apple_pay,paid
ORD0017592,paypal,paid
ORD0017593,credit_card,paid
ORD0017594,klarna,paid
ORD0017595,paypal,paid
ORD0017596,paypal,paid
ORD0017597,apple_pay,paid
ORD0017598,klarna,paid
ORD0017599,credit_card,paid
ORD0017600,klarna,refunded
ORD0017601,credit_card,paid
ORD0017602,apple_pay,paid
ORD0017603,paypal,paid
ORD0017604,klarna,paid
ORD0017605,credit_card,paid
ORD0017606,credit_card,paid
ORD0017607,paypal,paid
ORD0017608,klarna,paid
ORD0017609,klarna,refunded
ORD0017610,credit_card,paid
ORD0017611,credit_card,paid
ORD0017612,paypal,refunded
ORD0017613,credit_card,paid
ORD0017614,apple_pay,refunded
ORD0017615,credit_card,paid
ORD0017616,klarna,paid
ORD0017617,paypal,paid
ORD0017618,credit_card,refunded
ORD0017619,paypal,paid
ORD0017620,klarna,refunded
ORD0017621,paypal,paid
ORD0017622,paypal,paid
ORD0017623,credit_card,paid
ORD0017624,klarna,paid
ORD0017625,bank_transfer,paid
ORD0017626,klarna,paid
ORD0017627,bank_transfer,paid
ORD0017628,paypal,paid
ORD0017629,paypal,paid
ORD0017630,paypal,paid
ORD0017631,credit_card,paid
ORD0017632,apple_pay,paid
ORD0017633,credit_card,paid
ORD0017634,credit_card,paid
ORD0017635,paypal,paid
ORD0017636,paypal,paid
ORD0017637,paypal,paid
ORD0017638,paypal,paid
ORD0017639,credit_card,paid
ORD0017640,credit_card,paid
ORD0017641,paypal,refunded
ORD0017642,klarna,paid
ORD0017643,paypal,paid
ORD0017644,credit_card,paid
ORD0017645,credit_card,paid
ORD0017646,credit_card,paid
ORD0017647,credit_card,paid
ORD0017648,credit_card,paid
ORD0017649,credit_card,paid
ORD0017650,credit_card,paid
ORD0017651,paypal,paid
ORD0017652,apple_pay,paid
ORD0017653,klarna,paid
ORD0017654,paypal,paid
ORD0017655,credit_card,paid
ORD0017656,credit_card,paid
ORD0017657,klarna,paid
ORD0017658,bank_transfer,paid
ORD0017659,credit_card,paid
ORD0017660,credit_card,paid
ORD0017661,paypal,paid
ORD0017662,klarna,paid
ORD0017663,credit_card,paid
ORD0017664,paypal,paid
ORD0017665,credit_card,refunded
ORD0017666,paypal,paid
ORD0017667,credit_card,paid
ORD0017668,paypal,paid
ORD0017669,paypal,paid
ORD0017670,klarna,paid
ORD0017671,klarna,paid
ORD0017672,paypal,paid
ORD0017673,credit_card,paid
ORD0017674,credit_card,paid
ORD0017675,credit_card,paid
ORD0017676,credit_card,paid
ORD0017677,credit_card,paid
ORD0017678,credit_card,paid
ORD0017679,credit_card,paid
ORD0017680,credit_card,paid
ORD0017681,credit_card,paid
ORD0017682,apple_pay,paid
ORD0017683,credit_card,paid
ORD0017684,credit_card,paid
ORD0017685,apple_pay,paid
ORD0017686,paypal,refunded
ORD0017687,credit_card,paid
ORD0017688,paypal,paid
ORD0017689,paypal,paid
ORD0017690,klarna,paid
ORD0017691,bank_transfer,paid
ORD0017692,credit_card,paid
ORD0017693,bank_transfer,paid
ORD0017694,paypal,paid
ORD0017695,bank_transfer,paid
ORD0017696,apple_pay,paid
ORD0017697,bank_transfer,paid
ORD0017698,klarna,paid
ORD0017699,apple_pay,paid
ORD0017700,credit_card,paid
ORD0017701,paypal,paid
ORD0017702,paypal,paid
ORD0017703,credit_card,paid
ORD0017704,klarna,paid
ORD0017705,credit_card,paid
ORD0017706,paypal,paid
ORD0017707,paypal,paid
ORD0017708,klarna,paid
ORD0017709,credit_card,paid
ORD0017710,credit_card,paid
ORD0017711,credit_card,paid
ORD0017712,credit_card,paid
ORD0017713,paypal,paid
ORD0017714,paypal,refunded
ORD0017715,paypal,paid
ORD0017716,credit_card,paid
ORD0017717,klarna,paid
ORD0017718,paypal,paid
ORD0017719,credit_card,paid
ORD0017720,paypal,paid
ORD0017721,paypal,paid
ORD0017722,klarna,paid
ORD0017723,credit_card,paid
ORD0017724,paypal,paid
ORD0017725,paypal,paid
ORD0017726,klarna,paid
ORD0017727,paypal,paid
ORD0017728,paypal,refunded
ORD0017729,credit_card,paid
ORD0017730,credit_card,paid
ORD0017731,paypal,paid
ORD0017732,credit_card,paid
ORD0017733,paypal,paid
ORD0017734,klarna,paid
ORD0017735,credit_card,paid
ORD0017736,apple_pay,paid
ORD0017737,apple_pay,paid
ORD0017738,klarna,paid
ORD0017739,apple_pay,paid
ORD0017740,credit_card,paid
ORD0017741,paypal,paid
ORD0017742,klarna,paid
ORD0017743,credit_card,paid
ORD0017744,paypal,paid
ORD0017745,credit_card,paid
ORD0017746,paypal,paid
ORD0017747,credit_card,paid
ORD0017748,klarna,paid
ORD0017749,credit_card,paid
ORD0017750,klarna,refunded
ORD0017751,credit_card,paid
ORD0017752,klarna,refunded
ORD0017753,credit_card,paid
ORD0017754,paypal,paid
ORD0017755,paypal,paid
ORD0017756,klarna,paid
ORD0017757,paypal,paid
ORD0017758,credit_card,paid
ORD0017759,apple_pay,paid
ORD0017760,credit_card,paid
ORD0017761,credit_card,paid
ORD0017762,credit_card,paid
ORD0017763,klarna,paid
ORD0017764,apple_pay,paid
ORD0017765,apple_pay,paid
ORD0017766,credit_card,paid
ORD0017767,credit_card,paid
ORD0017768,paypal,paid
ORD0017769,credit_card,paid
ORD0017770,paypal,paid
ORD0017771,credit_card,paid
ORD0017772,klarna,paid
ORD0017773,klarna,paid
ORD0017774,paypal,paid
ORD0017775,credit_card,paid
ORD0017776,credit_card,paid
ORD0017777,credit_card,paid
ORD0017778,apple_pay,paid
ORD0017779,credit_card,paid
ORD0017780,bank_transfer,paid
ORD0017781,klarna,paid
ORD0017782,credit_card,paid
ORD0017783,klarna,paid
ORD0017784,klarna,paid
ORD0017785,credit_card,paid
ORD0017786,klarna,paid
ORD0017787,apple_pay,paid
ORD0017788,credit_card,paid
ORD0017789,credit_card,paid
ORD0017790,credit_card,refunded
ORD0017791,credit_card,paid
ORD0017792,paypal,paid
ORD0017793,credit_card,paid
ORD0017794,klarna,paid
ORD0017795,apple_pay,paid
ORD0017796,apple_pay,paid
ORD0017797,paypal,paid
ORD0017798,apple_pay,paid
ORD0017799,credit_card,paid
ORD0017800,paypal,paid
ORD0017801,paypal,refunded
ORD0017802,paypal,paid
ORD0017803,credit_card,paid
ORD0017804,bank_transfer,paid
ORD0017805,apple_pay,paid
ORD0017806,credit_card,paid
ORD0017807,credit_card,paid
ORD0017808,klarna,paid
ORD0017809,credit_card,paid
ORD0017810,credit_card,paid
ORD0017811,apple_pay,paid
ORD0017812,paypal,paid
ORD0017813,paypal,paid
ORD0017814,paypal,paid
ORD0017815,klarna,paid
ORD0017816,apple_pay,paid
ORD0017817,paypal,paid
ORD0017818,apple_pay,paid
ORD0017819,klarna,paid
ORD0017820,credit_card,paid
ORD0017821,credit_card,paid
ORD0017822,bank_transfer,paid
ORD0017823,klarna,paid
ORD0017824,paypal,paid
ORD0017825,credit_card,paid
ORD0017826,paypal,paid
ORD0017827,credit_card,paid
ORD0017828,klarna,refunded
ORD0017829,credit_card,paid
ORD0017830,credit_card,paid
ORD0017831,apple_pay,paid
ORD0017832,apple_pay,paid
ORD0017833,bank_transfer,paid
ORD0017834,klarna,paid
ORD0017835,credit_card,paid
ORD0017836,credit_card,paid
ORD0017837,credit_card,paid
ORD0017838,credit_card,paid
ORD0017839,paypal,paid
ORD0017840,paypal,paid
ORD0017841,credit_card,paid
ORD0017842,klarna,paid
ORD0017843,klarna,paid
ORD0017844,credit_card,paid
ORD0017845,paypal,paid
ORD0017846,klarna,paid
ORD0017847,credit_card,paid
ORD0017848,credit_card,paid
ORD0017849,credit_card,paid
ORD0017850,klarna,paid
ORD0017851,credit_card,paid
ORD0017852,credit_card,paid
ORD0017853,credit_card,paid
ORD0017854,paypal,paid
ORD0017855,paypal,refunded
ORD0017856,klarna,paid
ORD0017857,credit_card,paid
ORD0017858,paypal,paid
ORD0017859,klarna,paid
ORD0017860,credit_card,paid
ORD0017861,paypal,paid
ORD0017862,credit_card,refunded
ORD0017863,credit_card,paid
ORD0017864,apple_pay,paid
ORD0017865,apple_pay,paid
ORD0017866,credit_card,paid
ORD0017867,paypal,paid
ORD0017868,paypal,paid
ORD0017869,credit_card,paid
ORD0017870,credit_card,paid
ORD0017871,credit_card,paid
ORD0017872,credit_card,paid
ORD0017873,apple_pay,paid
ORD0017874,apple_pay,paid
ORD0017875,credit_card,paid
ORD0017876,apple_pay,paid
ORD0017877,credit_card,paid
ORD0017878,credit_card,paid
ORD0017879,paypal,paid
ORD0017880,bank_transfer,paid
ORD0017881,klarna,paid
ORD0017882,bank_transfer,paid
ORD0017883,credit_card,refunded
ORD0017884,credit_card,paid
ORD0017885,apple_pay,paid
ORD0017886,paypal,paid
ORD0017887,apple_pay,paid
ORD0017888,paypal,paid
ORD0017889,apple_pay,paid
ORD0017890,klarna,paid
ORD0017891,apple_pay,paid
ORD0017892,credit_card,paid
ORD0017893,credit_card,paid
ORD0017894,credit_card,paid
ORD0017895,klarna,paid
ORD0017896,credit_card,paid
ORD0017897,klarna,paid
ORD0017898,paypal,paid
ORD0017899,credit_card,paid
ORD0017900,klarna,paid
ORD0017901,credit_card,paid
ORD0017902,apple_pay,paid
ORD0017903,credit_card,paid
ORD0017904,bank_transfer,paid
ORD0017905,paypal,paid
ORD0017906,bank_transfer,refunded
ORD0017907,apple_pay,refunded
ORD0017908,paypal,paid
ORD0017909,paypal,paid
ORD0017910,credit_card,paid
ORD0017911,bank_transfer,paid
ORD0017912,credit_card,paid
ORD0017913,klarna,paid
ORD0017914,paypal,paid
ORD0017915,paypal,paid
ORD0017916,credit_card,refunded
ORD0017917,credit_card,paid
ORD0017918,credit_card,paid
ORD0017919,credit_card,refunded
ORD0017920,paypal,paid
ORD0017921,paypal,paid
ORD0017922,credit_card,paid
ORD0017923,apple_pay,paid
ORD0017924,credit_card,paid
ORD0017925,paypal,paid
ORD0017926,credit_card,paid
ORD0017927,credit_card,paid
ORD0017928,credit_card,paid
ORD0017929,bank_transfer,paid
ORD0017930,klarna,paid
ORD0017931,bank_transfer,paid
ORD0017932,paypal,refunded
ORD0017933,credit_card,paid
ORD0017934,credit_card,paid
ORD0017935,paypal,paid
ORD0017936,bank_transfer,paid
ORD0017937,klarna,paid
ORD0017938,paypal,paid
ORD0017939,paypal,paid
ORD0017940,klarna,paid
ORD0017941,paypal,paid
ORD0017942,klarna,paid
ORD0017943,credit_card,paid
ORD0017944,klarna,paid
ORD0017945,paypal,refunded
ORD0017946,credit_card,paid
ORD0017947,bank_transfer,refunded
ORD0017948,credit_card,paid
ORD0017949,apple_pay,paid
ORD0017950,credit_card,paid
ORD0017951,paypal,paid
ORD0017952,paypal,paid
ORD0017953,paypal,paid
ORD0017954,credit_card,paid
ORD0017955,bank_transfer,paid
ORD0017956,credit_card,paid
ORD0017957,bank_transfer,paid
ORD0017958,klarna,paid
ORD0017959,credit_card,refunded
ORD0017960,credit_card,paid
ORD0017961,apple_pay,paid
ORD0017962,credit_card,paid
ORD0017963,paypal,paid
ORD0017964,paypal,paid
ORD0017965,credit_card,paid
ORD0017966,paypal,paid
ORD0017967,klarna,paid
ORD0017968,credit_card,paid
ORD0017969,bank_transfer,paid
ORD0017970,credit_card,paid
ORD0017971,klarna,paid
ORD0017972,paypal,paid
ORD0017973,paypal,paid
ORD0017974,credit_card,paid
ORD0017975,klarna,paid
ORD0017976,klarna,paid
ORD0017977,credit_card,paid
ORD0017978,credit_card,paid
ORD0017979,paypal,paid
ORD0017980,credit_card,paid
ORD0017981,bank_transfer,paid
ORD0017982,apple_pay,paid
ORD0017983,apple_pay,paid
ORD0017984,credit_card,paid
ORD0017985,credit_card,paid
ORD0017986,credit_card,refunded
ORD0017987,credit_card,paid
ORD0017988,paypal,paid
ORD0017989,credit_card,paid
ORD0017990,apple_pay,paid
ORD0017991,paypal,refunded
ORD0017992,credit_card,paid
ORD0017993,paypal,paid
ORD0017994,credit_card,paid
ORD0017995,credit_card,paid
ORD0017996,bank_transfer,paid
ORD0017997,credit_card,paid
ORD0017998,credit_card,paid
ORD0017999,credit_card,paid
ORD0018000,apple_pay,paid
ORD0018001,paypal,paid
ORD0018002,credit_card,refunded
ORD0018003,klarna,paid
ORD0018004,klarna,refunded
ORD0018005,credit_card,paid
ORD0018006,paypal,paid
ORD0018007,credit_card,paid
ORD0018008,credit_card,paid
ORD0018009,credit_card,paid
ORD0018010,klarna,paid
ORD0018011,credit_card,paid
ORD0018012,klarna,paid
ORD0018013,klarna,paid
ORD0018014,klarna,paid
ORD0018015,credit_card,paid
ORD0018016,credit_card,paid
ORD0018017,apple_pay,paid
ORD0018018,klarna,paid
ORD0018019,apple_pay,paid
ORD0018020,credit_card,paid
ORD0018021,paypal,paid
ORD0018022,klarna,paid
ORD0018023,credit_card,paid
ORD0018024,paypal,paid
ORD0018025,klarna,paid
ORD0018026,credit_card,paid
ORD0018027,credit_card,paid
ORD0018028,credit_card,paid
ORD0018029,paypal,paid
ORD0018030,paypal,paid
ORD0018031,credit_card,refunded
ORD0018032,credit_card,refunded
ORD0018033,credit_card,paid
ORD0018034,credit_card,paid
ORD0018035,credit_card,paid
ORD0018036,paypal,paid
ORD0018037,credit_card,paid
ORD0018038,klarna,paid
ORD0018039,credit_card,refunded
ORD0018040,paypal,paid
ORD0018041,klarna,paid
ORD0018042,credit_card,paid
ORD0018043,credit_card,paid
ORD0018044,credit_card,paid
ORD0018045,credit_card,paid
ORD0018046,credit_card,paid
ORD0018047,klarna,paid
ORD0018048,apple_pay,paid
ORD0018049,paypal,paid
ORD0018050,credit_card,paid
ORD0018051,credit_card,paid
ORD0018052,klarna,paid
ORD0018053,klarna,paid
ORD0018054,credit_card,refunded
ORD0018055,credit_card,paid
ORD0018056,paypal,paid
ORD0018057,paypal,paid
ORD0018058,klarna,paid
ORD0018059,credit_card,paid
ORD0018060,bank_transfer,paid
ORD0018061,credit_card,paid
ORD0018062,credit_card,paid
ORD0018063,credit_card,refunded
ORD0018064,klarna,paid
ORD0018065,credit_card,paid
ORD0018066,credit_card,paid
ORD0018067,paypal,paid
ORD0018068,credit_card,refunded
ORD0018069,apple_pay,paid
ORD0018070,apple_pay,paid
ORD0018071,credit_card,refunded
ORD0018072,bank_transfer,paid
ORD0018073,credit_card,paid
ORD0018074,credit_card,paid
ORD0018075,paypal,paid
ORD0018076,paypal,paid
ORD0018077,credit_card,paid
ORD0018078,klarna,paid
ORD0018079,klarna,paid
ORD0018080,bank_transfer,paid
ORD0018081,klarna,paid
ORD0018082,klarna,paid
ORD0018083,apple_pay,paid
ORD0018084,paypal,paid
ORD0018085,paypal,paid
ORD0018086,klarna,paid
ORD0018087,credit_card,paid
ORD0018088,credit_card,refunded
ORD0018089,klarna,paid
ORD0018090,paypal,paid
ORD0018091,credit_card,paid
ORD0018092,klarna,paid
ORD0018093,paypal,paid
ORD0018094,credit_card,paid
ORD0018095,credit_card,paid
ORD0018096,paypal,paid
ORD0018097,paypal,paid
ORD0018098,paypal,paid
ORD0018099,apple_pay,paid
ORD0018100,credit_card,paid
ORD0018101,apple_pay,paid
ORD0018102,credit_card,refunded
ORD0018103,credit_card,paid
ORD0018104,credit_card,paid
ORD0018105,credit_card,refunded
ORD0018106,credit_card,paid
ORD0018107,credit_card,paid
ORD0018108,klarna,paid
ORD0018109,paypal,paid
ORD0018110,credit_card,paid
ORD0018111,paypal,paid
ORD0018112,klarna,paid
ORD0018113,apple_pay,paid
ORD0018114,klarna,paid
ORD0018115,credit_card,paid
ORD0018116,credit_card,refunded
ORD0018117,credit_card,paid
ORD0018118,credit_card,paid
ORD0018119,credit_card,paid
ORD0018120,klarna,paid
ORD0018121,paypal,paid
ORD0018122,paypal,paid
ORD0018123,credit_card,refunded
ORD0018124,klarna,paid
ORD0018125,paypal,paid
ORD0018126,klarna,paid
ORD0018127,klarna,paid
ORD0018128,klarna,paid
ORD0018129,credit_card,paid
ORD0018130,paypal,paid
ORD0018131,credit_card,refunded
ORD0018132,paypal,paid
ORD0018133,paypal,paid
ORD0018134,paypal,paid
ORD0018135,credit_card,paid
ORD0018136,credit_card,paid
ORD0018137,paypal,paid
ORD0018138,paypal,paid
ORD0018139,paypal,paid
ORD0018140,credit_card,paid
ORD0018141,paypal,paid
ORD0018142,credit_card,paid
ORD0018143,paypal,paid
ORD0018144,credit_card,paid
ORD0018145,paypal,paid
ORD0018146,paypal,paid
ORD0018147,klarna,paid
ORD0018148,credit_card,paid
ORD0018149,credit_card,paid
ORD0018150,credit_card,paid
ORD0018151,klarna,paid
ORD0018152,credit_card,paid
ORD0018153,credit_card,paid
ORD0018154,apple_pay,paid
ORD0018155,apple_pay,paid
ORD0018156,paypal,paid
ORD0018157,credit_card,paid
ORD0018158,credit_card,paid
ORD0018159,paypal,paid
ORD0018160,klarna,paid
ORD0018161,paypal,paid
ORD0018162,paypal,paid
ORD0018163,bank_transfer,refunded
ORD0018164,credit_card,paid
ORD0018165,credit_card,paid
ORD0018166,apple_pay,paid
ORD0018167,credit_card,paid
ORD0018168,paypal,paid
ORD0018169,klarna,paid
ORD0018170,bank_transfer,paid
ORD0018171,credit_card,paid
ORD0018172,bank_transfer,paid
ORD0018173,credit_card,paid
ORD0018174,credit_card,paid
ORD0018175,klarna,paid
ORD0018176,paypal,paid
ORD0018177,klarna,paid
ORD0018178,credit_card,paid
ORD0018179,credit_card,paid
ORD0018180,credit_card,paid
ORD0018181,klarna,paid
ORD0018182,credit_card,paid
ORD0018183,credit_card,paid
ORD0018184,klarna,paid
ORD0018185,credit_card,paid
ORD0018186,klarna,paid
ORD0018187,paypal,paid
ORD0018188,paypal,paid
ORD0018189,bank_transfer,paid
ORD0018190,credit_card,paid
ORD0018191,paypal,paid
ORD0018192,credit_card,paid
ORD0018193,bank_transfer,paid
ORD0018194,paypal,paid
ORD0018195,credit_card,paid
ORD0018196,paypal,paid
ORD0018197,paypal,paid
ORD0018198,apple_pay,paid
ORD0018199,credit_card,paid
ORD0018200,paypal,paid
ORD0018201,credit_card,paid
ORD0018202,paypal,paid
ORD0018203,paypal,paid
ORD0018204,paypal,paid
ORD0018205,bank_transfer,paid
ORD0018206,apple_pay,paid
ORD0018207,credit_card,refunded
ORD0018208,apple_pay,paid
ORD0018209,paypal,paid
ORD0018210,apple_pay,paid
ORD0018211,bank_transfer,paid
ORD0018212,credit_card,paid
ORD0018213,klarna,paid
ORD0018214,paypal,paid
ORD0018215,credit_card,paid
ORD0018216,credit_card,refunded
ORD0018217,credit_card,paid
ORD0018218,bank_transfer,paid
ORD0018219,paypal,paid
ORD0018220,apple_pay,paid
ORD0018221,credit_card,paid
ORD0018222,paypal,paid
ORD0018223,paypal,paid
ORD0018224,credit_card,paid
ORD0018225,paypal,paid
ORD0018226,paypal,paid
ORD0018227,credit_card,paid
ORD0018228,bank_transfer,paid
ORD0018229,paypal,paid
ORD0018230,klarna,paid
ORD0018231,credit_card,paid
ORD0018232,credit_card,paid
ORD0018233,credit_card,paid
ORD0018234,paypal,paid
ORD0018235,credit_card,paid
ORD0018236,paypal,paid
ORD0018237,credit_card,paid
ORD0018238,klarna,paid
ORD0018239,klarna,paid
ORD0018240,paypal,paid
ORD0018241,credit_card,paid
ORD0018242,credit_card,paid
ORD0018243,credit_card,paid
ORD0018244,paypal,paid
ORD0018245,paypal,paid
ORD0018246,bank_transfer,paid
ORD0018247,apple_pay,refunded
ORD0018248,credit_card,refunded
ORD0018249,credit_card,paid
ORD0018250,paypal,paid
ORD0018251,paypal,paid
ORD0018252,credit_card,paid
ORD0018253,bank_transfer,paid
ORD0018254,apple_pay,paid
ORD0018255,credit_card,paid
ORD0018256,apple_pay,paid
ORD0018257,klarna,paid
ORD0018258,credit_card,paid
ORD0018259,credit_card,paid
ORD0018260,paypal,paid
ORD0018261,apple_pay,paid
ORD0018262,credit_card,refunded
ORD0018263,apple_pay,refunded
ORD0018264,credit_card,refunded
ORD0018265,credit_card,paid
ORD0018266,apple_pay,paid
ORD0018267,apple_pay,paid
ORD0018268,credit_card,paid
ORD0018269,klarna,paid
ORD0018270,credit_card,paid
ORD0018271,credit_card,paid
ORD0018272,bank_transfer,paid
ORD0018273,credit_card,paid
ORD0018274,credit_card,paid
ORD0018275,credit_card,refunded
ORD0018276,credit_card,paid
ORD0018277,paypal,paid
ORD0018278,paypal,paid
ORD0018279,paypal,paid
ORD0018280,credit_card,paid
ORD0018281,credit_card,paid
ORD0018282,credit_card,paid
ORD0018283,credit_card,paid
ORD0018284,paypal,paid
ORD0018285,apple_pay,paid
ORD0018286,klarna,paid
ORD0018287,paypal,paid
ORD0018288,paypal,paid
ORD0018289,credit_card,paid
ORD0018290,credit_card,paid
ORD0018291,credit_card,paid
ORD0018292,paypal,paid
ORD0018293,paypal,paid
ORD0018294,credit_card,paid
ORD0018295,credit_card,paid
ORD0018296,paypal,paid
ORD0018297,paypal,paid
ORD0018298,klarna,paid
ORD0018299,paypal,paid
ORD0018300,klarna,paid
ORD0018301,credit_card,paid
ORD0018302,paypal,paid
ORD0018303,paypal,paid
ORD0018304,klarna,paid
ORD0018305,apple_pay,paid
ORD0018306,credit_card,paid
ORD0018307,credit_card,paid
ORD0018308,paypal,paid
ORD0018309,klarna,paid
ORD0018310,klarna,paid
ORD0018311,apple_pay,paid
ORD0018312,credit_card,paid
ORD0018313,paypal,paid
ORD0018314,paypal,paid
ORD0018315,paypal,paid
ORD0018316,paypal,paid
ORD0018317,apple_pay,paid
ORD0018318,credit_card,paid
ORD0018319,credit_card,paid
ORD0018320,klarna,paid
ORD0018321,credit_card,paid
ORD0018322,credit_card,paid
ORD0018323,klarna,paid
ORD0018324,paypal,paid
ORD0018325,bank_transfer,paid
ORD0018326,credit_card,paid
ORD0018327,credit_card,paid
ORD0018328,paypal,paid
ORD0018329,klarna,paid
ORD0018330,credit_card,paid
ORD0018331,klarna,paid
ORD0018332,klarna,paid
ORD0018333,klarna,paid
ORD0018334,paypal,paid
ORD0018335,credit_card,paid
ORD0018336,paypal,paid
ORD0018337,credit_card,paid
ORD0018338,klarna,paid
ORD0018339,paypal,paid
ORD0018340,paypal,refunded
ORD0018341,paypal,paid
ORD0018342,paypal,paid
ORD0018343,credit_card,paid
ORD0018344,klarna,paid
ORD0018345,paypal,paid
ORD0018346,credit_card,paid
ORD0018347,apple_pay,paid
ORD0018348,credit_card,refunded
ORD0018349,klarna,paid
ORD0018350,credit_card,paid
ORD0018351,credit_card,paid
ORD0018352,bank_transfer,paid
ORD0018353,credit_card,paid
ORD0018354,credit_card,paid
ORD0018355,credit_card,refunded
ORD0018356,bank_transfer,paid
ORD0018357,klarna,paid
ORD0018358,klarna,paid
ORD0018359,credit_card,paid
ORD0018360,paypal,paid
ORD0018361,paypal,paid
ORD0018362,credit_card,paid
ORD0018363,paypal,paid
ORD0018364,paypal,paid
ORD0018365,paypal,paid
ORD0018366,credit_card,refunded
ORD0018367,credit_card,paid
ORD0018368,credit_card,refunded
ORD0018369,klarna,paid
ORD0018370,credit_card,paid
ORD0018371,apple_pay,paid
ORD0018372,credit_card,paid
ORD0018373,credit_card,refunded
ORD0018374,klarna,paid
ORD0018375,credit_card,paid
ORD0018376,credit_card,paid
ORD0018377,credit_card,paid
ORD0018378,credit_card,refunded
ORD0018379,credit_card,paid
ORD0018380,paypal,paid
ORD0018381,credit_card,paid
ORD0018382,klarna,paid
ORD0018383,credit_card,paid
ORD0018384,credit_card,paid
ORD0018385,apple_pay,paid
ORD0018386,paypal,paid
ORD0018387,bank_transfer,paid
ORD0018388,credit_card,paid
ORD0018389,credit_card,paid
ORD0018390,paypal,paid
ORD0018391,paypal,paid
ORD0018392,credit_card,paid
ORD0018393,credit_card,paid
ORD0018394,credit_card,paid
ORD0018395,credit_card,paid
ORD0018396,credit_card,paid
ORD0018397,paypal,paid
ORD0018398,apple_pay,paid
ORD0018399,paypal,paid
ORD0018400,paypal,paid
ORD0018401,paypal,paid
ORD0018402,credit_card,paid
ORD0018403,paypal,paid
ORD0018404,klarna,paid
ORD0018405,credit_card,paid
ORD0018406,credit_card,paid
ORD0018407,apple_pay,paid
ORD0018408,credit_card,paid
ORD0018409,credit_card,paid
ORD0018410,paypal,paid
ORD0018411,credit_card,paid
ORD0018412,klarna,paid
ORD0018413,credit_card,paid
ORD0018414,credit_card,paid
ORD0018415,apple_pay,paid
ORD0018416,credit_card,refunded
ORD0018417,credit_card,refunded
ORD0018418,credit_card,paid
ORD0018419,paypal,paid
ORD0018420,credit_card,paid
ORD0018421,apple_pay,paid
ORD0018422,paypal,paid
ORD0018423,credit_card,paid
ORD0018424,apple_pay,paid
ORD0018425,credit_card,paid
ORD0018426,credit_card,paid
ORD0018427,credit_card,paid
ORD0018428,credit_card,paid
ORD0018429,klarna,paid
ORD0018430,klarna,paid
ORD0018431,credit_card,paid
ORD0018432,klarna,paid
ORD0018433,credit_card,paid
ORD0018434,credit_card,paid
ORD0018435,bank_transfer,paid
ORD0018436,credit_card,paid
ORD0018437,credit_card,paid
ORD0018438,paypal,paid
ORD0018439,credit_card,paid
ORD0018440,paypal,paid
ORD0018441,credit_card,paid
ORD0018442,credit_card,paid
ORD0018443,paypal,paid
ORD0018444,apple_pay,paid
ORD0018445,paypal,paid
ORD0018446,credit_card,paid
ORD0018447,klarna,paid
ORD0018448,paypal,paid
ORD0018449,paypal,paid
ORD0018450,paypal,paid
ORD0018451,credit_card,paid
ORD0018452,paypal,paid
ORD0018453,apple_pay,paid
ORD0018454,klarna,paid
ORD0018455,apple_pay,paid
ORD0018456,apple_pay,refunded
ORD0018457,apple_pay,paid
ORD0018458,credit_card,paid
ORD0018459,credit_card,paid
ORD0018460,bank_transfer,paid
ORD0018461,paypal,paid
ORD0018462,paypal,paid
ORD0018463,credit_card,paid
ORD0018464,credit_card,paid
ORD0018465,paypal,paid
ORD0018466,klarna,paid
ORD0018467,klarna,paid
ORD0018468,credit_card,paid
ORD0018469,credit_card,paid
ORD0018470,klarna,paid
ORD0018471,klarna,paid
ORD0018472,paypal,paid
ORD0018473,paypal,paid
ORD0018474,credit_card,paid
ORD0018475,klarna,paid
ORD0018476,credit_card,paid
ORD0018477,credit_card,paid
ORD0018478,credit_card,paid
ORD0018479,credit_card,paid
ORD0018480,credit_card,paid
ORD0018481,credit_card,paid
ORD0018482,credit_card,paid
ORD0018483,credit_card,paid
ORD0018484,credit_card,paid
ORD0018485,credit_card,paid
ORD0018486,credit_card,paid
ORD0018487,paypal,paid
ORD0018488,credit_card,paid
ORD0018489,credit_card,paid
ORD0018490,credit_card,paid
ORD0018491,paypal,paid
ORD0018492,credit_card,paid
ORD0018493,klarna,paid
ORD0018494,apple_pay,paid
ORD0018495,klarna,paid
ORD0018496,credit_card,paid
ORD0018497,klarna,paid
ORD0018498,credit_card,paid
ORD0018499,credit_card,paid
ORD0018500,credit_card,paid
ORD0018501,klarna,refunded
ORD0018502,credit_card,paid
ORD0018503,klarna,paid
ORD0018504,apple_pay,paid
ORD0018505,paypal,paid
ORD0018506,apple_pay,paid
ORD0018507,apple_pay,paid
ORD0018508,klarna,paid
ORD0018509,credit_card,paid
ORD0018510,credit_card,paid
ORD0018511,credit_card,paid
ORD0018512,paypal,paid
ORD0018513,credit_card,paid
ORD0018514,credit_card,paid
ORD0018515,paypal,paid
ORD0018516,paypal,paid
ORD0018517,credit_card,paid
ORD0018518,klarna,paid
ORD0018519,paypal,paid
ORD0018520,paypal,paid
ORD0018521,klarna,paid
ORD0018522,apple_pay,refunded
ORD0018523,credit_card,paid
ORD0018524,credit_card,paid
ORD0018525,apple_pay,paid
ORD0018526,credit_card,paid
ORD0018527,bank_transfer,paid
ORD0018528,credit_card,paid
ORD0018529,paypal,paid
ORD0018530,klarna,paid
ORD0018531,paypal,paid
ORD0018532,credit_card,paid
ORD0018533,credit_card,paid
ORD0018534,credit_card,paid
ORD0018535,credit_card,paid
ORD0018536,paypal,paid
ORD0018537,credit_card,paid
ORD0018538,klarna,paid
ORD0018539,paypal,paid
ORD0018540,apple_pay,paid
ORD0018541,credit_card,paid
ORD0018542,paypal,refunded
ORD0018543,paypal,paid
ORD0018544,credit_card,paid
ORD0018545,credit_card,paid
ORD0018546,credit_card,paid
ORD0018547,credit_card,paid
ORD0018548,klarna,paid
ORD0018549,bank_transfer,paid
ORD0018550,paypal,paid
ORD0018551,apple_pay,paid
ORD0018552,credit_card,paid
ORD0018553,paypal,paid
ORD0018554,credit_card,paid
ORD0018555,klarna,paid
ORD0018556,apple_pay,paid
ORD0018557,credit_card,paid
ORD0018558,paypal,paid
ORD0018559,paypal,paid
ORD0018560,paypal,paid
ORD0018561,paypal,paid
ORD0018562,paypal,paid
ORD0018563,paypal,paid
ORD0018564,apple_pay,paid
ORD0018565,credit_card,paid
ORD0018566,credit_card,paid
ORD0018567,credit_card,refunded
ORD0018568,credit_card,paid
ORD0018569,credit_card,paid
ORD0018570,credit_card,paid
ORD0018571,credit_card,paid
ORD0018572,paypal,paid
ORD0018573,credit_card,paid
ORD0018574,apple_pay,paid
ORD0018575,apple_pay,paid
ORD0018576,paypal,paid
ORD0018577,credit_card,refunded
ORD0018578,credit_card,paid
ORD0018579,klarna,paid
ORD0018580,credit_card,paid
ORD0018581,credit_card,paid
ORD0018582,credit_card,paid
ORD0018583,paypal,paid
ORD0018584,paypal,paid
ORD0018585,credit_card,paid
ORD0018586,klarna,paid
ORD0018587,paypal,paid
ORD0018588,klarna,paid
ORD0018589,credit_card,paid
ORD0018590,credit_card,paid
ORD0018591,paypal,paid
ORD0018592,credit_card,paid
ORD0018593,credit_card,paid
ORD0018594,apple_pay,paid
ORD0018595,klarna,paid
ORD0018596,paypal,paid
ORD0018597,credit_card,paid
ORD0018598,paypal,paid
ORD0018599,credit_card,paid
ORD0018600,paypal,paid
ORD0018601,apple_pay,paid
ORD0018602,credit_card,paid
ORD0018603,credit_card,paid
ORD0018604,paypal,refunded
ORD0018605,credit_card,paid
ORD0018606,credit_card,paid
ORD0018607,credit_card,paid
ORD0018608,credit_card,paid
ORD0018609,paypal,paid
ORD0018610,paypal,paid
ORD0018611,klarna,paid
ORD0018612,klarna,paid
ORD0018613,credit_card,paid
ORD0018614,credit_card,paid
ORD0018615,paypal,paid
ORD0018616,bank_transfer,paid
ORD0018617,paypal,paid
ORD0018618,bank_transfer,paid
ORD0018619,paypal,paid
ORD0018620,credit_card,paid
ORD0018621,credit_card,paid
ORD0018622,credit_card,paid
ORD0018623,paypal,paid
ORD0018624,credit_card,paid
ORD0018625,paypal,paid
ORD0018626,credit_card,paid
ORD0018627,credit_card,paid
ORD0018628,klarna,paid
ORD0018629,credit_card,paid
ORD0018630,klarna,refunded
ORD0018631,paypal,paid
ORD0018632,klarna,paid
ORD0018633,klarna,paid
ORD0018634,apple_pay,paid
ORD0018635,apple_pay,paid
ORD0018636,credit_card,refunded
ORD0018637,credit_card,paid
ORD0018638,credit_card,paid
ORD0018639,klarna,paid
ORD0018640,klarna,paid
ORD0018641,klarna,paid
ORD0018642,credit_card,paid
ORD0018643,paypal,paid
ORD0018644,credit_card,paid
ORD0018645,credit_card,paid
ORD0018646,klarna,paid
ORD0018647,paypal,paid
ORD0018648,paypal,paid
ORD0018649,paypal,paid
ORD0018650,apple_pay,paid
ORD0018651,klarna,paid
ORD0018652,credit_card,paid
ORD0018653,apple_pay,paid
ORD0018654,paypal,paid
ORD0018655,credit_card,paid
ORD0018656,klarna,paid
ORD0018657,credit_card,paid
ORD0018658,klarna,paid
ORD0018659,apple_pay,paid
ORD0018660,credit_card,paid
ORD0018661,credit_card,refunded
ORD0018662,credit_card,paid
ORD0018663,apple_pay,paid
ORD0018664,apple_pay,paid
ORD0018665,credit_card,paid
ORD0018666,credit_card,paid
ORD0018667,paypal,paid
ORD0018668,klarna,paid
ORD0018669,credit_card,paid
ORD0018670,paypal,paid
ORD0018671,credit_card,paid
ORD0018672,credit_card,paid
ORD0018673,credit_card,paid
ORD0018674,credit_card,paid
ORD0018675,klarna,paid
ORD0018676,paypal,paid
ORD0018677,credit_card,paid
ORD0018678,credit_card,paid
ORD0018679,paypal,paid
ORD0018680,credit_card,paid
ORD0018681,paypal,paid
ORD0018682,paypal,paid
ORD0018683,bank_transfer,paid
ORD0018684,paypal,paid
ORD0018685,apple_pay,paid
ORD0018686,credit_card,paid
ORD0018687,credit_card,paid
ORD0018688,credit_card,paid
ORD0018689,credit_card,paid
ORD0018690,paypal,paid
ORD0018691,klarna,paid
ORD0018692,klarna,paid
ORD0018693,bank_transfer,paid
ORD0018694,credit_card,paid
ORD0018695,credit_card,paid
ORD0018696,credit_card,paid
ORD0018697,credit_card,paid
ORD0018698,paypal,refunded
ORD0018699,paypal,paid
ORD0018700,credit_card,refunded
ORD0018701,credit_card,paid
ORD0018702,credit_card,paid
ORD0018703,paypal,paid
ORD0018704,credit_card,paid
ORD0018705,credit_card,paid
ORD0018706,credit_card,paid
ORD0018707,paypal,refunded
ORD0018708,paypal,paid
ORD0018709,paypal,paid
ORD0018710,paypal,paid
ORD0018711,credit_card,paid
ORD0018712,credit_card,paid
ORD0018713,paypal,paid
ORD0018714,apple_pay,paid
ORD0018715,bank_transfer,paid
ORD0018716,bank_transfer,paid
ORD0018717,paypal,paid
ORD0018718,credit_card,paid
ORD0018719,apple_pay,refunded
ORD0018720,credit_card,paid
ORD0018721,bank_transfer,paid
ORD0018722,paypal,paid
ORD0018723,paypal,paid
ORD0018724,credit_card,paid
ORD0018725,apple_pay,paid
ORD0018726,credit_card,paid
ORD0018727,apple_pay,paid
ORD0018728,paypal,paid
ORD0018729,apple_pay,paid
ORD0018730,credit_card,paid
ORD0018731,klarna,paid
ORD0018732,credit_card,paid
ORD0018733,klarna,paid
ORD0018734,credit_card,paid
ORD0018735,klarna,refunded
ORD0018736,credit_card,paid
ORD0018737,credit_card,paid
ORD0018738,credit_card,paid
ORD0018739,credit_card,paid
ORD0018740,paypal,paid
ORD0018741,apple_pay,paid
ORD0018742,credit_card,paid
ORD0018743,credit_card,paid
ORD0018744,credit_card,paid
ORD0018745,paypal,paid
ORD0018746,credit_card,paid
ORD0018747,bank_transfer,paid
ORD0018748,paypal,paid
ORD0018749,credit_card,refunded
ORD0018750,credit_card,paid
ORD0018751,paypal,paid
ORD0018752,klarna,refunded
ORD0018753,credit_card,paid
ORD0018754,klarna,paid
ORD0018755,credit_card,paid
ORD0018756,credit_card,paid
ORD0018757,paypal,paid
ORD0018758,credit_card,paid
ORD0018759,paypal,paid
ORD0018760,apple_pay,paid
ORD0018761,credit_card,paid
ORD0018762,bank_transfer,paid
ORD0018763,credit_card,paid
ORD0018764,klarna,paid
ORD0018765,paypal,paid
ORD0018766,credit_card,paid
ORD0018767,credit_card,paid
ORD0018768,credit_card,paid
ORD0018769,credit_card,paid
ORD0018770,paypal,refunded
ORD0018771,credit_card,paid
ORD0018772,bank_transfer,refunded
ORD0018773,paypal,paid
ORD0018774,klarna,paid
ORD0018775,credit_card,paid
ORD0018776,klarna,paid
ORD0018777,credit_card,paid
ORD0018778,klarna,refunded
ORD0018779,credit_card,paid
ORD0018780,credit_card,paid
ORD0018781,credit_card,paid
ORD0018782,credit_card,paid
ORD0018783,credit_card,paid
ORD0018784,credit_card,refunded
ORD0018785,paypal,paid
ORD0018786,credit_card,paid
ORD0018787,apple_pay,paid
ORD0018788,credit_card,paid
ORD0018789,credit_card,paid
ORD0018790,credit_card,paid
ORD0018791,apple_pay,paid
ORD0018792,credit_card,paid
ORD0018793,klarna,paid
ORD0018794,credit_card,paid
ORD0018795,paypal,paid
ORD0018796,credit_card,paid
ORD0018797,apple_pay,paid
ORD0018798,credit_card,paid
ORD0018799,klarna,paid
ORD0018800,paypal,paid
ORD0018801,klarna,paid
ORD0018802,bank_transfer,paid
ORD0018803,paypal,paid
ORD0018804,paypal,paid
ORD0018805,paypal,paid
ORD0018806,paypal,paid
ORD0018807,credit_card,paid
ORD0018808,credit_card,paid
ORD0018809,credit_card,paid
ORD0018810,credit_card,paid
ORD0018811,paypal,paid
ORD0018812,apple_pay,paid
ORD0018813,credit_card,paid
ORD0018814,credit_card,paid
ORD0018815,paypal,paid
ORD0018816,paypal,paid
ORD0018817,paypal,paid
ORD0018818,bank_transfer,paid
ORD0018819,credit_card,paid
ORD0018820,klarna,paid
ORD0018821,paypal,paid
ORD0018822,paypal,paid
ORD0018823,paypal,paid
ORD0018824,credit_card,refunded
ORD0018825,credit_card,paid
ORD0018826,credit_card,paid
ORD0018827,credit_card,paid
ORD0018828,paypal,refunded
ORD0018829,klarna,paid
ORD0018830,bank_transfer,paid
ORD0018831,credit_card,paid
ORD0018832,credit_card,paid
ORD0018833,klarna,paid
ORD0018834,paypal,paid
ORD0018835,credit_card,paid
ORD0018836,klarna,paid
ORD0018837,paypal,paid
ORD0018838,credit_card,paid
ORD0018839,bank_transfer,paid
ORD0018840,credit_card,paid
ORD0018841,paypal,paid
ORD0018842,paypal,paid
ORD0018843,apple_pay,paid
ORD0018844,paypal,paid
ORD0018845,credit_card,paid
ORD0018846,paypal,paid
ORD0018847,paypal,paid
ORD0018848,paypal,paid
ORD0018849,klarna,paid
ORD0018850,credit_card,paid
ORD0018851,klarna,paid
ORD0018852,klarna,paid
ORD0018853,bank_transfer,paid
ORD0018854,klarna,paid
ORD0018855,credit_card,paid
ORD0018856,apple_pay,refunded
ORD0018857,paypal,paid
ORD0018858,credit_card,paid
ORD0018859,credit_card,paid
ORD0018860,klarna,paid
ORD0018861,paypal,paid
ORD0018862,credit_card,paid
ORD0018863,credit_card,refunded
ORD0018864,credit_card,paid
ORD0018865,paypal,paid
ORD0018866,paypal,paid
ORD0018867,apple_pay,paid
ORD0018868,paypal,paid
ORD0018869,credit_card,paid
ORD0018870,credit_card,paid
ORD0018871,credit_card,paid
ORD0018872,bank_transfer,paid
ORD0018873,credit_card,paid
ORD0018874,apple_pay,paid
ORD0018875,klarna,paid
ORD0018876,credit_card,paid
ORD0018877,paypal,refunded
ORD0018878,paypal,paid
ORD0018879,klarna,paid
ORD0018880,credit_card,paid
ORD0018881,apple_pay,paid
ORD0018882,paypal,paid
ORD0018883,klarna,paid
ORD0018884,klarna,paid
ORD0018885,credit_card,paid
ORD0018886,credit_card,paid
ORD0018887,credit_card,paid
ORD0018888,credit_card,paid
ORD0018889,credit_card,paid
ORD0018890,paypal,paid
ORD0018891,klarna,paid
ORD0018892,apple_pay,paid
ORD0018893,apple_pay,paid
ORD0018894,apple_pay,paid
ORD0018895,paypal,refunded
ORD0018896,credit_card,paid
ORD0018897,paypal,refunded
ORD0018898,paypal,paid
ORD0018899,paypal,paid
ORD0018900,credit_card,paid
ORD0018901,credit_card,refunded
ORD0018902,paypal,refunded
ORD0018903,apple_pay,paid
ORD0018904,credit_card,paid
ORD0018905,credit_card,paid
ORD0018906,paypal,paid
ORD0018907,klarna,paid
ORD0018908,credit_card,paid
ORD0018909,credit_card,paid
ORD0018910,credit_card,paid
ORD0018911,apple_pay,paid
ORD0018912,klarna,paid
ORD0018913,paypal,paid
ORD0018914,credit_card,paid
ORD0018915,bank_transfer,paid
ORD0018916,credit_card,paid
ORD0018917,klarna,paid
ORD0018918,klarna,paid
ORD0018919,credit_card,paid
ORD0018920,credit_card,paid
ORD0018921,paypal,paid
ORD0018922,apple_pay,paid
ORD0018923,apple_pay,paid
ORD0018924,paypal,paid
ORD0018925,credit_card,paid
ORD0018926,apple_pay,refunded
ORD0018927,paypal,paid
ORD0018928,credit_card,paid
ORD0018929,paypal,paid
ORD0018930,paypal,paid
ORD0018931,paypal,paid
ORD0018932,credit_card,paid
ORD0018933,credit_card,paid
ORD0018934,credit_card,paid
ORD0018935,credit_card,paid
ORD0018936,credit_card,paid
ORD0018937,bank_transfer,paid
ORD0018938,paypal,paid
ORD0018939,credit_card,paid
ORD0018940,klarna,paid
ORD0018941,credit_card,paid
ORD0018942,credit_card,paid
ORD0018943,klarna,paid
ORD0018944,credit_card,paid
ORD0018945,paypal,paid
ORD0018946,credit_card,refunded
ORD0018947,paypal,paid
ORD0018948,credit_card,paid
ORD0018949,klarna,paid
ORD0018950,credit_card,paid
ORD0018951,klarna,paid
ORD0018952,bank_transfer,refunded
ORD0018953,credit_card,paid
ORD0018954,klarna,paid
ORD0018955,credit_card,paid
ORD0018956,credit_card,paid
ORD0018957,credit_card,paid
ORD0018958,apple_pay,paid
ORD0018959,paypal,paid
ORD0018960,klarna,paid
ORD0018961,credit_card,paid
ORD0018962,bank_transfer,refunded
ORD0018963,credit_card,paid
ORD0018964,credit_card,paid
ORD0018965,paypal,paid
ORD0018966,credit_card,paid
ORD0018967,credit_card,paid
ORD0018968,credit_card,refunded
ORD0018969,credit_card,paid
ORD0018970,apple_pay,paid
ORD0018971,credit_card,paid
ORD0018972,credit_card,paid
ORD0018973,apple_pay,paid
ORD0018974,paypal,paid
ORD0018975,credit_card,paid
ORD0018976,apple_pay,paid
ORD0018977,credit_card,paid
ORD0018978,klarna,paid
ORD0018979,bank_transfer,paid
ORD0018980,klarna,paid
ORD0018981,credit_card,refunded
ORD0018982,klarna,paid
ORD0018983,credit_card,paid
ORD0018984,paypal,paid
ORD0018985,credit_card,paid
ORD0018986,credit_card,paid
ORD0018987,credit_card,paid
ORD0018988,klarna,paid
ORD0018989,klarna,refunded
ORD0018990,klarna,paid
ORD0018991,credit_card,paid
ORD0018992,credit_card,paid
ORD0018993,credit_card,paid
ORD0018994,apple_pay,paid
ORD0018995,klarna,paid
ORD0018996,credit_card,paid
ORD0018997,paypal,paid
ORD0018998,credit_card,paid
ORD0018999,credit_card,paid
ORD0019000,paypal,paid
ORD0019001,paypal,paid
ORD0019002,credit_card,paid
ORD0019003,credit_card,paid
ORD0019004,paypal,refunded
ORD0019005,paypal,paid
ORD0019006,paypal,paid
ORD0019007,paypal,paid
ORD0019008,paypal,paid
ORD0019009,credit_card,paid
ORD0019010,credit_card,paid
ORD0019011,bank_transfer,paid
ORD0019012,credit_card,paid
ORD0019013,klarna,paid
ORD0019014,credit_card,paid
ORD0019015,paypal,paid
ORD0019016,klarna,paid
ORD0019017,apple_pay,paid
ORD0019018,klarna,paid
ORD0019019,credit_card,paid
ORD0019020,credit_card,paid
ORD0019021,apple_pay,paid
ORD0019022,credit_card,paid
ORD0019023,klarna,paid
ORD0019024,credit_card,paid
ORD0019025,apple_pay,paid
ORD0019026,apple_pay,paid
ORD0019027,credit_card,paid
ORD0019028,klarna,paid
ORD0019029,credit_card,paid
ORD0019030,klarna,paid
ORD0019031,paypal,paid
ORD0019032,paypal,paid
ORD0019033,credit_card,refunded
ORD0019034,paypal,refunded
ORD0019035,paypal,paid
ORD0019036,credit_card,paid
ORD0019037,paypal,paid
ORD0019038,bank_transfer,refunded
ORD0019039,paypal,paid
ORD0019040,klarna,paid
ORD0019041,bank_transfer,paid
ORD0019042,credit_card,paid
ORD0019043,klarna,paid
ORD0019044,apple_pay,paid
ORD0019045,paypal,refunded
ORD0019046,klarna,paid
ORD0019047,credit_card,paid
ORD0019048,credit_card,paid
ORD0019049,credit_card,paid
ORD0019050,klarna,paid
ORD0019051,klarna,paid
ORD0019052,klarna,refunded
ORD0019053,klarna,paid
ORD0019054,paypal,paid
ORD0019055,bank_transfer,paid
ORD0019056,credit_card,paid
ORD0019057,credit_card,paid
ORD0019058,credit_card,paid
ORD0019059,credit_card,paid
ORD0019060,credit_card,paid
ORD0019061,paypal,paid
ORD0019062,klarna,refunded
ORD0019063,klarna,paid
ORD0019064,klarna,paid
ORD0019065,apple_pay,paid
ORD0019066,credit_card,paid
ORD0019067,apple_pay,paid
ORD0019068,apple_pay,paid
ORD0019069,klarna,paid
ORD0019070,klarna,paid
ORD0019071,credit_card,paid
ORD0019072,credit_card,paid
ORD0019073,paypal,paid
ORD0019074,apple_pay,paid
ORD0019075,credit_card,paid
ORD0019076,apple_pay,paid
ORD0019077,paypal,paid
ORD0019078,paypal,paid
ORD0019079,paypal,paid
ORD0019080,paypal,paid
ORD0019081,paypal,paid
ORD0019082,klarna,paid
ORD0019083,credit_card,paid
ORD0019084,paypal,paid
ORD0019085,paypal,paid
ORD0019086,credit_card,refunded
ORD0019087,credit_card,paid
ORD0019088,klarna,paid
ORD0019089,paypal,paid
ORD0019090,paypal,paid
ORD0019091,apple_pay,paid
ORD0019092,credit_card,paid
ORD0019093,apple_pay,paid
ORD0019094,paypal,paid
ORD0019095,credit_card,paid
ORD0019096,klarna,paid
ORD0019097,klarna,paid
ORD0019098,credit_card,paid
ORD0019099,paypal,paid
ORD0019100,credit_card,paid
ORD0019101,credit_card,paid
ORD0019102,apple_pay,paid
ORD0019103,paypal,paid
ORD0019104,credit_card,paid
ORD0019105,credit_card,paid
ORD0019106,paypal,paid
ORD0019107,credit_card,paid
ORD0019108,credit_card,paid
ORD0019109,credit_card,paid
ORD0019110,credit_card,paid
ORD0019111,credit_card,paid
ORD0019112,credit_card,paid
ORD0019113,paypal,paid
ORD0019114,paypal,paid
ORD0019115,credit_card,paid
ORD0019116,credit_card,paid
ORD0019117,credit_card,paid
ORD0019118,credit_card,paid
ORD0019119,credit_card,paid
ORD0019120,credit_card,paid
ORD0019121,apple_pay,paid
ORD0019122,bank_transfer,paid
ORD0019123,credit_card,paid
ORD0019124,klarna,paid
ORD0019125,klarna,paid
ORD0019126,paypal,paid
ORD0019127,paypal,paid
ORD0019128,paypal,paid
ORD0019129,credit_card,paid
ORD0019130,paypal,paid
ORD0019131,paypal,paid
ORD0019132,paypal,paid
ORD0019133,paypal,paid
ORD0019134,klarna,paid
ORD0019135,paypal,paid
ORD0019136,klarna,paid
ORD0019137,apple_pay,paid
ORD0019138,credit_card,paid
ORD0019139,apple_pay,paid
ORD0019140,paypal,paid
ORD0019141,credit_card,paid
ORD0019142,bank_transfer,paid
ORD0019143,credit_card,paid
ORD0019144,klarna,paid
ORD0019145,klarna,paid
ORD0019146,credit_card,paid
ORD0019147,credit_card,paid
ORD0019148,credit_card,paid
ORD0019149,bank_transfer,paid
ORD0019150,paypal,paid
ORD0019151,credit_card,paid
ORD0019152,credit_card,paid
ORD0019153,klarna,paid
ORD0019154,credit_card,paid
ORD0019155,credit_card,paid
ORD0019156,paypal,paid
ORD0019157,paypal,paid
ORD0019158,credit_card,paid
ORD0019159,credit_card,paid
ORD0019160,credit_card,paid
ORD0019161,credit_card,paid
ORD0019162,klarna,paid
ORD0019163,apple_pay,paid
ORD0019164,credit_card,paid
ORD0019165,credit_card,paid
ORD0019166,credit_card,paid
ORD0019167,credit_card,paid
ORD0019168,credit_card,paid
ORD0019169,klarna,paid
ORD0019170,paypal,paid
ORD0019171,paypal,paid
ORD0019172,credit_card,paid
ORD0019173,bank_transfer,refunded
ORD0019174,credit_card,paid
ORD0019175,paypal,paid
ORD0019176,paypal,paid
ORD0019177,paypal,paid
ORD0019178,paypal,paid
ORD0019179,apple_pay,paid
ORD0019180,klarna,paid
ORD0019181,bank_transfer,paid
ORD0019182,credit_card,refunded
ORD0019183,credit_card,paid
ORD0019184,paypal,paid
ORD0019185,apple_pay,paid
ORD0019186,klarna,paid
ORD0019187,paypal,paid
ORD0019188,credit_card,paid
ORD0019189,credit_card,paid
ORD0019190,credit_card,paid
ORD0019191,credit_card,paid
ORD0019192,klarna,paid
ORD0019193,credit_card,paid
ORD0019194,credit_card,paid
ORD0019195,credit_card,paid
ORD0019196,paypal,paid
ORD0019197,credit_card,paid
ORD0019198,apple_pay,paid
ORD0019199,paypal,paid
ORD0019200,credit_card,refunded
ORD0019201,credit_card,paid
ORD0019202,paypal,paid
ORD0019203,apple_pay,refunded
ORD0019204,credit_card,paid
ORD0019205,klarna,paid
ORD0019206,klarna,paid
ORD0019207,paypal,paid
ORD0019208,credit_card,paid
ORD0019209,apple_pay,paid
ORD0019210,credit_card,paid
ORD0019211,credit_card,paid
ORD0019212,paypal,paid
ORD0019213,credit_card,paid
ORD0019214,credit_card,paid
ORD0019215,paypal,paid
ORD0019216,apple_pay,paid
ORD0019217,credit_card,paid
ORD0019218,paypal,paid
ORD0019219,paypal,paid
ORD0019220,credit_card,paid
ORD0019221,credit_card,paid
ORD0019222,paypal,paid
ORD0019223,credit_card,paid
ORD0019224,bank_transfer,paid
ORD0019225,paypal,paid
ORD0019226,bank_transfer,refunded
ORD0019227,klarna,paid
ORD0019228,klarna,paid
ORD0019229,credit_card,paid
ORD0019230,apple_pay,paid
ORD0019231,credit_card,paid
ORD0019232,credit_card,paid
ORD0019233,paypal,paid
ORD0019234,credit_card,paid
ORD0019235,paypal,paid
ORD0019236,paypal,paid
ORD0019237,paypal,paid
ORD0019238,credit_card,paid
ORD0019239,klarna,paid
ORD0019240,credit_card,paid
ORD0019241,paypal,paid
ORD0019242,credit_card,paid
ORD0019243,credit_card,paid
ORD0019244,credit_card,paid
ORD0019245,credit_card,paid
ORD0019246,credit_card,paid
ORD0019247,apple_pay,refunded
ORD0019248,credit_card,paid
ORD0019249,klarna,paid
ORD0019250,credit_card,paid
ORD0019251,credit_card,paid
ORD0019252,apple_pay,refunded
ORD0019253,credit_card,paid
ORD0019254,credit_card,paid
ORD0019255,klarna,paid
ORD0019256,bank_transfer,paid
ORD0019257,klarna,paid
ORD0019258,credit_card,paid
ORD0019259,credit_card,paid
ORD0019260,credit_card,paid
ORD0019261,credit_card,paid
ORD0019262,paypal,paid
ORD0019263,credit_card,paid
ORD0019264,credit_card,paid
ORD0019265,apple_pay,paid
ORD0019266,credit_card,paid
ORD0019267,credit_card,paid
ORD0019268,credit_card,paid
ORD0019269,credit_card,paid
ORD0019270,paypal,paid
ORD0019271,paypal,paid
ORD0019272,credit_card,paid
ORD0019273,paypal,paid
ORD0019274,paypal,paid
ORD0019275,credit_card,paid
ORD0019276,paypal,paid
ORD0019277,credit_card,paid
ORD0019278,credit_card,paid
ORD0019279,credit_card,paid
ORD0019280,klarna,paid
ORD0019281,credit_card,paid
ORD0019282,paypal,paid
ORD0019283,credit_card,paid
ORD0019284,credit_card,paid
ORD0019285,paypal,paid
ORD0019286,bank_transfer,paid
ORD0019287,credit_card,paid
ORD0019288,credit_card,paid
ORD0019289,credit_card,paid
ORD0019290,credit_card,paid
ORD0019291,paypal,paid
ORD0019292,paypal,paid
ORD0019293,paypal,paid
ORD0019294,paypal,paid
ORD0019295,credit_card,paid
ORD0019296,credit_card,paid
ORD0019297,paypal,paid
ORD0019298,credit_card,paid
ORD0019299,paypal,paid
ORD0019300,credit_card,paid
ORD0019301,paypal,paid
ORD0019302,paypal,paid
ORD0019303,klarna,refunded
ORD0019304,credit_card,paid
ORD0019305,paypal,paid
ORD0019306,credit_card,paid
ORD0019307,credit_card,paid
ORD0019308,klarna,paid
ORD0019309,apple_pay,paid
ORD0019310,credit_card,paid
ORD0019311,bank_transfer,paid
ORD0019312,klarna,paid
ORD0019313,bank_transfer,paid
ORD0019314,credit_card,paid
ORD0019315,credit_card,paid
ORD0019316,credit_card,paid
ORD0019317,credit_card,refunded
ORD0019318,credit_card,paid
ORD0019319,paypal,paid
ORD0019320,klarna,paid
ORD0019321,apple_pay,paid
ORD0019322,paypal,paid
ORD0019323,paypal,paid
ORD0019324,paypal,paid
ORD0019325,paypal,paid
ORD0019326,credit_card,paid
ORD0019327,bank_transfer,paid
ORD0019328,apple_pay,paid
ORD0019329,credit_card,paid
ORD0019330,paypal,paid
ORD0019331,apple_pay,paid
ORD0019332,paypal,paid
ORD0019333,paypal,paid
ORD0019334,klarna,paid
ORD0019335,credit_card,paid
ORD0019336,paypal,paid
ORD0019337,apple_pay,paid
ORD0019338,paypal,paid
ORD0019339,paypal,paid
ORD0019340,credit_card,paid
ORD0019341,paypal,paid
ORD0019342,credit_card,paid
ORD0019343,paypal,paid
ORD0019344,credit_card,paid
ORD0019345,paypal,paid
ORD0019346,credit_card,paid
ORD0019347,klarna,paid
ORD0019348,credit_card,paid
ORD0019349,credit_card,paid
ORD0019350,klarna,paid
ORD0019351,klarna,paid
ORD0019352,credit_card,paid
ORD0019353,credit_card,paid
ORD0019354,credit_card,paid
ORD0019355,credit_card,paid
ORD0019356,credit_card,paid
ORD0019357,credit_card,paid
ORD0019358,paypal,paid
ORD0019359,credit_card,paid
ORD0019360,paypal,paid
ORD0019361,klarna,paid
ORD0019362,credit_card,paid
ORD0019363,credit_card,paid
ORD0019364,paypal,paid
ORD0019365,apple_pay,paid
ORD0019366,paypal,paid
ORD0019367,bank_transfer,paid
ORD0019368,apple_pay,paid
ORD0019369,credit_card,paid
ORD0019370,credit_card,paid
ORD0019371,klarna,paid
ORD0019372,klarna,paid
ORD0019373,credit_card,paid
ORD0019374,apple_pay,paid
ORD0019375,paypal,paid
ORD0019376,apple_pay,paid
ORD0019377,klarna,paid
ORD0019378,apple_pay,refunded
ORD0019379,paypal,paid
ORD0019380,credit_card,paid
ORD0019381,credit_card,paid
ORD0019382,credit_card,paid
ORD0019383,klarna,paid
ORD0019384,bank_transfer,paid
ORD0019385,credit_card,paid
ORD0019386,paypal,paid
ORD0019387,paypal,paid
ORD0019388,credit_card,paid
ORD0019389,klarna,paid
ORD0019390,paypal,paid
ORD0019391,credit_card,paid
ORD0019392,credit_card,paid
ORD0019393,paypal,paid
ORD0019394,apple_pay,paid
ORD0019395,paypal,paid
ORD0019396,klarna,paid
ORD0019397,credit_card,paid
ORD0019398,apple_pay,paid
ORD0019399,paypal,paid
ORD0019400,klarna,paid
ORD0019401,apple_pay,paid
ORD0019402,credit_card,paid
ORD0019403,paypal,paid
ORD0019404,credit_card,paid
ORD0019405,bank_transfer,paid
ORD0019406,credit_card,paid
ORD0019407,apple_pay,paid
ORD0019408,credit_card,paid
ORD0019409,credit_card,paid
ORD0019410,credit_card,paid
ORD0019411,klarna,paid
ORD0019412,paypal,paid
ORD0019413,apple_pay,paid
ORD0019414,paypal,paid
ORD0019415,paypal,paid
ORD0019416,credit_card,paid
ORD0019417,klarna,paid
ORD0019418,paypal,paid
ORD0019419,credit_card,paid
ORD0019420,paypal,paid
ORD0019421,paypal,paid
ORD0019422,klarna,paid
ORD0019423,credit_card,paid
ORD0019424,paypal,paid
ORD0019425,klarna,paid
ORD0019426,paypal,paid
ORD0019427,paypal,paid
ORD0019428,klarna,paid
ORD0019429,klarna,paid
ORD0019430,paypal,paid
ORD0019431,klarna,paid
ORD0019432,credit_card,refunded
ORD0019433,credit_card,paid
ORD0019434,credit_card,paid
ORD0019435,bank_transfer,paid
ORD0019436,paypal,paid
ORD0019437,paypal,paid
ORD0019438,klarna,paid
ORD0019439,paypal,paid
ORD0019440,credit_card,paid
ORD0019441,klarna,paid
ORD0019442,credit_card,paid
ORD0019443,credit_card,paid
ORD0019444,credit_card,paid
ORD0019445,klarna,paid
ORD0019446,klarna,paid
ORD0019447,credit_card,paid
ORD0019448,apple_pay,paid
ORD0019449,credit_card,paid
ORD0019450,apple_pay,paid
ORD0019451,apple_pay,paid
ORD0019452,bank_transfer,paid
ORD0019453,paypal,refunded
ORD0019454,credit_card,paid
ORD0019455,paypal,paid
ORD0019456,paypal,paid
ORD0019457,paypal,paid
ORD0019458,paypal,paid
ORD0019459,credit_card,refunded
ORD0019460,paypal,paid
ORD0019461,credit_card,paid
ORD0019462,credit_card,paid
ORD0019463,paypal,paid
ORD0019464,apple_pay,paid
ORD0019465,credit_card,paid
ORD0019466,credit_card,paid
ORD0019467,apple_pay,paid
ORD0019468,credit_card,paid
ORD0019469,credit_card,paid
ORD0019470,credit_card,paid
ORD0019471,credit_card,paid
ORD0019472,bank_transfer,paid
ORD0019473,paypal,paid
ORD0019474,apple_pay,refunded
ORD0019475,paypal,paid
ORD0019476,credit_card,paid
ORD0019477,credit_card,paid
ORD0019478,paypal,paid
ORD0019479,credit_card,paid
ORD0019480,klarna,paid
ORD0019481,klarna,paid
ORD0019482,paypal,paid
ORD0019483,bank_transfer,paid
ORD0019484,credit_card,paid
ORD0019485,credit_card,paid
ORD0019486,credit_card,paid
ORD0019487,credit_card,refunded
ORD0019488,apple_pay,paid
ORD0019489,bank_transfer,paid
ORD0019490,apple_pay,paid
ORD0019491,klarna,paid
ORD0019492,paypal,paid
ORD0019493,paypal,paid
ORD0019494,credit_card,paid
ORD0019495,paypal,paid
ORD0019496,credit_card,paid
ORD0019497,apple_pay,paid
ORD0019498,credit_card,paid
ORD0019499,credit_card,paid
ORD0019500,credit_card,paid
ORD0019501,paypal,paid
ORD0019502,bank_transfer,paid
ORD0019503,apple_pay,paid
ORD0019504,apple_pay,paid
ORD0019505,apple_pay,paid
ORD0019506,paypal,paid
ORD0019507,credit_card,paid
ORD0019508,credit_card,paid
ORD0019509,paypal,paid
ORD0019510,apple_pay,paid
ORD0019511,credit_card,paid
ORD0019512,paypal,paid
ORD0019513,paypal,paid
ORD0019514,apple_pay,paid
ORD0019515,credit_card,paid
ORD0019516,credit_card,refunded
ORD0019517,paypal,paid
ORD0019518,paypal,paid
ORD0019519,klarna,paid
ORD0019520,paypal,paid
ORD0019521,credit_card,paid
ORD0019522,credit_card,paid
ORD0019523,credit_card,paid
ORD0019524,klarna,paid
ORD0019525,paypal,paid
ORD0019526,apple_pay,paid
ORD0019527,paypal,paid
ORD0019528,paypal,paid
ORD0019529,credit_card,paid
ORD0019530,credit_card,paid
ORD0019531,credit_card,paid
ORD0019532,credit_card,paid
ORD0019533,paypal,paid
ORD0019534,klarna,paid
ORD0019535,credit_card,paid
ORD0019536,klarna,paid
ORD0019537,paypal,paid
ORD0019538,credit_card,paid
ORD0019539,paypal,paid
ORD0019540,klarna,paid
ORD0019541,credit_card,refunded
ORD0019542,paypal,paid
ORD0019543,bank_transfer,paid
ORD0019544,klarna,paid
ORD0019545,apple_pay,paid
ORD0019546,credit_card,paid
ORD0019547,credit_card,paid
ORD0019548,credit_card,paid
ORD0019549,credit_card,paid
ORD0019550,paypal,paid
ORD0019551,paypal,paid
ORD0019552,credit_card,paid
ORD0019553,bank_transfer,paid
ORD0019554,paypal,paid
ORD0019555,credit_card,paid
ORD0019556,paypal,paid
ORD0019557,credit_card,paid
ORD0019558,paypal,paid
ORD0019559,paypal,paid
ORD0019560,credit_card,paid
ORD0019561,credit_card,paid
ORD0019562,paypal,paid
ORD0019563,paypal,paid
ORD0019564,credit_card,paid
ORD0019565,apple_pay,paid
ORD0019566,credit_card,paid
ORD0019567,credit_card,paid
ORD0019568,klarna,paid
ORD0019569,paypal,paid
ORD0019570,paypal,paid
ORD0019571,paypal,paid
ORD0019572,paypal,paid
ORD0019573,klarna,paid
ORD0019574,credit_card,refunded
ORD0019575,credit_card,paid
ORD0019576,credit_card,paid
ORD0019577,credit_card,paid
ORD0019578,bank_transfer,paid
ORD0019579,credit_card,paid
ORD0019580,credit_card,paid
ORD0019581,paypal,paid
ORD0019582,credit_card,paid
ORD0019583,paypal,paid
ORD0019584,credit_card,paid
ORD0019585,paypal,paid
ORD0019586,klarna,paid
ORD0019587,bank_transfer,paid
ORD0019588,klarna,paid
ORD0019589,credit_card,paid
ORD0019590,credit_card,paid
ORD0019591,credit_card,paid
ORD0019592,paypal,paid
ORD0019593,apple_pay,paid
ORD0019594,credit_card,paid
ORD0019595,apple_pay,paid
ORD0019596,credit_card,paid
ORD0019597,credit_card,refunded
ORD0019598,credit_card,paid
ORD0019599,paypal,paid
ORD0019600,klarna,paid
ORD0019601,credit_card,paid
ORD0019602,credit_card,paid
ORD0019603,credit_card,paid
ORD0019604,klarna,paid
ORD0019605,klarna,paid
ORD0019606,credit_card,paid
ORD0019607,paypal,paid
ORD0019608,klarna,paid
ORD0019609,bank_transfer,paid
ORD0019610,credit_card,paid
ORD0019611,credit_card,paid
ORD0019612,klarna,paid
ORD0019613,credit_card,paid
ORD0019614,klarna,paid
ORD0019615,credit_card,paid
ORD0019616,klarna,paid
ORD0019617,klarna,paid
ORD0019618,credit_card,paid
ORD0019619,bank_transfer,paid
ORD0019620,credit_card,paid
ORD0019621,credit_card,paid
ORD0019622,credit_card,paid
ORD0019623,credit_card,paid
ORD0019624,credit_card,paid
ORD0019625,bank_transfer,paid
ORD0019626,paypal,paid
ORD0019627,paypal,paid
ORD0019628,paypal,paid
ORD0019629,credit_card,paid
ORD0019630,bank_transfer,paid
ORD0019631,klarna,refunded
ORD0019632,credit_card,paid
ORD0019633,paypal,paid
ORD0019634,credit_card,paid
ORD0019635,paypal,paid
ORD0019636,apple_pay,paid
ORD0019637,paypal,refunded
ORD0019638,bank_transfer,paid
ORD0019639,apple_pay,paid
ORD0019640,credit_card,paid
ORD0019641,paypal,paid
ORD0019642,credit_card,paid
ORD0019643,credit_card,paid
ORD0019644,paypal,paid
ORD0019645,credit_card,paid
ORD0019646,paypal,paid
ORD0019647,apple_pay,paid
ORD0019648,paypal,paid
ORD0019649,paypal,paid
ORD0019650,paypal,paid
ORD0019651,apple_pay,paid
ORD0019652,bank_transfer,paid
ORD0019653,apple_pay,paid
ORD0019654,bank_transfer,paid
ORD0019655,paypal,paid
ORD0019656,credit_card,refunded
ORD0019657,klarna,paid
ORD0019658,paypal,paid
ORD0019659,paypal,refunded
ORD0019660,bank_transfer,paid
ORD0019661,credit_card,paid
ORD0019662,paypal,paid
ORD0019663,klarna,paid
ORD0019664,paypal,paid
ORD0019665,paypal,paid
ORD0019666,credit_card,paid
ORD0019667,paypal,paid
ORD0019668,klarna,paid
ORD0019669,paypal,paid
ORD0019670,klarna,paid
ORD0019671,credit_card,paid
ORD0019672,credit_card,paid
ORD0019673,credit_card,paid
ORD0019674,paypal,paid
ORD0019675,bank_transfer,paid
ORD0019676,credit_card,paid
ORD0019677,paypal,refunded
ORD0019678,apple_pay,paid
ORD0019679,paypal,paid
ORD0019680,apple_pay,paid
ORD0019681,apple_pay,paid
ORD0019682,klarna,paid
ORD0019683,apple_pay,paid
ORD0019684,credit_card,paid
ORD0019685,credit_card,paid
ORD0019686,klarna,paid
ORD0019687,apple_pay,paid
ORD0019688,paypal,paid
ORD0019689,paypal,paid
ORD0019690,credit_card,paid
ORD0019691,credit_card,paid
ORD0019692,paypal,paid
ORD0019693,credit_card,paid
ORD0019694,klarna,paid
ORD0019695,credit_card,paid
ORD0019696,apple_pay,paid
ORD0019697,credit_card,refunded
ORD0019698,credit_card,paid
ORD0019699,apple_pay,paid
ORD0019700,credit_card,paid
ORD0019701,bank_transfer,refunded
ORD0019702,apple_pay,paid
ORD0019703,credit_card,paid
ORD0019704,apple_pay,paid
ORD0019705,bank_transfer,paid
ORD0019706,paypal,paid
ORD0019707,paypal,paid
ORD0019708,paypal,paid
ORD0019709,paypal,paid
ORD0019710,credit_card,paid
ORD0019711,credit_card,paid
ORD0019712,apple_pay,refunded
ORD0019713,credit_card,paid
ORD0019714,credit_card,paid
ORD0019715,credit_card,paid
ORD0019716,credit_card,paid
ORD0019717,paypal,paid
ORD0019718,credit_card,paid
ORD0019719,credit_card,paid
ORD0019720,credit_card,paid
ORD0019721,credit_card,paid
ORD0019722,klarna,paid
ORD0019723,credit_card,paid
ORD0019724,credit_card,paid
ORD0019725,credit_card,refunded
ORD0019726,paypal,paid
ORD0019727,credit_card,paid
ORD0019728,klarna,paid
ORD0019729,klarna,paid
ORD0019730,paypal,paid
ORD0019731,paypal,paid
ORD0019732,klarna,paid
ORD0019733,credit_card,paid
ORD0019734,paypal,paid
ORD0019735,paypal,paid
ORD0019736,credit_card,paid
ORD0019737,apple_pay,paid
ORD0019738,paypal,paid
ORD0019739,bank_transfer,paid
ORD0019740,paypal,paid
ORD0019741,credit_card,paid
ORD0019742,klarna,paid
ORD0019743,credit_card,paid
ORD0019744,credit_card,paid
ORD0019745,paypal,paid
ORD0019746,paypal,paid
ORD0019747,paypal,paid
ORD0019748,bank_transfer,paid
ORD0019749,klarna,paid
ORD0019750,credit_card,paid
ORD0019751,credit_card,paid
ORD0019752,klarna,refunded
ORD0019753,paypal,paid
ORD0019754,credit_card,paid
ORD0019755,klarna,paid
ORD0019756,paypal,refunded
ORD0019757,klarna,paid
ORD0019758,paypal,paid
ORD0019759,klarna,paid
ORD0019760,credit_card,paid
ORD0019761,credit_card,paid
ORD0019762,credit_card,paid
ORD0019763,credit_card,paid
ORD0019764,credit_card,refunded
ORD0019765,credit_card,refunded
ORD0019766,paypal,paid
ORD0019767,apple_pay,paid
ORD0019768,credit_card,paid
ORD0019769,paypal,refunded
ORD0019770,credit_card,paid
ORD0019771,klarna,paid
ORD0019772,bank_transfer,paid
ORD0019773,credit_card,paid
ORD0019774,credit_card,paid
ORD0019775,bank_transfer,paid
ORD0019776,credit_card,paid
ORD0019777,klarna,refunded
ORD0019778,credit_card,paid
ORD0019779,credit_card,paid
ORD0019780,credit_card,paid
ORD0019781,paypal,paid
ORD0019782,credit_card,paid
ORD0019783,klarna,paid
ORD0019784,klarna,paid
ORD0019785,credit_card,paid
ORD0019786,klarna,paid
ORD0019787,credit_card,paid
ORD0019788,credit_card,paid
ORD0019789,credit_card,paid
ORD0019790,credit_card,paid
ORD0019791,paypal,paid
ORD0019792,klarna,paid
ORD0019793,klarna,paid
ORD0019794,klarna,paid
ORD0019795,paypal,paid
ORD0019796,bank_transfer,paid
ORD0019797,credit_card,paid
ORD0019798,bank_transfer,paid
ORD0019799,credit_card,paid
ORD0019800,paypal,paid
ORD0019801,paypal,paid
ORD0019802,klarna,paid
ORD0019803,credit_card,paid
ORD0019804,klarna,paid
ORD0019805,paypal,paid
ORD0019806,paypal,paid
ORD0019807,credit_card,paid
ORD0019808,apple_pay,paid
ORD0019809,credit_card,paid
ORD0019810,credit_card,paid
ORD0019811,paypal,paid
ORD0019812,apple_pay,paid
ORD0019813,klarna,paid
ORD0019814,credit_card,paid
ORD0019815,paypal,paid
ORD0019816,credit_card,paid
ORD0019817,paypal,paid
ORD0019818,credit_card,paid
ORD0019819,paypal,paid
ORD0019820,credit_card,paid
ORD0019821,credit_card,paid
ORD0019822,paypal,paid
ORD0019823,credit_card,paid
ORD0019824,paypal,paid
ORD0019825,credit_card,paid
ORD0019826,credit_card,paid
ORD0019827,credit_card,paid
ORD0019828,paypal,paid
ORD0019829,credit_card,paid
ORD0019830,paypal,paid
ORD0019831,credit_card,paid
ORD0019832,credit_card,paid
ORD0019833,apple_pay,paid
ORD0019834,credit_card,paid
ORD0019835,credit_card,paid
ORD0019836,bank_transfer,paid
ORD0019837,paypal,refunded
ORD0019838,paypal,paid
ORD0019839,credit_card,paid
ORD0019840,paypal,paid
ORD0019841,credit_card,paid
ORD0019842,paypal,refunded
ORD0019843,credit_card,paid
ORD0019844,apple_pay,paid
ORD0019845,paypal,refunded
ORD0019846,paypal,paid
ORD0019847,paypal,paid
ORD0019848,credit_card,paid
ORD0019849,credit_card,paid
ORD0019850,paypal,refunded
ORD0019851,credit_card,paid
ORD0019852,paypal,paid
ORD0019853,bank_transfer,refunded
ORD0019854,credit_card,paid
ORD0019855,paypal,paid
ORD0019856,credit_card,paid
ORD0019857,credit_card,paid
ORD0019858,klarna,paid
ORD0019859,credit_card,paid
ORD0019860,credit_card,paid
ORD0019861,paypal,paid
ORD0019862,klarna,paid
ORD0019863,credit_card,paid
ORD0019864,klarna,paid
ORD0019865,credit_card,paid
ORD0019866,credit_card,paid
ORD0019867,credit_card,paid
ORD0019868,credit_card,paid
ORD0019869,paypal,paid
ORD0019870,credit_card,refunded
ORD0019871,credit_card,paid
ORD0019872,credit_card,paid
ORD0019873,klarna,paid
ORD0019874,credit_card,refunded
ORD0019875,credit_card,paid
ORD0019876,credit_card,paid
ORD0019877,credit_card,paid
ORD0019878,credit_card,paid
ORD0019879,bank_transfer,paid
ORD0019880,credit_card,paid
ORD0019881,credit_card,paid
ORD0019882,credit_card,paid
ORD0019883,bank_transfer,paid
ORD0019884,apple_pay,paid
ORD0019885,credit_card,paid
ORD0019886,paypal,paid
ORD0019887,credit_card,paid
ORD0019888,klarna,paid
ORD0019889,paypal,paid
ORD0019890,apple_pay,paid
ORD0019891,apple_pay,paid
ORD0019892,paypal,paid
ORD0019893,credit_card,paid
ORD0019894,credit_card,paid
ORD0019895,credit_card,paid
ORD0019896,paypal,paid
ORD0019897,credit_card,paid
ORD0019898,credit_card,paid
ORD0019899,paypal,paid
ORD0019900,credit_card,paid
ORD0019901,klarna,paid
ORD0019902,credit_card,paid
ORD0019903,credit_card,paid
ORD0019904,klarna,paid
ORD0019905,credit_card,paid
ORD0019906,credit_card,paid
ORD0019907,bank_transfer,paid
ORD0019908,credit_card,paid
ORD0019909,bank_transfer,paid
ORD0019910,credit_card,paid
ORD0019911,credit_card,paid
ORD0019912,credit_card,paid
ORD0019913,credit_card,paid
ORD0019914,klarna,paid
ORD0019915,paypal,paid
ORD0019916,paypal,paid
ORD0019917,apple_pay,paid
ORD0019918,credit_card,paid
ORD0019919,bank_transfer,paid
ORD0019920,bank_transfer,paid
ORD0019921,credit_card,paid
ORD0019922,paypal,paid
ORD0019923,credit_card,paid
ORD0019924,credit_card,paid
ORD0019925,klarna,refunded
ORD0019926,paypal,paid
ORD0019927,klarna,paid
ORD0019928,paypal,paid
ORD0019929,bank_transfer,paid
ORD0019930,credit_card,paid
ORD0019931,paypal,paid
ORD0019932,credit_card,paid
ORD0019933,paypal,refunded
ORD0019934,credit_card,paid
ORD0019935,credit_card,paid
ORD0019936,paypal,paid
ORD0019937,paypal,paid
ORD0019938,paypal,paid
ORD0019939,credit_card,paid
ORD0019940,credit_card,paid
ORD0019941,credit_card,paid
ORD0019942,bank_transfer,paid
ORD0019943,paypal,paid
ORD0019944,paypal,paid
ORD0019945,apple_pay,paid
ORD0019946,klarna,paid
ORD0019947,credit_card,paid
ORD0019948,credit_card,paid
ORD0019949,credit_card,paid
ORD0019950,klarna,paid
ORD0019951,credit_card,paid
ORD0019952,paypal,paid
ORD0019953,credit_card,paid
ORD0019954,bank_transfer,paid
ORD0019955,credit_card,paid
ORD0019956,credit_card,paid
ORD0019957,apple_pay,paid
ORD0019958,credit_card,paid
ORD0019959,credit_card,paid
ORD0019960,paypal,paid
ORD0019961,klarna,paid
ORD0019962,credit_card,paid
ORD0019963,credit_card,paid
ORD0019964,paypal,paid
ORD0019965,bank_transfer,paid
ORD0019966,credit_card,paid
ORD0019967,credit_card,paid
ORD0019968,apple_pay,paid
ORD0019969,paypal,paid
ORD0019970,apple_pay,paid
ORD0019971,klarna,paid
ORD0019972,bank_transfer,paid
ORD0019973,paypal,paid
ORD0019974,credit_card,paid
ORD0019975,credit_card,paid
ORD0019976,apple_pay,paid
ORD0019977,credit_card,paid
ORD0019978,paypal,paid
ORD0019979,paypal,paid
ORD0019980,paypal,paid
ORD0019981,apple_pay,paid
ORD0019982,paypal,paid
ORD0019983,apple_pay,paid
ORD0019984,paypal,paid
ORD0019985,klarna,paid
ORD0019986,paypal,paid
ORD0019987,apple_pay,paid
ORD0019988,credit_card,paid
ORD0019989,paypal,paid
ORD0019990,credit_card,paid
ORD0019991,apple_pay,paid
ORD0019992,credit_card,paid
ORD0019993,credit_card,paid
ORD0019994,credit_card,paid
ORD0019995,klarna,paid
ORD0019996,credit_card,paid
ORD0019997,credit_card,paid
ORD0019998,bank_transfer,paid
ORD0019999,paypal,paid
ORD0020000,paypal,paid
ORD0020001,credit_card,paid
ORD0020002,credit_card,paid
ORD0020003,apple_pay,paid
ORD0020004,paypal,paid
ORD0020005,paypal,paid
ORD0020006,klarna,refunded
ORD0020007,credit_card,refunded
ORD0020008,credit_card,paid
ORD0020009,credit_card,paid
ORD0020010,bank_transfer,paid
ORD0020011,apple_pay,paid
ORD0020012,paypal,paid
ORD0020013,credit_card,paid
ORD0020014,paypal,paid
ORD0020015,paypal,paid
ORD0020016,paypal,paid
ORD0020017,paypal,paid
ORD0020018,apple_pay,paid
ORD0020019,klarna,paid
ORD0020020,credit_card,paid
ORD0020021,paypal,paid
ORD0020022,bank_transfer,paid
ORD0020023,klarna,refunded
ORD0020024,apple_pay,paid
ORD0020025,paypal,paid
ORD0020026,paypal,paid
ORD0020027,klarna,refunded
ORD0020028,credit_card,paid
ORD0020029,paypal,paid
ORD0020030,klarna,paid
ORD0020031,paypal,paid
ORD0020032,klarna,paid
ORD0020033,credit_card,paid
ORD0020034,credit_card,paid
ORD0020035,klarna,paid
ORD0020036,credit_card,paid
ORD0020037,klarna,paid
ORD0020038,paypal,paid
ORD0020039,paypal,paid
ORD0020040,klarna,paid
ORD0020041,paypal,paid
ORD0020042,credit_card,paid
ORD0020043,klarna,paid
ORD0020044,credit_card,paid
ORD0020045,credit_card,paid
ORD0020046,klarna,paid
ORD0020047,paypal,paid
ORD0020048,credit_card,refunded
ORD0020049,bank_transfer,paid
ORD0020050,paypal,paid
ORD0020051,klarna,paid
ORD0020052,credit_card,paid
ORD0020053,credit_card,paid
ORD0020054,credit_card,paid
ORD0020055,credit_card,paid
ORD0020056,credit_card,paid
ORD0020057,paypal,paid
ORD0020058,apple_pay,paid
ORD0020059,klarna,paid
ORD0020060,credit_card,paid
ORD0020061,credit_card,paid
ORD0020062,credit_card,paid
ORD0020063,credit_card,paid
ORD0020064,credit_card,paid
ORD0020065,credit_card,paid
ORD0020066,apple_pay,paid
ORD0020067,credit_card,paid
ORD0020068,paypal,paid
ORD0020069,paypal,paid
ORD0020070,credit_card,paid
ORD0020071,paypal,paid
ORD0020072,credit_card,paid
ORD0020073,klarna,paid
ORD0020074,credit_card,paid
ORD0020075,paypal,paid
ORD0020076,klarna,refunded
ORD0020077,klarna,paid
ORD0020078,credit_card,paid
ORD0020079,paypal,paid
ORD0020080,credit_card,paid
ORD0020081,credit_card,refunded
ORD0020082,klarna,paid
ORD0020083,credit_card,paid
ORD0020084,credit_card,refunded
ORD0020085,credit_card,paid
ORD0020086,credit_card,paid
ORD0020087,credit_card,paid
ORD0020088,credit_card,paid
ORD0020089,klarna,paid
ORD0020090,apple_pay,paid
ORD0020091,paypal,paid
ORD0020092,bank_transfer,paid
ORD0020093,credit_card,paid
ORD0020094,bank_transfer,paid
ORD0020095,credit_card,paid
ORD0020096,credit_card,paid
ORD0020097,paypal,paid
ORD0020098,bank_transfer,paid
ORD0020099,credit_card,paid
ORD0020100,credit_card,paid
ORD0020101,klarna,paid
ORD0020102,paypal,paid
ORD0020103,paypal,paid
ORD0020104,apple_pay,paid
ORD0020105,credit_card,paid
ORD0020106,klarna,paid
ORD0020107,apple_pay,paid
ORD0020108,credit_card,paid
ORD0020109,credit_card,paid
ORD0020110,credit_card,paid
ORD0020111,paypal,paid
ORD0020112,paypal,paid
ORD0020113,credit_card,paid
ORD0020114,apple_pay,paid
ORD0020115,paypal,paid
ORD0020116,credit_card,paid
ORD0020117,klarna,paid
ORD0020118,paypal,paid
ORD0020119,paypal,paid
ORD0020120,credit_card,paid
ORD0020121,klarna,refunded
ORD0020122,klarna,paid
ORD0020123,apple_pay,paid
ORD0020124,credit_card,paid
ORD0020125,klarna,paid
ORD0020126,credit_card,paid
ORD0020127,credit_card,paid
ORD0020128,credit_card,paid
ORD0020129,credit_card,paid
ORD0020130,paypal,paid
ORD0020131,bank_transfer,paid
ORD0020132,credit_card,paid
ORD0020133,apple_pay,paid
ORD0020134,credit_card,paid
ORD0020135,apple_pay,paid
ORD0020136,apple_pay,paid
ORD0020137,apple_pay,paid
ORD0020138,credit_card,paid
ORD0020139,paypal,paid
ORD0020140,paypal,paid
ORD0020141,credit_card,paid
ORD0020142,credit_card,paid
ORD0020143,paypal,paid
ORD0020144,credit_card,paid
ORD0020145,apple_pay,refunded
ORD0020146,credit_card,paid
ORD0020147,paypal,paid
ORD0020148,klarna,paid
ORD0020149,apple_pay,paid
ORD0020150,credit_card,paid
ORD0020151,paypal,paid
ORD0020152,klarna,paid
ORD0020153,klarna,paid
ORD0020154,klarna,paid
ORD0020155,klarna,refunded
ORD0020156,bank_transfer,paid
ORD0020157,paypal,refunded
ORD0020158,paypal,paid
ORD0020159,credit_card,paid
ORD0020160,paypal,paid
ORD0020161,credit_card,paid
ORD0020162,credit_card,paid
ORD0020163,paypal,paid
ORD0020164,paypal,paid
ORD0020165,credit_card,paid
ORD0020166,credit_card,paid
ORD0020167,credit_card,paid
ORD0020168,credit_card,paid
ORD0020169,paypal,paid
ORD0020170,credit_card,paid
ORD0020171,paypal,paid
ORD0020172,credit_card,paid
ORD0020173,paypal,paid
ORD0020174,paypal,paid
ORD0020175,paypal,paid
ORD0020176,credit_card,paid
ORD0020177,klarna,paid
ORD0020178,credit_card,paid
ORD0020179,credit_card,refunded
ORD0020180,credit_card,paid
ORD0020181,klarna,paid
ORD0020182,paypal,paid
ORD0020183,credit_card,paid
ORD0020184,credit_card,paid
ORD0020185,credit_card,paid
ORD0020186,credit_card,paid
ORD0020187,credit_card,paid
ORD0020188,apple_pay,paid
ORD0020189,paypal,paid
ORD0020190,credit_card,paid
ORD0020191,klarna,paid
ORD0020192,credit_card,paid
ORD0020193,paypal,paid
ORD0020194,klarna,paid
ORD0020195,apple_pay,paid
ORD0020196,paypal,paid
ORD0020197,klarna,paid
ORD0020198,credit_card,paid
ORD0020199,klarna,paid
ORD0020200,bank_transfer,paid
ORD0020201,credit_card,paid
ORD0020202,credit_card,paid
ORD0020203,paypal,paid
ORD0020204,paypal,paid
ORD0020205,credit_card,paid
ORD0020206,paypal,paid
ORD0020207,credit_card,paid
ORD0020208,apple_pay,paid
ORD0020209,paypal,refunded
ORD0020210,paypal,refunded
ORD0020211,klarna,paid
ORD0020212,paypal,paid
ORD0020213,paypal,paid
ORD0020214,credit_card,refunded
ORD0020215,credit_card,paid
ORD0020216,credit_card,paid
ORD0020217,credit_card,paid
ORD0020218,paypal,paid
ORD0020219,paypal,paid
ORD0020220,paypal,paid
ORD0020221,credit_card,paid
ORD0020222,klarna,paid
ORD0020223,paypal,paid
ORD0020224,klarna,paid
ORD0020225,apple_pay,paid
ORD0020226,paypal,paid
ORD0020227,apple_pay,refunded
ORD0020228,credit_card,paid
ORD0020229,paypal,paid
ORD0020230,paypal,paid
ORD0020231,apple_pay,paid
ORD0020232,paypal,refunded
ORD0020233,credit_card,paid
ORD0020234,klarna,paid
ORD0020235,paypal,paid
ORD0020236,credit_card,paid
ORD0020237,credit_card,paid
ORD0020238,paypal,paid
ORD0020239,paypal,paid
ORD0020240,apple_pay,paid
ORD0020241,credit_card,paid
ORD0020242,credit_card,paid
ORD0020243,klarna,paid
ORD0020244,paypal,paid
ORD0020245,klarna,refunded
ORD0020246,paypal,paid
ORD0020247,credit_card,paid
ORD0020248,apple_pay,paid
ORD0020249,credit_card,paid
ORD0020250,credit_card,paid
ORD0020251,paypal,refunded
ORD0020252,credit_card,paid
ORD0020253,paypal,paid
ORD0020254,apple_pay,paid
ORD0020255,credit_card,paid
ORD0020256,credit_card,paid
ORD0020257,bank_transfer,paid
ORD0020258,paypal,paid
ORD0020259,klarna,paid
ORD0020260,apple_pay,paid
ORD0020261,paypal,paid
ORD0020262,paypal,paid
ORD0020263,credit_card,paid
ORD0020264,klarna,refunded
ORD0020265,credit_card,paid
ORD0020266,paypal,paid
ORD0020267,credit_card,paid
ORD0020268,credit_card,paid
ORD0020269,credit_card,paid
ORD0020270,credit_card,paid
ORD0020271,klarna,paid
ORD0020272,paypal,paid
ORD0020273,credit_card,paid
ORD0020274,paypal,paid
ORD0020275,apple_pay,paid
ORD0020276,apple_pay,paid
ORD0020277,credit_card,paid
ORD0020278,credit_card,paid
ORD0020279,credit_card,paid
ORD0020280,credit_card,refunded
ORD0020281,credit_card,paid
ORD0020282,paypal,paid
ORD0020283,credit_card,paid
ORD0020284,klarna,paid
ORD0020285,credit_card,paid
ORD0020286,credit_card,paid
ORD0020287,credit_card,paid
ORD0020288,credit_card,paid
ORD0020289,paypal,paid
ORD0020290,paypal,paid
ORD0020291,klarna,paid
ORD0020292,paypal,paid
ORD0020293,apple_pay,paid
ORD0020294,paypal,paid
ORD0020295,klarna,paid
ORD0020296,credit_card,paid
ORD0020297,credit_card,paid
ORD0020298,credit_card,paid
ORD0020299,credit_card,paid
ORD0020300,bank_transfer,paid
ORD0020301,paypal,paid
ORD0020302,bank_transfer,paid
ORD0020303,bank_transfer,paid
ORD0020304,apple_pay,paid
ORD0020305,bank_transfer,paid
ORD0020306,paypal,paid
ORD0020307,credit_card,paid
ORD0020308,credit_card,paid
ORD0020309,credit_card,paid
ORD0020310,credit_card,paid
ORD0020311,klarna,paid
ORD0020312,credit_card,paid
ORD0020313,credit_card,paid
ORD0020314,paypal,paid
ORD0020315,credit_card,paid
ORD0020316,paypal,paid
ORD0020317,klarna,paid
ORD0020318,credit_card,paid
ORD0020319,klarna,paid
ORD0020320,paypal,paid
ORD0020321,klarna,paid
ORD0020322,klarna,paid
ORD0020323,paypal,paid
ORD0020324,paypal,paid
ORD0020325,credit_card,paid
ORD0020326,paypal,paid
ORD0020327,credit_card,paid
ORD0020328,apple_pay,paid
ORD0020329,credit_card,paid
ORD0020330,credit_card,paid
ORD0020331,bank_transfer,paid
ORD0020332,credit_card,paid
ORD0020333,paypal,paid
ORD0020334,paypal,paid
ORD0020335,klarna,refunded
ORD0020336,credit_card,paid
ORD0020337,paypal,paid
ORD0020338,apple_pay,paid
ORD0020339,credit_card,paid
ORD0020340,paypal,paid
ORD0020341,credit_card,paid
ORD0020342,credit_card,paid
ORD0020343,apple_pay,paid
ORD0020344,credit_card,paid
ORD0020345,apple_pay,paid
ORD0020346,credit_card,paid
ORD0020347,credit_card,paid
ORD0020348,klarna,paid
ORD0020349,klarna,paid
ORD0020350,paypal,paid
ORD0020351,paypal,paid
ORD0020352,credit_card,paid
ORD0020353,apple_pay,paid
ORD0020354,paypal,paid
ORD0020355,klarna,paid
ORD0020356,klarna,paid
ORD0020357,paypal,paid
ORD0020358,credit_card,paid
ORD0020359,klarna,paid
ORD0020360,klarna,paid
ORD0020361,credit_card,paid
ORD0020362,paypal,paid
ORD0020363,apple_pay,refunded
ORD0020364,paypal,paid
ORD0020365,bank_transfer,paid
ORD0020366,klarna,paid
ORD0020367,credit_card,paid
ORD0020368,apple_pay,paid
ORD0020369,paypal,paid
ORD0020370,credit_card,paid
ORD0020371,credit_card,paid
ORD0020372,credit_card,paid
ORD0020373,credit_card,paid
ORD0020374,credit_card,paid
ORD0020375,credit_card,paid
ORD0020376,apple_pay,paid
ORD0020377,klarna,paid
ORD0020378,credit_card,paid
ORD0020379,paypal,paid
ORD0020380,paypal,paid
ORD0020381,credit_card,paid
ORD0020382,credit_card,paid
ORD0020383,paypal,paid
ORD0020384,apple_pay,paid
ORD0020385,credit_card,paid
ORD0020386,credit_card,paid
ORD0020387,credit_card,paid
ORD0020388,credit_card,paid
ORD0020389,credit_card,paid
ORD0020390,credit_card,paid
ORD0020391,credit_card,paid
ORD0020392,paypal,paid
ORD0020393,klarna,refunded
ORD0020394,bank_transfer,refunded
ORD0020395,credit_card,paid
ORD0020396,credit_card,paid
ORD0020397,credit_card,paid
ORD0020398,credit_card,paid
ORD0020399,apple_pay,paid
ORD0020400,credit_card,paid
ORD0020401,credit_card,refunded
ORD0020402,apple_pay,paid
ORD0020403,paypal,paid
ORD0020404,paypal,paid
ORD0020405,paypal,paid
ORD0020406,paypal,paid
ORD0020407,credit_card,paid
ORD0020408,credit_card,paid
ORD0020409,credit_card,paid
ORD0020410,paypal,paid
ORD0020411,apple_pay,paid
ORD0020412,credit_card,paid
ORD0020413,credit_card,paid
ORD0020414,credit_card,paid
ORD0020415,apple_pay,refunded
ORD0020416,klarna,paid
ORD0020417,paypal,paid
ORD0020418,credit_card,paid
ORD0020419,paypal,paid
ORD0020420,klarna,paid
ORD0020421,apple_pay,paid
ORD0020422,bank_transfer,paid
ORD0020423,klarna,paid
ORD0020424,credit_card,paid
ORD0020425,credit_card,paid
ORD0020426,credit_card,paid
ORD0020427,credit_card,refunded
ORD0020428,klarna,paid
ORD0020429,klarna,refunded
ORD0020430,apple_pay,paid
ORD0020431,credit_card,paid
ORD0020432,bank_transfer,paid
ORD0020433,paypal,paid
ORD0020434,credit_card,paid
ORD0020435,credit_card,paid
ORD0020436,credit_card,paid
ORD0020437,credit_card,paid
ORD0020438,credit_card,paid
ORD0020439,klarna,paid
ORD0020440,credit_card,paid
ORD0020441,credit_card,refunded
ORD0020442,paypal,paid
ORD0020443,klarna,paid
ORD0020444,apple_pay,paid
ORD0020445,apple_pay,paid
ORD0020446,credit_card,paid
ORD0020447,credit_card,paid
ORD0020448,apple_pay,paid
ORD0020449,klarna,paid
ORD0020450,klarna,paid
ORD0020451,apple_pay,paid
ORD0020452,credit_card,paid
ORD0020453,paypal,paid
ORD0020454,credit_card,paid
ORD0020455,paypal,paid
ORD0020456,paypal,paid
ORD0020457,klarna,paid
ORD0020458,klarna,paid
ORD0020459,credit_card,paid
ORD0020460,klarna,paid
ORD0020461,paypal,paid
ORD0020462,klarna,paid
ORD0020463,credit_card,paid
ORD0020464,apple_pay,paid
ORD0020465,paypal,paid
ORD0020466,paypal,paid
ORD0020467,apple_pay,paid
ORD0020468,klarna,paid
ORD0020469,klarna,paid
ORD0020470,paypal,paid
ORD0020471,paypal,paid
ORD0020472,klarna,paid
ORD0020473,klarna,paid
ORD0020474,credit_card,refunded
ORD0020475,paypal,paid
ORD0020476,credit_card,paid
ORD0020477,credit_card,paid
ORD0020478,klarna,paid
ORD0020479,credit_card,paid
ORD0020480,apple_pay,paid
ORD0020481,paypal,paid
ORD0020482,credit_card,refunded
ORD0020483,credit_card,paid
ORD0020484,klarna,paid
ORD0020485,credit_card,paid
ORD0020486,paypal,paid
ORD0020487,paypal,paid
ORD0020488,credit_card,paid
ORD0020489,credit_card,refunded
ORD0020490,paypal,paid
ORD0020491,credit_card,paid
ORD0020492,paypal,paid
ORD0020493,credit_card,paid
ORD0020494,paypal,paid
ORD0020495,credit_card,paid
ORD0020496,credit_card,paid
ORD0020497,credit_card,paid
ORD0020498,klarna,paid
ORD0020499,credit_card,paid
ORD0020500,bank_transfer,refunded
ORD0020501,paypal,paid
ORD0020502,credit_card,paid
ORD0020503,klarna,paid
ORD0020504,klarna,paid
ORD0020505,credit_card,paid
ORD0020506,bank_transfer,paid
ORD0020507,credit_card,paid
ORD0020508,paypal,paid
ORD0020509,credit_card,paid
ORD0020510,apple_pay,paid
ORD0020511,credit_card,paid
ORD0020512,credit_card,paid
ORD0020513,credit_card,paid
ORD0020514,credit_card,paid
ORD0020515,bank_transfer,paid
ORD0020516,apple_pay,paid
ORD0020517,klarna,paid
ORD0020518,credit_card,paid
ORD0020519,credit_card,paid
ORD0020520,credit_card,paid
ORD0020521,paypal,paid
ORD0020522,klarna,paid
ORD0020523,credit_card,paid
ORD0020524,paypal,paid
ORD0020525,paypal,paid
ORD0020526,apple_pay,paid
ORD0020527,klarna,paid
ORD0020528,credit_card,paid
ORD0020529,klarna,paid
ORD0020530,credit_card,paid
ORD0020531,credit_card,paid
ORD0020532,credit_card,paid
ORD0020533,paypal,paid
ORD0020534,credit_card,paid
ORD0020535,credit_card,paid
ORD0020536,apple_pay,paid
ORD0020537,credit_card,paid
ORD0020538,credit_card,paid
ORD0020539,credit_card,paid
ORD0020540,credit_card,paid
ORD0020541,klarna,paid
ORD0020542,paypal,paid
ORD0020543,credit_card,paid
ORD0020544,paypal,paid
ORD0020545,credit_card,paid
ORD0020546,klarna,paid
ORD0020547,paypal,paid
ORD0020548,credit_card,paid
ORD0020549,credit_card,refunded
ORD0020550,credit_card,paid
ORD0020551,credit_card,paid
ORD0020552,klarna,paid
ORD0020553,credit_card,refunded
ORD0020554,klarna,paid
ORD0020555,klarna,paid
ORD0020556,bank_transfer,refunded
ORD0020557,credit_card,paid
ORD0020558,paypal,paid
ORD0020559,paypal,paid
ORD0020560,paypal,paid
ORD0020561,paypal,paid
ORD0020562,paypal,paid
ORD0020563,credit_card,paid
ORD0020564,credit_card,paid
ORD0020565,credit_card,paid
ORD0020566,paypal,paid
ORD0020567,credit_card,paid
ORD0020568,klarna,paid
ORD0020569,credit_card,paid
ORD0020570,bank_transfer,paid
ORD0020571,bank_transfer,paid
ORD0020572,klarna,paid
ORD0020573,klarna,paid
ORD0020574,credit_card,paid
ORD0020575,credit_card,paid
ORD0020576,paypal,paid
ORD0020577,credit_card,paid
ORD0020578,credit_card,paid
ORD0020579,credit_card,refunded
ORD0020580,paypal,paid
ORD0020581,credit_card,paid
ORD0020582,credit_card,refunded
ORD0020583,credit_card,paid
ORD0020584,klarna,paid
ORD0020585,apple_pay,paid
ORD0020586,paypal,paid
ORD0020587,credit_card,paid
ORD0020588,credit_card,paid
ORD0020589,paypal,paid
ORD0020590,klarna,paid
ORD0020591,paypal,paid
ORD0020592,apple_pay,paid
ORD0020593,klarna,paid
ORD0020594,apple_pay,paid
ORD0020595,credit_card,paid
ORD0020596,apple_pay,paid
ORD0020597,credit_card,paid
ORD0020598,credit_card,paid
ORD0020599,paypal,paid
ORD0020600,credit_card,paid
ORD0020601,credit_card,paid
ORD0020602,apple_pay,paid
ORD0020603,credit_card,paid
ORD0020604,klarna,paid
ORD0020605,klarna,paid
ORD0020606,apple_pay,paid
ORD0020607,bank_transfer,paid
ORD0020608,apple_pay,paid
ORD0020609,credit_card,paid
ORD0020610,credit_card,paid
ORD0020611,apple_pay,paid
ORD0020612,credit_card,paid
ORD0020613,paypal,paid
ORD0020614,paypal,paid
ORD0020615,credit_card,paid
ORD0020616,credit_card,paid
ORD0020617,credit_card,paid
ORD0020618,credit_card,paid
ORD0020619,bank_transfer,paid
ORD0020620,paypal,paid
ORD0020621,credit_card,paid
ORD0020622,credit_card,paid
ORD0020623,credit_card,paid
ORD0020624,paypal,paid
ORD0020625,credit_card,paid
ORD0020626,paypal,paid
ORD0020627,credit_card,paid
ORD0020628,credit_card,paid
ORD0020629,credit_card,paid
ORD0020630,credit_card,paid
ORD0020631,apple_pay,paid
ORD0020632,apple_pay,paid
ORD0020633,credit_card,paid
ORD0020634,paypal,paid
ORD0020635,credit_card,paid
ORD0020636,credit_card,paid
ORD0020637,paypal,paid
ORD0020638,credit_card,paid
ORD0020639,apple_pay,paid
ORD0020640,credit_card,paid
ORD0020641,credit_card,paid
ORD0020642,paypal,paid
ORD0020643,paypal,paid
ORD0020644,credit_card,paid
ORD0020645,credit_card,paid
ORD0020646,paypal,paid
ORD0020647,klarna,paid
ORD0020648,klarna,paid
ORD0020649,credit_card,paid
ORD0020650,credit_card,paid
ORD0020651,credit_card,paid
ORD0020652,paypal,paid
ORD0020653,klarna,paid
ORD0020654,paypal,paid
ORD0020655,credit_card,paid
ORD0020656,credit_card,paid
ORD0020657,credit_card,paid
ORD0020658,credit_card,paid
ORD0020659,credit_card,paid
ORD0020660,paypal,paid
ORD0020661,klarna,paid
ORD0020662,klarna,paid
ORD0020663,credit_card,paid
ORD0020664,klarna,paid
ORD0020665,credit_card,paid
ORD0020666,credit_card,paid
ORD0020667,paypal,paid
ORD0020668,klarna,paid
ORD0020669,credit_card,paid
ORD0020670,bank_transfer,paid
ORD0020671,credit_card,paid
ORD0020672,credit_card,paid
ORD0020673,credit_card,paid
ORD0020674,credit_card,paid
ORD0020675,paypal,paid
ORD0020676,credit_card,paid
ORD0020677,apple_pay,paid
ORD0020678,paypal,paid
ORD0020679,credit_card,paid
ORD0020680,credit_card,paid
ORD0020681,apple_pay,paid
ORD0020682,credit_card,paid
ORD0020683,klarna,paid
ORD0020684,credit_card,paid
ORD0020685,apple_pay,paid
ORD0020686,klarna,paid
ORD0020687,credit_card,paid
ORD0020688,credit_card,paid
ORD0020689,credit_card,paid
ORD0020690,paypal,paid
ORD0020691,credit_card,paid
ORD0020692,credit_card,paid
ORD0020693,klarna,paid
ORD0020694,credit_card,paid
ORD0020695,klarna,paid
ORD0020696,apple_pay,paid
ORD0020697,paypal,paid
ORD0020698,credit_card,paid
ORD0020699,apple_pay,paid
ORD0020700,paypal,paid
ORD0020701,credit_card,paid
ORD0020702,bank_transfer,paid
ORD0020703,credit_card,paid
ORD0020704,paypal,paid
ORD0020705,bank_transfer,refunded
ORD0020706,klarna,paid
ORD0020707,credit_card,paid
ORD0020708,paypal,paid
ORD0020709,paypal,paid
ORD0020710,apple_pay,paid
ORD0020711,credit_card,paid
ORD0020712,credit_card,paid
ORD0020713,credit_card,paid
ORD0020714,credit_card,paid
ORD0020715,credit_card,paid
ORD0020716,credit_card,paid
ORD0020717,paypal,paid
ORD0020718,bank_transfer,paid
ORD0020719,credit_card,paid
ORD0020720,credit_card,paid
ORD0020721,credit_card,paid
ORD0020722,paypal,refunded
ORD0020723,apple_pay,paid
ORD0020724,credit_card,paid
ORD0020725,apple_pay,paid
ORD0020726,credit_card,paid
ORD0020727,paypal,paid
ORD0020728,klarna,paid
ORD0020729,credit_card,paid
ORD0020730,credit_card,paid
ORD0020731,paypal,paid
ORD0020732,credit_card,paid
ORD0020733,klarna,paid
ORD0020734,paypal,paid
ORD0020735,credit_card,paid
ORD0020736,credit_card,paid
ORD0020737,paypal,paid
ORD0020738,credit_card,paid
ORD0020739,klarna,paid
ORD0020740,bank_transfer,paid
ORD0020741,credit_card,paid
ORD0020742,paypal,paid
ORD0020743,paypal,paid
ORD0020744,klarna,paid
ORD0020745,credit_card,paid
ORD0020746,credit_card,paid
ORD0020747,paypal,paid
ORD0020748,credit_card,paid
ORD0020749,apple_pay,paid
ORD0020750,credit_card,paid
ORD0020751,apple_pay,paid
ORD0020752,credit_card,paid
ORD0020753,paypal,paid
ORD0020754,apple_pay,paid
ORD0020755,apple_pay,paid
ORD0020756,credit_card,paid
ORD0020757,apple_pay,paid
ORD0020758,klarna,paid
ORD0020759,paypal,paid
ORD0020760,paypal,paid
ORD0020761,klarna,paid
ORD0020762,credit_card,paid
ORD0020763,paypal,paid
ORD0020764,apple_pay,paid
ORD0020765,paypal,paid
ORD0020766,credit_card,paid
ORD0020767,klarna,paid
ORD0020768,credit_card,refunded
ORD0020769,paypal,paid
ORD0020770,paypal,paid
ORD0020771,apple_pay,refunded
ORD0020772,klarna,paid
ORD0020773,paypal,paid
ORD0020774,paypal,paid
ORD0020775,paypal,paid
ORD0020776,apple_pay,paid
ORD0020777,paypal,paid
ORD0020778,apple_pay,paid
ORD0020779,credit_card,paid
ORD0020780,credit_card,paid
ORD0020781,credit_card,paid
ORD0020782,paypal,refunded
ORD0020783,credit_card,paid
ORD0020784,klarna,paid
ORD0020785,credit_card,paid
ORD0020786,paypal,paid
ORD0020787,paypal,paid
ORD0020788,paypal,paid
ORD0020789,credit_card,paid
ORD0020790,credit_card,paid
ORD0020791,klarna,paid
ORD0020792,apple_pay,paid
ORD0020793,credit_card,paid
ORD0020794,credit_card,paid
ORD0020795,credit_card,paid
ORD0020796,credit_card,paid
ORD0020797,paypal,paid
ORD0020798,apple_pay,paid
ORD0020799,klarna,paid
ORD0020800,credit_card,paid
ORD0020801,apple_pay,paid
ORD0020802,credit_card,paid
ORD0020803,credit_card,paid
ORD0020804,bank_transfer,paid
ORD0020805,klarna,paid
ORD0020806,apple_pay,paid
ORD0020807,credit_card,paid
ORD0020808,credit_card,paid
ORD0020809,credit_card,paid
ORD0020810,credit_card,paid
ORD0020811,credit_card,paid
ORD0020812,paypal,paid
ORD0020813,credit_card,paid
ORD0020814,klarna,paid
ORD0020815,credit_card,paid
ORD0020816,klarna,paid
ORD0020817,klarna,paid
ORD0020818,apple_pay,paid
ORD0020819,credit_card,paid
ORD0020820,credit_card,paid
ORD0020821,apple_pay,paid
ORD0020822,bank_transfer,paid
ORD0020823,credit_card,refunded
ORD0020824,apple_pay,paid
ORD0020825,credit_card,paid
ORD0020826,paypal,paid
ORD0020827,paypal,paid
ORD0020828,klarna,paid
ORD0020829,klarna,paid
ORD0020830,apple_pay,paid
ORD0020831,credit_card,paid
ORD0020832,credit_card,refunded
ORD0020833,credit_card,paid
ORD0020834,paypal,paid
ORD0020835,credit_card,paid
ORD0020836,credit_card,paid
ORD0020837,credit_card,paid
ORD0020838,credit_card,paid
ORD0020839,paypal,paid
ORD0020840,klarna,paid
ORD0020841,credit_card,paid
ORD0020842,paypal,paid
ORD0020843,paypal,paid
ORD0020844,paypal,paid
ORD0020845,credit_card,paid
ORD0020846,paypal,paid
ORD0020847,credit_card,paid
ORD0020848,klarna,paid
ORD0020849,apple_pay,paid
ORD0020850,paypal,paid
ORD0020851,credit_card,paid
ORD0020852,paypal,refunded
ORD0020853,apple_pay,refunded
ORD0020854,credit_card,paid
ORD0020855,paypal,paid
ORD0020856,apple_pay,paid
ORD0020857,paypal,paid
ORD0020858,klarna,paid
ORD0020859,credit_card,paid
ORD0020860,paypal,paid
ORD0020861,paypal,paid
ORD0020862,klarna,paid
ORD0020863,paypal,paid
ORD0020864,paypal,paid
ORD0020865,paypal,paid
ORD0020866,apple_pay,paid
ORD0020867,paypal,paid
ORD0020868,apple_pay,paid
ORD0020869,apple_pay,paid
ORD0020870,klarna,paid
ORD0020871,credit_card,paid
ORD0020872,credit_card,paid
ORD0020873,bank_transfer,paid
ORD0020874,credit_card,paid
ORD0020875,credit_card,paid
ORD0020876,bank_transfer,paid
ORD0020877,credit_card,paid
ORD0020878,credit_card,paid
ORD0020879,paypal,paid
ORD0020880,klarna,paid
ORD0020881,apple_pay,paid
ORD0020882,credit_card,paid
ORD0020883,credit_card,paid
ORD0020884,apple_pay,paid
ORD0020885,credit_card,paid
ORD0020886,credit_card,paid
ORD0020887,credit_card,refunded
ORD0020888,apple_pay,paid
ORD0020889,apple_pay,paid
ORD0020890,credit_card,paid
ORD0020891,klarna,paid
ORD0020892,credit_card,paid
ORD0020893,paypal,paid
ORD0020894,credit_card,paid
ORD0020895,credit_card,paid
ORD0020896,paypal,paid
ORD0020897,paypal,refunded
ORD0020898,credit_card,paid
ORD0020899,credit_card,paid
ORD0020900,credit_card,paid
ORD0020901,credit_card,paid
ORD0020902,bank_transfer,paid
ORD0020903,credit_card,paid
ORD0020904,klarna,refunded
ORD0020905,paypal,paid
ORD0020906,credit_card,paid
ORD0020907,credit_card,paid
ORD0020908,credit_card,paid
ORD0020909,klarna,paid
ORD0020910,credit_card,paid
ORD0020911,bank_transfer,paid
ORD0020912,apple_pay,paid
ORD0020913,paypal,paid
ORD0020914,credit_card,paid
ORD0020915,paypal,refunded
ORD0020916,apple_pay,paid
ORD0020917,credit_card,paid
ORD0020918,apple_pay,paid
ORD0020919,credit_card,refunded
ORD0020920,credit_card,paid
ORD0020921,credit_card,paid
ORD0020922,credit_card,paid
ORD0020923,bank_transfer,paid
ORD0020924,credit_card,paid
ORD0020925,credit_card,paid
ORD0020926,credit_card,paid
ORD0020927,klarna,paid
ORD0020928,klarna,paid
ORD0020929,credit_card,paid
ORD0020930,paypal,paid
ORD0020931,credit_card,refunded
ORD0020932,credit_card,paid
ORD0020933,paypal,paid
ORD0020934,credit_card,paid
ORD0020935,credit_card,paid
ORD0020936,credit_card,paid
ORD0020937,credit_card,paid
ORD0020938,credit_card,paid
ORD0020939,credit_card,paid
ORD0020940,paypal,paid
ORD0020941,credit_card,paid
ORD0020942,paypal,paid
ORD0020943,credit_card,paid
ORD0020944,klarna,paid
ORD0020945,credit_card,paid
ORD0020946,credit_card,paid
ORD0020947,credit_card,paid
ORD0020948,credit_card,paid
ORD0020949,paypal,paid
ORD0020950,credit_card,paid
ORD0020951,klarna,paid
ORD0020952,paypal,paid
ORD0020953,credit_card,paid
ORD0020954,credit_card,paid
ORD0020955,credit_card,paid
ORD0020956,credit_card,refunded
ORD0020957,bank_transfer,paid
ORD0020958,credit_card,paid
ORD0020959,credit_card,paid
ORD0020960,paypal,paid
ORD0020961,credit_card,paid
ORD0020962,credit_card,paid
ORD0020963,credit_card,paid
ORD0020964,credit_card,paid
ORD0020965,klarna,paid
ORD0020966,klarna,refunded
ORD0020967,credit_card,paid
ORD0020968,klarna,paid
ORD0020969,credit_card,paid
ORD0020970,credit_card,paid
ORD0020971,paypal,paid
ORD0020972,klarna,paid
ORD0020973,credit_card,paid
ORD0020974,credit_card,paid
ORD0020975,credit_card,paid
ORD0020976,klarna,paid
ORD0020977,bank_transfer,paid
ORD0020978,credit_card,paid
ORD0020979,apple_pay,paid
ORD0020980,klarna,refunded
ORD0020981,credit_card,paid
ORD0020982,apple_pay,paid
ORD0020983,credit_card,refunded
ORD0020984,paypal,paid
ORD0020985,klarna,paid
ORD0020986,paypal,paid
ORD0020987,credit_card,paid
ORD0020988,credit_card,paid
ORD0020989,paypal,paid
ORD0020990,paypal,paid
ORD0020991,paypal,paid
ORD0020992,credit_card,paid
ORD0020993,paypal,paid
ORD0020994,credit_card,paid
ORD0020995,credit_card,paid
ORD0020996,paypal,paid
ORD0020997,bank_transfer,paid
ORD0020998,credit_card,paid
ORD0020999,paypal,paid
ORD0021000,paypal,paid
ORD0021001,paypal,paid
ORD0021002,paypal,paid
ORD0021003,credit_card,paid
ORD0021004,apple_pay,paid
ORD0021005,credit_card,paid
ORD0021006,credit_card,paid
ORD0021007,paypal,refunded
ORD0021008,apple_pay,paid
ORD0021009,credit_card,paid
ORD0021010,apple_pay,paid
ORD0021011,apple_pay,paid
ORD0021012,credit_card,paid
ORD0021013,credit_card,paid
ORD0021014,credit_card,paid
ORD0021015,credit_card,paid
ORD0021016,bank_transfer,paid
ORD0021017,apple_pay,paid
ORD0021018,bank_transfer,paid
ORD0021019,credit_card,paid
ORD0021020,paypal,refunded
ORD0021021,paypal,paid
ORD0021022,credit_card,paid
ORD0021023,credit_card,paid
ORD0021024,credit_card,paid
ORD0021025,apple_pay,paid
ORD0021026,paypal,paid
ORD0021027,credit_card,refunded
ORD0021028,credit_card,paid
ORD0021029,apple_pay,paid
ORD0021030,klarna,paid
ORD0021031,paypal,paid
ORD0021032,paypal,paid
ORD0021033,paypal,paid
ORD0021034,credit_card,paid
ORD0021035,apple_pay,paid
ORD0021036,credit_card,paid
ORD0021037,credit_card,refunded
ORD0021038,bank_transfer,paid
ORD0021039,credit_card,refunded
ORD0021040,klarna,paid
ORD0021041,klarna,paid
ORD0021042,credit_card,paid
ORD0021043,credit_card,paid
ORD0021044,bank_transfer,paid
ORD0021045,klarna,paid
ORD0021046,klarna,paid
ORD0021047,paypal,paid
ORD0021048,apple_pay,paid
ORD0021049,paypal,paid
ORD0021050,credit_card,paid
ORD0021051,klarna,paid
ORD0021052,paypal,paid
ORD0021053,paypal,paid
ORD0021054,credit_card,paid
ORD0021055,credit_card,paid
ORD0021056,credit_card,paid
ORD0021057,paypal,paid
ORD0021058,paypal,paid
ORD0021059,paypal,paid
ORD0021060,credit_card,paid
ORD0021061,paypal,paid
ORD0021062,paypal,refunded
ORD0021063,credit_card,paid
ORD0021064,paypal,paid
ORD0021065,paypal,paid
ORD0021066,apple_pay,refunded
ORD0021067,paypal,paid
ORD0021068,paypal,paid
ORD0021069,paypal,paid
ORD0021070,credit_card,paid
ORD0021071,credit_card,paid
ORD0021072,credit_card,paid
ORD0021073,credit_card,paid
ORD0021074,paypal,paid
ORD0021075,apple_pay,paid
ORD0021076,paypal,paid
ORD0021077,klarna,paid
ORD0021078,paypal,paid
ORD0021079,paypal,paid
ORD0021080,paypal,paid
ORD0021081,apple_pay,paid
ORD0021082,credit_card,paid
ORD0021083,klarna,paid
ORD0021084,credit_card,paid
ORD0021085,credit_card,paid
ORD0021086,paypal,paid
ORD0021087,apple_pay,paid
ORD0021088,paypal,paid
ORD0021089,credit_card,paid
ORD0021090,klarna,paid
ORD0021091,credit_card,paid
ORD0021092,apple_pay,paid
ORD0021093,paypal,refunded
ORD0021094,credit_card,paid
ORD0021095,credit_card,paid
ORD0021096,klarna,refunded
ORD0021097,credit_card,paid
ORD0021098,credit_card,paid
ORD0021099,credit_card,paid
ORD0021100,klarna,paid
ORD0021101,credit_card,paid
ORD0021102,apple_pay,paid
ORD0021103,apple_pay,paid
ORD0021104,klarna,paid
ORD0021105,apple_pay,paid
ORD0021106,klarna,paid
ORD0021107,paypal,paid
ORD0021108,credit_card,paid
ORD0021109,paypal,paid
ORD0021110,paypal,paid
ORD0021111,klarna,paid
ORD0021112,paypal,paid
ORD0021113,credit_card,paid
ORD0021114,credit_card,paid
ORD0021115,paypal,paid
ORD0021116,klarna,paid
ORD0021117,credit_card,paid
ORD0021118,credit_card,paid
ORD0021119,credit_card,paid
ORD0021120,credit_card,paid
ORD0021121,klarna,paid
ORD0021122,credit_card,refunded
ORD0021123,apple_pay,paid
ORD0021124,credit_card,paid
ORD0021125,credit_card,paid
ORD0021126,credit_card,refunded
ORD0021127,klarna,paid
ORD0021128,klarna,paid
ORD0021129,bank_transfer,paid
ORD0021130,bank_transfer,paid
ORD0021131,bank_transfer,paid
ORD0021132,credit_card,paid
ORD0021133,credit_card,paid
ORD0021134,credit_card,paid
ORD0021135,credit_card,paid
ORD0021136,credit_card,paid
ORD0021137,klarna,paid
ORD0021138,klarna,paid
ORD0021139,paypal,paid
ORD0021140,credit_card,paid
ORD0021141,klarna,paid
ORD0021142,apple_pay,paid
ORD0021143,paypal,paid
ORD0021144,apple_pay,paid
ORD0021145,paypal,paid
ORD0021146,klarna,refunded
ORD0021147,credit_card,paid
ORD0021148,credit_card,paid
ORD0021149,paypal,paid
ORD0021150,credit_card,paid
ORD0021151,credit_card,paid
ORD0021152,klarna,paid
ORD0021153,credit_card,paid
ORD0021154,klarna,paid
ORD0021155,paypal,paid
ORD0021156,paypal,paid
ORD0021157,credit_card,paid
ORD0021158,paypal,paid
ORD0021159,bank_transfer,paid
ORD0021160,credit_card,paid
ORD0021161,bank_transfer,paid
ORD0021162,paypal,paid
ORD0021163,apple_pay,paid
ORD0021164,credit_card,paid
ORD0021165,klarna,paid
ORD0021166,credit_card,paid
ORD0021167,klarna,paid
ORD0021168,apple_pay,paid
ORD0021169,credit_card,refunded
ORD0021170,credit_card,paid
ORD0021171,apple_pay,paid
ORD0021172,paypal,paid
ORD0021173,paypal,paid
ORD0021174,bank_transfer,paid
ORD0021175,credit_card,paid
ORD0021176,paypal,paid
ORD0021177,paypal,paid
ORD0021178,bank_transfer,paid
ORD0021179,klarna,paid
ORD0021180,credit_card,paid
ORD0021181,credit_card,paid
ORD0021182,credit_card,paid
ORD0021183,apple_pay,paid
ORD0021184,bank_transfer,paid
ORD0021185,klarna,paid
ORD0021186,paypal,paid
ORD0021187,paypal,paid
ORD0021188,paypal,paid
ORD0021189,paypal,paid
ORD0021190,paypal,paid
ORD0021191,paypal,paid
ORD0021192,paypal,paid
ORD0021193,credit_card,paid
ORD0021194,credit_card,paid
ORD0021195,credit_card,paid
ORD0021196,credit_card,paid
ORD0021197,apple_pay,paid
ORD0021198,bank_transfer,refunded
ORD0021199,credit_card,paid
ORD0021200,credit_card,paid
ORD0021201,klarna,paid
ORD0021202,paypal,paid
ORD0021203,paypal,paid
ORD0021204,paypal,paid
ORD0021205,credit_card,paid
ORD0021206,credit_card,paid
ORD0021207,paypal,paid
ORD0021208,credit_card,paid
ORD0021209,credit_card,paid
ORD0021210,credit_card,paid
ORD0021211,credit_card,paid
ORD0021212,paypal,paid
ORD0021213,klarna,paid
ORD0021214,bank_transfer,paid
ORD0021215,credit_card,paid
ORD0021216,credit_card,paid
ORD0021217,credit_card,paid
ORD0021218,paypal,paid
ORD0021219,credit_card,paid
ORD0021220,credit_card,paid
ORD0021221,apple_pay,paid
ORD0021222,apple_pay,paid
ORD0021223,credit_card,refunded
ORD0021224,credit_card,paid
ORD0021225,paypal,refunded
ORD0021226,credit_card,paid
ORD0021227,bank_transfer,paid
ORD0021228,credit_card,paid
ORD0021229,credit_card,paid
ORD0021230,credit_card,paid
ORD0021231,apple_pay,paid
ORD0021232,klarna,paid
ORD0021233,credit_card,paid
ORD0021234,credit_card,paid
ORD0021235,klarna,paid
ORD0021236,credit_card,paid
ORD0021237,klarna,paid
ORD0021238,credit_card,paid
ORD0021239,paypal,paid
ORD0021240,credit_card,paid
ORD0021241,klarna,paid
ORD0021242,paypal,paid
ORD0021243,credit_card,paid
ORD0021244,credit_card,paid
ORD0021245,credit_card,paid
ORD0021246,klarna,paid
ORD0021247,credit_card,paid
ORD0021248,bank_transfer,refunded
ORD0021249,credit_card,paid
ORD0021250,credit_card,paid
ORD0021251,credit_card,paid
ORD0021252,bank_transfer,paid
ORD0021253,credit_card,paid
ORD0021254,credit_card,paid
ORD0021255,credit_card,refunded
ORD0021256,klarna,paid
ORD0021257,bank_transfer,paid
ORD0021258,paypal,paid
ORD0021259,paypal,paid
ORD0021260,credit_card,paid
ORD0021261,apple_pay,paid
ORD0021262,klarna,paid
ORD0021263,credit_card,paid
ORD0021264,paypal,paid
ORD0021265,credit_card,paid
ORD0021266,klarna,paid
ORD0021267,apple_pay,paid
ORD0021268,credit_card,paid
ORD0021269,klarna,paid
ORD0021270,credit_card,paid
ORD0021271,bank_transfer,paid
ORD0021272,apple_pay,paid
ORD0021273,klarna,paid
ORD0021274,paypal,paid
ORD0021275,paypal,paid
ORD0021276,credit_card,paid
ORD0021277,apple_pay,paid
ORD0021278,credit_card,paid
ORD0021279,paypal,paid
ORD0021280,credit_card,paid
ORD0021281,paypal,paid
ORD0021282,klarna,paid
ORD0021283,credit_card,paid
ORD0021284,credit_card,paid
ORD0021285,credit_card,paid
ORD0021286,credit_card,paid
ORD0021287,credit_card,paid
ORD0021288,paypal,paid
ORD0021289,klarna,paid
ORD0021290,paypal,paid
ORD0021291,paypal,paid
ORD0021292,paypal,paid
ORD0021293,credit_card,paid
ORD0021294,bank_transfer,paid
ORD0021295,credit_card,paid
ORD0021296,klarna,paid
ORD0021297,credit_card,paid
ORD0021298,apple_pay,paid
ORD0021299,credit_card,refunded
ORD0021300,credit_card,paid
ORD0021301,credit_card,paid
ORD0021302,klarna,paid
ORD0021303,credit_card,paid
ORD0021304,klarna,paid
ORD0021305,credit_card,paid
ORD0021306,klarna,paid
ORD0021307,paypal,paid
ORD0021308,credit_card,paid
ORD0021309,klarna,paid
ORD0021310,klarna,paid
ORD0021311,paypal,refunded
ORD0021312,klarna,paid
ORD0021313,paypal,paid
ORD0021314,paypal,paid
ORD0021315,paypal,paid
ORD0021316,credit_card,paid
ORD0021317,credit_card,paid
ORD0021318,credit_card,paid
ORD0021319,credit_card,refunded
ORD0021320,credit_card,paid
ORD0021321,klarna,paid
ORD0021322,paypal,paid
ORD0021323,credit_card,paid
ORD0021324,credit_card,paid
ORD0021325,credit_card,paid
ORD0021326,paypal,paid
ORD0021327,credit_card,paid
ORD0021328,klarna,paid
ORD0021329,credit_card,paid
ORD0021330,credit_card,paid
ORD0021331,apple_pay,paid
ORD0021332,apple_pay,paid
ORD0021333,credit_card,paid
ORD0021334,credit_card,paid
ORD0021335,klarna,paid
ORD0021336,klarna,paid
ORD0021337,credit_card,paid
ORD0021338,credit_card,paid
ORD0021339,paypal,paid
ORD0021340,bank_transfer,paid
ORD0021341,apple_pay,paid
ORD0021342,klarna,paid
ORD0021343,apple_pay,paid
ORD0021344,credit_card,paid
ORD0021345,klarna,paid
ORD0021346,credit_card,paid
ORD0021347,credit_card,paid
ORD0021348,credit_card,paid
ORD0021349,credit_card,paid
ORD0021350,credit_card,paid
ORD0021351,paypal,paid
ORD0021352,credit_card,paid
ORD0021353,apple_pay,refunded
ORD0021354,credit_card,paid
ORD0021355,klarna,paid
ORD0021356,credit_card,paid
ORD0021357,paypal,paid
ORD0021358,apple_pay,paid
ORD0021359,credit_card,paid
ORD0021360,paypal,paid
ORD0021361,klarna,paid
ORD0021362,credit_card,paid
ORD0021363,paypal,paid
ORD0021364,klarna,paid
ORD0021365,apple_pay,paid
ORD0021366,paypal,paid
ORD0021367,apple_pay,paid
ORD0021368,credit_card,paid
ORD0021369,paypal,paid
ORD0021370,credit_card,paid
ORD0021371,credit_card,paid
ORD0021372,credit_card,paid
ORD0021373,paypal,paid
ORD0021374,klarna,paid
ORD0021375,paypal,paid
ORD0021376,paypal,paid
ORD0021377,paypal,paid
ORD0021378,paypal,paid
ORD0021379,apple_pay,paid
ORD0021380,paypal,paid
ORD0021381,apple_pay,paid
ORD0021382,klarna,paid
ORD0021383,klarna,paid
ORD0021384,paypal,paid
ORD0021385,paypal,paid
ORD0021386,apple_pay,paid
ORD0021387,paypal,paid
ORD0021388,credit_card,paid
ORD0021389,paypal,paid
ORD0021390,credit_card,paid
ORD0021391,klarna,paid
ORD0021392,credit_card,paid
ORD0021393,apple_pay,paid
ORD0021394,klarna,paid
ORD0021395,credit_card,paid
ORD0021396,credit_card,paid
ORD0021397,credit_card,paid
ORD0021398,apple_pay,paid
ORD0021399,klarna,paid
ORD0021400,klarna,paid
ORD0021401,credit_card,paid
ORD0021402,apple_pay,paid
ORD0021403,credit_card,paid
ORD0021404,paypal,paid
ORD0021405,credit_card,paid
ORD0021406,credit_card,paid
ORD0021407,credit_card,paid
ORD0021408,credit_card,paid
ORD0021409,credit_card,paid
ORD0021410,paypal,paid
ORD0021411,apple_pay,paid
ORD0021412,klarna,paid
ORD0021413,apple_pay,paid
ORD0021414,paypal,paid
ORD0021415,credit_card,paid
ORD0021416,credit_card,paid
ORD0021417,klarna,paid
ORD0021418,credit_card,paid
ORD0021419,credit_card,paid
ORD0021420,apple_pay,refunded
ORD0021421,credit_card,paid
ORD0021422,klarna,paid
ORD0021423,credit_card,paid
ORD0021424,credit_card,paid
ORD0021425,paypal,paid
ORD0021426,credit_card,paid
ORD0021427,apple_pay,paid
ORD0021428,credit_card,paid
ORD0021429,credit_card,paid
ORD0021430,paypal,paid
ORD0021431,klarna,paid
ORD0021432,paypal,paid
ORD0021433,paypal,paid
ORD0021434,credit_card,paid
ORD0021435,paypal,paid
ORD0021436,klarna,paid
ORD0021437,credit_card,paid
ORD0021438,credit_card,paid
ORD0021439,credit_card,paid
ORD0021440,klarna,paid
ORD0021441,paypal,paid
ORD0021442,credit_card,paid
ORD0021443,credit_card,paid
ORD0021444,paypal,paid
ORD0021445,paypal,paid
ORD0021446,credit_card,paid
ORD0021447,klarna,paid
ORD0021448,credit_card,paid
ORD0021449,bank_transfer,paid
ORD0021450,credit_card,paid
ORD0021451,credit_card,paid
ORD0021452,bank_transfer,paid
ORD0021453,paypal,paid
ORD0021454,credit_card,paid
ORD0021455,credit_card,paid
ORD0021456,credit_card,paid
ORD0021457,paypal,paid
ORD0021458,klarna,paid
ORD0021459,paypal,paid
ORD0021460,klarna,paid
ORD0021461,apple_pay,paid
ORD0021462,apple_pay,paid
ORD0021463,paypal,paid
ORD0021464,bank_transfer,paid
ORD0021465,paypal,paid
ORD0021466,credit_card,paid
ORD0021467,paypal,paid
ORD0021468,paypal,paid
ORD0021469,credit_card,paid
ORD0021470,credit_card,paid
ORD0021471,paypal,paid
ORD0021472,paypal,paid
ORD0021473,bank_transfer,paid
ORD0021474,credit_card,paid
ORD0021475,klarna,paid
ORD0021476,klarna,paid
ORD0021477,credit_card,paid
ORD0021478,paypal,paid
ORD0021479,paypal,paid
ORD0021480,apple_pay,paid
ORD0021481,credit_card,paid
ORD0021482,credit_card,paid
ORD0021483,credit_card,paid
ORD0021484,credit_card,paid
ORD0021485,paypal,paid
ORD0021486,paypal,paid
ORD0021487,credit_card,paid
ORD0021488,credit_card,paid
ORD0021489,credit_card,paid
ORD0021490,klarna,paid
ORD0021491,paypal,paid
ORD0021492,credit_card,paid
ORD0021493,klarna,paid
ORD0021494,apple_pay,paid
ORD0021495,paypal,paid
ORD0021496,credit_card,paid
ORD0021497,credit_card,paid
ORD0021498,paypal,paid
ORD0021499,credit_card,paid
ORD0021500,paypal,paid
ORD0021501,credit_card,paid
ORD0021502,credit_card,paid
ORD0021503,credit_card,paid
ORD0021504,klarna,paid
ORD0021505,credit_card,paid
ORD0021506,paypal,paid
ORD0021507,paypal,paid
ORD0021508,credit_card,paid
ORD0021509,klarna,paid
ORD0021510,paypal,paid
ORD0021511,credit_card,paid
ORD0021512,paypal,paid
ORD0021513,klarna,paid
ORD0021514,paypal,paid
ORD0021515,klarna,paid
ORD0021516,apple_pay,paid
ORD0021517,credit_card,paid
ORD0021518,paypal,paid
ORD0021519,bank_transfer,paid
ORD0021520,apple_pay,paid
ORD0021521,paypal,paid
ORD0021522,credit_card,paid
ORD0021523,credit_card,paid
ORD0021524,klarna,paid
ORD0021525,bank_transfer,paid
